,adv action,condition,git,investment,repay
0,[2],"""rnd""","('a4e6d4bf858f1d56ee8e80fa02e1ac95447b1168', 'vec')",15,[22.5]
1,[0],"""rnd""","('a4e6d4bf858f1d56ee8e80fa02e1ac95447b1168', 'vec')",15,[0.]
2,[3],"""rnd""","('a4e6d4bf858f1d56ee8e80fa02e1ac95447b1168', 'vec')",13,[29.25]
3,[1],"""rnd""","('a4e6d4bf858f1d56ee8e80fa02e1ac95447b1168', 'vec')",13,[9.75]
4,[2],"""rnd""","('a4e6d4bf858f1d56ee8e80fa02e1ac95447b1168', 'vec')",14,[21.]
5,[0],"""rnd""","('a4e6d4bf858f1d56ee8e80fa02e1ac95447b1168', 'vec')",15,[0.]
6,[3],"""rnd""","('a4e6d4bf858f1d56ee8e80fa02e1ac95447b1168', 'vec')",16,[36.]
7,[1],"""rnd""","('a4e6d4bf858f1d56ee8e80fa02e1ac95447b1168', 'vec')",15,[11.25]
8,[4],"""rnd""","('a4e6d4bf858f1d56ee8e80fa02e1ac95447b1168', 'vec')",17,[51.]
9,[4],"""rnd""","('a4e6d4bf858f1d56ee8e80fa02e1ac95447b1168', 'vec')",16,[48.]
