,adv action,condition,git,investment,repay
0,[2],"""adv""","('644a2f6ca9ee7e9393d0632bffcb05fe8e280b8a', 'vec')",15,[22.5]
1,[1],"""adv""","('644a2f6ca9ee7e9393d0632bffcb05fe8e280b8a', 'vec')",10,[7.5]
2,[2],"""adv""","('644a2f6ca9ee7e9393d0632bffcb05fe8e280b8a', 'vec')",15,[22.5]
3,[2],"""adv""","('644a2f6ca9ee7e9393d0632bffcb05fe8e280b8a', 'vec')",15,[22.5]
4,[2],"""adv""","('644a2f6ca9ee7e9393d0632bffcb05fe8e280b8a', 'vec')",20,[30.]
5,[1],"""adv""","('644a2f6ca9ee7e9393d0632bffcb05fe8e280b8a', 'vec')",20,[15.]
6,[2],"""adv""","('644a2f6ca9ee7e9393d0632bffcb05fe8e280b8a', 'vec')",15,[22.5]
7,[1],"""adv""","('644a2f6ca9ee7e9393d0632bffcb05fe8e280b8a', 'vec')",15,[11.25]
8,[2],"""adv""","('644a2f6ca9ee7e9393d0632bffcb05fe8e280b8a', 'vec')",20,[30.]
9,[1],"""adv""","('644a2f6ca9ee7e9393d0632bffcb05fe8e280b8a', 'vec')",20,[15.]
