,adv action,condition,git,investment,repay
0,[1],"""adv""","('891f9fe04ff730c3d04a211af23ac10ee3bd72d3', 'vec')",15,[11.25]
1,[0],"""adv""","('891f9fe04ff730c3d04a211af23ac10ee3bd72d3', 'vec')",5,[0.]
2,[4],"""adv""","('891f9fe04ff730c3d04a211af23ac10ee3bd72d3', 'vec')",0,[0.]
3,[1],"""adv""","('891f9fe04ff730c3d04a211af23ac10ee3bd72d3', 'vec')",20,[15.]
4,[0],"""adv""","('891f9fe04ff730c3d04a211af23ac10ee3bd72d3', 'vec')",5,[0.]
5,[2],"""adv""","('891f9fe04ff730c3d04a211af23ac10ee3bd72d3', 'vec')",16,[24.]
6,[1],"""adv""","('891f9fe04ff730c3d04a211af23ac10ee3bd72d3', 'vec')",15,[11.25]
7,[0],"""adv""","('891f9fe04ff730c3d04a211af23ac10ee3bd72d3', 'vec')",15,[0.]
8,[0],"""adv""","('891f9fe04ff730c3d04a211af23ac10ee3bd72d3', 'vec')",17,[0.]
9,[0],"""adv""","('891f9fe04ff730c3d04a211af23ac10ee3bd72d3', 'vec')",13,[0.]
