"text","rt","key_press","block_duration","timing_post_trial","trial_id","trial_type","trial_index","time_elapsed","internal_node_id","exp_id","full_screen","focus_shifts","view_history","correct","stimulus","correct_response","possible_responses","stim_duration","feedback_duration","exp_stage","condition","trial_num","mode","responses","payment_id","credit_var"
"<div class = centerbox><p class = center-block-text>Welcome to the experiment. This task will take around 10 minutes. Press <strong>enter</strong> to begin.</p></div>","6486","13","6486","0","instruction","poldrack-text","0","6491","0.0-0.0-0.0","go-nogo","true","0","","","","","","","","","","","","","",""
"","99993","","","","instruction","poldrack-instructions","1","106486","0.0-0.0-1.0","go-nogo","true","0","[{""page_index"":0,""viewing_time"":99991}]","","","","","","","","","","","","",""
"","-1","-1","1226","250","practice","poldrack-categorize","2","109726","0.0-1.0-0.0","go-nogo","true","0","","true","<div class = centerbox><div id = stim1></div></div>","-1","32","750","1000","practice","nogo","0","random","","",""
"","-1","-1","1260","250","practice","poldrack-categorize","3","112249","0.0-1.0-1.0","go-nogo","true","0","","true","<div class = centerbox><div id = stim1></div></div>","-1","32","750","1000","practice","nogo","1","random","","",""
"","-1","-1","1394","250","practice","poldrack-categorize","4","114899","0.0-1.0-2.0","go-nogo","true","0","","false","<div class = centerbox><div  id = stim2></div></div>","32","32","750","1000","practice","go","2","random","","",""
"","-1","-1","1422","250","practice","poldrack-categorize","5","117578","0.0-1.0-3.0","go-nogo","true","0","","false","<div class = centerbox><div  id = stim2></div></div>","32","32","750","1000","practice","go","3","random","","",""
"","-1","-1","1243","250","practice","poldrack-categorize","6","120080","0.0-1.0-4.0","go-nogo","true","0","","true","<div class = centerbox><div id = stim1></div></div>","-1","32","750","1000","practice","nogo","4","random","","",""
"","-1","-1","1290","250","practice","poldrack-categorize","7","122627","0.0-1.0-5.0","go-nogo","true","0","","true","<div class = centerbox><div id = stim1></div></div>","-1","32","750","1000","practice","nogo","5","random","","",""
"","-1","-1","1085","250","practice","poldrack-categorize","8","124968","0.0-1.0-6.0","go-nogo","true","0","","false","<div class = centerbox><div  id = stim2></div></div>","32","32","750","1000","practice","go","6","random","","",""
"","-1","-1","1223","250","practice","poldrack-categorize","9","127446","0.0-1.0-7.0","go-nogo","true","0","","true","<div class = centerbox><div id = stim1></div></div>","-1","32","750","1000","practice","nogo","7","random","","",""
"","-1","-1","1196","250","practice","poldrack-categorize","10","129898","0.0-1.0-8.0","go-nogo","true","0","","false","<div class = centerbox><div  id = stim2></div></div>","32","32","750","1000","practice","go","8","random","","",""
"","-1","-1","1349","250","practice","poldrack-categorize","11","132502","0.0-1.0-9.0","go-nogo","true","0","","false","<div class = centerbox><div  id = stim2></div></div>","32","32","750","1000","practice","go","9","random","","",""
"","","","","","reset_trial","call-function","12","132754","0.0-3.0","go-nogo","true","0","","","","","","","","","","","","","",""
"<div class = centerbox><p class = block-text>Practice is over, we will now begin the experiment. You will no longer get feedback about your responses.</p><p class = block-text>Remember, if you see the <font color=""blue"">blue</font> square you should <strong> respond by pressing the spacebar as quickly as possible</strong>. If you see the <font color=""orange"">orange</font> square you should <strong> not respond</strong>. Press <strong>enter</strong> to begin.</p></div>","7201","13","7201","1000","test_intro","poldrack-text","13","139957","0.0-4.0","go-nogo","true","0","","","","","","","","","","","","","",""
"","-1","-1","1200","0","test_block","poldrack-single-stim","14","142162","0.0-5.0-0.0","go-nogo","true","0","","false","<div class = centerbox><div  id = stim2></div></div>","32","32","750","","test","go","0","random","","",""
"","-1","-1","1277","0","test_block","poldrack-single-stim","15","143606","0.0-5.0-1.0","go-nogo","true","0","","false","<div class = centerbox><div  id = stim2></div></div>","32","32","750","","test","go","1","random","","",""
"","-1","-1","1162","0","test_block","poldrack-single-stim","16","144879","0.0-5.0-2.0","go-nogo","true","0","","false","<div class = centerbox><div  id = stim2></div></div>","32","32","750","","test","go","2","random","","",""
"","-1","-1","1213","0","test_block","poldrack-single-stim","17","146199","0.0-5.0-3.0","go-nogo","true","0","","false","<div class = centerbox><div  id = stim2></div></div>","32","32","750","","test","go","3","random","","",""
"","-1","-1","1196","0","test_block","poldrack-single-stim","18","147504","0.0-5.0-4.0","go-nogo","true","0","","false","<div class = centerbox><div  id = stim2></div></div>","32","32","750","","test","go","4","random","","",""
"","-1","-1","1445","0","test_block","poldrack-single-stim","19","149053","0.0-5.0-5.0","go-nogo","true","0","","false","<div class = centerbox><div  id = stim2></div></div>","32","32","750","","test","go","5","random","","",""
"","-1","-1","1023","0","test_block","poldrack-single-stim","20","150202","0.0-5.0-6.0","go-nogo","true","0","","false","<div class = centerbox><div  id = stim2></div></div>","32","32","750","","test","go","6","random","","",""
"","-1","-1","1125","0","test_block","poldrack-single-stim","21","151440","0.0-5.0-7.0","go-nogo","true","0","","true","<div class = centerbox><div  id = stim1></div></div>","-1","32","750","","test","nogo","7","random","","",""
"","-1","-1","1412","0","test_block","poldrack-single-stim","22","153007","0.0-5.0-8.0","go-nogo","true","0","","false","<div class = centerbox><div  id = stim2></div></div>","32","32","750","","test","go","8","random","","",""
"","-1","-1","1331","0","test_block","poldrack-single-stim","23","154444","0.0-5.0-9.0","go-nogo","true","0","","false","<div class = centerbox><div  id = stim2></div></div>","32","32","750","","test","go","9","random","","",""
"","-1","-1","1121","0","test_block","poldrack-single-stim","24","155710","0.0-5.0-10.0","go-nogo","true","0","","true","<div class = centerbox><div  id = stim1></div></div>","-1","32","750","","test","nogo","10","random","","",""
"","-1","-1","1185","0","test_block","poldrack-single-stim","25","156989","0.0-5.0-11.0","go-nogo","false","0","","false","<div class = centerbox><div  id = stim2></div></div>","32","32","750","","test","go","11","random","","",""
"","-1","-1","1233","0","test_block","poldrack-single-stim","26","158414","0.0-5.0-12.0","go-nogo","false","0","","false","<div class = centerbox><div  id = stim2></div></div>","32","32","750","","test","go","12","random","","",""
"","-1","-1","1338","0","test_block","poldrack-single-stim","27","159844","0.0-5.0-13.0","go-nogo","false","0","","false","<div class = centerbox><div  id = stim2></div></div>","32","32","750","","test","go","13","random","","",""
"","-1","-1","1296","0","test_block","poldrack-single-stim","28","161259","0.0-5.0-14.0","go-nogo","false","0","","false","<div class = centerbox><div  id = stim2></div></div>","32","32","750","","test","go","14","random","","",""
"","-1","-1","1232","0","test_block","poldrack-single-stim","29","162621","0.0-5.0-15.0","go-nogo","false","0","","false","<div class = centerbox><div  id = stim2></div></div>","32","32","750","","test","go","15","random","","",""
"","-1","-1","1194","0","test_block","poldrack-single-stim","30","163924","0.0-5.0-16.0","go-nogo","false","0","","false","<div class = centerbox><div  id = stim2></div></div>","32","32","750","","test","go","16","random","","",""
"","-1","-1","1095","0","test_block","poldrack-single-stim","31","165142","0.0-5.0-17.0","go-nogo","false","0","","false","<div class = centerbox><div  id = stim2></div></div>","32","32","750","","test","go","17","random","","",""
"","-1","-1","1340","0","test_block","poldrack-single-stim","32","166610","0.0-5.0-18.0","go-nogo","false","0","","true","<div class = centerbox><div  id = stim1></div></div>","-1","32","750","","test","nogo","18","random","","",""
"","-1","-1","1221","0","test_block","poldrack-single-stim","33","167937","0.0-5.0-19.0","go-nogo","false","0","","false","<div class = centerbox><div  id = stim2></div></div>","32","32","750","","test","go","19","random","","",""
"","-1","-1","1200","0","test_block","poldrack-single-stim","34","169244","0.0-5.0-20.0","go-nogo","false","0","","false","<div class = centerbox><div  id = stim2></div></div>","32","32","750","","test","go","20","random","","",""
"","-1","-1","1336","0","test_block","poldrack-single-stim","35","170682","0.0-5.0-21.0","go-nogo","false","0","","false","<div class = centerbox><div  id = stim2></div></div>","32","32","750","","test","go","21","random","","",""
"","-1","-1","1460","0","test_block","poldrack-single-stim","36","172294","0.0-5.0-22.0","go-nogo","false","0","","false","<div class = centerbox><div  id = stim2></div></div>","32","32","750","","test","go","22","random","","",""
"","-1","-1","1153","0","test_block","poldrack-single-stim","37","173549","0.0-5.0-23.0","go-nogo","false","0","","false","<div class = centerbox><div  id = stim2></div></div>","32","32","750","","test","go","23","random","","",""
"","-1","-1","1109","0","test_block","poldrack-single-stim","38","174777","0.0-5.0-24.0","go-nogo","false","0","","false","<div class = centerbox><div  id = stim2></div></div>","32","32","750","","test","go","24","random","","",""
"","-1","-1","1032","0","test_block","poldrack-single-stim","39","175966","0.0-5.0-25.0","go-nogo","false","0","","false","<div class = centerbox><div  id = stim2></div></div>","32","32","750","","test","go","25","random","","",""
"","-1","-1","1313","0","test_block","poldrack-single-stim","40","177391","0.0-5.0-26.0","go-nogo","false","0","","false","<div class = centerbox><div  id = stim2></div></div>","32","32","750","","test","go","26","random","","",""
"","-1","-1","1213","0","test_block","poldrack-single-stim","41","178692","0.0-5.0-27.0","go-nogo","false","0","","false","<div class = centerbox><div  id = stim2></div></div>","32","32","750","","test","go","27","random","","",""
"","-1","-1","1315","0","test_block","poldrack-single-stim","42","180157","0.0-5.0-28.0","go-nogo","false","0","","false","<div class = centerbox><div  id = stim2></div></div>","32","32","750","","test","go","28","random","","",""
"","-1","-1","1268","0","test_block","poldrack-single-stim","43","181520","0.0-5.0-29.0","go-nogo","false","0","","false","<div class = centerbox><div  id = stim2></div></div>","32","32","750","","test","go","29","random","","",""
"","-1","-1","1381","0","test_block","poldrack-single-stim","44","182993","0.0-5.0-30.0","go-nogo","false","0","","false","<div class = centerbox><div  id = stim2></div></div>","32","32","750","","test","go","30","random","","",""
"","-1","-1","1302","0","test_block","poldrack-single-stim","45","184379","0.0-5.0-31.0","go-nogo","false","0","","true","<div class = centerbox><div  id = stim1></div></div>","-1","32","750","","test","nogo","31","random","","",""
"","-1","-1","1250","0","test_block","poldrack-single-stim","46","185723","0.0-5.0-32.0","go-nogo","false","0","","false","<div class = centerbox><div  id = stim2></div></div>","32","32","750","","test","go","32","random","","",""
"","-1","-1","1485","0","test_block","poldrack-single-stim","47","187300","0.0-5.0-33.0","go-nogo","false","0","","false","<div class = centerbox><div  id = stim2></div></div>","32","32","750","","test","go","33","random","","",""
"","-1","-1","1142","0","test_block","poldrack-single-stim","48","188535","0.0-5.0-34.0","go-nogo","false","0","","false","<div class = centerbox><div  id = stim2></div></div>","32","32","750","","test","go","34","random","","",""
"","-1","-1","1496","0","test_block","poldrack-single-stim","49","190160","0.0-5.0-35.0","go-nogo","false","0","","false","<div class = centerbox><div  id = stim2></div></div>","32","32","750","","test","go","35","random","","",""
"","-1","-1","1099","0","test_block","poldrack-single-stim","50","191338","0.0-5.0-36.0","go-nogo","false","0","","false","<div class = centerbox><div  id = stim2></div></div>","32","32","750","","test","go","36","random","","",""
"","-1","-1","1315","0","test_block","poldrack-single-stim","51","192746","0.0-5.0-37.0","go-nogo","false","0","","false","<div class = centerbox><div  id = stim2></div></div>","32","32","750","","test","go","37","random","","",""
"","-1","-1","1248","0","test_block","poldrack-single-stim","52","194115","0.0-5.0-38.0","go-nogo","false","0","","false","<div class = centerbox><div  id = stim2></div></div>","32","32","750","","test","go","38","random","","",""
"","-1","-1","1083","0","test_block","poldrack-single-stim","53","195277","0.0-5.0-39.0","go-nogo","false","0","","false","<div class = centerbox><div  id = stim2></div></div>","32","32","750","","test","go","39","random","","",""
"","-1","-1","1011","0","test_block","poldrack-single-stim","54","196367","0.0-5.0-40.0","go-nogo","false","0","","false","<div class = centerbox><div  id = stim2></div></div>","32","32","750","","test","go","40","random","","",""
"","-1","-1","1210","0","test_block","poldrack-single-stim","55","197655","0.0-5.0-41.0","go-nogo","false","0","","false","<div class = centerbox><div  id = stim2></div></div>","32","32","750","","test","go","41","random","","",""
"","-1","-1","1112","0","test_block","poldrack-single-stim","56","198842","0.0-5.0-42.0","go-nogo","false","0","","false","<div class = centerbox><div  id = stim2></div></div>","32","32","750","","test","go","42","random","","",""
"","-1","-1","1172","0","test_block","poldrack-single-stim","57","200110","0.0-5.0-43.0","go-nogo","false","0","","false","<div class = centerbox><div  id = stim2></div></div>","32","32","750","","test","go","43","random","","",""
"","-1","-1","1099","0","test_block","poldrack-single-stim","58","201290","0.0-5.0-44.0","go-nogo","false","0","","false","<div class = centerbox><div  id = stim2></div></div>","32","32","750","","test","go","44","random","","",""
"","-1","-1","1411","0","test_block","poldrack-single-stim","59","202783","0.0-5.0-45.0","go-nogo","false","0","","false","<div class = centerbox><div  id = stim2></div></div>","32","32","750","","test","go","45","random","","",""
"","-1","-1","1376","0","test_block","poldrack-single-stim","60","204268","0.0-5.0-46.0","go-nogo","false","0","","false","<div class = centerbox><div  id = stim2></div></div>","32","32","750","","test","go","46","random","","",""
"","-1","-1","1210","0","test_block","poldrack-single-stim","61","205580","0.0-5.0-47.0","go-nogo","false","0","","false","<div class = centerbox><div  id = stim2></div></div>","32","32","750","","test","go","47","random","","",""
"","-1","-1","1161","0","test_block","poldrack-single-stim","62","206857","0.0-5.0-48.0","go-nogo","false","0","","false","<div class = centerbox><div  id = stim2></div></div>","32","32","750","","test","go","48","random","","",""
"","-1","-1","1194","0","test_block","poldrack-single-stim","63","208154","0.0-5.0-49.0","go-nogo","false","0","","true","<div class = centerbox><div  id = stim1></div></div>","-1","32","750","","test","nogo","49","random","","",""
"","-1","-1","1435","0","test_block","poldrack-single-stim","64","209705","0.0-5.0-50.0","go-nogo","false","0","","false","<div class = centerbox><div  id = stim2></div></div>","32","32","750","","test","go","50","random","","",""
"","-1","-1","1299","0","test_block","poldrack-single-stim","65","211133","0.0-5.0-51.0","go-nogo","true","0","","false","<div class = centerbox><div  id = stim2></div></div>","32","32","750","","test","go","51","random","","",""
"","-1","-1","1173","0","test_block","poldrack-single-stim","66","213059","0.0-5.0-52.0","go-nogo","true","1","","false","<div class = centerbox><div  id = stim2></div></div>","32","32","750","","test","go","52","random","","",""
"","-1","-1","1263","0","test_block","poldrack-single-stim","67","215058","0.0-5.0-53.0","go-nogo","true","0","","false","<div class = centerbox><div  id = stim2></div></div>","32","32","750","","test","go","53","random","","",""
"","-1","-1","1228","0","test_block","poldrack-single-stim","68","216433","0.0-5.0-54.0","go-nogo","true","0","","false","<div class = centerbox><div  id = stim2></div></div>","32","32","750","","test","go","54","random","","",""
"","-1","-1","1335","0","test_block","poldrack-single-stim","69","217869","0.0-5.0-55.0","go-nogo","true","0","","false","<div class = centerbox><div  id = stim2></div></div>","32","32","750","","test","go","55","random","","",""
"","-1","-1","1228","0","test_block","poldrack-single-stim","70","220058","0.0-5.0-56.0","go-nogo","true","1","","false","<div class = centerbox><div  id = stim2></div></div>","32","32","750","","test","go","56","random","","",""
"","-1","-1","1371","0","test_block","poldrack-single-stim","71","221551","0.0-5.0-57.0","go-nogo","true","0","","false","<div class = centerbox><div  id = stim2></div></div>","32","32","750","","test","go","57","random","","",""
"","-1","-1","1150","0","test_block","poldrack-single-stim","72","222878","0.0-5.0-58.0","go-nogo","true","0","","false","<div class = centerbox><div  id = stim2></div></div>","32","32","750","","test","go","58","random","","",""
"","-1","-1","1304","0","test_block","poldrack-single-stim","73","224381","0.0-5.0-59.0","go-nogo","true","0","","false","<div class = centerbox><div  id = stim2></div></div>","32","32","750","","test","go","59","random","","",""
"","-1","-1","1281","0","test_block","poldrack-single-stim","74","225750","0.0-5.0-60.0","go-nogo","true","0","","false","<div class = centerbox><div  id = stim2></div></div>","32","32","750","","test","go","60","random","","",""
"","-1","-1","1299","0","test_block","poldrack-single-stim","75","227142","0.0-5.0-61.0","go-nogo","true","0","","false","<div class = centerbox><div  id = stim2></div></div>","32","32","750","","test","go","61","random","","",""
"","-1","-1","1434","0","test_block","poldrack-single-stim","76","228670","0.0-5.0-62.0","go-nogo","true","0","","false","<div class = centerbox><div  id = stim2></div></div>","32","32","750","","test","go","62","random","","",""
"","-1","-1","1352","0","test_block","poldrack-single-stim","77","230135","0.0-5.0-63.0","go-nogo","true","0","","false","<div class = centerbox><div  id = stim2></div></div>","32","32","750","","test","go","63","random","","",""
"","-1","-1","1261","0","test_block","poldrack-single-stim","78","231479","0.0-5.0-64.0","go-nogo","true","0","","false","<div class = centerbox><div  id = stim2></div></div>","32","32","750","","test","go","64","random","","",""
"","-1","-1","1146","0","test_block","poldrack-single-stim","79","233060","0.0-5.0-65.0","go-nogo","true","1","","false","<div class = centerbox><div  id = stim2></div></div>","32","32","750","","test","go","65","random","","",""
"","-1","-1","1004","0","test_block","poldrack-single-stim","80","235059","0.0-5.0-66.0","go-nogo","true","0","","false","<div class = centerbox><div  id = stim2></div></div>","32","32","750","","test","go","66","random","","",""
"","-1","-1","1447","0","test_block","poldrack-single-stim","81","237075","0.0-5.0-67.0","go-nogo","true","0","","false","<div class = centerbox><div  id = stim2></div></div>","32","32","750","","test","go","67","random","","",""
"","-1","-1","1064","0","test_block","poldrack-single-stim","82","238223","0.0-5.0-68.0","go-nogo","true","0","","false","<div class = centerbox><div  id = stim2></div></div>","32","32","750","","test","go","68","random","","",""
"","-1","-1","1029","0","test_block","poldrack-single-stim","83","240063","0.0-5.0-69.0","go-nogo","true","1","","false","<div class = centerbox><div  id = stim2></div></div>","32","32","750","","test","go","69","random","","",""
"","-1","-1","1331","0","test_block","poldrack-single-stim","84","242060","0.0-5.0-70.0","go-nogo","true","0","","false","<div class = centerbox><div  id = stim2></div></div>","32","32","750","","test","go","70","random","","",""
"","-1","-1","1476","0","test_block","poldrack-single-stim","85","244059","0.0-5.0-71.0","go-nogo","true","0","","false","<div class = centerbox><div  id = stim2></div></div>","32","32","750","","test","go","71","random","","",""
"","-1","-1","1330","0","test_block","poldrack-single-stim","86","246059","0.0-5.0-72.0","go-nogo","true","0","","false","<div class = centerbox><div  id = stim2></div></div>","32","32","750","","test","go","72","random","","",""
"","-1","-1","1319","0","test_block","poldrack-single-stim","87","247673","0.0-5.0-73.0","go-nogo","true","0","","false","<div class = centerbox><div  id = stim2></div></div>","32","32","750","","test","go","73","random","","",""
"","-1","-1","1307","0","test_block","poldrack-single-stim","88","250066","0.0-5.0-74.0","go-nogo","true","1","","false","<div class = centerbox><div  id = stim2></div></div>","32","32","750","","test","go","74","random","","",""
"","-1","-1","1158","0","test_block","poldrack-single-stim","89","252069","0.0-5.0-75.0","go-nogo","true","0","","false","<div class = centerbox><div  id = stim2></div></div>","32","32","750","","test","go","75","random","","",""
"","-1","-1","1457","0","test_block","poldrack-single-stim","90","254059","0.0-5.0-76.0","go-nogo","true","0","","false","<div class = centerbox><div  id = stim2></div></div>","32","32","750","","test","go","76","random","","",""
"","-1","-1","1178","0","test_block","poldrack-single-stim","91","255362","0.0-5.0-77.0","go-nogo","true","0","","false","<div class = centerbox><div  id = stim2></div></div>","32","32","750","","test","go","77","random","","",""
"","-1","-1","1209","0","test_block","poldrack-single-stim","92","257065","0.0-5.0-78.0","go-nogo","true","1","","false","<div class = centerbox><div  id = stim2></div></div>","32","32","750","","test","go","78","random","","",""
"","-1","-1","1004","0","test_block","poldrack-single-stim","93","259177","0.0-5.0-79.0","go-nogo","true","0","","false","<div class = centerbox><div  id = stim2></div></div>","32","32","750","","test","go","79","random","","",""
"","-1","-1","1464","0","test_block","poldrack-single-stim","94","261060","0.0-5.0-80.0","go-nogo","true","0","","false","<div class = centerbox><div  id = stim2></div></div>","32","32","750","","test","go","80","random","","",""
"","-1","-1","1204","0","test_block","poldrack-single-stim","95","263075","0.0-5.0-81.0","go-nogo","true","0","","false","<div class = centerbox><div  id = stim2></div></div>","32","32","750","","test","go","81","random","","",""
"","-1","-1","1033","0","test_block","poldrack-single-stim","96","265059","0.0-5.0-82.0","go-nogo","true","0","","false","<div class = centerbox><div  id = stim2></div></div>","32","32","750","","test","go","82","random","","",""
"","-1","-1","1084","0","test_block","poldrack-single-stim","97","267075","0.0-5.0-83.0","go-nogo","true","0","","false","<div class = centerbox><div  id = stim2></div></div>","32","32","750","","test","go","83","random","","",""
"","-1","-1","1188","0","test_block","poldrack-single-stim","98","269066","0.0-5.0-84.0","go-nogo","true","0","","false","<div class = centerbox><div  id = stim2></div></div>","32","32","750","","test","go","84","random","","",""
"","-1","-1","1209","0","test_block","poldrack-single-stim","99","271062","0.0-5.0-85.0","go-nogo","true","0","","false","<div class = centerbox><div  id = stim2></div></div>","32","32","750","","test","go","85","random","","",""
"","-1","-1","1397","0","test_block","poldrack-single-stim","100","273068","0.0-5.0-86.0","go-nogo","true","0","","false","<div class = centerbox><div  id = stim2></div></div>","32","32","750","","test","go","86","random","","",""
"","-1","-1","1176","0","test_block","poldrack-single-stim","101","275059","0.0-5.0-87.0","go-nogo","true","0","","false","<div class = centerbox><div  id = stim2></div></div>","32","32","750","","test","go","87","random","","",""
"","-1","-1","1318","0","test_block","poldrack-single-stim","102","277065","0.0-5.0-88.0","go-nogo","true","0","","false","<div class = centerbox><div  id = stim2></div></div>","32","32","750","","test","go","88","random","","",""
"","-1","-1","1045","0","test_block","poldrack-single-stim","103","279060","0.0-5.0-89.0","go-nogo","true","0","","false","<div class = centerbox><div  id = stim2></div></div>","32","32","750","","test","go","89","random","","",""
"","-1","-1","1389","0","test_block","poldrack-single-stim","104","281060","0.0-5.0-90.0","go-nogo","true","0","","false","<div class = centerbox><div  id = stim2></div></div>","32","32","750","","test","go","90","random","","",""
"","-1","-1","1385","0","test_block","poldrack-single-stim","105","283060","0.0-5.0-91.0","go-nogo","true","0","","false","<div class = centerbox><div  id = stim2></div></div>","32","32","750","","test","go","91","random","","",""
"","-1","-1","1304","0","test_block","poldrack-single-stim","106","284852","0.0-5.0-92.0","go-nogo","true","0","","true","<div class = centerbox><div  id = stim1></div></div>","-1","32","750","","test","nogo","92","random","","",""
"","-1","-1","1440","0","test_block","poldrack-single-stim","107","287067","0.0-5.0-93.0","go-nogo","true","1","","false","<div class = centerbox><div  id = stim2></div></div>","32","32","750","","test","go","93","random","","",""
"","-1","-1","1090","0","test_block","poldrack-single-stim","108","288777","0.0-5.0-94.0","go-nogo","true","1","","false","<div class = centerbox><div  id = stim2></div></div>","32","32","750","","test","go","94","random","","",""
"","-1","-1","1297","0","test_block","poldrack-single-stim","109","291072","0.0-5.0-95.0","go-nogo","true","1","","true","<div class = centerbox><div  id = stim1></div></div>","-1","32","750","","test","nogo","95","random","","",""
"","-1","-1","1358","0","test_block","poldrack-single-stim","110","292796","0.0-5.0-96.0","go-nogo","true","0","","false","<div class = centerbox><div  id = stim2></div></div>","32","32","750","","test","go","96","random","","",""
"","-1","-1","1203","0","test_block","poldrack-single-stim","111","294098","0.0-5.0-97.0","go-nogo","true","0","","false","<div class = centerbox><div  id = stim2></div></div>","32","32","750","","test","go","97","random","","",""
"","-1","-1","1174","0","test_block","poldrack-single-stim","112","295343","0.0-5.0-98.0","go-nogo","true","0","","false","<div class = centerbox><div  id = stim2></div></div>","32","32","750","","test","go","98","random","","",""
"","-1","-1","1157","0","test_block","poldrack-single-stim","113","296579","0.0-5.0-99.0","go-nogo","true","0","","true","<div class = centerbox><div  id = stim1></div></div>","-1","32","750","","test","nogo","99","random","","",""
"","-1","-1","1193","0","test_block","poldrack-single-stim","114","297845","0.0-5.0-100.0","go-nogo","true","0","","false","<div class = centerbox><div  id = stim2></div></div>","32","32","750","","test","go","100","random","","",""
"","-1","-1","1298","0","test_block","poldrack-single-stim","115","299229","0.0-5.0-101.0","go-nogo","true","0","","false","<div class = centerbox><div  id = stim2></div></div>","32","32","750","","test","go","101","random","","",""
"","-1","-1","1054","0","test_block","poldrack-single-stim","116","300399","0.0-5.0-102.0","go-nogo","true","0","","false","<div class = centerbox><div  id = stim2></div></div>","32","32","750","","test","go","102","random","","",""
"","-1","-1","1126","0","test_block","poldrack-single-stim","117","301593","0.0-5.0-103.0","go-nogo","true","0","","false","<div class = centerbox><div  id = stim2></div></div>","32","32","750","","test","go","103","random","","",""
"","-1","-1","1422","0","test_block","poldrack-single-stim","118","303088","0.0-5.0-104.0","go-nogo","true","0","","false","<div class = centerbox><div  id = stim2></div></div>","32","32","750","","test","go","104","random","","",""
"","-1","-1","1217","0","test_block","poldrack-single-stim","119","304377","0.0-5.0-105.0","go-nogo","true","0","","true","<div class = centerbox><div  id = stim1></div></div>","-1","32","750","","test","nogo","105","random","","",""
"","-1","-1","1253","0","test_block","poldrack-single-stim","120","305720","0.0-5.0-106.0","go-nogo","true","0","","false","<div class = centerbox><div  id = stim2></div></div>","32","32","750","","test","go","106","random","","",""
"","-1","-1","1407","0","test_block","poldrack-single-stim","121","307197","0.0-5.0-107.0","go-nogo","true","0","","true","<div class = centerbox><div  id = stim1></div></div>","-1","32","750","","test","nogo","107","random","","",""
"","-1","-1","1045","0","test_block","poldrack-single-stim","122","308316","0.0-5.0-108.0","go-nogo","true","0","","true","<div class = centerbox><div  id = stim1></div></div>","-1","32","750","","test","nogo","108","random","","",""
"","-1","-1","1431","0","test_block","poldrack-single-stim","123","309821","0.0-5.0-109.0","go-nogo","true","0","","false","<div class = centerbox><div  id = stim2></div></div>","32","32","750","","test","go","109","random","","",""
"","-1","-1","1328","0","test_block","poldrack-single-stim","124","311222","0.0-5.0-110.0","go-nogo","true","0","","false","<div class = centerbox><div  id = stim2></div></div>","32","32","750","","test","go","110","random","","",""
"","-1","-1","1167","0","test_block","poldrack-single-stim","125","312463","0.0-5.0-111.0","go-nogo","true","0","","false","<div class = centerbox><div  id = stim2></div></div>","32","32","750","","test","go","111","random","","",""
"","-1","-1","1372","0","test_block","poldrack-single-stim","126","313966","0.0-5.0-112.0","go-nogo","true","0","","false","<div class = centerbox><div  id = stim2></div></div>","32","32","750","","test","go","112","random","","",""
"","-1","-1","1436","0","test_block","poldrack-single-stim","127","315474","0.0-5.0-113.0","go-nogo","true","0","","false","<div class = centerbox><div  id = stim2></div></div>","32","32","750","","test","go","113","random","","",""
"","-1","-1","1385","0","test_block","poldrack-single-stim","128","316927","0.0-5.0-114.0","go-nogo","true","0","","false","<div class = centerbox><div  id = stim2></div></div>","32","32","750","","test","go","114","random","","",""
"","-1","-1","1177","0","test_block","poldrack-single-stim","129","318180","0.0-5.0-115.0","go-nogo","true","0","","false","<div class = centerbox><div  id = stim2></div></div>","32","32","750","","test","go","115","random","","",""
"","-1","-1","1388","0","test_block","poldrack-single-stim","130","319641","0.0-5.0-116.0","go-nogo","true","0","","false","<div class = centerbox><div  id = stim2></div></div>","32","32","750","","test","go","116","random","","",""
"","-1","-1","1187","0","test_block","poldrack-single-stim","131","320896","0.0-5.0-117.0","go-nogo","true","0","","false","<div class = centerbox><div  id = stim2></div></div>","32","32","750","","test","go","117","random","","",""
"","-1","-1","1421","0","test_block","poldrack-single-stim","132","322389","0.0-5.0-118.0","go-nogo","true","0","","false","<div class = centerbox><div  id = stim2></div></div>","32","32","750","","test","go","118","random","","",""
"","-1","-1","1376","0","test_block","poldrack-single-stim","133","323835","0.0-5.0-119.0","go-nogo","true","0","","false","<div class = centerbox><div  id = stim2></div></div>","32","32","750","","test","go","119","random","","",""
"","-1","-1","1327","0","test_block","poldrack-single-stim","134","325230","0.0-5.0-120.0","go-nogo","true","0","","false","<div class = centerbox><div  id = stim2></div></div>","32","32","750","","test","go","120","random","","",""
"","-1","-1","1184","0","test_block","poldrack-single-stim","135","326485","0.0-5.0-121.0","go-nogo","true","0","","false","<div class = centerbox><div  id = stim2></div></div>","32","32","750","","test","go","121","random","","",""
"","-1","-1","1163","0","test_block","poldrack-single-stim","136","327753","0.0-5.0-122.0","go-nogo","true","0","","false","<div class = centerbox><div  id = stim2></div></div>","32","32","750","","test","go","122","random","","",""
"","-1","-1","1444","0","test_block","poldrack-single-stim","137","329269","0.0-5.0-123.0","go-nogo","true","0","","false","<div class = centerbox><div  id = stim2></div></div>","32","32","750","","test","go","123","random","","",""
"","-1","-1","1433","0","test_block","poldrack-single-stim","138","330774","0.0-5.0-124.0","go-nogo","true","0","","false","<div class = centerbox><div  id = stim2></div></div>","32","32","750","","test","go","124","random","","",""
"","-1","-1","1375","0","test_block","poldrack-single-stim","139","332227","0.0-5.0-125.0","go-nogo","true","0","","false","<div class = centerbox><div  id = stim2></div></div>","32","32","750","","test","go","125","random","","",""
"","-1","-1","1381","0","test_block","poldrack-single-stim","140","333683","0.0-5.0-126.0","go-nogo","true","0","","false","<div class = centerbox><div  id = stim2></div></div>","32","32","750","","test","go","126","random","","",""
"","-1","-1","1399","0","test_block","poldrack-single-stim","141","335153","0.0-5.0-127.0","go-nogo","true","0","","false","<div class = centerbox><div  id = stim2></div></div>","32","32","750","","test","go","127","random","","",""
"","-1","-1","1189","0","test_block","poldrack-single-stim","142","336412","0.0-5.0-128.0","go-nogo","true","0","","false","<div class = centerbox><div  id = stim2></div></div>","32","32","750","","test","go","128","random","","",""
"","-1","-1","1251","0","test_block","poldrack-single-stim","143","337746","0.0-5.0-129.0","go-nogo","true","0","","true","<div class = centerbox><div  id = stim1></div></div>","-1","32","750","","test","nogo","129","random","","",""
"","-1","-1","1159","0","test_block","poldrack-single-stim","144","338978","0.0-5.0-130.0","go-nogo","true","0","","false","<div class = centerbox><div  id = stim2></div></div>","32","32","750","","test","go","130","random","","",""
"","-1","-1","1481","0","test_block","poldrack-single-stim","145","340531","0.0-5.0-131.0","go-nogo","true","0","","false","<div class = centerbox><div  id = stim2></div></div>","32","32","750","","test","go","131","random","","",""
"","-1","-1","1374","0","test_block","poldrack-single-stim","146","341977","0.0-5.0-132.0","go-nogo","true","0","","false","<div class = centerbox><div  id = stim2></div></div>","32","32","750","","test","go","132","random","","",""
"","-1","-1","1190","0","test_block","poldrack-single-stim","147","343236","0.0-5.0-133.0","go-nogo","true","0","","false","<div class = centerbox><div  id = stim2></div></div>","32","32","750","","test","go","133","random","","",""
"","-1","-1","1423","0","test_block","poldrack-single-stim","148","344729","0.0-5.0-134.0","go-nogo","true","0","","false","<div class = centerbox><div  id = stim2></div></div>","32","32","750","","test","go","134","random","","",""
"","-1","-1","1492","0","test_block","poldrack-single-stim","149","346294","0.0-5.0-135.0","go-nogo","true","0","","true","<div class = centerbox><div  id = stim1></div></div>","-1","32","750","","test","nogo","135","random","","",""
"","-1","-1","1496","0","test_block","poldrack-single-stim","150","347864","0.0-5.0-136.0","go-nogo","true","0","","true","<div class = centerbox><div  id = stim1></div></div>","-1","32","750","","test","nogo","136","random","","",""
"","-1","-1","1151","0","test_block","poldrack-single-stim","151","349085","0.0-5.0-137.0","go-nogo","true","0","","false","<div class = centerbox><div  id = stim2></div></div>","32","32","750","","test","go","137","random","","",""
"","-1","-1","1167","0","test_block","poldrack-single-stim","152","350322","0.0-5.0-138.0","go-nogo","true","0","","false","<div class = centerbox><div  id = stim2></div></div>","32","32","750","","test","go","138","random","","",""
"","-1","-1","1183","0","test_block","poldrack-single-stim","153","351581","0.0-5.0-139.0","go-nogo","true","0","","false","<div class = centerbox><div  id = stim2></div></div>","32","32","750","","test","go","139","random","","",""
"","-1","-1","1457","0","test_block","poldrack-single-stim","154","353108","0.0-5.0-140.0","go-nogo","true","0","","false","<div class = centerbox><div  id = stim2></div></div>","32","32","750","","test","go","140","random","","",""
"","-1","-1","1205","0","test_block","poldrack-single-stim","155","354382","0.0-5.0-141.0","go-nogo","true","0","","false","<div class = centerbox><div  id = stim2></div></div>","32","32","750","","test","go","141","random","","",""
"","-1","-1","1169","0","test_block","poldrack-single-stim","156","355620","0.0-5.0-142.0","go-nogo","true","0","","false","<div class = centerbox><div  id = stim2></div></div>","32","32","750","","test","go","142","random","","",""
"","-1","-1","1447","0","test_block","poldrack-single-stim","157","357147","0.0-5.0-143.0","go-nogo","true","0","","false","<div class = centerbox><div  id = stim2></div></div>","32","32","750","","test","go","143","random","","",""
"","-1","-1","1050","0","test_block","poldrack-single-stim","158","358265","0.0-5.0-144.0","go-nogo","true","0","","false","<div class = centerbox><div  id = stim2></div></div>","32","32","750","","test","go","144","random","","",""
"","-1","-1","1269","0","test_block","poldrack-single-stim","159","359603","0.0-5.0-145.0","go-nogo","true","0","","false","<div class = centerbox><div  id = stim2></div></div>","32","32","750","","test","go","145","random","","",""
"","-1","-1","1030","0","test_block","poldrack-single-stim","160","360709","0.0-5.0-146.0","go-nogo","true","0","","false","<div class = centerbox><div  id = stim2></div></div>","32","32","750","","test","go","146","random","","",""
"","-1","-1","1288","0","test_block","poldrack-single-stim","161","362068","0.0-5.0-147.0","go-nogo","true","0","","false","<div class = centerbox><div  id = stim2></div></div>","32","32","750","","test","go","147","random","","",""
"","-1","-1","1075","0","test_block","poldrack-single-stim","162","363228","0.0-5.0-148.0","go-nogo","true","0","","false","<div class = centerbox><div  id = stim2></div></div>","32","32","750","","test","go","148","random","","",""
"","-1","-1","1289","0","test_block","poldrack-single-stim","163","364589","0.0-5.0-149.0","go-nogo","true","0","","false","<div class = centerbox><div  id = stim2></div></div>","32","32","750","","test","go","149","random","","",""
"","-1","-1","1018","0","test_block","poldrack-single-stim","164","365678","0.0-5.0-150.0","go-nogo","true","0","","true","<div class = centerbox><div  id = stim1></div></div>","-1","32","750","","test","nogo","150","random","","",""
"","-1","-1","1177","0","test_block","poldrack-single-stim","165","366924","0.0-5.0-151.0","go-nogo","true","0","","false","<div class = centerbox><div  id = stim2></div></div>","32","32","750","","test","go","151","random","","",""
"","-1","-1","1411","0","test_block","poldrack-single-stim","166","368408","0.0-5.0-152.0","go-nogo","true","0","","false","<div class = centerbox><div  id = stim2></div></div>","32","32","750","","test","go","152","random","","",""
"","-1","-1","1339","0","test_block","poldrack-single-stim","167","369815","0.0-5.0-153.0","go-nogo","true","0","","false","<div class = centerbox><div  id = stim2></div></div>","32","32","750","","test","go","153","random","","",""
"","-1","-1","1393","0","test_block","poldrack-single-stim","168","371278","0.0-5.0-154.0","go-nogo","true","0","","false","<div class = centerbox><div  id = stim2></div></div>","32","32","750","","test","go","154","random","","",""
"","-1","-1","1047","0","test_block","poldrack-single-stim","169","372402","0.0-5.0-155.0","go-nogo","true","0","","false","<div class = centerbox><div  id = stim2></div></div>","32","32","750","","test","go","155","random","","",""
"","-1","-1","1255","0","test_block","poldrack-single-stim","170","373735","0.0-5.0-156.0","go-nogo","true","0","","false","<div class = centerbox><div  id = stim2></div></div>","32","32","750","","test","go","156","random","","",""
"","-1","-1","1438","0","test_block","poldrack-single-stim","171","375246","0.0-5.0-157.0","go-nogo","true","0","","false","<div class = centerbox><div  id = stim2></div></div>","32","32","750","","test","go","157","random","","",""
"","-1","-1","1132","0","test_block","poldrack-single-stim","172","376451","0.0-5.0-158.0","go-nogo","true","0","","false","<div class = centerbox><div  id = stim2></div></div>","32","32","750","","test","go","158","random","","",""
"","-1","-1","1270","0","test_block","poldrack-single-stim","173","377815","0.0-5.0-159.0","go-nogo","true","0","","false","<div class = centerbox><div  id = stim2></div></div>","32","32","750","","test","go","159","random","","",""
"","-1","-1","1325","0","test_block","poldrack-single-stim","174","379216","0.0-5.0-160.0","go-nogo","true","0","","false","<div class = centerbox><div  id = stim2></div></div>","32","32","750","","test","go","160","random","","",""
"","-1","-1","1313","0","test_block","poldrack-single-stim","175","380609","0.0-5.0-161.0","go-nogo","true","0","","false","<div class = centerbox><div  id = stim2></div></div>","32","32","750","","test","go","161","random","","",""
"","-1","-1","1348","0","test_block","poldrack-single-stim","176","382051","0.0-5.0-162.0","go-nogo","true","0","","false","<div class = centerbox><div  id = stim2></div></div>","32","32","750","","test","go","162","random","","",""
"","-1","-1","1318","0","test_block","poldrack-single-stim","177","383539","0.0-5.0-163.0","go-nogo","true","0","","false","<div class = centerbox><div  id = stim2></div></div>","32","32","750","","test","go","163","random","","",""
"","-1","-1","1300","0","test_block","poldrack-single-stim","178","384909","0.0-5.0-164.0","go-nogo","true","0","","true","<div class = centerbox><div  id = stim1></div></div>","-1","32","750","","test","nogo","164","random","","",""
"","-1","-1","1054","0","test_block","poldrack-single-stim","179","386035","0.0-5.0-165.0","go-nogo","true","0","","false","<div class = centerbox><div  id = stim2></div></div>","32","32","750","","test","go","165","random","","",""
"","-1","-1","1166","0","test_block","poldrack-single-stim","180","387302","0.0-5.0-166.0","go-nogo","true","0","","false","<div class = centerbox><div  id = stim2></div></div>","32","32","750","","test","go","166","random","","",""
"","-1","-1","1480","0","test_block","poldrack-single-stim","181","388852","0.0-5.0-167.0","go-nogo","true","0","","false","<div class = centerbox><div  id = stim2></div></div>","32","32","750","","test","go","167","random","","",""
"","-1","-1","1407","0","test_block","poldrack-single-stim","182","390331","0.0-5.0-168.0","go-nogo","true","0","","false","<div class = centerbox><div  id = stim2></div></div>","32","32","750","","test","go","168","random","","",""
"","-1","-1","1115","0","test_block","poldrack-single-stim","183","391517","0.0-5.0-169.0","go-nogo","true","0","","false","<div class = centerbox><div  id = stim2></div></div>","32","32","750","","test","go","169","random","","",""
"","-1","-1","1316","0","test_block","poldrack-single-stim","184","392902","0.0-5.0-170.0","go-nogo","true","0","","false","<div class = centerbox><div  id = stim2></div></div>","32","32","750","","test","go","170","random","","",""
"","-1","-1","1170","0","test_block","poldrack-single-stim","185","394142","0.0-5.0-171.0","go-nogo","true","0","","false","<div class = centerbox><div  id = stim2></div></div>","32","32","750","","test","go","171","random","","",""
"","-1","-1","1220","0","test_block","poldrack-single-stim","186","395455","0.0-5.0-172.0","go-nogo","true","0","","false","<div class = centerbox><div  id = stim2></div></div>","32","32","750","","test","go","172","random","","",""
"","-1","-1","1100","0","test_block","poldrack-single-stim","187","396632","0.0-5.0-173.0","go-nogo","true","0","","false","<div class = centerbox><div  id = stim2></div></div>","32","32","750","","test","go","173","random","","",""
"","-1","-1","1443","0","test_block","poldrack-single-stim","188","398149","0.0-5.0-174.0","go-nogo","true","0","","false","<div class = centerbox><div  id = stim2></div></div>","32","32","750","","test","go","174","random","","",""
"","-1","-1","1361","0","test_block","poldrack-single-stim","189","399580","0.0-5.0-175.0","go-nogo","true","0","","false","<div class = centerbox><div  id = stim2></div></div>","32","32","750","","test","go","175","random","","",""
"","-1","-1","1377","0","test_block","poldrack-single-stim","190","401026","0.0-5.0-176.0","go-nogo","true","0","","false","<div class = centerbox><div  id = stim2></div></div>","32","32","750","","test","go","176","random","","",""
"","-1","-1","1411","0","test_block","poldrack-single-stim","191","402518","0.0-5.0-177.0","go-nogo","true","0","","false","<div class = centerbox><div  id = stim2></div></div>","32","32","750","","test","go","177","random","","",""
"","-1","-1","1017","0","test_block","poldrack-single-stim","192","403604","0.0-5.0-178.0","go-nogo","true","0","","false","<div class = centerbox><div  id = stim2></div></div>","32","32","750","","test","go","178","random","","",""
"","-1","-1","1242","0","test_block","poldrack-single-stim","193","404924","0.0-5.0-179.0","go-nogo","true","0","","false","<div class = centerbox><div  id = stim2></div></div>","32","32","750","","test","go","179","random","","",""
"","-1","-1","1474","0","test_block","poldrack-single-stim","194","406472","0.0-5.0-180.0","go-nogo","true","0","","false","<div class = centerbox><div  id = stim2></div></div>","32","32","750","","test","go","180","random","","",""
"","-1","-1","1225","0","test_block","poldrack-single-stim","195","407771","0.0-5.0-181.0","go-nogo","true","0","","false","<div class = centerbox><div  id = stim2></div></div>","32","32","750","","test","go","181","random","","",""
"","-1","-1","1255","0","test_block","poldrack-single-stim","196","409098","0.0-5.0-182.0","go-nogo","true","0","","false","<div class = centerbox><div  id = stim2></div></div>","32","32","750","","test","go","182","random","","",""
"","-1","-1","1462","0","test_block","poldrack-single-stim","197","410636","0.0-5.0-183.0","go-nogo","true","0","","false","<div class = centerbox><div  id = stim2></div></div>","32","32","750","","test","go","183","random","","",""
"","-1","-1","1350","0","test_block","poldrack-single-stim","198","412063","0.0-5.0-184.0","go-nogo","true","0","","false","<div class = centerbox><div  id = stim2></div></div>","32","32","750","","test","go","184","random","","",""
"","-1","-1","1117","0","test_block","poldrack-single-stim","199","413295","0.0-5.0-185.0","go-nogo","true","0","","true","<div class = centerbox><div  id = stim1></div></div>","-1","32","750","","test","nogo","185","random","","",""
"","-1","-1","1164","0","test_block","poldrack-single-stim","200","414531","0.0-5.0-186.0","go-nogo","true","0","","true","<div class = centerbox><div  id = stim1></div></div>","-1","32","750","","test","nogo","186","random","","",""
"","-1","-1","1105","0","test_block","poldrack-single-stim","201","415720","0.0-5.0-187.0","go-nogo","true","0","","true","<div class = centerbox><div  id = stim1></div></div>","-1","32","750","","test","nogo","187","random","","",""
"","-1","-1","1488","0","test_block","poldrack-single-stim","202","418063","0.0-5.0-188.0","go-nogo","true","1","","false","<div class = centerbox><div  id = stim2></div></div>","32","32","750","","test","go","188","random","","",""
"","-1","-1","1305","0","test_block","poldrack-single-stim","203","420092","0.0-5.0-189.0","go-nogo","true","0","","false","<div class = centerbox><div  id = stim2></div></div>","32","32","750","","test","go","189","random","","",""
"","-1","-1","1231","0","test_block","poldrack-single-stim","204","421510","0.0-5.0-190.0","go-nogo","true","0","","false","<div class = centerbox><div  id = stim2></div></div>","32","32","750","","test","go","190","random","","",""
"","-1","-1","1259","0","test_block","poldrack-single-stim","205","422850","0.0-5.0-191.0","go-nogo","true","0","","false","<div class = centerbox><div  id = stim2></div></div>","32","32","750","","test","go","191","random","","",""
"","-1","-1","1056","0","test_block","poldrack-single-stim","206","423983","0.0-5.0-192.0","go-nogo","true","0","","false","<div class = centerbox><div  id = stim2></div></div>","32","32","750","","test","go","192","random","","",""
"","-1","-1","1299","0","test_block","poldrack-single-stim","207","425352","0.0-5.0-193.0","go-nogo","true","0","","false","<div class = centerbox><div  id = stim2></div></div>","32","32","750","","test","go","193","random","","",""
"","-1","-1","1095","0","test_block","poldrack-single-stim","208","426522","0.0-5.0-194.0","go-nogo","true","0","","false","<div class = centerbox><div  id = stim2></div></div>","32","32","750","","test","go","194","random","","",""
"","-1","-1","1145","0","test_block","poldrack-single-stim","209","427738","0.0-5.0-195.0","go-nogo","true","0","","false","<div class = centerbox><div  id = stim2></div></div>","32","32","750","","test","go","195","random","","",""
"","-1","-1","1457","0","test_block","poldrack-single-stim","210","429284","0.0-5.0-196.0","go-nogo","true","1","","true","<div class = centerbox><div  id = stim1></div></div>","-1","32","750","","test","nogo","196","random","","",""
"","-1","-1","1274","0","test_block","poldrack-single-stim","211","430642","0.0-5.0-197.0","go-nogo","true","0","","false","<div class = centerbox><div  id = stim2></div></div>","32","32","750","","test","go","197","random","","",""
"","-1","-1","1169","0","test_block","poldrack-single-stim","212","431884","0.0-5.0-198.0","go-nogo","true","0","","true","<div class = centerbox><div  id = stim1></div></div>","-1","32","750","","test","nogo","198","random","","",""
"","-1","-1","1359","0","test_block","poldrack-single-stim","213","433320","0.0-5.0-199.0","go-nogo","true","0","","false","<div class = centerbox><div  id = stim2></div></div>","32","32","750","","test","go","199","random","","",""
"","-1","-1","1273","0","test_block","poldrack-single-stim","214","434676","0.0-5.0-200.0","go-nogo","true","0","","false","<div class = centerbox><div  id = stim2></div></div>","32","32","750","","test","go","200","random","","",""
"","-1","-1","1436","0","test_block","poldrack-single-stim","215","436232","0.0-5.0-201.0","go-nogo","true","0","","false","<div class = centerbox><div  id = stim2></div></div>","32","32","750","","test","go","201","random","","",""
"","-1","-1","1406","0","test_block","poldrack-single-stim","216","437711","0.0-5.0-202.0","go-nogo","true","1","","false","<div class = centerbox><div  id = stim2></div></div>","32","32","750","","test","go","202","random","","",""
"","-1","-1","1301","0","test_block","poldrack-single-stim","217","439087","0.0-5.0-203.0","go-nogo","true","1","","false","<div class = centerbox><div  id = stim2></div></div>","32","32","750","","test","go","203","random","","",""
"","-1","-1","1008","0","test_block","poldrack-single-stim","218","440195","0.0-5.0-204.0","go-nogo","true","0","","false","<div class = centerbox><div  id = stim2></div></div>","32","32","750","","test","go","204","random","","",""
"","-1","-1","1277","0","test_block","poldrack-single-stim","219","441560","0.0-5.0-205.0","go-nogo","true","0","","true","<div class = centerbox><div  id = stim1></div></div>","-1","32","750","","test","nogo","205","random","","",""
"","-1","-1","1455","0","test_block","poldrack-single-stim","220","444063","0.0-5.0-206.0","go-nogo","true","1","","false","<div class = centerbox><div  id = stim2></div></div>","32","32","750","","test","go","206","random","","",""
"","-1","-1","1042","0","test_block","poldrack-single-stim","221","446071","0.0-5.0-207.0","go-nogo","true","0","","true","<div class = centerbox><div  id = stim1></div></div>","-1","32","750","","test","nogo","207","random","","",""
"","-1","-1","1447","0","test_block","poldrack-single-stim","222","448067","0.0-5.0-208.0","go-nogo","true","0","","false","<div class = centerbox><div  id = stim2></div></div>","32","32","750","","test","go","208","random","","",""
"","-1","-1","1467","0","test_block","poldrack-single-stim","223","450067","0.0-5.0-209.0","go-nogo","true","0","","false","<div class = centerbox><div  id = stim2></div></div>","32","32","750","","test","go","209","random","","",""
"","-1","-1","1067","0","test_block","poldrack-single-stim","224","452075","0.0-5.0-210.0","go-nogo","true","0","","false","<div class = centerbox><div  id = stim2></div></div>","32","32","750","","test","go","210","random","","",""
"","-1","-1","1229","0","test_block","poldrack-single-stim","225","454068","0.0-5.0-211.0","go-nogo","true","0","","false","<div class = centerbox><div  id = stim2></div></div>","32","32","750","","test","go","211","random","","",""
"","-1","-1","1487","0","test_block","poldrack-single-stim","226","456062","0.0-5.0-212.0","go-nogo","true","0","","false","<div class = centerbox><div  id = stim2></div></div>","32","32","750","","test","go","212","random","","",""
"","-1","-1","1333","0","test_block","poldrack-single-stim","227","458073","0.0-5.0-213.0","go-nogo","true","0","","false","<div class = centerbox><div  id = stim2></div></div>","32","32","750","","test","go","213","random","","",""
"","-1","-1","1086","0","test_block","poldrack-single-stim","228","460076","0.0-5.0-214.0","go-nogo","true","0","","false","<div class = centerbox><div  id = stim2></div></div>","32","32","750","","test","go","214","random","","",""
"","-1","-1","1127","0","test_block","poldrack-single-stim","229","464075","0.0-5.0-215.0","go-nogo","true","0","","false","<div class = centerbox><div  id = stim2></div></div>","32","32","750","","test","go","215","random","","",""
"","-1","-1","1189","0","test_block","poldrack-single-stim","230","472074","0.0-5.0-216.0","go-nogo","true","0","","false","<div class = centerbox><div  id = stim2></div></div>","32","32","750","","test","go","216","random","","",""
"","-1","-1","1285","0","test_block","poldrack-single-stim","231","481074","0.0-5.0-217.0","go-nogo","true","0","","false","<div class = centerbox><div  id = stim2></div></div>","32","32","750","","test","go","217","random","","",""
"","-1","-1","1468","0","test_block","poldrack-single-stim","232","490065","0.0-5.0-218.0","go-nogo","true","0","","false","<div class = centerbox><div  id = stim2></div></div>","32","32","750","","test","go","218","random","","",""
"","-1","-1","1117","0","test_block","poldrack-single-stim","233","499076","0.0-5.0-219.0","go-nogo","true","0","","false","<div class = centerbox><div  id = stim2></div></div>","32","32","750","","test","go","219","random","","",""
"","-1","-1","1472","0","test_block","poldrack-single-stim","234","508081","0.0-5.0-220.0","go-nogo","true","0","","false","<div class = centerbox><div  id = stim2></div></div>","32","32","750","","test","go","220","random","","",""
"","-1","-1","1230","0","test_block","poldrack-single-stim","235","516078","0.0-5.0-221.0","go-nogo","true","0","","false","<div class = centerbox><div  id = stim2></div></div>","32","32","750","","test","go","221","random","","",""
"","-1","-1","1024","0","test_block","poldrack-single-stim","236","523065","0.0-5.0-222.0","go-nogo","true","0","","false","<div class = centerbox><div  id = stim2></div></div>","32","32","750","","test","go","222","random","","",""
"","-1","-1","1183","0","test_block","poldrack-single-stim","237","531066","0.0-5.0-223.0","go-nogo","true","0","","true","<div class = centerbox><div  id = stim1></div></div>","-1","32","750","","test","nogo","223","random","","",""
"","-1","-1","1271","0","test_block","poldrack-single-stim","238","534818","0.0-5.0-224.0","go-nogo","true","0","","false","<div class = centerbox><div  id = stim2></div></div>","32","32","750","","test","go","224","random","","",""
"","-1","-1","1212","0","test_block","poldrack-single-stim","239","536223","0.0-5.0-225.0","go-nogo","true","0","","false","<div class = centerbox><div  id = stim2></div></div>","32","32","750","","test","go","225","random","","",""
"","-1","-1","1328","0","test_block","poldrack-single-stim","240","538070","0.0-5.0-226.0","go-nogo","true","1","","false","<div class = centerbox><div  id = stim2></div></div>","32","32","750","","test","go","226","random","","",""
"","-1","-1","1008","0","test_block","poldrack-single-stim","241","540066","0.0-5.0-227.0","go-nogo","true","0","","false","<div class = centerbox><div  id = stim2></div></div>","32","32","750","","test","go","227","random","","",""
"","-1","-1","1055","0","test_block","poldrack-single-stim","242","542065","0.0-5.0-228.0","go-nogo","true","0","","false","<div class = centerbox><div  id = stim2></div></div>","32","32","750","","test","go","228","random","","",""
"","-1","-1","1458","0","test_block","poldrack-single-stim","243","543627","0.0-5.0-229.0","go-nogo","true","0","","false","<div class = centerbox><div  id = stim2></div></div>","32","32","750","","test","go","229","random","","",""
"","-1","-1","1137","0","test_block","poldrack-single-stim","244","544832","0.0-5.0-230.0","go-nogo","true","0","","true","<div class = centerbox><div  id = stim1></div></div>","-1","32","750","","test","nogo","230","random","","",""
"","-1","-1","1071","0","test_block","poldrack-single-stim","245","545981","0.0-5.0-231.0","go-nogo","true","0","","true","<div class = centerbox><div  id = stim1></div></div>","-1","32","750","","test","nogo","231","random","","",""
"","-1","-1","1459","0","test_block","poldrack-single-stim","246","547509","0.0-5.0-232.0","go-nogo","false","0","","false","<div class = centerbox><div  id = stim2></div></div>","32","32","750","","test","go","232","random","","",""
"","-1","-1","1049","0","test_block","poldrack-single-stim","247","548637","0.0-5.0-233.0","go-nogo","false","0","","false","<div class = centerbox><div  id = stim2></div></div>","32","32","750","","test","go","233","random","","",""
"","-1","-1","1362","0","test_block","poldrack-single-stim","248","550071","0.0-5.0-234.0","go-nogo","false","0","","false","<div class = centerbox><div  id = stim2></div></div>","32","32","750","","test","go","234","random","","",""
"","-1","-1","1039","0","test_block","poldrack-single-stim","249","551197","0.0-5.0-235.0","go-nogo","true","0","","false","<div class = centerbox><div  id = stim2></div></div>","32","32","750","","test","go","235","random","","",""
"","-1","-1","1045","0","test_block","poldrack-single-stim","250","553065","0.0-5.0-236.0","go-nogo","true","1","","false","<div class = centerbox><div  id = stim2></div></div>","32","32","750","","test","go","236","random","","",""
"","-1","-1","1030","0","test_block","poldrack-single-stim","251","555065","0.0-5.0-237.0","go-nogo","true","0","","true","<div class = centerbox><div  id = stim1></div></div>","-1","32","750","","test","nogo","237","random","","",""
"","-1","-1","1448","0","test_block","poldrack-single-stim","252","557088","0.0-5.0-238.0","go-nogo","true","0","","false","<div class = centerbox><div  id = stim2></div></div>","32","32","750","","test","go","238","random","","",""
"","-1","-1","1090","0","test_block","poldrack-single-stim","253","559097","0.0-5.0-239.0","go-nogo","true","0","","false","<div class = centerbox><div  id = stim2></div></div>","32","32","750","","test","go","239","random","","",""
"","-1","-1","1372","0","test_block","poldrack-single-stim","254","561068","0.0-5.0-240.0","go-nogo","true","0","","false","<div class = centerbox><div  id = stim2></div></div>","32","32","750","","test","go","240","random","","",""
"","-1","-1","1044","0","test_block","poldrack-single-stim","255","567924","0.0-5.0-241.0","go-nogo","true","0","","false","<div class = centerbox><div  id = stim2></div></div>","32","32","750","","test","go","241","random","","",""
"","-1","-1","1332","0","test_block","poldrack-single-stim","256","569372","0.0-5.0-242.0","go-nogo","true","0","","false","<div class = centerbox><div  id = stim2></div></div>","32","32","750","","test","go","242","random","","",""
"","-1","-1","1407","0","test_block","poldrack-single-stim","257","570846","0.0-5.0-243.0","go-nogo","true","0","","false","<div class = centerbox><div  id = stim2></div></div>","32","32","750","","test","go","243","random","","",""
"","-1","-1","1276","0","test_block","poldrack-single-stim","258","572190","0.0-5.0-244.0","go-nogo","true","0","","false","<div class = centerbox><div  id = stim2></div></div>","32","32","750","","test","go","244","random","","",""
"","-1","-1","1148","0","test_block","poldrack-single-stim","259","573407","0.0-5.0-245.0","go-nogo","true","0","","false","<div class = centerbox><div  id = stim2></div></div>","32","32","750","","test","go","245","random","","",""
"","-1","-1","1423","0","test_block","poldrack-single-stim","260","574898","0.0-5.0-246.0","go-nogo","true","0","","false","<div class = centerbox><div  id = stim2></div></div>","32","32","750","","test","go","246","random","","",""
"","-1","-1","1338","0","test_block","poldrack-single-stim","261","576311","0.0-5.0-247.0","go-nogo","true","0","","false","<div class = centerbox><div  id = stim2></div></div>","32","32","750","","test","go","247","random","","",""
"","-1","-1","1394","0","test_block","poldrack-single-stim","262","577772","0.0-5.0-248.0","go-nogo","true","0","","false","<div class = centerbox><div  id = stim2></div></div>","32","32","750","","test","go","248","random","","",""
"","-1","-1","1348","0","test_block","poldrack-single-stim","263","579187","0.0-5.0-249.0","go-nogo","true","0","","true","<div class = centerbox><div  id = stim1></div></div>","-1","32","750","","test","nogo","249","random","","",""
"","-1","-1","1014","0","test_block","poldrack-single-stim","264","580270","0.0-5.0-250.0","go-nogo","true","0","","false","<div class = centerbox><div  id = stim2></div></div>","32","32","750","","test","go","250","random","","",""
"","-1","-1","1042","0","test_block","poldrack-single-stim","265","581380","0.0-5.0-251.0","go-nogo","true","0","","false","<div class = centerbox><div  id = stim2></div></div>","32","32","750","","test","go","251","random","","",""
"","-1","-1","1487","0","test_block","poldrack-single-stim","266","582936","0.0-5.0-252.0","go-nogo","true","0","","false","<div class = centerbox><div  id = stim2></div></div>","32","32","750","","test","go","252","random","","",""
"","-1","-1","1291","0","test_block","poldrack-single-stim","267","584291","0.0-5.0-253.0","go-nogo","true","0","","false","<div class = centerbox><div  id = stim2></div></div>","32","32","750","","test","go","253","random","","",""
"","-1","-1","1202","0","test_block","poldrack-single-stim","268","585567","0.0-5.0-254.0","go-nogo","true","0","","false","<div class = centerbox><div  id = stim2></div></div>","32","32","750","","test","go","254","random","","",""
"","-1","-1","1261","0","test_block","poldrack-single-stim","269","586902","0.0-5.0-255.0","go-nogo","true","0","","false","<div class = centerbox><div  id = stim2></div></div>","32","32","750","","test","go","255","random","","",""
"","-1","-1","1354","0","test_block","poldrack-single-stim","270","588322","0.0-5.0-256.0","go-nogo","true","0","","false","<div class = centerbox><div  id = stim2></div></div>","32","32","750","","test","go","256","random","","",""
"","-1","-1","1463","0","test_block","poldrack-single-stim","271","589860","0.0-5.0-257.0","go-nogo","true","0","","false","<div class = centerbox><div  id = stim2></div></div>","32","32","750","","test","go","257","random","","",""
"","-1","-1","1020","0","test_block","poldrack-single-stim","272","590949","0.0-5.0-258.0","go-nogo","true","0","","false","<div class = centerbox><div  id = stim2></div></div>","32","32","750","","test","go","258","random","","",""
"","-1","-1","1057","0","test_block","poldrack-single-stim","273","592072","0.0-5.0-259.0","go-nogo","true","0","","false","<div class = centerbox><div  id = stim2></div></div>","32","32","750","","test","go","259","random","","",""
"","-1","-1","1272","0","test_block","poldrack-single-stim","274","593415","0.0-5.0-260.0","go-nogo","true","0","","false","<div class = centerbox><div  id = stim2></div></div>","32","32","750","","test","go","260","random","","",""
"","-1","-1","1476","0","test_block","poldrack-single-stim","275","594990","0.0-5.0-261.0","go-nogo","true","0","","false","<div class = centerbox><div  id = stim2></div></div>","32","32","750","","test","go","261","random","","",""
"","-1","-1","1364","0","test_block","poldrack-single-stim","276","596428","0.0-5.0-262.0","go-nogo","true","0","","false","<div class = centerbox><div  id = stim2></div></div>","32","32","750","","test","go","262","random","","",""
"","-1","-1","1246","0","test_block","poldrack-single-stim","277","597740","0.0-5.0-263.0","go-nogo","true","0","","false","<div class = centerbox><div  id = stim2></div></div>","32","32","750","","test","go","263","random","","",""
"","-1","-1","1406","0","test_block","poldrack-single-stim","278","599215","0.0-5.0-264.0","go-nogo","true","0","","false","<div class = centerbox><div  id = stim2></div></div>","32","32","750","","test","go","264","random","","",""
"","-1","-1","1165","0","test_block","poldrack-single-stim","279","600445","0.0-5.0-265.0","go-nogo","true","0","","false","<div class = centerbox><div  id = stim2></div></div>","32","32","750","","test","go","265","random","","",""
"","-1","-1","1126","0","test_block","poldrack-single-stim","280","601642","0.0-5.0-266.0","go-nogo","true","0","","false","<div class = centerbox><div  id = stim2></div></div>","32","32","750","","test","go","266","random","","",""
"","-1","-1","1036","0","test_block","poldrack-single-stim","281","602743","0.0-5.0-267.0","go-nogo","true","0","","false","<div class = centerbox><div  id = stim2></div></div>","32","32","750","","test","go","267","random","","",""
"","-1","-1","1215","0","test_block","poldrack-single-stim","282","604124","0.0-5.0-268.0","go-nogo","true","1","","false","<div class = centerbox><div  id = stim2></div></div>","32","32","750","","test","go","268","random","","",""
"","-1","-1","1495","0","test_block","poldrack-single-stim","283","606071","0.0-5.0-269.0","go-nogo","true","0","","false","<div class = centerbox><div  id = stim2></div></div>","32","32","750","","test","go","269","random","","",""
"","-1","-1","1273","0","test_block","poldrack-single-stim","284","607422","0.0-5.0-270.0","go-nogo","true","0","","false","<div class = centerbox><div  id = stim2></div></div>","32","32","750","","test","go","270","random","","",""
"","-1","-1","1474","0","test_block","poldrack-single-stim","285","608981","0.0-5.0-271.0","go-nogo","true","0","","false","<div class = centerbox><div  id = stim2></div></div>","32","32","750","","test","go","271","random","","",""
"","-1","-1","1077","0","test_block","poldrack-single-stim","286","610127","0.0-5.0-272.0","go-nogo","true","0","","false","<div class = centerbox><div  id = stim2></div></div>","32","32","750","","test","go","272","random","","",""
"","-1","-1","1161","0","test_block","poldrack-single-stim","287","612072","0.0-5.0-273.0","go-nogo","true","1","","false","<div class = centerbox><div  id = stim2></div></div>","32","32","750","","test","go","273","random","","",""
"","-1","-1","1305","0","test_block","poldrack-single-stim","288","614095","0.0-5.0-274.0","go-nogo","true","0","","true","<div class = centerbox><div  id = stim1></div></div>","-1","32","750","","test","nogo","274","random","","",""
"","-1","-1","1202","0","test_block","poldrack-single-stim","289","616077","0.0-5.0-275.0","go-nogo","true","0","","false","<div class = centerbox><div  id = stim2></div></div>","32","32","750","","test","go","275","random","","",""
"","-1","-1","1177","0","test_block","poldrack-single-stim","290","618074","0.0-5.0-276.0","go-nogo","true","0","","false","<div class = centerbox><div  id = stim2></div></div>","32","32","750","","test","go","276","random","","",""
"","-1","-1","1315","0","test_block","poldrack-single-stim","291","620072","0.0-5.0-277.0","go-nogo","true","0","","false","<div class = centerbox><div  id = stim2></div></div>","32","32","750","","test","go","277","random","","",""
"","-1","-1","1420","0","test_block","poldrack-single-stim","292","627077","0.0-5.0-278.0","go-nogo","true","0","","false","<div class = centerbox><div  id = stim2></div></div>","32","32","750","","test","go","278","random","","",""
"","-1","-1","1182","0","test_block","poldrack-single-stim","293","628416","0.0-5.0-279.0","go-nogo","true","0","","false","<div class = centerbox><div  id = stim2></div></div>","32","32","750","","test","go","279","random","","",""
"","-1","-1","1101","0","test_block","poldrack-single-stim","294","630067","0.0-5.0-280.0","go-nogo","true","1","","false","<div class = centerbox><div  id = stim2></div></div>","32","32","750","","test","go","280","random","","",""
"","-1","-1","1425","0","test_block","poldrack-single-stim","295","632068","0.0-5.0-281.0","go-nogo","true","0","","false","<div class = centerbox><div  id = stim2></div></div>","32","32","750","","test","go","281","random","","",""
"","-1","-1","1223","0","test_block","poldrack-single-stim","296","634067","0.0-5.0-282.0","go-nogo","true","0","","false","<div class = centerbox><div  id = stim2></div></div>","32","32","750","","test","go","282","random","","",""
"","-1","-1","1240","0","test_block","poldrack-single-stim","297","636075","0.0-5.0-283.0","go-nogo","true","0","","false","<div class = centerbox><div  id = stim2></div></div>","32","32","750","","test","go","283","random","","",""
"","-1","-1","1497","0","test_block","poldrack-single-stim","298","638070","0.0-5.0-284.0","go-nogo","true","0","","false","<div class = centerbox><div  id = stim2></div></div>","32","32","750","","test","go","284","random","","",""
"","-1","-1","1234","0","test_block","poldrack-single-stim","299","642533","0.0-5.0-285.0","go-nogo","true","0","","false","<div class = centerbox><div  id = stim2></div></div>","32","32","750","","test","go","285","random","","",""
"","-1","-1","1205","0","test_block","poldrack-single-stim","300","644132","0.0-5.0-286.0","go-nogo","true","1","","false","<div class = centerbox><div  id = stim2></div></div>","32","32","750","","test","go","286","random","","",""
"","-1","-1","1326","0","test_block","poldrack-single-stim","301","646080","0.0-5.0-287.0","go-nogo","true","0","","false","<div class = centerbox><div  id = stim2></div></div>","32","32","750","","test","go","287","random","","",""
"","-1","-1","1154","0","test_block","poldrack-single-stim","302","648090","0.0-5.0-288.0","go-nogo","true","0","","false","<div class = centerbox><div  id = stim2></div></div>","32","32","750","","test","go","288","random","","",""
"","-1","-1","1152","0","test_block","poldrack-single-stim","303","650067","0.0-5.0-289.0","go-nogo","true","0","","true","<div class = centerbox><div  id = stim1></div></div>","-1","32","750","","test","nogo","289","random","","",""
"","-1","-1","1273","0","test_block","poldrack-single-stim","304","652089","0.0-5.0-290.0","go-nogo","true","0","","false","<div class = centerbox><div  id = stim2></div></div>","32","32","750","","test","go","290","random","","",""
"","-1","-1","1067","0","test_block","poldrack-single-stim","305","657293","0.0-5.0-291.0","go-nogo","true","0","","true","<div class = centerbox><div  id = stim1></div></div>","-1","32","750","","test","nogo","291","random","","",""
"","-1","-1","1073","0","test_block","poldrack-single-stim","306","658475","0.0-5.0-292.0","go-nogo","true","1","","false","<div class = centerbox><div  id = stim2></div></div>","32","32","750","","test","go","292","random","","",""
"","-1","-1","1212","0","test_block","poldrack-single-stim","307","660079","0.0-5.0-293.0","go-nogo","true","1","","false","<div class = centerbox><div  id = stim2></div></div>","32","32","750","","test","go","293","random","","",""
"","-1","-1","1056","0","test_block","poldrack-single-stim","308","662076","0.0-5.0-294.0","go-nogo","true","0","","false","<div class = centerbox><div  id = stim2></div></div>","32","32","750","","test","go","294","random","","",""
"","-1","-1","1327","0","test_block","poldrack-single-stim","309","664075","0.0-5.0-295.0","go-nogo","true","0","","false","<div class = centerbox><div  id = stim2></div></div>","32","32","750","","test","go","295","random","","",""
"","-1","-1","1397","0","test_block","poldrack-single-stim","310","666081","0.0-5.0-296.0","go-nogo","true","0","","false","<div class = centerbox><div  id = stim2></div></div>","32","32","750","","test","go","296","random","","",""
"","-1","-1","1467","0","test_block","poldrack-single-stim","311","668068","0.0-5.0-297.0","go-nogo","true","0","","false","<div class = centerbox><div  id = stim2></div></div>","32","32","750","","test","go","297","random","","",""
"","-1","-1","1031","0","test_block","poldrack-single-stim","312","670584","0.0-5.0-298.0","go-nogo","true","0","","false","<div class = centerbox><div  id = stim2></div></div>","32","32","750","","test","go","298","random","","",""
"","-1","-1","1323","0","test_block","poldrack-single-stim","313","672111","0.0-5.0-299.0","go-nogo","true","0","","false","<div class = centerbox><div  id = stim2></div></div>","32","32","750","","test","go","299","random","","",""
"","-1","-1","1492","0","test_block","poldrack-single-stim","314","673689","0.0-5.0-300.0","go-nogo","true","0","","false","<div class = centerbox><div  id = stim2></div></div>","32","32","750","","test","go","300","random","","",""
"","-1","-1","1161","0","test_block","poldrack-single-stim","315","674943","0.0-5.0-301.0","go-nogo","true","0","","false","<div class = centerbox><div  id = stim2></div></div>","32","32","750","","test","go","301","random","","",""
"","-1","-1","1316","0","test_block","poldrack-single-stim","316","676330","0.0-5.0-302.0","go-nogo","false","0","","false","<div class = centerbox><div  id = stim2></div></div>","32","32","750","","test","go","302","random","","",""
"","-1","-1","1321","0","test_block","poldrack-single-stim","317","677725","0.0-5.0-303.0","go-nogo","false","0","","true","<div class = centerbox><div  id = stim1></div></div>","-1","32","750","","test","nogo","303","random","","",""
"","-1","-1","1172","0","test_block","poldrack-single-stim","318","678986","0.0-5.0-304.0","go-nogo","false","0","","false","<div class = centerbox><div  id = stim2></div></div>","32","32","750","","test","go","304","random","","",""
"","-1","-1","1072","0","test_block","poldrack-single-stim","319","680146","0.0-5.0-305.0","go-nogo","false","0","","false","<div class = centerbox><div  id = stim2></div></div>","32","32","750","","test","go","305","random","","",""
"","-1","-1","1093","0","test_block","poldrack-single-stim","320","681312","0.0-5.0-306.0","go-nogo","false","0","","true","<div class = centerbox><div  id = stim1></div></div>","-1","32","750","","test","nogo","306","random","","",""
"","1354","32","1383","0","test_block","poldrack-single-stim","321","682767","0.0-5.0-307.0","go-nogo","false","0","","true","<div class = centerbox><div  id = stim2></div></div>","32","32","750","","test","go","307","random","","",""
"","121","32","1384","0","test_block","poldrack-single-stim","322","684225","0.0-5.0-308.0","go-nogo","false","0","","true","<div class = centerbox><div  id = stim2></div></div>","32","32","750","","test","go","308","random","","",""
"","467","32","1457","0","test_block","poldrack-single-stim","323","685743","0.0-5.0-309.0","go-nogo","false","0","","false","<div class = centerbox><div  id = stim1></div></div>","-1","32","750","","test","nogo","309","random","","",""
"","13","32","1359","0","test_block","poldrack-single-stim","324","687187","0.0-5.0-310.0","go-nogo","false","0","","true","<div class = centerbox><div  id = stim2></div></div>","32","32","750","","test","go","310","random","","",""
"","1","32","1180","0","test_block","poldrack-single-stim","325","688441","0.0-5.0-311.0","go-nogo","false","0","","true","<div class = centerbox><div  id = stim2></div></div>","32","32","750","","test","go","311","random","","",""
"","1","32","1499","0","test_block","poldrack-single-stim","326","690034","0.0-5.0-312.0","go-nogo","false","0","","true","<div class = centerbox><div  id = stim2></div></div>","32","32","750","","test","go","312","random","","",""
"","68","32","1481","0","test_block","poldrack-single-stim","327","691598","0.0-5.0-313.0","go-nogo","false","0","","true","<div class = centerbox><div  id = stim2></div></div>","32","32","750","","test","go","313","random","","",""
"","132","32","1002","0","test_block","poldrack-single-stim","328","692671","0.0-5.0-314.0","go-nogo","false","0","","true","<div class = centerbox><div  id = stim2></div></div>","32","32","750","","test","go","314","random","","",""
"","381","32","1146","0","test_block","poldrack-single-stim","329","693887","0.0-5.0-315.0","go-nogo","false","0","","true","<div class = centerbox><div  id = stim2></div></div>","32","32","750","","test","go","315","random","","",""
"","254","32","1138","0","test_block","poldrack-single-stim","330","695101","0.0-5.0-316.0","go-nogo","false","0","","true","<div class = centerbox><div  id = stim2></div></div>","32","32","750","","test","go","316","random","","",""
"","1","32","1285","0","test_block","poldrack-single-stim","331","696458","0.0-5.0-317.0","go-nogo","false","0","","true","<div class = centerbox><div  id = stim2></div></div>","32","32","750","","test","go","317","random","","",""
"","380","32","1465","0","test_block","poldrack-single-stim","332","698014","0.0-5.0-318.0","go-nogo","false","0","","true","<div class = centerbox><div  id = stim2></div></div>","32","32","750","","test","go","318","random","","",""
"","49","32","1176","0","test_block","poldrack-single-stim","333","699280","0.0-5.0-319.0","go-nogo","false","0","","true","<div class = centerbox><div  id = stim2></div></div>","32","32","750","","test","go","319","random","","",""
"","540","32","1438","0","test_block","poldrack-single-stim","334","700786","0.0-5.0-320.0","go-nogo","false","0","","true","<div class = centerbox><div  id = stim2></div></div>","32","32","750","","test","go","320","random","","",""
"","101","32","1431","0","test_block","poldrack-single-stim","335","702286","0.0-5.0-321.0","go-nogo","false","0","","true","<div class = centerbox><div  id = stim2></div></div>","32","32","750","","test","go","321","random","","",""
"","15","32","1261","0","test_block","poldrack-single-stim","336","703614","0.0-5.0-322.0","go-nogo","false","0","","true","<div class = centerbox><div  id = stim2></div></div>","32","32","750","","test","go","322","random","","",""
"","-1","-1","1370","0","test_block","poldrack-single-stim","337","705086","0.0-5.0-323.0","go-nogo","true","0","","false","<div class = centerbox><div  id = stim2></div></div>","32","32","750","","test","go","323","random","","",""
"","110","32","1487","0","test_block","poldrack-single-stim","338","706699","0.0-5.0-324.0","go-nogo","true","0","","true","<div class = centerbox><div  id = stim2></div></div>","32","32","750","","test","go","324","random","","",""
"","1","32","1081","0","test_block","poldrack-single-stim","339","708068","0.0-5.0-325.0","go-nogo","true","1","","true","<div class = centerbox><div  id = stim2></div></div>","32","32","750","","test","go","325","random","","",""
"","-1","-1","1456","0","test_block","poldrack-single-stim","340","710080","0.0-5.0-326.0","go-nogo","true","0","","false","<div class = centerbox><div  id = stim2></div></div>","32","32","750","","test","go","326","random","","",""
"","519","32","1016","0","test_block","poldrack-single-stim","341","711354","0.0-5.0-327.0","go-nogo","true","0","","true","<div class = centerbox><div  id = stim2></div></div>","32","32","750","","test","go","327","random","","",""
"","37","32","1300","0","test_block","poldrack-single-stim","342","712730","0.0-5.0-328.0","go-nogo","true","0","","true","<div class = centerbox><div  id = stim2></div></div>","32","32","750","","test","go","328","random","","",""
"","1","32","1485","0","test_block","poldrack-single-stim","343","715068","0.0-5.0-329.0","go-nogo","true","1","","true","<div class = centerbox><div  id = stim2></div></div>","32","32","750","","test","go","329","random","","",""
"","-1","-1","1192","0","test_block","poldrack-single-stim","344","717072","0.0-5.0-330.0","go-nogo","true","0","","false","<div class = centerbox><div  id = stim2></div></div>","32","32","750","","test","go","330","random","","",""
"","-1","-1","1011","0","test_block","poldrack-single-stim","345","719045","0.0-5.0-331.0","go-nogo","true","0","","false","<div class = centerbox><div  id = stim2></div></div>","32","32","750","","test","go","331","random","","",""
"","-1","-1","1106","0","test_block","poldrack-single-stim","346","720331","0.0-5.0-332.0","go-nogo","true","0","","false","<div class = centerbox><div  id = stim2></div></div>","32","32","750","","test","go","332","random","","",""
"","3","32","1482","0","test_block","poldrack-single-stim","347","721884","0.0-5.0-333.0","go-nogo","true","0","","true","<div class = centerbox><div  id = stim2></div></div>","32","32","750","","test","go","333","random","","",""
"","91","32","1077","0","test_block","poldrack-single-stim","348","723027","0.0-5.0-334.0","go-nogo","true","0","","true","<div class = centerbox><div  id = stim2></div></div>","32","32","750","","test","go","334","random","","",""
"","-1","-1","1096","0","test_block","poldrack-single-stim","349","724214","0.0-5.0-335.0","go-nogo","true","0","","false","<div class = centerbox><div  id = stim2></div></div>","32","32","750","","test","go","335","random","","",""
"","1062","32","1233","0","test_block","poldrack-single-stim","350","725517","0.0-5.0-336.0","go-nogo","true","0","","true","<div class = centerbox><div  id = stim2></div></div>","32","32","750","","test","go","336","random","","",""
"","259","32","1184","0","test_block","poldrack-single-stim","351","726774","0.0-5.0-337.0","go-nogo","true","0","","false","<div class = centerbox><div  id = stim1></div></div>","-1","32","750","","test","nogo","337","random","","",""
"","1","32","1490","0","test_block","poldrack-single-stim","352","728329","0.0-5.0-338.0","go-nogo","true","0","","true","<div class = centerbox><div  id = stim2></div></div>","32","32","750","","test","go","338","random","","",""
"","1","32","1263","0","test_block","poldrack-single-stim","353","729658","0.0-5.0-339.0","go-nogo","true","0","","true","<div class = centerbox><div  id = stim2></div></div>","32","32","750","","test","go","339","random","","",""
"","46","32","1445","0","test_block","poldrack-single-stim","354","731167","0.0-5.0-340.0","go-nogo","true","0","","true","<div class = centerbox><div  id = stim2></div></div>","32","32","750","","test","go","340","random","","",""
"","-1","-1","1484","0","test_block","poldrack-single-stim","355","733068","0.0-5.0-341.0","go-nogo","true","1","","false","<div class = centerbox><div  id = stim2></div></div>","32","32","750","","test","go","341","random","","",""
"","-1","-1","1279","0","test_block","poldrack-single-stim","356","735068","0.0-5.0-342.0","go-nogo","true","0","","false","<div class = centerbox><div  id = stim2></div></div>","32","32","750","","test","go","342","random","","",""
"","-1","-1","1470","0","test_block","poldrack-single-stim","357","737068","0.0-5.0-343.0","go-nogo","true","0","","false","<div class = centerbox><div  id = stim2></div></div>","32","32","750","","test","go","343","random","","",""
"","-1","-1","1453","0","test_block","poldrack-single-stim","358","739072","0.0-5.0-344.0","go-nogo","true","0","","false","<div class = centerbox><div  id = stim2></div></div>","32","32","750","","test","go","344","random","","",""
"","-1","-1","1307","0","test_block","poldrack-single-stim","359","741071","0.0-5.0-345.0","go-nogo","true","0","","false","<div class = centerbox><div  id = stim2></div></div>","32","32","750","","test","go","345","random","","",""
"","-1","-1","1120","0","test_block","poldrack-single-stim","360","745924","0.0-5.0-346.0","go-nogo","true","0","","false","<div class = centerbox><div  id = stim2></div></div>","32","32","750","","test","go","346","random","","",""
"","-1","-1","1278","0","test_block","poldrack-single-stim","361","747318","0.0-5.0-347.0","go-nogo","true","0","","false","<div class = centerbox><div  id = stim2></div></div>","32","32","750","","test","go","347","random","","",""
"","882","32","1480","0","test_block","poldrack-single-stim","362","748863","0.0-5.0-348.0","go-nogo","true","0","","true","<div class = centerbox><div  id = stim2></div></div>","32","32","750","","test","go","348","random","","",""
"","310","32","1367","0","test_block","poldrack-single-stim","363","750296","0.0-5.0-349.0","go-nogo","true","0","","true","<div class = centerbox><div  id = stim2></div></div>","32","32","750","","test","go","349","random","","",""
"","6123","","","","post task questions","survey-text","364","756504","0.0-7.0","go-nogo","true","0","","","","","","","","","","","","{""Q0"":"""",""Q1"":""""}","",""
