"text","rt","key_press","block_duration","timing_post_trial","trial_id","trial_type","trial_index","time_elapsed","internal_node_id","exp_id","full_screen","focus_shifts","view_history","correct","stimulus","correct_response","possible_responses","stim_duration","feedback_duration","exp_stage","condition","trial_num","mode","responses","payment_id","credit_var"
"<div class = centerbox><p class = center-block-text>Welcome to the experiment. This task will take around 10 minutes. Press <strong>enter</strong> to begin.</p></div>","5902","13","5902","0","instruction","poldrack-text","0","5916","0.0-0.0-0.0","go-nogo","true","0","","","","","","","","","","","","","",""
"","6438","","","","instruction","poldrack-instructions","1","12357","0.0-0.0-1.0","go-nogo","true","0","[{""page_index"":0,""viewing_time"":6437}]","","","","","","","","","","","","",""
"","614","32","1277","250","practice","poldrack-categorize","2","15642","0.0-1.0-0.0","go-nogo","true","0","","true","<div class = centerbox><div  id = stim1></div></div>","32","32","750","1000","practice","go","0","random","","",""
"","-1","-1","1422","250","practice","poldrack-categorize","3","18319","0.0-1.0-1.0","go-nogo","true","0","","true","<div class = centerbox><div id = stim2></div></div>","-1","32","750","1000","practice","nogo","1","random","","",""
"","-1","-1","1396","250","practice","poldrack-categorize","4","20968","0.0-1.0-2.0","go-nogo","true","0","","true","<div class = centerbox><div id = stim2></div></div>","-1","32","750","1000","practice","nogo","2","random","","",""
"","630","32","1315","250","practice","poldrack-categorize","5","23536","0.0-1.0-3.0","go-nogo","true","0","","true","<div class = centerbox><div  id = stim1></div></div>","32","32","750","1000","practice","go","3","random","","",""
"","-1","-1","1070","250","practice","poldrack-categorize","6","25864","0.0-1.0-4.0","go-nogo","true","0","","true","<div class = centerbox><div id = stim2></div></div>","-1","32","750","1000","practice","nogo","4","random","","",""
"","445","32","1155","250","practice","poldrack-categorize","7","28273","0.0-1.0-5.0","go-nogo","true","0","","true","<div class = centerbox><div  id = stim1></div></div>","32","32","750","1000","practice","go","5","random","","",""
"","-1","-1","1003","250","practice","poldrack-categorize","8","30530","0.0-1.0-6.0","go-nogo","true","0","","true","<div class = centerbox><div id = stim2></div></div>","-1","32","750","1000","practice","nogo","6","random","","",""
"","-1","-1","1476","250","practice","poldrack-categorize","9","33260","0.0-1.0-7.0","go-nogo","true","0","","true","<div class = centerbox><div id = stim2></div></div>","-1","32","750","1000","practice","nogo","7","random","","",""
"","484","32","1304","250","practice","poldrack-categorize","10","35814","0.0-1.0-8.0","go-nogo","true","0","","true","<div class = centerbox><div  id = stim1></div></div>","32","32","750","1000","practice","go","8","random","","",""
"","633","32","1333","250","practice","poldrack-categorize","11","38400","0.0-1.0-9.0","go-nogo","true","0","","true","<div class = centerbox><div  id = stim1></div></div>","32","32","750","1000","practice","go","9","random","","",""
"","","","","","reset_trial","call-function","12","38651","0.0-3.0","go-nogo","true","0","","","","","","","","","","","","","",""
"<div class = centerbox><p class = block-text>Practice is over, we will now begin the experiment. You will no longer get feedback about your responses.</p><p class = block-text>Remember, if you see the <font color=""orange"">orange</font> square you should <strong> respond by pressing the spacebar as quickly as possible</strong>. If you see the <font color=""blue"">blue</font> square you should <strong> not respond</strong>. Press <strong>enter</strong> to begin.</p></div>","9237","13","9237","1000","test_intro","poldrack-text","13","47890","0.0-4.0","go-nogo","true","0","","","","","","","","","","","","","",""
"","420","32","1154","0","test_block","poldrack-single-stim","14","50051","0.0-5.0-0.0","go-nogo","true","0","","true","<div class = centerbox><div  id = stim1></div></div>","32","32","750","","test","go","0","random","","",""
"","493","32","1217","0","test_block","poldrack-single-stim","15","51302","0.0-5.0-1.0","go-nogo","true","0","","true","<div class = centerbox><div  id = stim1></div></div>","32","32","750","","test","go","1","random","","",""
"","426","32","1128","0","test_block","poldrack-single-stim","16","52449","0.0-5.0-2.0","go-nogo","true","0","","true","<div class = centerbox><div  id = stim1></div></div>","32","32","750","","test","go","2","random","","",""
"","420","32","1157","0","test_block","poldrack-single-stim","17","53628","0.0-5.0-3.0","go-nogo","true","0","","true","<div class = centerbox><div  id = stim1></div></div>","32","32","750","","test","go","3","random","","",""
"","378","32","1061","0","test_block","poldrack-single-stim","18","54709","0.0-5.0-4.0","go-nogo","true","0","","true","<div class = centerbox><div  id = stim1></div></div>","32","32","750","","test","go","4","random","","",""
"","442","32","1388","0","test_block","poldrack-single-stim","19","56117","0.0-5.0-5.0","go-nogo","true","0","","true","<div class = centerbox><div  id = stim1></div></div>","32","32","750","","test","go","5","random","","",""
"","508","32","1023","0","test_block","poldrack-single-stim","20","57166","0.0-5.0-6.0","go-nogo","true","0","","true","<div class = centerbox><div  id = stim1></div></div>","32","32","750","","test","go","6","random","","",""
"","467","32","1425","0","test_block","poldrack-single-stim","21","58607","0.0-5.0-7.0","go-nogo","true","0","","true","<div class = centerbox><div  id = stim1></div></div>","32","32","750","","test","go","7","random","","",""
"","411","32","1468","0","test_block","poldrack-single-stim","22","60092","0.0-5.0-8.0","go-nogo","true","0","","true","<div class = centerbox><div  id = stim1></div></div>","32","32","750","","test","go","8","random","","",""
"","367","32","1315","0","test_block","poldrack-single-stim","23","61431","0.0-5.0-9.0","go-nogo","true","0","","true","<div class = centerbox><div  id = stim1></div></div>","32","32","750","","test","go","9","random","","",""
"","486","32","1260","0","test_block","poldrack-single-stim","24","62712","0.0-5.0-10.0","go-nogo","true","0","","true","<div class = centerbox><div  id = stim1></div></div>","32","32","750","","test","go","10","random","","",""
"","519","32","1112","0","test_block","poldrack-single-stim","25","63844","0.0-5.0-11.0","go-nogo","true","0","","true","<div class = centerbox><div  id = stim1></div></div>","32","32","750","","test","go","11","random","","",""
"","408","32","1250","0","test_block","poldrack-single-stim","26","65109","0.0-5.0-12.0","go-nogo","true","0","","true","<div class = centerbox><div  id = stim1></div></div>","32","32","750","","test","go","12","random","","",""
"","-1","-1","1339","0","test_block","poldrack-single-stim","27","66472","0.0-5.0-13.0","go-nogo","true","0","","true","<div class = centerbox><div  id = stim2></div></div>","-1","32","750","","test","nogo","13","random","","",""
"","-1","-1","1080","0","test_block","poldrack-single-stim","28","67565","0.0-5.0-14.0","go-nogo","true","0","","true","<div class = centerbox><div  id = stim2></div></div>","-1","32","750","","test","nogo","14","random","","",""
"","479","32","1225","0","test_block","poldrack-single-stim","29","68805","0.0-5.0-15.0","go-nogo","true","0","","true","<div class = centerbox><div  id = stim1></div></div>","32","32","750","","test","go","15","random","","",""
"","571","32","1210","0","test_block","poldrack-single-stim","30","70037","0.0-5.0-16.0","go-nogo","true","0","","true","<div class = centerbox><div  id = stim1></div></div>","32","32","750","","test","go","16","random","","",""
"","498","32","1161","0","test_block","poldrack-single-stim","31","71217","0.0-5.0-17.0","go-nogo","true","0","","true","<div class = centerbox><div  id = stim1></div></div>","32","32","750","","test","go","17","random","","",""
"","530","32","1123","0","test_block","poldrack-single-stim","32","72356","0.0-5.0-18.0","go-nogo","true","0","","true","<div class = centerbox><div  id = stim1></div></div>","32","32","750","","test","go","18","random","","",""
"","469","32","1069","0","test_block","poldrack-single-stim","33","73435","0.0-5.0-19.0","go-nogo","true","0","","true","<div class = centerbox><div  id = stim1></div></div>","32","32","750","","test","go","19","random","","",""
"","460","32","1358","0","test_block","poldrack-single-stim","34","74806","0.0-5.0-20.0","go-nogo","true","0","","true","<div class = centerbox><div  id = stim1></div></div>","32","32","750","","test","go","20","random","","",""
"","-1","-1","1380","0","test_block","poldrack-single-stim","35","76199","0.0-5.0-21.0","go-nogo","true","0","","true","<div class = centerbox><div  id = stim2></div></div>","-1","32","750","","test","nogo","21","random","","",""
"","559","32","1147","0","test_block","poldrack-single-stim","36","77359","0.0-5.0-22.0","go-nogo","true","0","","true","<div class = centerbox><div  id = stim1></div></div>","32","32","750","","test","go","22","random","","",""
"","496","32","1354","0","test_block","poldrack-single-stim","37","78724","0.0-5.0-23.0","go-nogo","true","0","","true","<div class = centerbox><div  id = stim1></div></div>","32","32","750","","test","go","23","random","","",""
"","489","32","1172","0","test_block","poldrack-single-stim","38","79912","0.0-5.0-24.0","go-nogo","true","0","","true","<div class = centerbox><div  id = stim1></div></div>","32","32","750","","test","go","24","random","","",""
"","424","32","1302","0","test_block","poldrack-single-stim","39","81225","0.0-5.0-25.0","go-nogo","true","0","","true","<div class = centerbox><div  id = stim1></div></div>","32","32","750","","test","go","25","random","","",""
"","469","32","1490","0","test_block","poldrack-single-stim","40","82728","0.0-5.0-26.0","go-nogo","true","0","","true","<div class = centerbox><div  id = stim1></div></div>","32","32","750","","test","go","26","random","","",""
"","-1","-1","1261","0","test_block","poldrack-single-stim","41","83999","0.0-5.0-27.0","go-nogo","true","0","","true","<div class = centerbox><div  id = stim2></div></div>","-1","32","750","","test","nogo","27","random","","",""
"","404","32","1061","0","test_block","poldrack-single-stim","42","85069","0.0-5.0-28.0","go-nogo","true","0","","true","<div class = centerbox><div  id = stim1></div></div>","32","32","750","","test","go","28","random","","",""
"","485","32","1161","0","test_block","poldrack-single-stim","43","86239","0.0-5.0-29.0","go-nogo","true","0","","true","<div class = centerbox><div  id = stim1></div></div>","32","32","750","","test","go","29","random","","",""
"","483","32","1111","0","test_block","poldrack-single-stim","44","87368","0.0-5.0-30.0","go-nogo","true","0","","true","<div class = centerbox><div  id = stim1></div></div>","32","32","750","","test","go","30","random","","",""
"","432","32","1081","0","test_block","poldrack-single-stim","45","88460","0.0-5.0-31.0","go-nogo","true","0","","true","<div class = centerbox><div  id = stim1></div></div>","32","32","750","","test","go","31","random","","",""
"","372","32","1445","0","test_block","poldrack-single-stim","46","89919","0.0-5.0-32.0","go-nogo","true","0","","true","<div class = centerbox><div  id = stim1></div></div>","32","32","750","","test","go","32","random","","",""
"","481","32","1401","0","test_block","poldrack-single-stim","47","91347","0.0-5.0-33.0","go-nogo","true","0","","true","<div class = centerbox><div  id = stim1></div></div>","32","32","750","","test","go","33","random","","",""
"","416","32","1254","0","test_block","poldrack-single-stim","48","92618","0.0-5.0-34.0","go-nogo","true","0","","true","<div class = centerbox><div  id = stim1></div></div>","32","32","750","","test","go","34","random","","",""
"","398","32","1350","0","test_block","poldrack-single-stim","49","93979","0.0-5.0-35.0","go-nogo","true","0","","true","<div class = centerbox><div  id = stim1></div></div>","32","32","750","","test","go","35","random","","",""
"","469","32","1170","0","test_block","poldrack-single-stim","50","95159","0.0-5.0-36.0","go-nogo","true","0","","true","<div class = centerbox><div  id = stim1></div></div>","32","32","750","","test","go","36","random","","",""
"","422","32","1379","0","test_block","poldrack-single-stim","51","96552","0.0-5.0-37.0","go-nogo","true","0","","true","<div class = centerbox><div  id = stim1></div></div>","32","32","750","","test","go","37","random","","",""
"","431","32","1077","0","test_block","poldrack-single-stim","52","97648","0.0-5.0-38.0","go-nogo","true","0","","true","<div class = centerbox><div  id = stim1></div></div>","32","32","750","","test","go","38","random","","",""
"","390","32","1060","0","test_block","poldrack-single-stim","53","98722","0.0-5.0-39.0","go-nogo","true","0","","true","<div class = centerbox><div  id = stim1></div></div>","32","32","750","","test","go","39","random","","",""
"","413","32","1466","0","test_block","poldrack-single-stim","54","100201","0.0-5.0-40.0","go-nogo","true","0","","true","<div class = centerbox><div  id = stim1></div></div>","32","32","750","","test","go","40","random","","",""
"","360","32","1201","0","test_block","poldrack-single-stim","55","101421","0.0-5.0-41.0","go-nogo","true","0","","true","<div class = centerbox><div  id = stim1></div></div>","32","32","750","","test","go","41","random","","",""
"","418","32","1308","0","test_block","poldrack-single-stim","56","102741","0.0-5.0-42.0","go-nogo","true","0","","true","<div class = centerbox><div  id = stim1></div></div>","32","32","750","","test","go","42","random","","",""
"","391","32","1419","0","test_block","poldrack-single-stim","57","104174","0.0-5.0-43.0","go-nogo","true","0","","true","<div class = centerbox><div  id = stim1></div></div>","32","32","750","","test","go","43","random","","",""
"","450","32","1428","0","test_block","poldrack-single-stim","58","105613","0.0-5.0-44.0","go-nogo","true","0","","true","<div class = centerbox><div  id = stim1></div></div>","32","32","750","","test","go","44","random","","",""
"","473","32","1397","0","test_block","poldrack-single-stim","59","107023","0.0-5.0-45.0","go-nogo","true","0","","true","<div class = centerbox><div  id = stim1></div></div>","32","32","750","","test","go","45","random","","",""
"","400","32","1410","0","test_block","poldrack-single-stim","60","108445","0.0-5.0-46.0","go-nogo","true","0","","true","<div class = centerbox><div  id = stim1></div></div>","32","32","750","","test","go","46","random","","",""
"","380","32","1259","0","test_block","poldrack-single-stim","61","109716","0.0-5.0-47.0","go-nogo","true","0","","true","<div class = centerbox><div  id = stim1></div></div>","32","32","750","","test","go","47","random","","",""
"","366","32","1489","0","test_block","poldrack-single-stim","62","111213","0.0-5.0-48.0","go-nogo","true","0","","true","<div class = centerbox><div  id = stim1></div></div>","32","32","750","","test","go","48","random","","",""
"","387","32","1252","0","test_block","poldrack-single-stim","63","112476","0.0-5.0-49.0","go-nogo","true","0","","true","<div class = centerbox><div  id = stim1></div></div>","32","32","750","","test","go","49","random","","",""
"","345","32","1113","0","test_block","poldrack-single-stim","64","113603","0.0-5.0-50.0","go-nogo","true","0","","true","<div class = centerbox><div  id = stim1></div></div>","32","32","750","","test","go","50","random","","",""
"","383","32","1238","0","test_block","poldrack-single-stim","65","114850","0.0-5.0-51.0","go-nogo","true","0","","true","<div class = centerbox><div  id = stim1></div></div>","32","32","750","","test","go","51","random","","",""
"","350","32","1417","0","test_block","poldrack-single-stim","66","116278","0.0-5.0-52.0","go-nogo","true","0","","true","<div class = centerbox><div  id = stim1></div></div>","32","32","750","","test","go","52","random","","",""
"","420","32","1397","0","test_block","poldrack-single-stim","67","117684","0.0-5.0-53.0","go-nogo","true","0","","true","<div class = centerbox><div  id = stim1></div></div>","32","32","750","","test","go","53","random","","",""
"","529","32","1283","0","test_block","poldrack-single-stim","68","118983","0.0-5.0-54.0","go-nogo","true","0","","true","<div class = centerbox><div  id = stim1></div></div>","32","32","750","","test","go","54","random","","",""
"","558","32","1364","0","test_block","poldrack-single-stim","69","120361","0.0-5.0-55.0","go-nogo","true","0","","true","<div class = centerbox><div  id = stim1></div></div>","32","32","750","","test","go","55","random","","",""
"","600","32","1321","0","test_block","poldrack-single-stim","70","121692","0.0-5.0-56.0","go-nogo","true","0","","true","<div class = centerbox><div  id = stim1></div></div>","32","32","750","","test","go","56","random","","",""
"","-1","-1","1179","0","test_block","poldrack-single-stim","71","122890","0.0-5.0-57.0","go-nogo","true","0","","true","<div class = centerbox><div  id = stim2></div></div>","-1","32","750","","test","nogo","57","random","","",""
"","424","32","1311","0","test_block","poldrack-single-stim","72","124211","0.0-5.0-58.0","go-nogo","true","0","","true","<div class = centerbox><div  id = stim1></div></div>","32","32","750","","test","go","58","random","","",""
"","559","32","1228","0","test_block","poldrack-single-stim","73","125449","0.0-5.0-59.0","go-nogo","true","0","","true","<div class = centerbox><div  id = stim1></div></div>","32","32","750","","test","go","59","random","","",""
"","550","32","1082","0","test_block","poldrack-single-stim","74","126546","0.0-5.0-60.0","go-nogo","true","0","","true","<div class = centerbox><div  id = stim1></div></div>","32","32","750","","test","go","60","random","","",""
"","670","32","1095","0","test_block","poldrack-single-stim","75","127652","0.0-5.0-61.0","go-nogo","true","0","","true","<div class = centerbox><div  id = stim1></div></div>","32","32","750","","test","go","61","random","","",""
"","605","32","1460","0","test_block","poldrack-single-stim","76","129123","0.0-5.0-62.0","go-nogo","true","0","","true","<div class = centerbox><div  id = stim1></div></div>","32","32","750","","test","go","62","random","","",""
"","370","32","1485","0","test_block","poldrack-single-stim","77","130614","0.0-5.0-63.0","go-nogo","true","0","","true","<div class = centerbox><div  id = stim1></div></div>","32","32","750","","test","go","63","random","","",""
"","361","32","1129","0","test_block","poldrack-single-stim","78","131756","0.0-5.0-64.0","go-nogo","true","0","","true","<div class = centerbox><div  id = stim1></div></div>","32","32","750","","test","go","64","random","","",""
"","314","32","1139","0","test_block","poldrack-single-stim","79","132907","0.0-5.0-65.0","go-nogo","true","0","","true","<div class = centerbox><div  id = stim1></div></div>","32","32","750","","test","go","65","random","","",""
"","430","32","1325","0","test_block","poldrack-single-stim","80","134263","0.0-5.0-66.0","go-nogo","true","0","","true","<div class = centerbox><div  id = stim1></div></div>","32","32","750","","test","go","66","random","","",""
"","356","32","1403","0","test_block","poldrack-single-stim","81","135673","0.0-5.0-67.0","go-nogo","true","0","","true","<div class = centerbox><div  id = stim1></div></div>","32","32","750","","test","go","67","random","","",""
"","375","32","1425","0","test_block","poldrack-single-stim","82","137109","0.0-5.0-68.0","go-nogo","true","0","","true","<div class = centerbox><div  id = stim1></div></div>","32","32","750","","test","go","68","random","","",""
"","349","32","1119","0","test_block","poldrack-single-stim","83","138240","0.0-5.0-69.0","go-nogo","true","0","","true","<div class = centerbox><div  id = stim1></div></div>","32","32","750","","test","go","69","random","","",""
"","474","32","1375","0","test_block","poldrack-single-stim","84","139634","0.0-5.0-70.0","go-nogo","true","0","","true","<div class = centerbox><div  id = stim1></div></div>","32","32","750","","test","go","70","random","","",""
"","434","32","1016","0","test_block","poldrack-single-stim","85","140657","0.0-5.0-71.0","go-nogo","true","0","","true","<div class = centerbox><div  id = stim1></div></div>","32","32","750","","test","go","71","random","","",""
"","530","32","1454","0","test_block","poldrack-single-stim","86","142120","0.0-5.0-72.0","go-nogo","true","0","","true","<div class = centerbox><div  id = stim1></div></div>","32","32","750","","test","go","72","random","","",""
"","330","32","1206","0","test_block","poldrack-single-stim","87","143336","0.0-5.0-73.0","go-nogo","true","0","","true","<div class = centerbox><div  id = stim1></div></div>","32","32","750","","test","go","73","random","","",""
"","332","32","1017","0","test_block","poldrack-single-stim","88","144361","0.0-5.0-74.0","go-nogo","true","0","","true","<div class = centerbox><div  id = stim1></div></div>","32","32","750","","test","go","74","random","","",""
"","417","32","1362","0","test_block","poldrack-single-stim","89","145733","0.0-5.0-75.0","go-nogo","true","0","","true","<div class = centerbox><div  id = stim1></div></div>","32","32","750","","test","go","75","random","","",""
"","357","32","1246","0","test_block","poldrack-single-stim","90","146988","0.0-5.0-76.0","go-nogo","true","0","","true","<div class = centerbox><div  id = stim1></div></div>","32","32","750","","test","go","76","random","","",""
"","372","32","1369","0","test_block","poldrack-single-stim","91","148373","0.0-5.0-77.0","go-nogo","true","0","","true","<div class = centerbox><div  id = stim1></div></div>","32","32","750","","test","go","77","random","","",""
"","333","32","1229","0","test_block","poldrack-single-stim","92","149612","0.0-5.0-78.0","go-nogo","true","0","","true","<div class = centerbox><div  id = stim1></div></div>","32","32","750","","test","go","78","random","","",""
"","390","32","1426","0","test_block","poldrack-single-stim","93","151093","0.0-5.0-79.0","go-nogo","true","0","","true","<div class = centerbox><div  id = stim1></div></div>","32","32","750","","test","go","79","random","","",""
"","373","32","1063","0","test_block","poldrack-single-stim","94","152165","0.0-5.0-80.0","go-nogo","true","0","","true","<div class = centerbox><div  id = stim1></div></div>","32","32","750","","test","go","80","random","","",""
"","519","32","1382","0","test_block","poldrack-single-stim","95","153555","0.0-5.0-81.0","go-nogo","true","0","","true","<div class = centerbox><div  id = stim1></div></div>","32","32","750","","test","go","81","random","","",""
"","305","32","1347","0","test_block","poldrack-single-stim","96","154910","0.0-5.0-82.0","go-nogo","true","0","","true","<div class = centerbox><div  id = stim1></div></div>","32","32","750","","test","go","82","random","","",""
"","316","32","1283","0","test_block","poldrack-single-stim","97","156203","0.0-5.0-83.0","go-nogo","true","0","","true","<div class = centerbox><div  id = stim1></div></div>","32","32","750","","test","go","83","random","","",""
"","321","32","1102","0","test_block","poldrack-single-stim","98","157313","0.0-5.0-84.0","go-nogo","true","0","","true","<div class = centerbox><div  id = stim1></div></div>","32","32","750","","test","go","84","random","","",""
"","363","32","1082","0","test_block","poldrack-single-stim","99","158403","0.0-5.0-85.0","go-nogo","true","0","","true","<div class = centerbox><div  id = stim1></div></div>","32","32","750","","test","go","85","random","","",""
"","351","32","1263","0","test_block","poldrack-single-stim","100","159674","0.0-5.0-86.0","go-nogo","true","0","","true","<div class = centerbox><div  id = stim1></div></div>","32","32","750","","test","go","86","random","","",""
"","385","32","1257","0","test_block","poldrack-single-stim","101","160942","0.0-5.0-87.0","go-nogo","true","0","","true","<div class = centerbox><div  id = stim1></div></div>","32","32","750","","test","go","87","random","","",""
"","380","32","1045","0","test_block","poldrack-single-stim","102","161996","0.0-5.0-88.0","go-nogo","true","0","","true","<div class = centerbox><div  id = stim1></div></div>","32","32","750","","test","go","88","random","","",""
"","-1","-1","1034","0","test_block","poldrack-single-stim","103","163036","0.0-5.0-89.0","go-nogo","true","0","","true","<div class = centerbox><div  id = stim2></div></div>","-1","32","750","","test","nogo","89","random","","",""
"","389","32","1124","0","test_block","poldrack-single-stim","104","164171","0.0-5.0-90.0","go-nogo","true","0","","true","<div class = centerbox><div  id = stim1></div></div>","32","32","750","","test","go","90","random","","",""
"","322","32","1071","0","test_block","poldrack-single-stim","105","165249","0.0-5.0-91.0","go-nogo","true","0","","true","<div class = centerbox><div  id = stim1></div></div>","32","32","750","","test","go","91","random","","",""
"","344","32","1399","0","test_block","poldrack-single-stim","106","166660","0.0-5.0-92.0","go-nogo","true","0","","true","<div class = centerbox><div  id = stim1></div></div>","32","32","750","","test","go","92","random","","",""
"","326","32","1038","0","test_block","poldrack-single-stim","107","167708","0.0-5.0-93.0","go-nogo","true","0","","true","<div class = centerbox><div  id = stim1></div></div>","32","32","750","","test","go","93","random","","",""
"","401","32","1297","0","test_block","poldrack-single-stim","108","169011","0.0-5.0-94.0","go-nogo","true","0","","true","<div class = centerbox><div  id = stim1></div></div>","32","32","750","","test","go","94","random","","",""
"","343","32","1040","0","test_block","poldrack-single-stim","109","170061","0.0-5.0-95.0","go-nogo","true","0","","true","<div class = centerbox><div  id = stim1></div></div>","32","32","750","","test","go","95","random","","",""
"","-1","-1","1058","0","test_block","poldrack-single-stim","110","171148","0.0-5.0-96.0","go-nogo","true","0","","true","<div class = centerbox><div  id = stim2></div></div>","-1","32","750","","test","nogo","96","random","","",""
"","305","32","1371","0","test_block","poldrack-single-stim","111","172526","0.0-5.0-97.0","go-nogo","true","0","","true","<div class = centerbox><div  id = stim1></div></div>","32","32","750","","test","go","97","random","","",""
"","332","32","1245","0","test_block","poldrack-single-stim","112","173780","0.0-5.0-98.0","go-nogo","true","0","","true","<div class = centerbox><div  id = stim1></div></div>","32","32","750","","test","go","98","random","","",""
"","342","32","1022","0","test_block","poldrack-single-stim","113","174814","0.0-5.0-99.0","go-nogo","true","0","","true","<div class = centerbox><div  id = stim1></div></div>","32","32","750","","test","go","99","random","","",""
"","491","32","1386","0","test_block","poldrack-single-stim","114","176211","0.0-5.0-100.0","go-nogo","true","0","","true","<div class = centerbox><div  id = stim1></div></div>","32","32","750","","test","go","100","random","","",""
"","321","32","1296","0","test_block","poldrack-single-stim","115","177514","0.0-5.0-101.0","go-nogo","true","0","","true","<div class = centerbox><div  id = stim1></div></div>","32","32","750","","test","go","101","random","","",""
"","337","32","1388","0","test_block","poldrack-single-stim","116","178911","0.0-5.0-102.0","go-nogo","true","0","","true","<div class = centerbox><div  id = stim1></div></div>","32","32","750","","test","go","102","random","","",""
"","347","32","1483","0","test_block","poldrack-single-stim","117","180404","0.0-5.0-103.0","go-nogo","true","0","","true","<div class = centerbox><div  id = stim1></div></div>","32","32","750","","test","go","103","random","","",""
"","-1","-1","1404","0","test_block","poldrack-single-stim","118","181817","0.0-5.0-104.0","go-nogo","true","0","","true","<div class = centerbox><div  id = stim2></div></div>","-1","32","750","","test","nogo","104","random","","",""
"","385","32","1097","0","test_block","poldrack-single-stim","119","182924","0.0-5.0-105.0","go-nogo","true","0","","true","<div class = centerbox><div  id = stim1></div></div>","32","32","750","","test","go","105","random","","",""
"","470","32","1045","0","test_block","poldrack-single-stim","120","183979","0.0-5.0-106.0","go-nogo","true","0","","true","<div class = centerbox><div  id = stim1></div></div>","32","32","750","","test","go","106","random","","",""
"","379","32","1113","0","test_block","poldrack-single-stim","121","185097","0.0-5.0-107.0","go-nogo","true","0","","true","<div class = centerbox><div  id = stim1></div></div>","32","32","750","","test","go","107","random","","",""
"","401","32","1296","0","test_block","poldrack-single-stim","122","186403","0.0-5.0-108.0","go-nogo","true","0","","true","<div class = centerbox><div  id = stim1></div></div>","32","32","750","","test","go","108","random","","",""
"","313","32","1253","0","test_block","poldrack-single-stim","123","187665","0.0-5.0-109.0","go-nogo","true","0","","true","<div class = centerbox><div  id = stim1></div></div>","32","32","750","","test","go","109","random","","",""
"","380","32","1146","0","test_block","poldrack-single-stim","124","188826","0.0-5.0-110.0","go-nogo","true","0","","true","<div class = centerbox><div  id = stim1></div></div>","32","32","750","","test","go","110","random","","",""
"","368","32","1447","0","test_block","poldrack-single-stim","125","190283","0.0-5.0-111.0","go-nogo","true","0","","true","<div class = centerbox><div  id = stim1></div></div>","32","32","750","","test","go","111","random","","",""
"","304","32","1323","0","test_block","poldrack-single-stim","126","191616","0.0-5.0-112.0","go-nogo","true","0","","true","<div class = centerbox><div  id = stim1></div></div>","32","32","750","","test","go","112","random","","",""
"","346","32","1109","0","test_block","poldrack-single-stim","127","192735","0.0-5.0-113.0","go-nogo","true","0","","true","<div class = centerbox><div  id = stim1></div></div>","32","32","750","","test","go","113","random","","",""
"","380","32","1268","0","test_block","poldrack-single-stim","128","194011","0.0-5.0-114.0","go-nogo","true","0","","true","<div class = centerbox><div  id = stim1></div></div>","32","32","750","","test","go","114","random","","",""
"","304","32","1464","0","test_block","poldrack-single-stim","129","195483","0.0-5.0-115.0","go-nogo","true","0","","true","<div class = centerbox><div  id = stim1></div></div>","32","32","750","","test","go","115","random","","",""
"","320","32","1038","0","test_block","poldrack-single-stim","130","196539","0.0-5.0-116.0","go-nogo","true","0","","true","<div class = centerbox><div  id = stim1></div></div>","32","32","750","","test","go","116","random","","",""
"","363","32","1017","0","test_block","poldrack-single-stim","131","197564","0.0-5.0-117.0","go-nogo","true","0","","false","<div class = centerbox><div  id = stim2></div></div>","-1","32","750","","test","nogo","117","random","","",""
"","743","32","1492","0","test_block","poldrack-single-stim","132","199064","0.0-5.0-118.0","go-nogo","true","0","","true","<div class = centerbox><div  id = stim1></div></div>","32","32","750","","test","go","118","random","","",""
"","-1","-1","1409","0","test_block","poldrack-single-stim","133","200481","0.0-5.0-119.0","go-nogo","true","0","","true","<div class = centerbox><div  id = stim2></div></div>","-1","32","750","","test","nogo","119","random","","",""
"","-1","-1","1361","0","test_block","poldrack-single-stim","134","201862","0.0-5.0-120.0","go-nogo","true","0","","true","<div class = centerbox><div  id = stim2></div></div>","-1","32","750","","test","nogo","120","random","","",""
"","479","32","1064","0","test_block","poldrack-single-stim","135","202940","0.0-5.0-121.0","go-nogo","true","0","","true","<div class = centerbox><div  id = stim1></div></div>","32","32","750","","test","go","121","random","","",""
"","552","32","1342","0","test_block","poldrack-single-stim","136","204289","0.0-5.0-122.0","go-nogo","true","0","","true","<div class = centerbox><div  id = stim1></div></div>","32","32","750","","test","go","122","random","","",""
"","363","32","1343","0","test_block","poldrack-single-stim","137","205639","0.0-5.0-123.0","go-nogo","true","0","","true","<div class = centerbox><div  id = stim1></div></div>","32","32","750","","test","go","123","random","","",""
"","371","32","1149","0","test_block","poldrack-single-stim","138","206807","0.0-5.0-124.0","go-nogo","true","0","","true","<div class = centerbox><div  id = stim1></div></div>","32","32","750","","test","go","124","random","","",""
"","395","32","1132","0","test_block","poldrack-single-stim","139","207949","0.0-5.0-125.0","go-nogo","true","0","","true","<div class = centerbox><div  id = stim1></div></div>","32","32","750","","test","go","125","random","","",""
"","368","32","1141","0","test_block","poldrack-single-stim","140","209096","0.0-5.0-126.0","go-nogo","true","0","","true","<div class = centerbox><div  id = stim1></div></div>","32","32","750","","test","go","126","random","","",""
"","555","32","1071","0","test_block","poldrack-single-stim","141","210175","0.0-5.0-127.0","go-nogo","true","0","","true","<div class = centerbox><div  id = stim1></div></div>","32","32","750","","test","go","127","random","","",""
"","451","32","1199","0","test_block","poldrack-single-stim","142","211383","0.0-5.0-128.0","go-nogo","true","0","","true","<div class = centerbox><div  id = stim1></div></div>","32","32","750","","test","go","128","random","","",""
"","499","32","1224","0","test_block","poldrack-single-stim","143","212617","0.0-5.0-129.0","go-nogo","true","0","","true","<div class = centerbox><div  id = stim1></div></div>","32","32","750","","test","go","129","random","","",""
"","484","32","1272","0","test_block","poldrack-single-stim","144","213895","0.0-5.0-130.0","go-nogo","true","0","","true","<div class = centerbox><div  id = stim1></div></div>","32","32","750","","test","go","130","random","","",""
"","509","32","1098","0","test_block","poldrack-single-stim","145","215004","0.0-5.0-131.0","go-nogo","true","0","","true","<div class = centerbox><div  id = stim1></div></div>","32","32","750","","test","go","131","random","","",""
"","373","32","1256","0","test_block","poldrack-single-stim","146","216271","0.0-5.0-132.0","go-nogo","true","0","","true","<div class = centerbox><div  id = stim1></div></div>","32","32","750","","test","go","132","random","","",""
"","350","32","1232","0","test_block","poldrack-single-stim","147","217512","0.0-5.0-133.0","go-nogo","true","0","","true","<div class = centerbox><div  id = stim1></div></div>","32","32","750","","test","go","133","random","","",""
"","314","32","1213","0","test_block","poldrack-single-stim","148","218734","0.0-5.0-134.0","go-nogo","true","0","","false","<div class = centerbox><div  id = stim2></div></div>","-1","32","750","","test","nogo","134","random","","",""
"","527","32","1416","0","test_block","poldrack-single-stim","149","220157","0.0-5.0-135.0","go-nogo","true","0","","true","<div class = centerbox><div  id = stim1></div></div>","32","32","750","","test","go","135","random","","",""
"","-1","-1","1362","0","test_block","poldrack-single-stim","150","221528","0.0-5.0-136.0","go-nogo","true","0","","true","<div class = centerbox><div  id = stim2></div></div>","-1","32","750","","test","nogo","136","random","","",""
"","442","32","1491","0","test_block","poldrack-single-stim","151","223029","0.0-5.0-137.0","go-nogo","true","0","","true","<div class = centerbox><div  id = stim1></div></div>","32","32","750","","test","go","137","random","","",""
"","-1","-1","1415","0","test_block","poldrack-single-stim","152","224460","0.0-5.0-138.0","go-nogo","true","0","","true","<div class = centerbox><div  id = stim2></div></div>","-1","32","750","","test","nogo","138","random","","",""
"","362","32","1316","0","test_block","poldrack-single-stim","153","225783","0.0-5.0-139.0","go-nogo","true","0","","true","<div class = centerbox><div  id = stim1></div></div>","32","32","750","","test","go","139","random","","",""
"","539","32","1049","0","test_block","poldrack-single-stim","154","226841","0.0-5.0-140.0","go-nogo","true","0","","true","<div class = centerbox><div  id = stim1></div></div>","32","32","750","","test","go","140","random","","",""
"","417","32","1380","0","test_block","poldrack-single-stim","155","228231","0.0-5.0-141.0","go-nogo","true","0","","true","<div class = centerbox><div  id = stim1></div></div>","32","32","750","","test","go","141","random","","",""
"","501","32","1120","0","test_block","poldrack-single-stim","156","229359","0.0-5.0-142.0","go-nogo","true","0","","true","<div class = centerbox><div  id = stim1></div></div>","32","32","750","","test","go","142","random","","",""
"","382","32","1182","0","test_block","poldrack-single-stim","157","230547","0.0-5.0-143.0","go-nogo","true","0","","true","<div class = centerbox><div  id = stim1></div></div>","32","32","750","","test","go","143","random","","",""
"","377","32","1301","0","test_block","poldrack-single-stim","158","231857","0.0-5.0-144.0","go-nogo","true","0","","true","<div class = centerbox><div  id = stim1></div></div>","32","32","750","","test","go","144","random","","",""
"","361","32","1283","0","test_block","poldrack-single-stim","159","233150","0.0-5.0-145.0","go-nogo","true","0","","true","<div class = centerbox><div  id = stim1></div></div>","32","32","750","","test","go","145","random","","",""
"","343","32","1017","0","test_block","poldrack-single-stim","160","234175","0.0-5.0-146.0","go-nogo","true","0","","true","<div class = centerbox><div  id = stim1></div></div>","32","32","750","","test","go","146","random","","",""
"","373","32","1078","0","test_block","poldrack-single-stim","161","235261","0.0-5.0-147.0","go-nogo","true","0","","true","<div class = centerbox><div  id = stim1></div></div>","32","32","750","","test","go","147","random","","",""
"","349","32","1042","0","test_block","poldrack-single-stim","162","236312","0.0-5.0-148.0","go-nogo","true","0","","true","<div class = centerbox><div  id = stim1></div></div>","32","32","750","","test","go","148","random","","",""
"","356","32","1283","0","test_block","poldrack-single-stim","163","237603","0.0-5.0-149.0","go-nogo","true","0","","true","<div class = centerbox><div  id = stim1></div></div>","32","32","750","","test","go","149","random","","",""
"","407","32","1263","0","test_block","poldrack-single-stim","164","238880","0.0-5.0-150.0","go-nogo","true","0","","true","<div class = centerbox><div  id = stim1></div></div>","32","32","750","","test","go","150","random","","",""
"","465","32","1160","0","test_block","poldrack-single-stim","165","240051","0.0-5.0-151.0","go-nogo","true","0","","true","<div class = centerbox><div  id = stim1></div></div>","32","32","750","","test","go","151","random","","",""
"","576","32","1159","0","test_block","poldrack-single-stim","166","241217","0.0-5.0-152.0","go-nogo","true","0","","true","<div class = centerbox><div  id = stim1></div></div>","32","32","750","","test","go","152","random","","",""
"","545","32","1259","0","test_block","poldrack-single-stim","167","242487","0.0-5.0-153.0","go-nogo","true","0","","true","<div class = centerbox><div  id = stim1></div></div>","32","32","750","","test","go","153","random","","",""
"","488","32","1134","0","test_block","poldrack-single-stim","168","243628","0.0-5.0-154.0","go-nogo","true","0","","true","<div class = centerbox><div  id = stim1></div></div>","32","32","750","","test","go","154","random","","",""
"","485","32","1060","0","test_block","poldrack-single-stim","169","244701","0.0-5.0-155.0","go-nogo","true","0","","true","<div class = centerbox><div  id = stim1></div></div>","32","32","750","","test","go","155","random","","",""
"","638","32","1318","0","test_block","poldrack-single-stim","170","246036","0.0-5.0-156.0","go-nogo","true","0","","true","<div class = centerbox><div  id = stim1></div></div>","32","32","750","","test","go","156","random","","",""
"","630","32","1291","0","test_block","poldrack-single-stim","171","247336","0.0-5.0-157.0","go-nogo","true","0","","true","<div class = centerbox><div  id = stim1></div></div>","32","32","750","","test","go","157","random","","",""
"","546","32","1061","0","test_block","poldrack-single-stim","172","248407","0.0-5.0-158.0","go-nogo","true","0","","true","<div class = centerbox><div  id = stim1></div></div>","32","32","750","","test","go","158","random","","",""
"","526","32","1318","0","test_block","poldrack-single-stim","173","249733","0.0-5.0-159.0","go-nogo","true","0","","true","<div class = centerbox><div  id = stim1></div></div>","32","32","750","","test","go","159","random","","",""
"","376","32","1295","0","test_block","poldrack-single-stim","174","251035","0.0-5.0-160.0","go-nogo","true","0","","false","<div class = centerbox><div  id = stim2></div></div>","-1","32","750","","test","nogo","160","random","","",""
"","-1","-1","1172","0","test_block","poldrack-single-stim","175","252223","0.0-5.0-161.0","go-nogo","true","0","","true","<div class = centerbox><div  id = stim2></div></div>","-1","32","750","","test","nogo","161","random","","",""
"","-1","-1","1257","0","test_block","poldrack-single-stim","176","253488","0.0-5.0-162.0","go-nogo","true","0","","true","<div class = centerbox><div  id = stim2></div></div>","-1","32","750","","test","nogo","162","random","","",""
"","406","32","1189","0","test_block","poldrack-single-stim","177","254708","0.0-5.0-163.0","go-nogo","true","0","","true","<div class = centerbox><div  id = stim1></div></div>","32","32","750","","test","go","163","random","","",""
"","530","32","1155","0","test_block","poldrack-single-stim","178","255877","0.0-5.0-164.0","go-nogo","true","0","","true","<div class = centerbox><div  id = stim1></div></div>","32","32","750","","test","go","164","random","","",""
"","480","32","1301","0","test_block","poldrack-single-stim","179","257185","0.0-5.0-165.0","go-nogo","true","0","","true","<div class = centerbox><div  id = stim1></div></div>","32","32","750","","test","go","165","random","","",""
"","385","32","1166","0","test_block","poldrack-single-stim","180","258360","0.0-5.0-166.0","go-nogo","true","0","","true","<div class = centerbox><div  id = stim1></div></div>","32","32","750","","test","go","166","random","","",""
"","394","32","1184","0","test_block","poldrack-single-stim","181","259553","0.0-5.0-167.0","go-nogo","true","0","","true","<div class = centerbox><div  id = stim1></div></div>","32","32","750","","test","go","167","random","","",""
"","-1","-1","1472","0","test_block","poldrack-single-stim","182","261035","0.0-5.0-168.0","go-nogo","true","0","","true","<div class = centerbox><div  id = stim2></div></div>","-1","32","750","","test","nogo","168","random","","",""
"","352","32","1093","0","test_block","poldrack-single-stim","183","262136","0.0-5.0-169.0","go-nogo","true","0","","true","<div class = centerbox><div  id = stim1></div></div>","32","32","750","","test","go","169","random","","",""
"","444","32","1364","0","test_block","poldrack-single-stim","184","263509","0.0-5.0-170.0","go-nogo","true","0","","true","<div class = centerbox><div  id = stim1></div></div>","32","32","750","","test","go","170","random","","",""
"","390","32","1268","0","test_block","poldrack-single-stim","185","264787","0.0-5.0-171.0","go-nogo","true","0","","true","<div class = centerbox><div  id = stim1></div></div>","32","32","750","","test","go","171","random","","",""
"","393","32","1308","0","test_block","poldrack-single-stim","186","266104","0.0-5.0-172.0","go-nogo","true","0","","true","<div class = centerbox><div  id = stim1></div></div>","32","32","750","","test","go","172","random","","",""
"","472","32","1469","0","test_block","poldrack-single-stim","187","267585","0.0-5.0-173.0","go-nogo","true","0","","true","<div class = centerbox><div  id = stim1></div></div>","32","32","750","","test","go","173","random","","",""
"","444","32","1015","0","test_block","poldrack-single-stim","188","268608","0.0-5.0-174.0","go-nogo","true","0","","true","<div class = centerbox><div  id = stim1></div></div>","32","32","750","","test","go","174","random","","",""
"","580","32","1185","0","test_block","poldrack-single-stim","189","269801","0.0-5.0-175.0","go-nogo","true","0","","true","<div class = centerbox><div  id = stim1></div></div>","32","32","750","","test","go","175","random","","",""
"","448","32","1248","0","test_block","poldrack-single-stim","190","271060","0.0-5.0-176.0","go-nogo","true","0","","true","<div class = centerbox><div  id = stim1></div></div>","32","32","750","","test","go","176","random","","",""
"","473","32","1177","0","test_block","poldrack-single-stim","191","272244","0.0-5.0-177.0","go-nogo","true","0","","true","<div class = centerbox><div  id = stim1></div></div>","32","32","750","","test","go","177","random","","",""
"","416","32","1084","0","test_block","poldrack-single-stim","192","273344","0.0-5.0-178.0","go-nogo","true","0","","true","<div class = centerbox><div  id = stim1></div></div>","32","32","750","","test","go","178","random","","",""
"","452","32","1450","0","test_block","poldrack-single-stim","193","274801","0.0-5.0-179.0","go-nogo","true","0","","true","<div class = centerbox><div  id = stim1></div></div>","32","32","750","","test","go","179","random","","",""
"","603","32","1125","0","test_block","poldrack-single-stim","194","275934","0.0-5.0-180.0","go-nogo","true","0","","true","<div class = centerbox><div  id = stim1></div></div>","32","32","750","","test","go","180","random","","",""
"","454","32","1311","0","test_block","poldrack-single-stim","195","277255","0.0-5.0-181.0","go-nogo","true","0","","true","<div class = centerbox><div  id = stim1></div></div>","32","32","750","","test","go","181","random","","",""
"","541","32","1463","0","test_block","poldrack-single-stim","196","278726","0.0-5.0-182.0","go-nogo","true","0","","true","<div class = centerbox><div  id = stim1></div></div>","32","32","750","","test","go","182","random","","",""
"","-1","-1","1427","0","test_block","poldrack-single-stim","197","280167","0.0-5.0-183.0","go-nogo","true","0","","true","<div class = centerbox><div  id = stim2></div></div>","-1","32","750","","test","nogo","183","random","","",""
"","404","32","1290","0","test_block","poldrack-single-stim","198","281465","0.0-5.0-184.0","go-nogo","true","0","","true","<div class = centerbox><div  id = stim1></div></div>","32","32","750","","test","go","184","random","","",""
"","596","32","1488","0","test_block","poldrack-single-stim","199","282961","0.0-5.0-185.0","go-nogo","true","0","","true","<div class = centerbox><div  id = stim1></div></div>","32","32","750","","test","go","185","random","","",""
"","573","32","1379","0","test_block","poldrack-single-stim","200","284355","0.0-5.0-186.0","go-nogo","true","0","","true","<div class = centerbox><div  id = stim1></div></div>","32","32","750","","test","go","186","random","","",""
"","521","32","1090","0","test_block","poldrack-single-stim","201","285457","0.0-5.0-187.0","go-nogo","true","0","","true","<div class = centerbox><div  id = stim1></div></div>","32","32","750","","test","go","187","random","","",""
"","657","32","1451","0","test_block","poldrack-single-stim","202","286918","0.0-5.0-188.0","go-nogo","true","0","","true","<div class = centerbox><div  id = stim1></div></div>","32","32","750","","test","go","188","random","","",""
"","495","32","1300","0","test_block","poldrack-single-stim","203","288226","0.0-5.0-189.0","go-nogo","true","0","","true","<div class = centerbox><div  id = stim1></div></div>","32","32","750","","test","go","189","random","","",""
"","387","32","1403","0","test_block","poldrack-single-stim","204","289636","0.0-5.0-190.0","go-nogo","true","0","","true","<div class = centerbox><div  id = stim1></div></div>","32","32","750","","test","go","190","random","","",""
"","413","32","1093","0","test_block","poldrack-single-stim","205","290739","0.0-5.0-191.0","go-nogo","true","0","","true","<div class = centerbox><div  id = stim1></div></div>","32","32","750","","test","go","191","random","","",""
"","490","32","1043","0","test_block","poldrack-single-stim","206","291788","0.0-5.0-192.0","go-nogo","true","0","","true","<div class = centerbox><div  id = stim1></div></div>","32","32","750","","test","go","192","random","","",""
"","-1","-1","1304","0","test_block","poldrack-single-stim","207","293101","0.0-5.0-193.0","go-nogo","true","0","","true","<div class = centerbox><div  id = stim2></div></div>","-1","32","750","","test","nogo","193","random","","",""
"","412","32","1099","0","test_block","poldrack-single-stim","208","294210","0.0-5.0-194.0","go-nogo","true","0","","true","<div class = centerbox><div  id = stim1></div></div>","32","32","750","","test","go","194","random","","",""
"","426","32","1499","0","test_block","poldrack-single-stim","209","295715","0.0-5.0-195.0","go-nogo","true","0","","true","<div class = centerbox><div  id = stim1></div></div>","32","32","750","","test","go","195","random","","",""
"","403","32","1103","0","test_block","poldrack-single-stim","210","296823","0.0-5.0-196.0","go-nogo","true","0","","true","<div class = centerbox><div  id = stim1></div></div>","32","32","750","","test","go","196","random","","",""
"","436","32","1388","0","test_block","poldrack-single-stim","211","298219","0.0-5.0-197.0","go-nogo","true","0","","true","<div class = centerbox><div  id = stim1></div></div>","32","32","750","","test","go","197","random","","",""
"","414","32","1179","0","test_block","poldrack-single-stim","212","299408","0.0-5.0-198.0","go-nogo","true","0","","true","<div class = centerbox><div  id = stim1></div></div>","32","32","750","","test","go","198","random","","",""
"","339","32","1209","0","test_block","poldrack-single-stim","213","300625","0.0-5.0-199.0","go-nogo","true","0","","false","<div class = centerbox><div  id = stim2></div></div>","-1","32","750","","test","nogo","199","random","","",""
"","553","32","1422","0","test_block","poldrack-single-stim","214","302055","0.0-5.0-200.0","go-nogo","true","0","","true","<div class = centerbox><div  id = stim1></div></div>","32","32","750","","test","go","200","random","","",""
"","603","32","1447","0","test_block","poldrack-single-stim","215","303511","0.0-5.0-201.0","go-nogo","true","0","","true","<div class = centerbox><div  id = stim1></div></div>","32","32","750","","test","go","201","random","","",""
"","500","32","1426","0","test_block","poldrack-single-stim","216","304946","0.0-5.0-202.0","go-nogo","true","0","","true","<div class = centerbox><div  id = stim1></div></div>","32","32","750","","test","go","202","random","","",""
"","448","32","1185","0","test_block","poldrack-single-stim","217","306140","0.0-5.0-203.0","go-nogo","true","0","","true","<div class = centerbox><div  id = stim1></div></div>","32","32","750","","test","go","203","random","","",""
"","560","32","1255","0","test_block","poldrack-single-stim","218","307402","0.0-5.0-204.0","go-nogo","true","0","","true","<div class = centerbox><div  id = stim1></div></div>","32","32","750","","test","go","204","random","","",""
"","431","32","1360","0","test_block","poldrack-single-stim","219","308772","0.0-5.0-205.0","go-nogo","true","0","","true","<div class = centerbox><div  id = stim1></div></div>","32","32","750","","test","go","205","random","","",""
"","407","32","1436","0","test_block","poldrack-single-stim","220","310216","0.0-5.0-206.0","go-nogo","true","0","","true","<div class = centerbox><div  id = stim1></div></div>","32","32","750","","test","go","206","random","","",""
"","342","32","1118","0","test_block","poldrack-single-stim","221","311347","0.0-5.0-207.0","go-nogo","true","0","","true","<div class = centerbox><div  id = stim1></div></div>","32","32","750","","test","go","207","random","","",""
"","360","32","1430","0","test_block","poldrack-single-stim","222","312788","0.0-5.0-208.0","go-nogo","true","0","","true","<div class = centerbox><div  id = stim1></div></div>","32","32","750","","test","go","208","random","","",""
"","471","32","1005","0","test_block","poldrack-single-stim","223","313800","0.0-5.0-209.0","go-nogo","true","0","","true","<div class = centerbox><div  id = stim1></div></div>","32","32","750","","test","go","209","random","","",""
"","498","32","1374","0","test_block","poldrack-single-stim","224","315184","0.0-5.0-210.0","go-nogo","true","0","","true","<div class = centerbox><div  id = stim1></div></div>","32","32","750","","test","go","210","random","","",""
"","538","32","1198","0","test_block","poldrack-single-stim","225","316393","0.0-5.0-211.0","go-nogo","true","0","","true","<div class = centerbox><div  id = stim1></div></div>","32","32","750","","test","go","211","random","","",""
"","427","32","1392","0","test_block","poldrack-single-stim","226","317793","0.0-5.0-212.0","go-nogo","true","0","","true","<div class = centerbox><div  id = stim1></div></div>","32","32","750","","test","go","212","random","","",""
"","398","32","1174","0","test_block","poldrack-single-stim","227","318979","0.0-5.0-213.0","go-nogo","true","0","","true","<div class = centerbox><div  id = stim1></div></div>","32","32","750","","test","go","213","random","","",""
"","-1","-1","1209","0","test_block","poldrack-single-stim","228","320195","0.0-5.0-214.0","go-nogo","true","0","","true","<div class = centerbox><div  id = stim2></div></div>","-1","32","750","","test","nogo","214","random","","",""
"","335","32","1207","0","test_block","poldrack-single-stim","229","321419","0.0-5.0-215.0","go-nogo","true","0","","true","<div class = centerbox><div  id = stim1></div></div>","32","32","750","","test","go","215","random","","",""
"","409","32","1450","0","test_block","poldrack-single-stim","230","322878","0.0-5.0-216.0","go-nogo","true","0","","true","<div class = centerbox><div  id = stim1></div></div>","32","32","750","","test","go","216","random","","",""
"","369","32","1404","0","test_block","poldrack-single-stim","231","324294","0.0-5.0-217.0","go-nogo","true","0","","true","<div class = centerbox><div  id = stim1></div></div>","32","32","750","","test","go","217","random","","",""
"","366","32","1313","0","test_block","poldrack-single-stim","232","325614","0.0-5.0-218.0","go-nogo","true","0","","true","<div class = centerbox><div  id = stim1></div></div>","32","32","750","","test","go","218","random","","",""
"","385","32","1201","0","test_block","poldrack-single-stim","233","326828","0.0-5.0-219.0","go-nogo","true","0","","true","<div class = centerbox><div  id = stim1></div></div>","32","32","750","","test","go","219","random","","",""
"","581","32","1064","0","test_block","poldrack-single-stim","234","327902","0.0-5.0-220.0","go-nogo","true","0","","true","<div class = centerbox><div  id = stim1></div></div>","32","32","750","","test","go","220","random","","",""
"","-1","-1","1281","0","test_block","poldrack-single-stim","235","329192","0.0-5.0-221.0","go-nogo","true","0","","true","<div class = centerbox><div  id = stim2></div></div>","-1","32","750","","test","nogo","221","random","","",""
"","465","32","1028","0","test_block","poldrack-single-stim","236","330230","0.0-5.0-222.0","go-nogo","true","0","","true","<div class = centerbox><div  id = stim1></div></div>","32","32","750","","test","go","222","random","","",""
"","730","32","1365","0","test_block","poldrack-single-stim","237","331606","0.0-5.0-223.0","go-nogo","true","0","","true","<div class = centerbox><div  id = stim1></div></div>","32","32","750","","test","go","223","random","","",""
"","420","32","1158","0","test_block","poldrack-single-stim","238","332773","0.0-5.0-224.0","go-nogo","true","0","","true","<div class = centerbox><div  id = stim1></div></div>","32","32","750","","test","go","224","random","","",""
"","406","32","1189","0","test_block","poldrack-single-stim","239","333969","0.0-5.0-225.0","go-nogo","true","0","","true","<div class = centerbox><div  id = stim1></div></div>","32","32","750","","test","go","225","random","","",""
"","-1","-1","1284","0","test_block","poldrack-single-stim","240","335263","0.0-5.0-226.0","go-nogo","true","0","","true","<div class = centerbox><div  id = stim2></div></div>","-1","32","750","","test","nogo","226","random","","",""
"","380","32","1395","0","test_block","poldrack-single-stim","241","336667","0.0-5.0-227.0","go-nogo","true","0","","true","<div class = centerbox><div  id = stim1></div></div>","32","32","750","","test","go","227","random","","",""
"","353","32","1481","0","test_block","poldrack-single-stim","242","338156","0.0-5.0-228.0","go-nogo","true","0","","true","<div class = centerbox><div  id = stim1></div></div>","32","32","750","","test","go","228","random","","",""
"","358","32","1456","0","test_block","poldrack-single-stim","243","339622","0.0-5.0-229.0","go-nogo","true","0","","true","<div class = centerbox><div  id = stim1></div></div>","32","32","750","","test","go","229","random","","",""
"","380","32","1309","0","test_block","poldrack-single-stim","244","340940","0.0-5.0-230.0","go-nogo","true","0","","true","<div class = centerbox><div  id = stim1></div></div>","32","32","750","","test","go","230","random","","",""
"","526","32","1498","0","test_block","poldrack-single-stim","245","342447","0.0-5.0-231.0","go-nogo","true","0","","true","<div class = centerbox><div  id = stim1></div></div>","32","32","750","","test","go","231","random","","",""
"","413","32","1193","0","test_block","poldrack-single-stim","246","343647","0.0-5.0-232.0","go-nogo","true","0","","true","<div class = centerbox><div  id = stim1></div></div>","32","32","750","","test","go","232","random","","",""
"","514","32","1001","0","test_block","poldrack-single-stim","247","344658","0.0-5.0-233.0","go-nogo","true","0","","true","<div class = centerbox><div  id = stim1></div></div>","32","32","750","","test","go","233","random","","",""
"","459","32","1335","0","test_block","poldrack-single-stim","248","346000","0.0-5.0-234.0","go-nogo","true","0","","true","<div class = centerbox><div  id = stim1></div></div>","32","32","750","","test","go","234","random","","",""
"","442","32","1472","0","test_block","poldrack-single-stim","249","347483","0.0-5.0-235.0","go-nogo","true","0","","true","<div class = centerbox><div  id = stim1></div></div>","32","32","750","","test","go","235","random","","",""
"","331","32","1126","0","test_block","poldrack-single-stim","250","348616","0.0-5.0-236.0","go-nogo","true","0","","true","<div class = centerbox><div  id = stim1></div></div>","32","32","750","","test","go","236","random","","",""
"","338","32","1367","0","test_block","poldrack-single-stim","251","349991","0.0-5.0-237.0","go-nogo","true","0","","false","<div class = centerbox><div  id = stim2></div></div>","-1","32","750","","test","nogo","237","random","","",""
"","627","32","1112","0","test_block","poldrack-single-stim","252","351114","0.0-5.0-238.0","go-nogo","true","0","","true","<div class = centerbox><div  id = stim1></div></div>","32","32","750","","test","go","238","random","","",""
"","489","32","1113","0","test_block","poldrack-single-stim","253","352235","0.0-5.0-239.0","go-nogo","true","0","","true","<div class = centerbox><div  id = stim1></div></div>","32","32","750","","test","go","239","random","","",""
"","465","32","1237","0","test_block","poldrack-single-stim","254","353488","0.0-5.0-240.0","go-nogo","true","0","","true","<div class = centerbox><div  id = stim1></div></div>","32","32","750","","test","go","240","random","","",""
"","420","32","1049","0","test_block","poldrack-single-stim","255","354545","0.0-5.0-241.0","go-nogo","true","0","","true","<div class = centerbox><div  id = stim1></div></div>","32","32","750","","test","go","241","random","","",""
"","514","32","1236","0","test_block","poldrack-single-stim","256","355790","0.0-5.0-242.0","go-nogo","true","0","","true","<div class = centerbox><div  id = stim1></div></div>","32","32","750","","test","go","242","random","","",""
"","431","32","1028","0","test_block","poldrack-single-stim","257","356825","0.0-5.0-243.0","go-nogo","true","0","","true","<div class = centerbox><div  id = stim1></div></div>","32","32","750","","test","go","243","random","","",""
"","377","32","1309","0","test_block","poldrack-single-stim","258","358143","0.0-5.0-244.0","go-nogo","true","0","","true","<div class = centerbox><div  id = stim1></div></div>","32","32","750","","test","go","244","random","","",""
"","338","32","1074","0","test_block","poldrack-single-stim","259","359226","0.0-5.0-245.0","go-nogo","true","0","","true","<div class = centerbox><div  id = stim1></div></div>","32","32","750","","test","go","245","random","","",""
"","434","32","1201","0","test_block","poldrack-single-stim","260","360435","0.0-5.0-246.0","go-nogo","true","0","","true","<div class = centerbox><div  id = stim1></div></div>","32","32","750","","test","go","246","random","","",""
"","359","32","1332","0","test_block","poldrack-single-stim","261","361776","0.0-5.0-247.0","go-nogo","true","0","","true","<div class = centerbox><div  id = stim1></div></div>","32","32","750","","test","go","247","random","","",""
"","443","32","1159","0","test_block","poldrack-single-stim","262","362942","0.0-5.0-248.0","go-nogo","true","0","","true","<div class = centerbox><div  id = stim1></div></div>","32","32","750","","test","go","248","random","","",""
"","383","32","1270","0","test_block","poldrack-single-stim","263","364227","0.0-5.0-249.0","go-nogo","true","0","","true","<div class = centerbox><div  id = stim1></div></div>","32","32","750","","test","go","249","random","","",""
"","349","32","1485","0","test_block","poldrack-single-stim","264","365724","0.0-5.0-250.0","go-nogo","true","0","","true","<div class = centerbox><div  id = stim1></div></div>","32","32","750","","test","go","250","random","","",""
"","-1","-1","1398","0","test_block","poldrack-single-stim","265","367130","0.0-5.0-251.0","go-nogo","true","0","","true","<div class = centerbox><div  id = stim2></div></div>","-1","32","750","","test","nogo","251","random","","",""
"","454","32","1217","0","test_block","poldrack-single-stim","266","368359","0.0-5.0-252.0","go-nogo","true","0","","true","<div class = centerbox><div  id = stim1></div></div>","32","32","750","","test","go","252","random","","",""
"","531","32","1009","0","test_block","poldrack-single-stim","267","369377","0.0-5.0-253.0","go-nogo","true","0","","true","<div class = centerbox><div  id = stim1></div></div>","32","32","750","","test","go","253","random","","",""
"","-1","-1","1369","0","test_block","poldrack-single-stim","268","370775","0.0-5.0-254.0","go-nogo","true","0","","true","<div class = centerbox><div  id = stim2></div></div>","-1","32","750","","test","nogo","254","random","","",""
"","377","32","1177","0","test_block","poldrack-single-stim","269","371963","0.0-5.0-255.0","go-nogo","true","0","","true","<div class = centerbox><div  id = stim1></div></div>","32","32","750","","test","go","255","random","","",""
"","374","32","1472","0","test_block","poldrack-single-stim","270","373445","0.0-5.0-256.0","go-nogo","true","0","","true","<div class = centerbox><div  id = stim1></div></div>","32","32","750","","test","go","256","random","","",""
"","375","32","1252","0","test_block","poldrack-single-stim","271","374706","0.0-5.0-257.0","go-nogo","true","0","","true","<div class = centerbox><div  id = stim1></div></div>","32","32","750","","test","go","257","random","","",""
"","529","32","1400","0","test_block","poldrack-single-stim","272","376114","0.0-5.0-258.0","go-nogo","true","0","","true","<div class = centerbox><div  id = stim1></div></div>","32","32","750","","test","go","258","random","","",""
"","498","32","1227","0","test_block","poldrack-single-stim","273","377348","0.0-5.0-259.0","go-nogo","true","0","","true","<div class = centerbox><div  id = stim1></div></div>","32","32","750","","test","go","259","random","","",""
"","478","32","1133","0","test_block","poldrack-single-stim","274","378494","0.0-5.0-260.0","go-nogo","true","0","","true","<div class = centerbox><div  id = stim1></div></div>","32","32","750","","test","go","260","random","","",""
"","405","32","1143","0","test_block","poldrack-single-stim","275","379645","0.0-5.0-261.0","go-nogo","true","0","","true","<div class = centerbox><div  id = stim1></div></div>","32","32","750","","test","go","261","random","","",""
"","462","32","1141","0","test_block","poldrack-single-stim","276","380813","0.0-5.0-262.0","go-nogo","true","0","","true","<div class = centerbox><div  id = stim1></div></div>","32","32","750","","test","go","262","random","","",""
"","464","32","1084","0","test_block","poldrack-single-stim","277","381922","0.0-5.0-263.0","go-nogo","true","0","","true","<div class = centerbox><div  id = stim1></div></div>","32","32","750","","test","go","263","random","","",""
"","434","32","1346","0","test_block","poldrack-single-stim","278","383283","0.0-5.0-264.0","go-nogo","true","0","","true","<div class = centerbox><div  id = stim1></div></div>","32","32","750","","test","go","264","random","","",""
"","486","32","1090","0","test_block","poldrack-single-stim","279","384384","0.0-5.0-265.0","go-nogo","true","0","","true","<div class = centerbox><div  id = stim1></div></div>","32","32","750","","test","go","265","random","","",""
"","446","32","1265","0","test_block","poldrack-single-stim","280","385662","0.0-5.0-266.0","go-nogo","true","0","","true","<div class = centerbox><div  id = stim1></div></div>","32","32","750","","test","go","266","random","","",""
"","446","32","1413","0","test_block","poldrack-single-stim","281","387083","0.0-5.0-267.0","go-nogo","true","0","","true","<div class = centerbox><div  id = stim1></div></div>","32","32","750","","test","go","267","random","","",""
"","511","32","1207","0","test_block","poldrack-single-stim","282","388298","0.0-5.0-268.0","go-nogo","true","0","","true","<div class = centerbox><div  id = stim1></div></div>","32","32","750","","test","go","268","random","","",""
"","382","32","1475","0","test_block","poldrack-single-stim","283","389794","0.0-5.0-269.0","go-nogo","true","0","","true","<div class = centerbox><div  id = stim1></div></div>","32","32","750","","test","go","269","random","","",""
"","546","32","1498","0","test_block","poldrack-single-stim","284","391298","0.0-5.0-270.0","go-nogo","true","0","","true","<div class = centerbox><div  id = stim1></div></div>","32","32","750","","test","go","270","random","","",""
"","393","32","1399","0","test_block","poldrack-single-stim","285","392706","0.0-5.0-271.0","go-nogo","true","0","","true","<div class = centerbox><div  id = stim1></div></div>","32","32","750","","test","go","271","random","","",""
"","625","32","1418","0","test_block","poldrack-single-stim","286","394132","0.0-5.0-272.0","go-nogo","true","0","","true","<div class = centerbox><div  id = stim1></div></div>","32","32","750","","test","go","272","random","","",""
"","560","32","1172","0","test_block","poldrack-single-stim","287","395311","0.0-5.0-273.0","go-nogo","true","0","","true","<div class = centerbox><div  id = stim1></div></div>","32","32","750","","test","go","273","random","","",""
"","453","32","1153","0","test_block","poldrack-single-stim","288","396471","0.0-5.0-274.0","go-nogo","true","0","","true","<div class = centerbox><div  id = stim1></div></div>","32","32","750","","test","go","274","random","","",""
"","554","32","1298","0","test_block","poldrack-single-stim","289","397779","0.0-5.0-275.0","go-nogo","true","0","","true","<div class = centerbox><div  id = stim1></div></div>","32","32","750","","test","go","275","random","","",""
"","561","32","1232","0","test_block","poldrack-single-stim","290","399027","0.0-5.0-276.0","go-nogo","true","0","","true","<div class = centerbox><div  id = stim1></div></div>","32","32","750","","test","go","276","random","","",""
"","547","32","1005","0","test_block","poldrack-single-stim","291","400044","0.0-5.0-277.0","go-nogo","true","0","","true","<div class = centerbox><div  id = stim1></div></div>","32","32","750","","test","go","277","random","","",""
"","599","32","1212","0","test_block","poldrack-single-stim","292","401265","0.0-5.0-278.0","go-nogo","true","0","","true","<div class = centerbox><div  id = stim1></div></div>","32","32","750","","test","go","278","random","","",""
"","406","32","1217","0","test_block","poldrack-single-stim","293","402495","0.0-5.0-279.0","go-nogo","true","0","","true","<div class = centerbox><div  id = stim1></div></div>","32","32","750","","test","go","279","random","","",""
"","415","32","1477","0","test_block","poldrack-single-stim","294","403980","0.0-5.0-280.0","go-nogo","true","0","","true","<div class = centerbox><div  id = stim1></div></div>","32","32","750","","test","go","280","random","","",""
"","351","32","1022","0","test_block","poldrack-single-stim","295","405009","0.0-5.0-281.0","go-nogo","true","0","","true","<div class = centerbox><div  id = stim1></div></div>","32","32","750","","test","go","281","random","","",""
"","545","32","1174","0","test_block","poldrack-single-stim","296","406193","0.0-5.0-282.0","go-nogo","true","0","","true","<div class = centerbox><div  id = stim1></div></div>","32","32","750","","test","go","282","random","","",""
"","416","32","1173","0","test_block","poldrack-single-stim","297","407377","0.0-5.0-283.0","go-nogo","true","0","","true","<div class = centerbox><div  id = stim1></div></div>","32","32","750","","test","go","283","random","","",""
"","-1","-1","1379","0","test_block","poldrack-single-stim","298","408763","0.0-5.0-284.0","go-nogo","true","0","","true","<div class = centerbox><div  id = stim2></div></div>","-1","32","750","","test","nogo","284","random","","",""
"","470","32","1380","0","test_block","poldrack-single-stim","299","410154","0.0-5.0-285.0","go-nogo","true","0","","true","<div class = centerbox><div  id = stim1></div></div>","32","32","750","","test","go","285","random","","",""
"","427","32","1084","0","test_block","poldrack-single-stim","300","411246","0.0-5.0-286.0","go-nogo","true","0","","true","<div class = centerbox><div  id = stim1></div></div>","32","32","750","","test","go","286","random","","",""
"","485","32","1057","0","test_block","poldrack-single-stim","301","412312","0.0-5.0-287.0","go-nogo","true","0","","true","<div class = centerbox><div  id = stim1></div></div>","32","32","750","","test","go","287","random","","",""
"","483","32","1289","0","test_block","poldrack-single-stim","302","413618","0.0-5.0-288.0","go-nogo","true","0","","true","<div class = centerbox><div  id = stim1></div></div>","32","32","750","","test","go","288","random","","",""
"","-1","-1","1152","0","test_block","poldrack-single-stim","303","414779","0.0-5.0-289.0","go-nogo","true","0","","true","<div class = centerbox><div  id = stim2></div></div>","-1","32","750","","test","nogo","289","random","","",""
"","511","32","1198","0","test_block","poldrack-single-stim","304","415986","0.0-5.0-290.0","go-nogo","true","0","","true","<div class = centerbox><div  id = stim1></div></div>","32","32","750","","test","go","290","random","","",""
"","594","32","1398","0","test_block","poldrack-single-stim","305","417392","0.0-5.0-291.0","go-nogo","true","0","","true","<div class = centerbox><div  id = stim1></div></div>","32","32","750","","test","go","291","random","","",""
"","481","32","1389","0","test_block","poldrack-single-stim","306","418792","0.0-5.0-292.0","go-nogo","true","0","","true","<div class = centerbox><div  id = stim1></div></div>","32","32","750","","test","go","292","random","","",""
"","463","32","1205","0","test_block","poldrack-single-stim","307","420002","0.0-5.0-293.0","go-nogo","true","0","","true","<div class = centerbox><div  id = stim1></div></div>","32","32","750","","test","go","293","random","","",""
"","633","32","1438","0","test_block","poldrack-single-stim","308","421450","0.0-5.0-294.0","go-nogo","true","0","","true","<div class = centerbox><div  id = stim1></div></div>","32","32","750","","test","go","294","random","","",""
"","498","32","1390","0","test_block","poldrack-single-stim","309","422850","0.0-5.0-295.0","go-nogo","true","0","","true","<div class = centerbox><div  id = stim1></div></div>","32","32","750","","test","go","295","random","","",""
"","395","32","1315","0","test_block","poldrack-single-stim","310","424171","0.0-5.0-296.0","go-nogo","true","0","","true","<div class = centerbox><div  id = stim1></div></div>","32","32","750","","test","go","296","random","","",""
"","535","32","1212","0","test_block","poldrack-single-stim","311","425392","0.0-5.0-297.0","go-nogo","true","0","","true","<div class = centerbox><div  id = stim1></div></div>","32","32","750","","test","go","297","random","","",""
"","-1","-1","1425","0","test_block","poldrack-single-stim","312","426843","0.0-5.0-298.0","go-nogo","true","0","","true","<div class = centerbox><div  id = stim2></div></div>","-1","32","750","","test","nogo","298","random","","",""
"","339","32","1378","0","test_block","poldrack-single-stim","313","428235","0.0-5.0-299.0","go-nogo","true","0","","true","<div class = centerbox><div  id = stim1></div></div>","32","32","750","","test","go","299","random","","",""
"","369","32","1298","0","test_block","poldrack-single-stim","314","429542","0.0-5.0-300.0","go-nogo","true","0","","true","<div class = centerbox><div  id = stim1></div></div>","32","32","750","","test","go","300","random","","",""
"","353","32","1333","0","test_block","poldrack-single-stim","315","430879","0.0-5.0-301.0","go-nogo","true","0","","true","<div class = centerbox><div  id = stim1></div></div>","32","32","750","","test","go","301","random","","",""
"","334","32","1153","0","test_block","poldrack-single-stim","316","432039","0.0-5.0-302.0","go-nogo","true","0","","true","<div class = centerbox><div  id = stim1></div></div>","32","32","750","","test","go","302","random","","",""
"","446","32","1132","0","test_block","poldrack-single-stim","317","433178","0.0-5.0-303.0","go-nogo","true","0","","true","<div class = centerbox><div  id = stim1></div></div>","32","32","750","","test","go","303","random","","",""
"","373","32","1017","0","test_block","poldrack-single-stim","318","434211","0.0-5.0-304.0","go-nogo","true","0","","true","<div class = centerbox><div  id = stim1></div></div>","32","32","750","","test","go","304","random","","",""
"","-1","-1","1443","0","test_block","poldrack-single-stim","319","435704","0.0-5.0-305.0","go-nogo","true","0","","true","<div class = centerbox><div  id = stim2></div></div>","-1","32","750","","test","nogo","305","random","","",""
"","358","32","1494","0","test_block","poldrack-single-stim","320","437204","0.0-5.0-306.0","go-nogo","true","0","","true","<div class = centerbox><div  id = stim1></div></div>","32","32","750","","test","go","306","random","","",""
"","359","32","1392","0","test_block","poldrack-single-stim","321","438604","0.0-5.0-307.0","go-nogo","true","0","","false","<div class = centerbox><div  id = stim2></div></div>","-1","32","750","","test","nogo","307","random","","",""
"","-1","-1","1201","0","test_block","poldrack-single-stim","322","439813","0.0-5.0-308.0","go-nogo","true","0","","true","<div class = centerbox><div  id = stim2></div></div>","-1","32","750","","test","nogo","308","random","","",""
"","549","32","1488","0","test_block","poldrack-single-stim","323","441310","0.0-5.0-309.0","go-nogo","true","0","","true","<div class = centerbox><div  id = stim1></div></div>","32","32","750","","test","go","309","random","","",""
"","501","32","1057","0","test_block","poldrack-single-stim","324","442377","0.0-5.0-310.0","go-nogo","true","0","","true","<div class = centerbox><div  id = stim1></div></div>","32","32","750","","test","go","310","random","","",""
"","473","32","1368","0","test_block","poldrack-single-stim","325","443752","0.0-5.0-311.0","go-nogo","true","0","","true","<div class = centerbox><div  id = stim1></div></div>","32","32","750","","test","go","311","random","","",""
"","436","32","1440","0","test_block","poldrack-single-stim","326","445200","0.0-5.0-312.0","go-nogo","true","0","","true","<div class = centerbox><div  id = stim1></div></div>","32","32","750","","test","go","312","random","","",""
"","395","32","1445","0","test_block","poldrack-single-stim","327","446653","0.0-5.0-313.0","go-nogo","true","0","","true","<div class = centerbox><div  id = stim1></div></div>","32","32","750","","test","go","313","random","","",""
"","383","32","1290","0","test_block","poldrack-single-stim","328","447951","0.0-5.0-314.0","go-nogo","true","0","","true","<div class = centerbox><div  id = stim1></div></div>","32","32","750","","test","go","314","random","","",""
"","407","32","1344","0","test_block","poldrack-single-stim","329","449300","0.0-5.0-315.0","go-nogo","true","0","","true","<div class = centerbox><div  id = stim1></div></div>","32","32","750","","test","go","315","random","","",""
"","535","32","1161","0","test_block","poldrack-single-stim","330","450470","0.0-5.0-316.0","go-nogo","true","0","","true","<div class = centerbox><div  id = stim1></div></div>","32","32","750","","test","go","316","random","","",""
"","477","32","1074","0","test_block","poldrack-single-stim","331","451552","0.0-5.0-317.0","go-nogo","true","0","","true","<div class = centerbox><div  id = stim1></div></div>","32","32","750","","test","go","317","random","","",""
"","414","32","1402","0","test_block","poldrack-single-stim","332","452960","0.0-5.0-318.0","go-nogo","true","0","","true","<div class = centerbox><div  id = stim1></div></div>","32","32","750","","test","go","318","random","","",""
"","627","32","1237","0","test_block","poldrack-single-stim","333","454206","0.0-5.0-319.0","go-nogo","true","0","","true","<div class = centerbox><div  id = stim1></div></div>","32","32","750","","test","go","319","random","","",""
"","471","32","1178","0","test_block","poldrack-single-stim","334","455390","0.0-5.0-320.0","go-nogo","true","0","","true","<div class = centerbox><div  id = stim1></div></div>","32","32","750","","test","go","320","random","","",""
"","493","32","1149","0","test_block","poldrack-single-stim","335","456546","0.0-5.0-321.0","go-nogo","true","0","","true","<div class = centerbox><div  id = stim1></div></div>","32","32","750","","test","go","321","random","","",""
"","443","32","1384","0","test_block","poldrack-single-stim","336","457937","0.0-5.0-322.0","go-nogo","true","0","","true","<div class = centerbox><div  id = stim1></div></div>","32","32","750","","test","go","322","random","","",""
"","395","32","1257","0","test_block","poldrack-single-stim","337","459202","0.0-5.0-323.0","go-nogo","true","0","","true","<div class = centerbox><div  id = stim1></div></div>","32","32","750","","test","go","323","random","","",""
"","473","32","1491","0","test_block","poldrack-single-stim","338","460702","0.0-5.0-324.0","go-nogo","true","0","","true","<div class = centerbox><div  id = stim1></div></div>","32","32","750","","test","go","324","random","","",""
"","438","32","1291","0","test_block","poldrack-single-stim","339","462001","0.0-5.0-325.0","go-nogo","true","0","","true","<div class = centerbox><div  id = stim1></div></div>","32","32","750","","test","go","325","random","","",""
"","364","32","1266","0","test_block","poldrack-single-stim","340","463273","0.0-5.0-326.0","go-nogo","true","0","","true","<div class = centerbox><div  id = stim1></div></div>","32","32","750","","test","go","326","random","","",""
"","353","32","1129","0","test_block","poldrack-single-stim","341","464412","0.0-5.0-327.0","go-nogo","true","0","","true","<div class = centerbox><div  id = stim1></div></div>","32","32","750","","test","go","327","random","","",""
"","323","32","1279","0","test_block","poldrack-single-stim","342","465711","0.0-5.0-328.0","go-nogo","true","0","","true","<div class = centerbox><div  id = stim1></div></div>","32","32","750","","test","go","328","random","","",""
"","356","32","1193","0","test_block","poldrack-single-stim","343","466923","0.0-5.0-329.0","go-nogo","true","0","","true","<div class = centerbox><div  id = stim1></div></div>","32","32","750","","test","go","329","random","","",""
"","-1","-1","1201","0","test_block","poldrack-single-stim","344","468132","0.0-5.0-330.0","go-nogo","true","0","","true","<div class = centerbox><div  id = stim2></div></div>","-1","32","750","","test","nogo","330","random","","",""
"","352","32","1374","0","test_block","poldrack-single-stim","345","469514","0.0-5.0-331.0","go-nogo","true","0","","true","<div class = centerbox><div  id = stim1></div></div>","32","32","750","","test","go","331","random","","",""
"","338","32","1332","0","test_block","poldrack-single-stim","346","470862","0.0-5.0-332.0","go-nogo","true","0","","true","<div class = centerbox><div  id = stim1></div></div>","32","32","750","","test","go","332","random","","",""
"","336","32","1416","0","test_block","poldrack-single-stim","347","472283","0.0-5.0-333.0","go-nogo","true","0","","true","<div class = centerbox><div  id = stim1></div></div>","32","32","750","","test","go","333","random","","",""
"","320","32","1335","0","test_block","poldrack-single-stim","348","473627","0.0-5.0-334.0","go-nogo","true","0","","true","<div class = centerbox><div  id = stim1></div></div>","32","32","750","","test","go","334","random","","",""
"","338","32","1139","0","test_block","poldrack-single-stim","349","474774","0.0-5.0-335.0","go-nogo","true","0","","true","<div class = centerbox><div  id = stim1></div></div>","32","32","750","","test","go","335","random","","",""
"","402","32","1307","0","test_block","poldrack-single-stim","350","476092","0.0-5.0-336.0","go-nogo","true","0","","true","<div class = centerbox><div  id = stim1></div></div>","32","32","750","","test","go","336","random","","",""
"","373","32","1497","0","test_block","poldrack-single-stim","351","477599","0.0-5.0-337.0","go-nogo","true","0","","true","<div class = centerbox><div  id = stim1></div></div>","32","32","750","","test","go","337","random","","",""
"","323","32","1008","0","test_block","poldrack-single-stim","352","478657","0.0-5.0-338.0","go-nogo","true","0","","true","<div class = centerbox><div  id = stim1></div></div>","32","32","750","","test","go","338","random","","",""
"","498","32","1402","0","test_block","poldrack-single-stim","353","480069","0.0-5.0-339.0","go-nogo","true","0","","true","<div class = centerbox><div  id = stim1></div></div>","32","32","750","","test","go","339","random","","",""
"","638","32","1297","0","test_block","poldrack-single-stim","354","481374","0.0-5.0-340.0","go-nogo","true","0","","true","<div class = centerbox><div  id = stim1></div></div>","32","32","750","","test","go","340","random","","",""
"","399","32","1249","0","test_block","poldrack-single-stim","355","482629","0.0-5.0-341.0","go-nogo","true","0","","true","<div class = centerbox><div  id = stim1></div></div>","32","32","750","","test","go","341","random","","",""
"","381","32","1387","0","test_block","poldrack-single-stim","356","484026","0.0-5.0-342.0","go-nogo","true","0","","true","<div class = centerbox><div  id = stim1></div></div>","32","32","750","","test","go","342","random","","",""
"","338","32","1112","0","test_block","poldrack-single-stim","357","485145","0.0-5.0-343.0","go-nogo","true","0","","true","<div class = centerbox><div  id = stim1></div></div>","32","32","750","","test","go","343","random","","",""
"","386","32","1425","0","test_block","poldrack-single-stim","358","486580","0.0-5.0-344.0","go-nogo","true","0","","true","<div class = centerbox><div  id = stim1></div></div>","32","32","750","","test","go","344","random","","",""
"","302","32","1115","0","test_block","poldrack-single-stim","359","487705","0.0-5.0-345.0","go-nogo","true","0","","true","<div class = centerbox><div  id = stim1></div></div>","32","32","750","","test","go","345","random","","",""
"","572","32","1378","0","test_block","poldrack-single-stim","360","489089","0.0-5.0-346.0","go-nogo","true","0","","true","<div class = centerbox><div  id = stim1></div></div>","32","32","750","","test","go","346","random","","",""
"","356","32","1253","0","test_block","poldrack-single-stim","361","490358","0.0-5.0-347.0","go-nogo","true","0","","true","<div class = centerbox><div  id = stim1></div></div>","32","32","750","","test","go","347","random","","",""
"","-1","-1","1154","0","test_block","poldrack-single-stim","362","491520","0.0-5.0-348.0","go-nogo","true","0","","true","<div class = centerbox><div  id = stim2></div></div>","-1","32","750","","test","nogo","348","random","","",""
"","370","32","1201","0","test_block","poldrack-single-stim","363","492730","0.0-5.0-349.0","go-nogo","true","0","","true","<div class = centerbox><div  id = stim1></div></div>","32","32","750","","test","go","349","random","","",""
"","122665","","","","post task questions","survey-text","364","615415","0.0-7.0","go-nogo","true","0","","","","","","","","","","","","{""Q0"":""if orange square is appear want to press space par then if blue square appear do not press any button."",""Q1"":""good""}","",""
