"text","rt","key_press","block_duration","timing_post_trial","trial_id","trial_type","trial_index","time_elapsed","internal_node_id","exp_id","full_screen","focus_shifts","view_history","correct","stimulus","correct_response","possible_responses","stim_duration","feedback_duration","exp_stage","condition","trial_num","mode","responses","payment_id","credit_var"
"<div class = centerbox><p class = center-block-text>Welcome to the experiment. This task will take around 10 minutes. Press <strong>enter</strong> to begin.</p></div>","4506","13","4506","0","instruction","poldrack-text","0","4509","0.0-0.0-0.0","go-nogo","true","0","","","","","","","","","","","","","",""
"","34355","","","","instruction","poldrack-instructions","1","38865","0.0-0.0-1.0","go-nogo","true","0","[{""page_index"":0,""viewing_time"":34352}]","","","","","","","","","","","","",""
"","504","32","1203","250","practice","poldrack-categorize","2","42087","0.0-1.0-0.0","go-nogo","true","0","","true","<div class = centerbox><div  id = stim2></div></div>","32","32","750","1000","practice","go","0","random","","",""
"","441","32","1194","250","practice","poldrack-categorize","3","44536","0.0-1.0-1.0","go-nogo","true","0","","true","<div class = centerbox><div  id = stim2></div></div>","32","32","750","1000","practice","go","1","random","","",""
"","-1","-1","1127","250","practice","poldrack-categorize","4","46916","0.0-1.0-2.0","go-nogo","true","0","","true","<div class = centerbox><div id = stim1></div></div>","-1","32","750","1000","practice","nogo","2","random","","",""
"","-1","-1","1281","250","practice","poldrack-categorize","5","49451","0.0-1.0-3.0","go-nogo","true","0","","true","<div class = centerbox><div id = stim1></div></div>","-1","32","750","1000","practice","nogo","3","random","","",""
"","346","32","1474","250","practice","poldrack-categorize","6","52178","0.0-1.0-4.0","go-nogo","true","0","","true","<div class = centerbox><div  id = stim2></div></div>","32","32","750","1000","practice","go","4","random","","",""
"","417","32","1068","250","practice","poldrack-categorize","7","54507","0.0-1.0-5.0","go-nogo","true","0","","true","<div class = centerbox><div  id = stim2></div></div>","32","32","750","1000","practice","go","5","random","","",""
"","-1","-1","1493","250","practice","poldrack-categorize","8","57254","0.0-1.0-6.0","go-nogo","true","0","","true","<div class = centerbox><div id = stim1></div></div>","-1","32","750","1000","practice","nogo","6","random","","",""
"","-1","-1","1231","250","practice","poldrack-categorize","9","59738","0.0-1.0-7.0","go-nogo","true","0","","true","<div class = centerbox><div id = stim1></div></div>","-1","32","750","1000","practice","nogo","7","random","","",""
"","369","32","1478","250","practice","poldrack-categorize","10","62470","0.0-1.0-8.0","go-nogo","true","0","","true","<div class = centerbox><div  id = stim2></div></div>","32","32","750","1000","practice","go","8","random","","",""
"","-1","-1","1239","250","practice","poldrack-categorize","11","64962","0.0-1.0-9.0","go-nogo","true","0","","true","<div class = centerbox><div id = stim1></div></div>","-1","32","750","1000","practice","nogo","9","random","","",""
"","","","","","reset_trial","call-function","12","65213","0.0-3.0","go-nogo","true","0","","","","","","","","","","","","","",""
"<div class = centerbox><p class = block-text>Practice is over, we will now begin the experiment. You will no longer get feedback about your responses.</p><p class = block-text>Remember, if you see the <font color=""blue"">blue</font> square you should <strong> respond by pressing the spacebar as quickly as possible</strong>. If you see the <font color=""orange"">orange</font> square you should <strong> not respond</strong>. Press <strong>enter</strong> to begin.</p></div>","9447","13","9447","1000","test_intro","poldrack-text","13","74663","0.0-4.0","go-nogo","true","0","","","","","","","","","","","","","",""
"","390","32","1308","0","test_block","poldrack-single-stim","14","76975","0.0-5.0-0.0","go-nogo","true","0","","true","<div class = centerbox><div  id = stim2></div></div>","32","32","750","","test","go","0","random","","",""
"","436","32","1202","0","test_block","poldrack-single-stim","15","78370","0.0-5.0-1.0","go-nogo","true","0","","true","<div class = centerbox><div  id = stim2></div></div>","32","32","750","","test","go","1","random","","",""
"","423","32","1432","0","test_block","poldrack-single-stim","16","79904","0.0-5.0-2.0","go-nogo","true","0","","true","<div class = centerbox><div  id = stim2></div></div>","32","32","750","","test","go","2","random","","",""
"","410","32","1109","0","test_block","poldrack-single-stim","17","81099","0.0-5.0-3.0","go-nogo","true","0","","true","<div class = centerbox><div  id = stim2></div></div>","32","32","750","","test","go","3","random","","",""
"","442","32","1233","0","test_block","poldrack-single-stim","18","82424","0.0-5.0-4.0","go-nogo","true","0","","true","<div class = centerbox><div  id = stim2></div></div>","32","32","750","","test","go","4","random","","",""
"","407","32","1262","0","test_block","poldrack-single-stim","19","83768","0.0-5.0-5.0","go-nogo","true","0","","true","<div class = centerbox><div  id = stim2></div></div>","32","32","750","","test","go","5","random","","",""
"","374","32","1466","0","test_block","poldrack-single-stim","20","85325","0.0-5.0-6.0","go-nogo","true","0","","true","<div class = centerbox><div  id = stim2></div></div>","32","32","750","","test","go","6","random","","",""
"","391","32","1160","0","test_block","poldrack-single-stim","21","86571","0.0-5.0-7.0","go-nogo","true","0","","true","<div class = centerbox><div  id = stim2></div></div>","32","32","750","","test","go","7","random","","",""
"","431","32","1077","0","test_block","poldrack-single-stim","22","87721","0.0-5.0-8.0","go-nogo","true","0","","true","<div class = centerbox><div  id = stim2></div></div>","32","32","750","","test","go","8","random","","",""
"","-1","-1","1243","0","test_block","poldrack-single-stim","23","89041","0.0-5.0-9.0","go-nogo","true","0","","false","<div class = centerbox><div  id = stim2></div></div>","32","32","750","","test","go","9","random","","",""
"","-1","-1","1313","0","test_block","poldrack-single-stim","24","90470","0.0-5.0-10.0","go-nogo","true","0","","false","<div class = centerbox><div  id = stim2></div></div>","32","32","750","","test","go","10","random","","",""
"","406","32","1321","0","test_block","poldrack-single-stim","25","91860","0.0-5.0-11.0","go-nogo","true","0","","true","<div class = centerbox><div  id = stim2></div></div>","32","32","750","","test","go","11","random","","",""
"","395","32","1237","0","test_block","poldrack-single-stim","26","93205","0.0-5.0-12.0","go-nogo","true","0","","true","<div class = centerbox><div  id = stim2></div></div>","32","32","750","","test","go","12","random","","",""
"","395","32","1394","0","test_block","poldrack-single-stim","27","94667","0.0-5.0-13.0","go-nogo","true","0","","true","<div class = centerbox><div  id = stim2></div></div>","32","32","750","","test","go","13","random","","",""
"","439","32","1337","0","test_block","poldrack-single-stim","28","96118","0.0-5.0-14.0","go-nogo","true","0","","true","<div class = centerbox><div  id = stim2></div></div>","32","32","750","","test","go","14","random","","",""
"","376","32","1385","0","test_block","poldrack-single-stim","29","97579","0.0-5.0-15.0","go-nogo","true","0","","true","<div class = centerbox><div  id = stim2></div></div>","32","32","750","","test","go","15","random","","",""
"","-1","-1","1175","0","test_block","poldrack-single-stim","30","98824","0.0-5.0-16.0","go-nogo","true","0","","false","<div class = centerbox><div  id = stim2></div></div>","32","32","750","","test","go","16","random","","",""
"","406","32","1022","0","test_block","poldrack-single-stim","31","99945","0.0-5.0-17.0","go-nogo","true","0","","true","<div class = centerbox><div  id = stim2></div></div>","32","32","750","","test","go","17","random","","",""
"","412","32","1293","0","test_block","poldrack-single-stim","32","101302","0.0-5.0-18.0","go-nogo","true","0","","true","<div class = centerbox><div  id = stim2></div></div>","32","32","750","","test","go","18","random","","",""
"","323","32","1391","0","test_block","poldrack-single-stim","33","102761","0.0-5.0-19.0","go-nogo","true","0","","true","<div class = centerbox><div  id = stim2></div></div>","32","32","750","","test","go","19","random","","",""
"","329","32","1026","0","test_block","poldrack-single-stim","34","103875","0.0-5.0-20.0","go-nogo","true","0","","true","<div class = centerbox><div  id = stim2></div></div>","32","32","750","","test","go","20","random","","",""
"","467","32","1413","0","test_block","poldrack-single-stim","35","105354","0.0-5.0-21.0","go-nogo","true","0","","true","<div class = centerbox><div  id = stim2></div></div>","32","32","750","","test","go","21","random","","",""
"","327","32","1034","0","test_block","poldrack-single-stim","36","106452","0.0-5.0-22.0","go-nogo","true","0","","true","<div class = centerbox><div  id = stim2></div></div>","32","32","750","","test","go","22","random","","",""
"","315","32","1049","0","test_block","poldrack-single-stim","37","107570","0.0-5.0-23.0","go-nogo","true","0","","true","<div class = centerbox><div  id = stim2></div></div>","32","32","750","","test","go","23","random","","",""
"","300","32","1074","0","test_block","poldrack-single-stim","38","108739","0.0-5.0-24.0","go-nogo","true","0","","true","<div class = centerbox><div  id = stim2></div></div>","32","32","750","","test","go","24","random","","",""
"","305","32","1090","0","test_block","poldrack-single-stim","39","109921","0.0-5.0-25.0","go-nogo","true","0","","true","<div class = centerbox><div  id = stim2></div></div>","32","32","750","","test","go","25","random","","",""
"","342","32","1391","0","test_block","poldrack-single-stim","40","111399","0.0-5.0-26.0","go-nogo","true","0","","true","<div class = centerbox><div  id = stim2></div></div>","32","32","750","","test","go","26","random","","",""
"","-1","-1","1153","0","test_block","poldrack-single-stim","41","112631","0.0-5.0-27.0","go-nogo","true","0","","true","<div class = centerbox><div  id = stim1></div></div>","-1","32","750","","test","nogo","27","random","","",""
"","-1","-1","1483","0","test_block","poldrack-single-stim","42","114239","0.0-5.0-28.0","go-nogo","true","0","","true","<div class = centerbox><div  id = stim1></div></div>","-1","32","750","","test","nogo","28","random","","",""
"","354","32","1319","0","test_block","poldrack-single-stim","43","115619","0.0-5.0-29.0","go-nogo","true","0","","true","<div class = centerbox><div  id = stim2></div></div>","32","32","750","","test","go","29","random","","",""
"","-1","-1","1488","0","test_block","poldrack-single-stim","44","117176","0.0-5.0-30.0","go-nogo","true","0","","true","<div class = centerbox><div  id = stim1></div></div>","-1","32","750","","test","nogo","30","random","","",""
"","406","32","1387","0","test_block","poldrack-single-stim","45","118643","0.0-5.0-31.0","go-nogo","true","0","","true","<div class = centerbox><div  id = stim2></div></div>","32","32","750","","test","go","31","random","","",""
"","390","32","1145","0","test_block","poldrack-single-stim","46","119849","0.0-5.0-32.0","go-nogo","true","0","","true","<div class = centerbox><div  id = stim2></div></div>","32","32","750","","test","go","32","random","","",""
"","411","32","1250","0","test_block","poldrack-single-stim","47","121153","0.0-5.0-33.0","go-nogo","true","0","","true","<div class = centerbox><div  id = stim2></div></div>","32","32","750","","test","go","33","random","","",""
"","-1","-1","1225","0","test_block","poldrack-single-stim","48","122456","0.0-5.0-34.0","go-nogo","true","0","","true","<div class = centerbox><div  id = stim1></div></div>","-1","32","750","","test","nogo","34","random","","",""
"","-1","-1","1307","0","test_block","poldrack-single-stim","49","123838","0.0-5.0-35.0","go-nogo","true","0","","true","<div class = centerbox><div  id = stim1></div></div>","-1","32","750","","test","nogo","35","random","","",""
"","398","32","1237","0","test_block","poldrack-single-stim","50","125150","0.0-5.0-36.0","go-nogo","true","0","","true","<div class = centerbox><div  id = stim2></div></div>","32","32","750","","test","go","36","random","","",""
"","-1","-1","1210","0","test_block","poldrack-single-stim","51","126427","0.0-5.0-37.0","go-nogo","true","0","","true","<div class = centerbox><div  id = stim1></div></div>","-1","32","750","","test","nogo","37","random","","",""
"","370","32","1072","0","test_block","poldrack-single-stim","52","127559","0.0-5.0-38.0","go-nogo","true","0","","true","<div class = centerbox><div  id = stim2></div></div>","32","32","750","","test","go","38","random","","",""
"","372","32","1201","0","test_block","poldrack-single-stim","53","128826","0.0-5.0-39.0","go-nogo","true","0","","true","<div class = centerbox><div  id = stim2></div></div>","32","32","750","","test","go","39","random","","",""
"","340","32","1393","0","test_block","poldrack-single-stim","54","130276","0.0-5.0-40.0","go-nogo","true","0","","true","<div class = centerbox><div  id = stim2></div></div>","32","32","750","","test","go","40","random","","",""
"","360","32","1054","0","test_block","poldrack-single-stim","55","131388","0.0-5.0-41.0","go-nogo","true","0","","true","<div class = centerbox><div  id = stim2></div></div>","32","32","750","","test","go","41","random","","",""
"","361","32","1413","0","test_block","poldrack-single-stim","56","132872","0.0-5.0-42.0","go-nogo","true","0","","true","<div class = centerbox><div  id = stim2></div></div>","32","32","750","","test","go","42","random","","",""
"","361","32","1458","0","test_block","poldrack-single-stim","57","134387","0.0-5.0-43.0","go-nogo","true","0","","true","<div class = centerbox><div  id = stim2></div></div>","32","32","750","","test","go","43","random","","",""
"","385","32","1412","0","test_block","poldrack-single-stim","58","135858","0.0-5.0-44.0","go-nogo","true","0","","true","<div class = centerbox><div  id = stim2></div></div>","32","32","750","","test","go","44","random","","",""
"","375","32","1002","0","test_block","poldrack-single-stim","59","136916","0.0-5.0-45.0","go-nogo","true","0","","true","<div class = centerbox><div  id = stim2></div></div>","32","32","750","","test","go","45","random","","",""
"","451","32","1427","0","test_block","poldrack-single-stim","60","138441","0.0-5.0-46.0","go-nogo","true","0","","true","<div class = centerbox><div  id = stim2></div></div>","32","32","750","","test","go","46","random","","",""
"","328","32","1068","0","test_block","poldrack-single-stim","61","139577","0.0-5.0-47.0","go-nogo","true","0","","true","<div class = centerbox><div  id = stim2></div></div>","32","32","750","","test","go","47","random","","",""
"","354","32","1287","0","test_block","poldrack-single-stim","62","140918","0.0-5.0-48.0","go-nogo","true","0","","true","<div class = centerbox><div  id = stim2></div></div>","32","32","750","","test","go","48","random","","",""
"","312","32","1285","0","test_block","poldrack-single-stim","63","142265","0.0-5.0-49.0","go-nogo","true","0","","true","<div class = centerbox><div  id = stim2></div></div>","32","32","750","","test","go","49","random","","",""
"","320","32","1320","0","test_block","poldrack-single-stim","64","143695","0.0-5.0-50.0","go-nogo","true","0","","true","<div class = centerbox><div  id = stim2></div></div>","32","32","750","","test","go","50","random","","",""
"","382","32","1362","0","test_block","poldrack-single-stim","65","145146","0.0-5.0-51.0","go-nogo","true","0","","true","<div class = centerbox><div  id = stim2></div></div>","32","32","750","","test","go","51","random","","",""
"","370","32","1417","0","test_block","poldrack-single-stim","66","146616","0.0-5.0-52.0","go-nogo","true","0","","true","<div class = centerbox><div  id = stim2></div></div>","32","32","750","","test","go","52","random","","",""
"","324","32","1057","0","test_block","poldrack-single-stim","67","147738","0.0-5.0-53.0","go-nogo","true","0","","true","<div class = centerbox><div  id = stim2></div></div>","32","32","750","","test","go","53","random","","",""
"","-1","-1","1327","0","test_block","poldrack-single-stim","68","149144","0.0-5.0-54.0","go-nogo","true","0","","true","<div class = centerbox><div  id = stim1></div></div>","-1","32","750","","test","nogo","54","random","","",""
"","376","32","1151","0","test_block","poldrack-single-stim","69","150375","0.0-5.0-55.0","go-nogo","true","0","","true","<div class = centerbox><div  id = stim2></div></div>","32","32","750","","test","go","55","random","","",""
"","461","32","1108","0","test_block","poldrack-single-stim","70","151568","0.0-5.0-56.0","go-nogo","true","0","","true","<div class = centerbox><div  id = stim2></div></div>","32","32","750","","test","go","56","random","","",""
"","393","32","1239","0","test_block","poldrack-single-stim","71","152906","0.0-5.0-57.0","go-nogo","true","0","","true","<div class = centerbox><div  id = stim2></div></div>","32","32","750","","test","go","57","random","","",""
"","353","32","1373","0","test_block","poldrack-single-stim","72","154337","0.0-5.0-58.0","go-nogo","true","0","","true","<div class = centerbox><div  id = stim2></div></div>","32","32","750","","test","go","58","random","","",""
"","337","32","1457","0","test_block","poldrack-single-stim","73","155867","0.0-5.0-59.0","go-nogo","true","0","","true","<div class = centerbox><div  id = stim2></div></div>","32","32","750","","test","go","59","random","","",""
"","343","32","1310","0","test_block","poldrack-single-stim","74","157231","0.0-5.0-60.0","go-nogo","true","0","","false","<div class = centerbox><div  id = stim1></div></div>","-1","32","750","","test","nogo","60","random","","",""
"","490","32","1225","0","test_block","poldrack-single-stim","75","158532","0.0-5.0-61.0","go-nogo","true","0","","true","<div class = centerbox><div  id = stim2></div></div>","32","32","750","","test","go","61","random","","",""
"","514","32","1143","0","test_block","poldrack-single-stim","76","159742","0.0-5.0-62.0","go-nogo","true","0","","true","<div class = centerbox><div  id = stim2></div></div>","32","32","750","","test","go","62","random","","",""
"","426","32","1425","0","test_block","poldrack-single-stim","77","161267","0.0-5.0-63.0","go-nogo","true","0","","true","<div class = centerbox><div  id = stim2></div></div>","32","32","750","","test","go","63","random","","",""
"","406","32","1071","0","test_block","poldrack-single-stim","78","162428","0.0-5.0-64.0","go-nogo","true","0","","true","<div class = centerbox><div  id = stim2></div></div>","32","32","750","","test","go","64","random","","",""
"","-1","-1","1082","0","test_block","poldrack-single-stim","79","163565","0.0-5.0-65.0","go-nogo","true","0","","true","<div class = centerbox><div  id = stim1></div></div>","-1","32","750","","test","nogo","65","random","","",""
"","405","32","1070","0","test_block","poldrack-single-stim","80","164701","0.0-5.0-66.0","go-nogo","true","0","","true","<div class = centerbox><div  id = stim2></div></div>","32","32","750","","test","go","66","random","","",""
"","499","32","1475","0","test_block","poldrack-single-stim","81","166249","0.0-5.0-67.0","go-nogo","true","0","","true","<div class = centerbox><div  id = stim2></div></div>","32","32","750","","test","go","67","random","","",""
"","415","32","1460","0","test_block","poldrack-single-stim","82","167761","0.0-5.0-68.0","go-nogo","true","0","","true","<div class = centerbox><div  id = stim2></div></div>","32","32","750","","test","go","68","random","","",""
"","472","32","1058","0","test_block","poldrack-single-stim","83","168892","0.0-5.0-69.0","go-nogo","true","0","","true","<div class = centerbox><div  id = stim2></div></div>","32","32","750","","test","go","69","random","","",""
"","528","32","1274","0","test_block","poldrack-single-stim","84","170229","0.0-5.0-70.0","go-nogo","true","0","","true","<div class = centerbox><div  id = stim2></div></div>","32","32","750","","test","go","70","random","","",""
"","434","32","1093","0","test_block","poldrack-single-stim","85","171397","0.0-5.0-71.0","go-nogo","true","0","","true","<div class = centerbox><div  id = stim2></div></div>","32","32","750","","test","go","71","random","","",""
"","373","32","1216","0","test_block","poldrack-single-stim","86","172713","0.0-5.0-72.0","go-nogo","true","0","","true","<div class = centerbox><div  id = stim2></div></div>","32","32","750","","test","go","72","random","","",""
"","376","32","1346","0","test_block","poldrack-single-stim","87","174126","0.0-5.0-73.0","go-nogo","true","0","","true","<div class = centerbox><div  id = stim2></div></div>","32","32","750","","test","go","73","random","","",""
"","447","32","1143","0","test_block","poldrack-single-stim","88","175363","0.0-5.0-74.0","go-nogo","true","0","","true","<div class = centerbox><div  id = stim2></div></div>","32","32","750","","test","go","74","random","","",""
"","381","32","1133","0","test_block","poldrack-single-stim","89","176556","0.0-5.0-75.0","go-nogo","true","0","","true","<div class = centerbox><div  id = stim2></div></div>","32","32","750","","test","go","75","random","","",""
"","439","32","1413","0","test_block","poldrack-single-stim","90","178080","0.0-5.0-76.0","go-nogo","true","0","","true","<div class = centerbox><div  id = stim2></div></div>","32","32","750","","test","go","76","random","","",""
"","393","32","1214","0","test_block","poldrack-single-stim","91","179385","0.0-5.0-77.0","go-nogo","true","0","","true","<div class = centerbox><div  id = stim2></div></div>","32","32","750","","test","go","77","random","","",""
"","582","32","1071","0","test_block","poldrack-single-stim","92","180515","0.0-5.0-78.0","go-nogo","true","0","","true","<div class = centerbox><div  id = stim2></div></div>","32","32","750","","test","go","78","random","","",""
"","500","32","1399","0","test_block","poldrack-single-stim","93","181986","0.0-5.0-79.0","go-nogo","true","0","","true","<div class = centerbox><div  id = stim2></div></div>","32","32","750","","test","go","79","random","","",""
"","367","32","1457","0","test_block","poldrack-single-stim","94","183532","0.0-5.0-80.0","go-nogo","true","0","","true","<div class = centerbox><div  id = stim2></div></div>","32","32","750","","test","go","80","random","","",""
"","440","32","1407","0","test_block","poldrack-single-stim","95","184991","0.0-5.0-81.0","go-nogo","true","0","","true","<div class = centerbox><div  id = stim2></div></div>","32","32","750","","test","go","81","random","","",""
"","360","32","1495","0","test_block","poldrack-single-stim","96","186545","0.0-5.0-82.0","go-nogo","true","0","","true","<div class = centerbox><div  id = stim2></div></div>","32","32","750","","test","go","82","random","","",""
"","319","32","1147","0","test_block","poldrack-single-stim","97","187782","0.0-5.0-83.0","go-nogo","true","0","","true","<div class = centerbox><div  id = stim2></div></div>","32","32","750","","test","go","83","random","","",""
"","338","32","1302","0","test_block","poldrack-single-stim","98","189164","0.0-5.0-84.0","go-nogo","true","0","","true","<div class = centerbox><div  id = stim2></div></div>","32","32","750","","test","go","84","random","","",""
"","303","32","1053","0","test_block","poldrack-single-stim","99","190279","0.0-5.0-85.0","go-nogo","true","0","","true","<div class = centerbox><div  id = stim2></div></div>","32","32","750","","test","go","85","random","","",""
"","424","32","1229","0","test_block","poldrack-single-stim","100","191569","0.0-5.0-86.0","go-nogo","true","0","","true","<div class = centerbox><div  id = stim2></div></div>","32","32","750","","test","go","86","random","","",""
"","343","32","1466","0","test_block","poldrack-single-stim","101","193102","0.0-5.0-87.0","go-nogo","true","0","","true","<div class = centerbox><div  id = stim2></div></div>","32","32","750","","test","go","87","random","","",""
"","336","32","1337","0","test_block","poldrack-single-stim","102","194495","0.0-5.0-88.0","go-nogo","true","0","","true","<div class = centerbox><div  id = stim2></div></div>","32","32","750","","test","go","88","random","","",""
"","377","32","1326","0","test_block","poldrack-single-stim","103","195876","0.0-5.0-89.0","go-nogo","true","0","","true","<div class = centerbox><div  id = stim2></div></div>","32","32","750","","test","go","89","random","","",""
"","338","32","1236","0","test_block","poldrack-single-stim","104","197173","0.0-5.0-90.0","go-nogo","true","0","","true","<div class = centerbox><div  id = stim2></div></div>","32","32","750","","test","go","90","random","","",""
"","311","32","1420","0","test_block","poldrack-single-stim","105","198688","0.0-5.0-91.0","go-nogo","true","0","","true","<div class = centerbox><div  id = stim2></div></div>","32","32","750","","test","go","91","random","","",""
"","334","32","1377","0","test_block","poldrack-single-stim","106","200151","0.0-5.0-92.0","go-nogo","true","0","","true","<div class = centerbox><div  id = stim2></div></div>","32","32","750","","test","go","92","random","","",""
"","281","32","1119","0","test_block","poldrack-single-stim","107","201381","0.0-5.0-93.0","go-nogo","true","0","","true","<div class = centerbox><div  id = stim2></div></div>","32","32","750","","test","go","93","random","","",""
"","339","32","1172","0","test_block","poldrack-single-stim","108","202656","0.0-5.0-94.0","go-nogo","true","0","","true","<div class = centerbox><div  id = stim2></div></div>","32","32","750","","test","go","94","random","","",""
"","346","32","1367","0","test_block","poldrack-single-stim","109","204118","0.0-5.0-95.0","go-nogo","true","0","","true","<div class = centerbox><div  id = stim2></div></div>","32","32","750","","test","go","95","random","","",""
"","313","32","1029","0","test_block","poldrack-single-stim","110","205207","0.0-5.0-96.0","go-nogo","true","0","","true","<div class = centerbox><div  id = stim2></div></div>","32","32","750","","test","go","96","random","","",""
"","377","32","1138","0","test_block","poldrack-single-stim","111","206414","0.0-5.0-97.0","go-nogo","true","0","","true","<div class = centerbox><div  id = stim2></div></div>","32","32","750","","test","go","97","random","","",""
"","309","32","1142","0","test_block","poldrack-single-stim","112","207603","0.0-5.0-98.0","go-nogo","true","0","","true","<div class = centerbox><div  id = stim2></div></div>","32","32","750","","test","go","98","random","","",""
"","355","32","1365","0","test_block","poldrack-single-stim","113","209040","0.0-5.0-99.0","go-nogo","true","0","","true","<div class = centerbox><div  id = stim2></div></div>","32","32","750","","test","go","99","random","","",""
"","347","32","1131","0","test_block","poldrack-single-stim","114","210238","0.0-5.0-100.0","go-nogo","true","0","","true","<div class = centerbox><div  id = stim2></div></div>","32","32","750","","test","go","100","random","","",""
"","372","32","1116","0","test_block","poldrack-single-stim","115","211421","0.0-5.0-101.0","go-nogo","true","0","","true","<div class = centerbox><div  id = stim2></div></div>","32","32","750","","test","go","101","random","","",""
"","-1","-1","1449","0","test_block","poldrack-single-stim","116","212946","0.0-5.0-102.0","go-nogo","true","0","","true","<div class = centerbox><div  id = stim1></div></div>","-1","32","750","","test","nogo","102","random","","",""
"","359","32","1363","0","test_block","poldrack-single-stim","117","214425","0.0-5.0-103.0","go-nogo","true","0","","true","<div class = centerbox><div  id = stim2></div></div>","32","32","750","","test","go","103","random","","",""
"","482","32","1423","0","test_block","poldrack-single-stim","118","215894","0.0-5.0-104.0","go-nogo","true","0","","true","<div class = centerbox><div  id = stim2></div></div>","32","32","750","","test","go","104","random","","",""
"","444","32","1406","0","test_block","poldrack-single-stim","119","217388","0.0-5.0-105.0","go-nogo","true","0","","true","<div class = centerbox><div  id = stim2></div></div>","32","32","750","","test","go","105","random","","",""
"","356","32","1003","0","test_block","poldrack-single-stim","120","218450","0.0-5.0-106.0","go-nogo","true","0","","true","<div class = centerbox><div  id = stim2></div></div>","32","32","750","","test","go","106","random","","",""
"","462","32","1180","0","test_block","poldrack-single-stim","121","219681","0.0-5.0-107.0","go-nogo","true","0","","true","<div class = centerbox><div  id = stim2></div></div>","32","32","750","","test","go","107","random","","",""
"","366","32","1180","0","test_block","poldrack-single-stim","122","220922","0.0-5.0-108.0","go-nogo","true","0","","true","<div class = centerbox><div  id = stim2></div></div>","32","32","750","","test","go","108","random","","",""
"","315","32","1042","0","test_block","poldrack-single-stim","123","222033","0.0-5.0-109.0","go-nogo","true","0","","true","<div class = centerbox><div  id = stim2></div></div>","32","32","750","","test","go","109","random","","",""
"","435","32","1340","0","test_block","poldrack-single-stim","124","223452","0.0-5.0-110.0","go-nogo","true","0","","true","<div class = centerbox><div  id = stim2></div></div>","32","32","750","","test","go","110","random","","",""
"","335","32","1491","0","test_block","poldrack-single-stim","125","225019","0.0-5.0-111.0","go-nogo","true","0","","true","<div class = centerbox><div  id = stim2></div></div>","32","32","750","","test","go","111","random","","",""
"","340","32","1361","0","test_block","poldrack-single-stim","126","226450","0.0-5.0-112.0","go-nogo","true","0","","true","<div class = centerbox><div  id = stim2></div></div>","32","32","750","","test","go","112","random","","",""
"","382","32","1291","0","test_block","poldrack-single-stim","127","227797","0.0-5.0-113.0","go-nogo","true","0","","true","<div class = centerbox><div  id = stim2></div></div>","32","32","750","","test","go","113","random","","",""
"","319","32","1217","0","test_block","poldrack-single-stim","128","229080","0.0-5.0-114.0","go-nogo","true","0","","true","<div class = centerbox><div  id = stim2></div></div>","32","32","750","","test","go","114","random","","",""
"","342","32","1251","0","test_block","poldrack-single-stim","129","230401","0.0-5.0-115.0","go-nogo","true","0","","true","<div class = centerbox><div  id = stim2></div></div>","32","32","750","","test","go","115","random","","",""
"","328","32","1357","0","test_block","poldrack-single-stim","130","231820","0.0-5.0-116.0","go-nogo","true","0","","true","<div class = centerbox><div  id = stim2></div></div>","32","32","750","","test","go","116","random","","",""
"","303","32","1388","0","test_block","poldrack-single-stim","131","233258","0.0-5.0-117.0","go-nogo","true","0","","true","<div class = centerbox><div  id = stim2></div></div>","32","32","750","","test","go","117","random","","",""
"","-1","-1","1028","0","test_block","poldrack-single-stim","132","234343","0.0-5.0-118.0","go-nogo","true","0","","true","<div class = centerbox><div  id = stim1></div></div>","-1","32","750","","test","nogo","118","random","","",""
"","513","32","1205","0","test_block","poldrack-single-stim","133","235595","0.0-5.0-119.0","go-nogo","true","0","","true","<div class = centerbox><div  id = stim2></div></div>","32","32","750","","test","go","119","random","","",""
"","363","32","1064","0","test_block","poldrack-single-stim","134","236734","0.0-5.0-120.0","go-nogo","true","0","","true","<div class = centerbox><div  id = stim2></div></div>","32","32","750","","test","go","120","random","","",""
"","345","32","1247","0","test_block","poldrack-single-stim","135","238055","0.0-5.0-121.0","go-nogo","true","0","","true","<div class = centerbox><div  id = stim2></div></div>","32","32","750","","test","go","121","random","","",""
"","638","32","1134","0","test_block","poldrack-single-stim","136","239241","0.0-5.0-122.0","go-nogo","true","0","","true","<div class = centerbox><div  id = stim2></div></div>","32","32","750","","test","go","122","random","","",""
"","309","32","1456","0","test_block","poldrack-single-stim","137","240748","0.0-5.0-123.0","go-nogo","true","0","","true","<div class = centerbox><div  id = stim2></div></div>","32","32","750","","test","go","123","random","","",""
"","345","32","1099","0","test_block","poldrack-single-stim","138","241898","0.0-5.0-124.0","go-nogo","true","0","","true","<div class = centerbox><div  id = stim2></div></div>","32","32","750","","test","go","124","random","","",""
"","300","32","1015","0","test_block","poldrack-single-stim","139","242965","0.0-5.0-125.0","go-nogo","true","0","","true","<div class = centerbox><div  id = stim2></div></div>","32","32","750","","test","go","125","random","","",""
"","-1","-1","1171","0","test_block","poldrack-single-stim","140","244183","0.0-5.0-126.0","go-nogo","true","0","","true","<div class = centerbox><div  id = stim1></div></div>","-1","32","750","","test","nogo","126","random","","",""
"","250","32","1491","0","test_block","poldrack-single-stim","141","245719","0.0-5.0-127.0","go-nogo","true","0","","true","<div class = centerbox><div  id = stim2></div></div>","32","32","750","","test","go","127","random","","",""
"","313","32","1448","0","test_block","poldrack-single-stim","142","247214","0.0-5.0-128.0","go-nogo","true","0","","true","<div class = centerbox><div  id = stim2></div></div>","32","32","750","","test","go","128","random","","",""
"","313","32","1027","0","test_block","poldrack-single-stim","143","248297","0.0-5.0-129.0","go-nogo","true","0","","true","<div class = centerbox><div  id = stim2></div></div>","32","32","750","","test","go","129","random","","",""
"","387","32","1491","0","test_block","poldrack-single-stim","144","249839","0.0-5.0-130.0","go-nogo","true","0","","true","<div class = centerbox><div  id = stim2></div></div>","32","32","750","","test","go","130","random","","",""
"","312","32","1219","0","test_block","poldrack-single-stim","145","251117","0.0-5.0-131.0","go-nogo","true","0","","true","<div class = centerbox><div  id = stim2></div></div>","32","32","750","","test","go","131","random","","",""
"","-1","-1","1342","0","test_block","poldrack-single-stim","146","252516","0.0-5.0-132.0","go-nogo","true","0","","true","<div class = centerbox><div  id = stim1></div></div>","-1","32","750","","test","nogo","132","random","","",""
"","261","32","1461","0","test_block","poldrack-single-stim","147","254034","0.0-5.0-133.0","go-nogo","true","0","","true","<div class = centerbox><div  id = stim2></div></div>","32","32","750","","test","go","133","random","","",""
"","323","32","1205","0","test_block","poldrack-single-stim","148","255286","0.0-5.0-134.0","go-nogo","true","0","","true","<div class = centerbox><div  id = stim2></div></div>","32","32","750","","test","go","134","random","","",""
"","298","32","1296","0","test_block","poldrack-single-stim","149","256660","0.0-5.0-135.0","go-nogo","true","0","","true","<div class = centerbox><div  id = stim2></div></div>","32","32","750","","test","go","135","random","","",""
"","304","32","1480","0","test_block","poldrack-single-stim","150","258204","0.0-5.0-136.0","go-nogo","true","0","","true","<div class = centerbox><div  id = stim2></div></div>","32","32","750","","test","go","136","random","","",""
"","294","32","1314","0","test_block","poldrack-single-stim","151","259577","0.0-5.0-137.0","go-nogo","true","0","","true","<div class = centerbox><div  id = stim2></div></div>","32","32","750","","test","go","137","random","","",""
"","306","32","1259","0","test_block","poldrack-single-stim","152","260912","0.0-5.0-138.0","go-nogo","true","0","","true","<div class = centerbox><div  id = stim2></div></div>","32","32","750","","test","go","138","random","","",""
"","310","32","1256","0","test_block","poldrack-single-stim","153","262226","0.0-5.0-139.0","go-nogo","true","0","","true","<div class = centerbox><div  id = stim2></div></div>","32","32","750","","test","go","139","random","","",""
"","330","32","1039","0","test_block","poldrack-single-stim","154","263321","0.0-5.0-140.0","go-nogo","true","0","","true","<div class = centerbox><div  id = stim2></div></div>","32","32","750","","test","go","140","random","","",""
"","-1","-1","1475","0","test_block","poldrack-single-stim","155","264846","0.0-5.0-141.0","go-nogo","true","0","","true","<div class = centerbox><div  id = stim1></div></div>","-1","32","750","","test","nogo","141","random","","",""
"","324","32","1011","0","test_block","poldrack-single-stim","156","265909","0.0-5.0-142.0","go-nogo","true","0","","true","<div class = centerbox><div  id = stim2></div></div>","32","32","750","","test","go","142","random","","",""
"","483","32","1262","0","test_block","poldrack-single-stim","157","267229","0.0-5.0-143.0","go-nogo","true","0","","true","<div class = centerbox><div  id = stim2></div></div>","32","32","750","","test","go","143","random","","",""
"","304","32","1277","0","test_block","poldrack-single-stim","158","268568","0.0-5.0-144.0","go-nogo","true","0","","true","<div class = centerbox><div  id = stim2></div></div>","32","32","750","","test","go","144","random","","",""
"","328","32","1342","0","test_block","poldrack-single-stim","159","269958","0.0-5.0-145.0","go-nogo","true","0","","true","<div class = centerbox><div  id = stim2></div></div>","32","32","750","","test","go","145","random","","",""
"","336","32","1427","0","test_block","poldrack-single-stim","160","271458","0.0-5.0-146.0","go-nogo","true","0","","true","<div class = centerbox><div  id = stim2></div></div>","32","32","750","","test","go","146","random","","",""
"","298","32","1312","0","test_block","poldrack-single-stim","161","272830","0.0-5.0-147.0","go-nogo","true","0","","true","<div class = centerbox><div  id = stim2></div></div>","32","32","750","","test","go","147","random","","",""
"","293","32","1292","0","test_block","poldrack-single-stim","162","274179","0.0-5.0-148.0","go-nogo","true","0","","true","<div class = centerbox><div  id = stim2></div></div>","32","32","750","","test","go","148","random","","",""
"","504","32","1247","0","test_block","poldrack-single-stim","163","275483","0.0-5.0-149.0","go-nogo","true","0","","true","<div class = centerbox><div  id = stim2></div></div>","32","32","750","","test","go","149","random","","",""
"","-1","-1","1172","0","test_block","poldrack-single-stim","164","276704","0.0-5.0-150.0","go-nogo","true","0","","true","<div class = centerbox><div  id = stim1></div></div>","-1","32","750","","test","nogo","150","random","","",""
"","275","32","1470","0","test_block","poldrack-single-stim","165","278236","0.0-5.0-151.0","go-nogo","true","0","","true","<div class = centerbox><div  id = stim2></div></div>","32","32","750","","test","go","151","random","","",""
"","370","32","1303","0","test_block","poldrack-single-stim","166","279599","0.0-5.0-152.0","go-nogo","true","0","","true","<div class = centerbox><div  id = stim2></div></div>","32","32","750","","test","go","152","random","","",""
"","-1","-1","1207","0","test_block","poldrack-single-stim","167","280859","0.0-5.0-153.0","go-nogo","true","0","","true","<div class = centerbox><div  id = stim1></div></div>","-1","32","750","","test","nogo","153","random","","",""
"","295","32","1132","0","test_block","poldrack-single-stim","168","282057","0.0-5.0-154.0","go-nogo","true","0","","false","<div class = centerbox><div  id = stim1></div></div>","-1","32","750","","test","nogo","154","random","","",""
"","455","32","1210","0","test_block","poldrack-single-stim","169","283329","0.0-5.0-155.0","go-nogo","true","0","","true","<div class = centerbox><div  id = stim2></div></div>","32","32","750","","test","go","155","random","","",""
"","394","32","1171","0","test_block","poldrack-single-stim","170","284582","0.0-5.0-156.0","go-nogo","true","0","","true","<div class = centerbox><div  id = stim2></div></div>","32","32","750","","test","go","156","random","","",""
"","317","32","1224","0","test_block","poldrack-single-stim","171","285866","0.0-5.0-157.0","go-nogo","true","0","","true","<div class = centerbox><div  id = stim2></div></div>","32","32","750","","test","go","157","random","","",""
"","357","32","1101","0","test_block","poldrack-single-stim","172","287023","0.0-5.0-158.0","go-nogo","true","0","","true","<div class = centerbox><div  id = stim2></div></div>","32","32","750","","test","go","158","random","","",""
"","359","32","1007","0","test_block","poldrack-single-stim","173","288111","0.0-5.0-159.0","go-nogo","true","0","","true","<div class = centerbox><div  id = stim2></div></div>","32","32","750","","test","go","159","random","","",""
"","397","32","1098","0","test_block","poldrack-single-stim","174","289274","0.0-5.0-160.0","go-nogo","true","0","","true","<div class = centerbox><div  id = stim2></div></div>","32","32","750","","test","go","160","random","","",""
"","-1","-1","1008","0","test_block","poldrack-single-stim","175","290366","0.0-5.0-161.0","go-nogo","true","0","","true","<div class = centerbox><div  id = stim1></div></div>","-1","32","750","","test","nogo","161","random","","",""
"","453","32","1270","0","test_block","poldrack-single-stim","176","291697","0.0-5.0-162.0","go-nogo","true","0","","true","<div class = centerbox><div  id = stim2></div></div>","32","32","750","","test","go","162","random","","",""
"","394","32","1171","0","test_block","poldrack-single-stim","177","292985","0.0-5.0-163.0","go-nogo","true","0","","true","<div class = centerbox><div  id = stim2></div></div>","32","32","750","","test","go","163","random","","",""
"","409","32","1491","0","test_block","poldrack-single-stim","178","294525","0.0-5.0-164.0","go-nogo","true","0","","true","<div class = centerbox><div  id = stim2></div></div>","32","32","750","","test","go","164","random","","",""
"","424","32","1237","0","test_block","poldrack-single-stim","179","295816","0.0-5.0-165.0","go-nogo","true","0","","true","<div class = centerbox><div  id = stim2></div></div>","32","32","750","","test","go","165","random","","",""
"","395","32","1194","0","test_block","poldrack-single-stim","180","297080","0.0-5.0-166.0","go-nogo","true","0","","true","<div class = centerbox><div  id = stim2></div></div>","32","32","750","","test","go","166","random","","",""
"","397","32","1267","0","test_block","poldrack-single-stim","181","298460","0.0-5.0-167.0","go-nogo","true","0","","true","<div class = centerbox><div  id = stim2></div></div>","32","32","750","","test","go","167","random","","",""
"","355","32","1407","0","test_block","poldrack-single-stim","182","299922","0.0-5.0-168.0","go-nogo","true","0","","true","<div class = centerbox><div  id = stim2></div></div>","32","32","750","","test","go","168","random","","",""
"","412","32","1338","0","test_block","poldrack-single-stim","183","301316","0.0-5.0-169.0","go-nogo","true","0","","true","<div class = centerbox><div  id = stim2></div></div>","32","32","750","","test","go","169","random","","",""
"","328","32","1490","0","test_block","poldrack-single-stim","184","302851","0.0-5.0-170.0","go-nogo","true","0","","true","<div class = centerbox><div  id = stim2></div></div>","32","32","750","","test","go","170","random","","",""
"","333","32","1111","0","test_block","poldrack-single-stim","185","304016","0.0-5.0-171.0","go-nogo","true","0","","true","<div class = centerbox><div  id = stim2></div></div>","32","32","750","","test","go","171","random","","",""
"","375","32","1436","0","test_block","poldrack-single-stim","186","305535","0.0-5.0-172.0","go-nogo","true","0","","true","<div class = centerbox><div  id = stim2></div></div>","32","32","750","","test","go","172","random","","",""
"","321","32","1440","0","test_block","poldrack-single-stim","187","307028","0.0-5.0-173.0","go-nogo","true","0","","true","<div class = centerbox><div  id = stim2></div></div>","32","32","750","","test","go","173","random","","",""
"","-1","-1","1304","0","test_block","poldrack-single-stim","188","308385","0.0-5.0-174.0","go-nogo","true","0","","true","<div class = centerbox><div  id = stim1></div></div>","-1","32","750","","test","nogo","174","random","","",""
"","449","32","1017","0","test_block","poldrack-single-stim","189","309481","0.0-5.0-175.0","go-nogo","true","0","","true","<div class = centerbox><div  id = stim2></div></div>","32","32","750","","test","go","175","random","","",""
"","417","32","1074","0","test_block","poldrack-single-stim","190","310627","0.0-5.0-176.0","go-nogo","true","0","","true","<div class = centerbox><div  id = stim2></div></div>","32","32","750","","test","go","176","random","","",""
"","371","32","1324","0","test_block","poldrack-single-stim","191","312009","0.0-5.0-177.0","go-nogo","true","0","","true","<div class = centerbox><div  id = stim2></div></div>","32","32","750","","test","go","177","random","","",""
"","370","32","1173","0","test_block","poldrack-single-stim","192","313247","0.0-5.0-178.0","go-nogo","true","0","","true","<div class = centerbox><div  id = stim2></div></div>","32","32","750","","test","go","178","random","","",""
"","354","32","1296","0","test_block","poldrack-single-stim","193","314601","0.0-5.0-179.0","go-nogo","true","0","","true","<div class = centerbox><div  id = stim2></div></div>","32","32","750","","test","go","179","random","","",""
"","307","32","1118","0","test_block","poldrack-single-stim","194","315772","0.0-5.0-180.0","go-nogo","true","0","","true","<div class = centerbox><div  id = stim2></div></div>","32","32","750","","test","go","180","random","","",""
"","325","32","1024","0","test_block","poldrack-single-stim","195","316854","0.0-5.0-181.0","go-nogo","true","0","","true","<div class = centerbox><div  id = stim2></div></div>","32","32","750","","test","go","181","random","","",""
"","337","32","1282","0","test_block","poldrack-single-stim","196","318190","0.0-5.0-182.0","go-nogo","true","0","","true","<div class = centerbox><div  id = stim2></div></div>","32","32","750","","test","go","182","random","","",""
"","325","32","1497","0","test_block","poldrack-single-stim","197","319776","0.0-5.0-183.0","go-nogo","true","0","","true","<div class = centerbox><div  id = stim2></div></div>","32","32","750","","test","go","183","random","","",""
"","356","32","1397","0","test_block","poldrack-single-stim","198","321235","0.0-5.0-184.0","go-nogo","true","0","","true","<div class = centerbox><div  id = stim2></div></div>","32","32","750","","test","go","184","random","","",""
"","364","32","1189","0","test_block","poldrack-single-stim","199","322476","0.0-5.0-185.0","go-nogo","true","0","","true","<div class = centerbox><div  id = stim2></div></div>","32","32","750","","test","go","185","random","","",""
"","306","32","1239","0","test_block","poldrack-single-stim","200","323803","0.0-5.0-186.0","go-nogo","true","0","","true","<div class = centerbox><div  id = stim2></div></div>","32","32","750","","test","go","186","random","","",""
"","322","32","1492","0","test_block","poldrack-single-stim","201","325368","0.0-5.0-187.0","go-nogo","true","0","","true","<div class = centerbox><div  id = stim2></div></div>","32","32","750","","test","go","187","random","","",""
"","311","32","1007","0","test_block","poldrack-single-stim","202","326432","0.0-5.0-188.0","go-nogo","true","0","","true","<div class = centerbox><div  id = stim2></div></div>","32","32","750","","test","go","188","random","","",""
"","354","32","1295","0","test_block","poldrack-single-stim","203","327793","0.0-5.0-189.0","go-nogo","true","0","","true","<div class = centerbox><div  id = stim2></div></div>","32","32","750","","test","go","189","random","","",""
"","-1","-1","1085","0","test_block","poldrack-single-stim","204","328931","0.0-5.0-190.0","go-nogo","true","0","","true","<div class = centerbox><div  id = stim1></div></div>","-1","32","750","","test","nogo","190","random","","",""
"","330","32","1052","0","test_block","poldrack-single-stim","205","330061","0.0-5.0-191.0","go-nogo","true","0","","true","<div class = centerbox><div  id = stim2></div></div>","32","32","750","","test","go","191","random","","",""
"","340","32","1330","0","test_block","poldrack-single-stim","206","331454","0.0-5.0-192.0","go-nogo","true","0","","true","<div class = centerbox><div  id = stim2></div></div>","32","32","750","","test","go","192","random","","",""
"","304","32","1022","0","test_block","poldrack-single-stim","207","332541","0.0-5.0-193.0","go-nogo","true","0","","true","<div class = centerbox><div  id = stim2></div></div>","32","32","750","","test","go","193","random","","",""
"","348","32","1043","0","test_block","poldrack-single-stim","208","333661","0.0-5.0-194.0","go-nogo","true","0","","true","<div class = centerbox><div  id = stim2></div></div>","32","32","750","","test","go","194","random","","",""
"","357","32","1066","0","test_block","poldrack-single-stim","209","334788","0.0-5.0-195.0","go-nogo","true","0","","true","<div class = centerbox><div  id = stim2></div></div>","32","32","750","","test","go","195","random","","",""
"","383","32","1485","0","test_block","poldrack-single-stim","210","336328","0.0-5.0-196.0","go-nogo","true","0","","true","<div class = centerbox><div  id = stim2></div></div>","32","32","750","","test","go","196","random","","",""
"","310","32","1470","0","test_block","poldrack-single-stim","211","337852","0.0-5.0-197.0","go-nogo","true","0","","true","<div class = centerbox><div  id = stim2></div></div>","32","32","750","","test","go","197","random","","",""
"","316","32","1078","0","test_block","poldrack-single-stim","212","338991","0.0-5.0-198.0","go-nogo","true","0","","true","<div class = centerbox><div  id = stim2></div></div>","32","32","750","","test","go","198","random","","",""
"","336","32","1323","0","test_block","poldrack-single-stim","213","340374","0.0-5.0-199.0","go-nogo","true","0","","true","<div class = centerbox><div  id = stim2></div></div>","32","32","750","","test","go","199","random","","",""
"","326","32","1494","0","test_block","poldrack-single-stim","214","341913","0.0-5.0-200.0","go-nogo","true","0","","true","<div class = centerbox><div  id = stim2></div></div>","32","32","750","","test","go","200","random","","",""
"","413","32","1436","0","test_block","poldrack-single-stim","215","343423","0.0-5.0-201.0","go-nogo","true","0","","true","<div class = centerbox><div  id = stim2></div></div>","32","32","750","","test","go","201","random","","",""
"","309","32","1437","0","test_block","poldrack-single-stim","216","344916","0.0-5.0-202.0","go-nogo","true","0","","true","<div class = centerbox><div  id = stim2></div></div>","32","32","750","","test","go","202","random","","",""
"","345","32","1410","0","test_block","poldrack-single-stim","217","346434","0.0-5.0-203.0","go-nogo","true","0","","true","<div class = centerbox><div  id = stim2></div></div>","32","32","750","","test","go","203","random","","",""
"","447","32","1187","0","test_block","poldrack-single-stim","218","347687","0.0-5.0-204.0","go-nogo","true","0","","true","<div class = centerbox><div  id = stim2></div></div>","32","32","750","","test","go","204","random","","",""
"","392","32","1248","0","test_block","poldrack-single-stim","219","349002","0.0-5.0-205.0","go-nogo","true","0","","true","<div class = centerbox><div  id = stim2></div></div>","32","32","750","","test","go","205","random","","",""
"","326","32","1246","0","test_block","poldrack-single-stim","220","350304","0.0-5.0-206.0","go-nogo","true","0","","true","<div class = centerbox><div  id = stim2></div></div>","32","32","750","","test","go","206","random","","",""
"","338","32","1492","0","test_block","poldrack-single-stim","221","351862","0.0-5.0-207.0","go-nogo","true","0","","true","<div class = centerbox><div  id = stim2></div></div>","32","32","750","","test","go","207","random","","",""
"","-1","-1","1158","0","test_block","poldrack-single-stim","222","353073","0.0-5.0-208.0","go-nogo","true","0","","true","<div class = centerbox><div  id = stim1></div></div>","-1","32","750","","test","nogo","208","random","","",""
"","332","32","1288","0","test_block","poldrack-single-stim","223","354407","0.0-5.0-209.0","go-nogo","true","0","","true","<div class = centerbox><div  id = stim2></div></div>","32","32","750","","test","go","209","random","","",""
"","314","32","1248","0","test_block","poldrack-single-stim","224","355711","0.0-5.0-210.0","go-nogo","true","0","","true","<div class = centerbox><div  id = stim2></div></div>","32","32","750","","test","go","210","random","","",""
"","388","32","1300","0","test_block","poldrack-single-stim","225","357072","0.0-5.0-211.0","go-nogo","true","0","","true","<div class = centerbox><div  id = stim2></div></div>","32","32","750","","test","go","211","random","","",""
"","398","32","1077","0","test_block","poldrack-single-stim","226","358211","0.0-5.0-212.0","go-nogo","true","0","","true","<div class = centerbox><div  id = stim2></div></div>","32","32","750","","test","go","212","random","","",""
"","387","32","1390","0","test_block","poldrack-single-stim","227","359664","0.0-5.0-213.0","go-nogo","true","0","","true","<div class = centerbox><div  id = stim2></div></div>","32","32","750","","test","go","213","random","","",""
"","335","32","1387","0","test_block","poldrack-single-stim","228","361111","0.0-5.0-214.0","go-nogo","true","0","","true","<div class = centerbox><div  id = stim2></div></div>","32","32","750","","test","go","214","random","","",""
"","335","32","1204","0","test_block","poldrack-single-stim","229","362384","0.0-5.0-215.0","go-nogo","true","0","","true","<div class = centerbox><div  id = stim2></div></div>","32","32","750","","test","go","215","random","","",""
"","323","32","1004","0","test_block","poldrack-single-stim","230","363448","0.0-5.0-216.0","go-nogo","true","0","","true","<div class = centerbox><div  id = stim2></div></div>","32","32","750","","test","go","216","random","","",""
"","353","32","1432","0","test_block","poldrack-single-stim","231","364940","0.0-5.0-217.0","go-nogo","true","0","","true","<div class = centerbox><div  id = stim2></div></div>","32","32","750","","test","go","217","random","","",""
"","317","32","1243","0","test_block","poldrack-single-stim","232","366258","0.0-5.0-218.0","go-nogo","true","0","","true","<div class = centerbox><div  id = stim2></div></div>","32","32","750","","test","go","218","random","","",""
"","412","32","1395","0","test_block","poldrack-single-stim","233","367716","0.0-5.0-219.0","go-nogo","true","0","","true","<div class = centerbox><div  id = stim2></div></div>","32","32","750","","test","go","219","random","","",""
"","323","32","1351","0","test_block","poldrack-single-stim","234","369120","0.0-5.0-220.0","go-nogo","true","0","","true","<div class = centerbox><div  id = stim2></div></div>","32","32","750","","test","go","220","random","","",""
"","344","32","1060","0","test_block","poldrack-single-stim","235","370239","0.0-5.0-221.0","go-nogo","true","0","","true","<div class = centerbox><div  id = stim2></div></div>","32","32","750","","test","go","221","random","","",""
"","372","32","1354","0","test_block","poldrack-single-stim","236","371650","0.0-5.0-222.0","go-nogo","true","0","","true","<div class = centerbox><div  id = stim2></div></div>","32","32","750","","test","go","222","random","","",""
"","295","32","1300","0","test_block","poldrack-single-stim","237","373000","0.0-5.0-223.0","go-nogo","true","0","","true","<div class = centerbox><div  id = stim2></div></div>","32","32","750","","test","go","223","random","","",""
"","336","32","1109","0","test_block","poldrack-single-stim","238","374171","0.0-5.0-224.0","go-nogo","true","0","","true","<div class = centerbox><div  id = stim2></div></div>","32","32","750","","test","go","224","random","","",""
"","441","32","1343","0","test_block","poldrack-single-stim","239","375571","0.0-5.0-225.0","go-nogo","true","0","","true","<div class = centerbox><div  id = stim2></div></div>","32","32","750","","test","go","225","random","","",""
"","520","32","1362","0","test_block","poldrack-single-stim","240","376998","0.0-5.0-226.0","go-nogo","true","0","","true","<div class = centerbox><div  id = stim2></div></div>","32","32","750","","test","go","226","random","","",""
"","339","32","1252","0","test_block","poldrack-single-stim","241","378303","0.0-5.0-227.0","go-nogo","true","0","","true","<div class = centerbox><div  id = stim2></div></div>","32","32","750","","test","go","227","random","","",""
"","525","32","1193","0","test_block","poldrack-single-stim","242","379549","0.0-5.0-228.0","go-nogo","true","0","","true","<div class = centerbox><div  id = stim2></div></div>","32","32","750","","test","go","228","random","","",""
"","554","32","1396","0","test_block","poldrack-single-stim","243","381002","0.0-5.0-229.0","go-nogo","true","0","","true","<div class = centerbox><div  id = stim2></div></div>","32","32","750","","test","go","229","random","","",""
"","476","32","1295","0","test_block","poldrack-single-stim","244","382366","0.0-5.0-230.0","go-nogo","true","0","","true","<div class = centerbox><div  id = stim2></div></div>","32","32","750","","test","go","230","random","","",""
"","502","32","1253","0","test_block","poldrack-single-stim","245","383683","0.0-5.0-231.0","go-nogo","true","0","","true","<div class = centerbox><div  id = stim2></div></div>","32","32","750","","test","go","231","random","","",""
"","431","32","1264","0","test_block","poldrack-single-stim","246","384999","0.0-5.0-232.0","go-nogo","true","0","","true","<div class = centerbox><div  id = stim2></div></div>","32","32","750","","test","go","232","random","","",""
"","426","32","1106","0","test_block","poldrack-single-stim","247","386162","0.0-5.0-233.0","go-nogo","true","0","","true","<div class = centerbox><div  id = stim2></div></div>","32","32","750","","test","go","233","random","","",""
"","430","32","1206","0","test_block","poldrack-single-stim","248","387438","0.0-5.0-234.0","go-nogo","true","0","","true","<div class = centerbox><div  id = stim2></div></div>","32","32","750","","test","go","234","random","","",""
"","456","32","1210","0","test_block","poldrack-single-stim","249","388708","0.0-5.0-235.0","go-nogo","true","0","","true","<div class = centerbox><div  id = stim2></div></div>","32","32","750","","test","go","235","random","","",""
"","349","32","1231","0","test_block","poldrack-single-stim","250","389993","0.0-5.0-236.0","go-nogo","true","0","","true","<div class = centerbox><div  id = stim2></div></div>","32","32","750","","test","go","236","random","","",""
"","299","32","1258","0","test_block","poldrack-single-stim","251","391338","0.0-5.0-237.0","go-nogo","true","0","","true","<div class = centerbox><div  id = stim2></div></div>","32","32","750","","test","go","237","random","","",""
"","-1","-1","1426","0","test_block","poldrack-single-stim","252","392823","0.0-5.0-238.0","go-nogo","true","0","","true","<div class = centerbox><div  id = stim1></div></div>","-1","32","750","","test","nogo","238","random","","",""
"","426","32","1446","0","test_block","poldrack-single-stim","253","394352","0.0-5.0-239.0","go-nogo","true","0","","true","<div class = centerbox><div  id = stim2></div></div>","32","32","750","","test","go","239","random","","",""
"","386","32","1103","0","test_block","poldrack-single-stim","254","395525","0.0-5.0-240.0","go-nogo","true","0","","true","<div class = centerbox><div  id = stim2></div></div>","32","32","750","","test","go","240","random","","",""
"","396","32","1172","0","test_block","poldrack-single-stim","255","396760","0.0-5.0-241.0","go-nogo","true","0","","true","<div class = centerbox><div  id = stim2></div></div>","32","32","750","","test","go","241","random","","",""
"","349","32","1248","0","test_block","poldrack-single-stim","256","398072","0.0-5.0-242.0","go-nogo","true","0","","true","<div class = centerbox><div  id = stim2></div></div>","32","32","750","","test","go","242","random","","",""
"","331","32","1390","0","test_block","poldrack-single-stim","257","399531","0.0-5.0-243.0","go-nogo","true","0","","true","<div class = centerbox><div  id = stim2></div></div>","32","32","750","","test","go","243","random","","",""
"","354","32","1329","0","test_block","poldrack-single-stim","258","400920","0.0-5.0-244.0","go-nogo","true","0","","true","<div class = centerbox><div  id = stim2></div></div>","32","32","750","","test","go","244","random","","",""
"","338","32","1488","0","test_block","poldrack-single-stim","259","402489","0.0-5.0-245.0","go-nogo","true","0","","true","<div class = centerbox><div  id = stim2></div></div>","32","32","750","","test","go","245","random","","",""
"","384","32","1286","0","test_block","poldrack-single-stim","260","403827","0.0-5.0-246.0","go-nogo","true","0","","true","<div class = centerbox><div  id = stim2></div></div>","32","32","750","","test","go","246","random","","",""
"","450","32","1048","0","test_block","poldrack-single-stim","261","404922","0.0-5.0-247.0","go-nogo","true","0","","true","<div class = centerbox><div  id = stim2></div></div>","32","32","750","","test","go","247","random","","",""
"","544","32","1492","0","test_block","poldrack-single-stim","262","406468","0.0-5.0-248.0","go-nogo","true","0","","true","<div class = centerbox><div  id = stim2></div></div>","32","32","750","","test","go","248","random","","",""
"","396","32","1183","0","test_block","poldrack-single-stim","263","407701","0.0-5.0-249.0","go-nogo","true","0","","true","<div class = centerbox><div  id = stim2></div></div>","32","32","750","","test","go","249","random","","",""
"","391","32","1044","0","test_block","poldrack-single-stim","264","408812","0.0-5.0-250.0","go-nogo","true","0","","true","<div class = centerbox><div  id = stim2></div></div>","32","32","750","","test","go","250","random","","",""
"","-1","-1","1131","0","test_block","poldrack-single-stim","265","410028","0.0-5.0-251.0","go-nogo","true","0","","true","<div class = centerbox><div  id = stim1></div></div>","-1","32","750","","test","nogo","251","random","","",""
"","348","32","1252","0","test_block","poldrack-single-stim","266","411338","0.0-5.0-252.0","go-nogo","true","0","","true","<div class = centerbox><div  id = stim2></div></div>","32","32","750","","test","go","252","random","","",""
"","347","32","1226","0","test_block","poldrack-single-stim","267","412627","0.0-5.0-253.0","go-nogo","true","0","","true","<div class = centerbox><div  id = stim2></div></div>","32","32","750","","test","go","253","random","","",""
"","367","32","1341","0","test_block","poldrack-single-stim","268","414044","0.0-5.0-254.0","go-nogo","true","0","","true","<div class = centerbox><div  id = stim2></div></div>","32","32","750","","test","go","254","random","","",""
"","473","32","1268","0","test_block","poldrack-single-stim","269","415371","0.0-5.0-255.0","go-nogo","true","0","","true","<div class = centerbox><div  id = stim2></div></div>","32","32","750","","test","go","255","random","","",""
"","671","32","1041","0","test_block","poldrack-single-stim","270","416472","0.0-5.0-256.0","go-nogo","true","0","","true","<div class = centerbox><div  id = stim2></div></div>","32","32","750","","test","go","256","random","","",""
"","1363","32","1459","0","test_block","poldrack-single-stim","271","418014","0.0-5.0-257.0","go-nogo","true","0","","true","<div class = centerbox><div  id = stim2></div></div>","32","32","750","","test","go","257","random","","",""
"","530","32","1335","0","test_block","poldrack-single-stim","272","419408","0.0-5.0-258.0","go-nogo","true","0","","true","<div class = centerbox><div  id = stim2></div></div>","32","32","750","","test","go","258","random","","",""
"","309","32","1224","0","test_block","poldrack-single-stim","273","420791","0.0-5.0-259.0","go-nogo","true","0","","true","<div class = centerbox><div  id = stim2></div></div>","32","32","750","","test","go","259","random","","",""
"","319","32","1109","0","test_block","poldrack-single-stim","274","421950","0.0-5.0-260.0","go-nogo","true","0","","true","<div class = centerbox><div  id = stim2></div></div>","32","32","750","","test","go","260","random","","",""
"","387","32","1403","0","test_block","poldrack-single-stim","275","423425","0.0-5.0-261.0","go-nogo","true","0","","true","<div class = centerbox><div  id = stim2></div></div>","32","32","750","","test","go","261","random","","",""
"","-1","-1","1475","0","test_block","poldrack-single-stim","276","424957","0.0-5.0-262.0","go-nogo","true","0","","true","<div class = centerbox><div  id = stim1></div></div>","-1","32","750","","test","nogo","262","random","","",""
"","734","32","1423","0","test_block","poldrack-single-stim","277","426461","0.0-5.0-263.0","go-nogo","true","0","","true","<div class = centerbox><div  id = stim2></div></div>","32","32","750","","test","go","263","random","","",""
"","414","32","1048","0","test_block","poldrack-single-stim","278","427559","0.0-5.0-264.0","go-nogo","true","0","","true","<div class = centerbox><div  id = stim2></div></div>","32","32","750","","test","go","264","random","","",""
"","386","32","1091","0","test_block","poldrack-single-stim","279","428709","0.0-5.0-265.0","go-nogo","true","0","","true","<div class = centerbox><div  id = stim2></div></div>","32","32","750","","test","go","265","random","","",""
"","354","32","1344","0","test_block","poldrack-single-stim","280","430120","0.0-5.0-266.0","go-nogo","true","0","","true","<div class = centerbox><div  id = stim2></div></div>","32","32","750","","test","go","266","random","","",""
"","402","32","1398","0","test_block","poldrack-single-stim","281","431573","0.0-5.0-267.0","go-nogo","true","0","","true","<div class = centerbox><div  id = stim2></div></div>","32","32","750","","test","go","267","random","","",""
"","454","32","1358","0","test_block","poldrack-single-stim","282","432994","0.0-5.0-268.0","go-nogo","true","0","","true","<div class = centerbox><div  id = stim2></div></div>","32","32","750","","test","go","268","random","","",""
"","363","32","1494","0","test_block","poldrack-single-stim","283","434553","0.0-5.0-269.0","go-nogo","true","0","","true","<div class = centerbox><div  id = stim2></div></div>","32","32","750","","test","go","269","random","","",""
"","347","32","1436","0","test_block","poldrack-single-stim","284","436043","0.0-5.0-270.0","go-nogo","true","0","","true","<div class = centerbox><div  id = stim2></div></div>","32","32","750","","test","go","270","random","","",""
"","327","32","1195","0","test_block","poldrack-single-stim","285","437328","0.0-5.0-271.0","go-nogo","true","0","","true","<div class = centerbox><div  id = stim2></div></div>","32","32","750","","test","go","271","random","","",""
"","361","32","1017","0","test_block","poldrack-single-stim","286","438423","0.0-5.0-272.0","go-nogo","true","0","","true","<div class = centerbox><div  id = stim2></div></div>","32","32","750","","test","go","272","random","","",""
"","415","32","1081","0","test_block","poldrack-single-stim","287","439572","0.0-5.0-273.0","go-nogo","true","0","","true","<div class = centerbox><div  id = stim2></div></div>","32","32","750","","test","go","273","random","","",""
"","336","32","1096","0","test_block","poldrack-single-stim","288","440730","0.0-5.0-274.0","go-nogo","true","0","","true","<div class = centerbox><div  id = stim2></div></div>","32","32","750","","test","go","274","random","","",""
"","329","32","1056","0","test_block","poldrack-single-stim","289","441845","0.0-5.0-275.0","go-nogo","true","0","","true","<div class = centerbox><div  id = stim2></div></div>","32","32","750","","test","go","275","random","","",""
"","320","32","1410","0","test_block","poldrack-single-stim","290","443314","0.0-5.0-276.0","go-nogo","true","0","","true","<div class = centerbox><div  id = stim2></div></div>","32","32","750","","test","go","276","random","","",""
"","314","32","1070","0","test_block","poldrack-single-stim","291","444460","0.0-5.0-277.0","go-nogo","true","0","","true","<div class = centerbox><div  id = stim2></div></div>","32","32","750","","test","go","277","random","","",""
"","350","32","1269","0","test_block","poldrack-single-stim","292","445802","0.0-5.0-278.0","go-nogo","true","0","","true","<div class = centerbox><div  id = stim2></div></div>","32","32","750","","test","go","278","random","","",""
"","350","32","1451","0","test_block","poldrack-single-stim","293","447318","0.0-5.0-279.0","go-nogo","true","0","","true","<div class = centerbox><div  id = stim2></div></div>","32","32","750","","test","go","279","random","","",""
"","293","32","1177","0","test_block","poldrack-single-stim","294","448551","0.0-5.0-280.0","go-nogo","true","0","","true","<div class = centerbox><div  id = stim2></div></div>","32","32","750","","test","go","280","random","","",""
"","385","32","1107","0","test_block","poldrack-single-stim","295","449723","0.0-5.0-281.0","go-nogo","true","0","","true","<div class = centerbox><div  id = stim2></div></div>","32","32","750","","test","go","281","random","","",""
"","-1","-1","1183","0","test_block","poldrack-single-stim","296","450964","0.0-5.0-282.0","go-nogo","true","0","","true","<div class = centerbox><div  id = stim1></div></div>","-1","32","750","","test","nogo","282","random","","",""
"","306","32","1367","0","test_block","poldrack-single-stim","297","452384","0.0-5.0-283.0","go-nogo","true","0","","true","<div class = centerbox><div  id = stim2></div></div>","32","32","750","","test","go","283","random","","",""
"","311","32","1272","0","test_block","poldrack-single-stim","298","453708","0.0-5.0-284.0","go-nogo","true","0","","true","<div class = centerbox><div  id = stim2></div></div>","32","32","750","","test","go","284","random","","",""
"","338","32","1254","0","test_block","poldrack-single-stim","299","455055","0.0-5.0-285.0","go-nogo","true","0","","true","<div class = centerbox><div  id = stim2></div></div>","32","32","750","","test","go","285","random","","",""
"","287","32","1021","0","test_block","poldrack-single-stim","300","456136","0.0-5.0-286.0","go-nogo","true","0","","true","<div class = centerbox><div  id = stim2></div></div>","32","32","750","","test","go","286","random","","",""
"","349","32","1213","0","test_block","poldrack-single-stim","301","457425","0.0-5.0-287.0","go-nogo","true","0","","true","<div class = centerbox><div  id = stim2></div></div>","32","32","750","","test","go","287","random","","",""
"","304","32","1280","0","test_block","poldrack-single-stim","302","458770","0.0-5.0-288.0","go-nogo","true","0","","true","<div class = centerbox><div  id = stim2></div></div>","32","32","750","","test","go","288","random","","",""
"","300","32","1445","0","test_block","poldrack-single-stim","303","460277","0.0-5.0-289.0","go-nogo","true","0","","true","<div class = centerbox><div  id = stim2></div></div>","32","32","750","","test","go","289","random","","",""
"","308","32","1474","0","test_block","poldrack-single-stim","304","461808","0.0-5.0-290.0","go-nogo","true","0","","true","<div class = centerbox><div  id = stim2></div></div>","32","32","750","","test","go","290","random","","",""
"","-1","-1","1062","0","test_block","poldrack-single-stim","305","462924","0.0-5.0-291.0","go-nogo","true","0","","true","<div class = centerbox><div  id = stim1></div></div>","-1","32","750","","test","nogo","291","random","","",""
"","362","32","1456","0","test_block","poldrack-single-stim","306","464434","0.0-5.0-292.0","go-nogo","true","0","","true","<div class = centerbox><div  id = stim2></div></div>","32","32","750","","test","go","292","random","","",""
"","402","32","1499","0","test_block","poldrack-single-stim","307","465989","0.0-5.0-293.0","go-nogo","true","0","","true","<div class = centerbox><div  id = stim2></div></div>","32","32","750","","test","go","293","random","","",""
"","360","32","1038","0","test_block","poldrack-single-stim","308","467093","0.0-5.0-294.0","go-nogo","true","0","","true","<div class = centerbox><div  id = stim2></div></div>","32","32","750","","test","go","294","random","","",""
"","415","32","1475","0","test_block","poldrack-single-stim","309","468653","0.0-5.0-295.0","go-nogo","true","0","","true","<div class = centerbox><div  id = stim2></div></div>","32","32","750","","test","go","295","random","","",""
"","322","32","1331","0","test_block","poldrack-single-stim","310","470051","0.0-5.0-296.0","go-nogo","true","0","","true","<div class = centerbox><div  id = stim2></div></div>","32","32","750","","test","go","296","random","","",""
"","320","32","1473","0","test_block","poldrack-single-stim","311","471587","0.0-5.0-297.0","go-nogo","true","0","","true","<div class = centerbox><div  id = stim2></div></div>","32","32","750","","test","go","297","random","","",""
"","329","32","1406","0","test_block","poldrack-single-stim","312","473071","0.0-5.0-298.0","go-nogo","true","0","","true","<div class = centerbox><div  id = stim2></div></div>","32","32","750","","test","go","298","random","","",""
"","318","32","1288","0","test_block","poldrack-single-stim","313","474424","0.0-5.0-299.0","go-nogo","true","0","","true","<div class = centerbox><div  id = stim2></div></div>","32","32","750","","test","go","299","random","","",""
"","299","32","1440","0","test_block","poldrack-single-stim","314","475927","0.0-5.0-300.0","go-nogo","true","0","","true","<div class = centerbox><div  id = stim2></div></div>","32","32","750","","test","go","300","random","","",""
"","320","32","1299","0","test_block","poldrack-single-stim","315","477313","0.0-5.0-301.0","go-nogo","true","0","","true","<div class = centerbox><div  id = stim2></div></div>","32","32","750","","test","go","301","random","","",""
"","305","32","1375","0","test_block","poldrack-single-stim","316","478739","0.0-5.0-302.0","go-nogo","true","0","","true","<div class = centerbox><div  id = stim2></div></div>","32","32","750","","test","go","302","random","","",""
"","286","32","1004","0","test_block","poldrack-single-stim","317","479796","0.0-5.0-303.0","go-nogo","true","0","","true","<div class = centerbox><div  id = stim2></div></div>","32","32","750","","test","go","303","random","","",""
"","534","32","1301","0","test_block","poldrack-single-stim","318","481162","0.0-5.0-304.0","go-nogo","true","0","","true","<div class = centerbox><div  id = stim2></div></div>","32","32","750","","test","go","304","random","","",""
"","303","32","1379","0","test_block","poldrack-single-stim","319","482589","0.0-5.0-305.0","go-nogo","true","0","","true","<div class = centerbox><div  id = stim2></div></div>","32","32","750","","test","go","305","random","","",""
"","294","32","1217","0","test_block","poldrack-single-stim","320","483865","0.0-5.0-306.0","go-nogo","true","0","","true","<div class = centerbox><div  id = stim2></div></div>","32","32","750","","test","go","306","random","","",""
"","306","32","1447","0","test_block","poldrack-single-stim","321","485363","0.0-5.0-307.0","go-nogo","true","0","","true","<div class = centerbox><div  id = stim2></div></div>","32","32","750","","test","go","307","random","","",""
"","-1","-1","1341","0","test_block","poldrack-single-stim","322","486759","0.0-5.0-308.0","go-nogo","true","0","","true","<div class = centerbox><div  id = stim1></div></div>","-1","32","750","","test","nogo","308","random","","",""
"","335","32","1187","0","test_block","poldrack-single-stim","323","488030","0.0-5.0-309.0","go-nogo","true","0","","true","<div class = centerbox><div  id = stim2></div></div>","32","32","750","","test","go","309","random","","",""
"","402","32","1211","0","test_block","poldrack-single-stim","324","489294","0.0-5.0-310.0","go-nogo","true","0","","true","<div class = centerbox><div  id = stim2></div></div>","32","32","750","","test","go","310","random","","",""
"","327","32","1226","0","test_block","poldrack-single-stim","325","490580","0.0-5.0-311.0","go-nogo","true","0","","true","<div class = centerbox><div  id = stim2></div></div>","32","32","750","","test","go","311","random","","",""
"","312","32","1283","0","test_block","poldrack-single-stim","326","491921","0.0-5.0-312.0","go-nogo","true","0","","true","<div class = centerbox><div  id = stim2></div></div>","32","32","750","","test","go","312","random","","",""
"","313","32","1097","0","test_block","poldrack-single-stim","327","493100","0.0-5.0-313.0","go-nogo","true","0","","true","<div class = centerbox><div  id = stim2></div></div>","32","32","750","","test","go","313","random","","",""
"","355","32","1464","0","test_block","poldrack-single-stim","328","494618","0.0-5.0-314.0","go-nogo","true","0","","true","<div class = centerbox><div  id = stim2></div></div>","32","32","750","","test","go","314","random","","",""
"","-1","-1","1240","0","test_block","poldrack-single-stim","329","495914","0.0-5.0-315.0","go-nogo","true","0","","true","<div class = centerbox><div  id = stim1></div></div>","-1","32","750","","test","nogo","315","random","","",""
"","-1","-1","1334","0","test_block","poldrack-single-stim","330","497296","0.0-5.0-316.0","go-nogo","true","0","","true","<div class = centerbox><div  id = stim1></div></div>","-1","32","750","","test","nogo","316","random","","",""
"","306","32","1352","0","test_block","poldrack-single-stim","331","498710","0.0-5.0-317.0","go-nogo","true","0","","true","<div class = centerbox><div  id = stim2></div></div>","32","32","750","","test","go","317","random","","",""
"","-1","-1","1001","0","test_block","poldrack-single-stim","332","499782","0.0-5.0-318.0","go-nogo","true","0","","true","<div class = centerbox><div  id = stim1></div></div>","-1","32","750","","test","nogo","318","random","","",""
"","416","32","1149","0","test_block","poldrack-single-stim","333","500992","0.0-5.0-319.0","go-nogo","true","0","","true","<div class = centerbox><div  id = stim2></div></div>","32","32","750","","test","go","319","random","","",""
"","395","32","1212","0","test_block","poldrack-single-stim","334","502262","0.0-5.0-320.0","go-nogo","true","0","","true","<div class = centerbox><div  id = stim2></div></div>","32","32","750","","test","go","320","random","","",""
"","348","32","1125","0","test_block","poldrack-single-stim","335","503437","0.0-5.0-321.0","go-nogo","true","0","","true","<div class = centerbox><div  id = stim2></div></div>","32","32","750","","test","go","321","random","","",""
"","392","32","1389","0","test_block","poldrack-single-stim","336","504890","0.0-5.0-322.0","go-nogo","true","0","","true","<div class = centerbox><div  id = stim2></div></div>","32","32","750","","test","go","322","random","","",""
"","313","32","1242","0","test_block","poldrack-single-stim","337","506179","0.0-5.0-323.0","go-nogo","true","0","","true","<div class = centerbox><div  id = stim2></div></div>","32","32","750","","test","go","323","random","","",""
"","-1","-1","1017","0","test_block","poldrack-single-stim","338","507252","0.0-5.0-324.0","go-nogo","true","0","","true","<div class = centerbox><div  id = stim1></div></div>","-1","32","750","","test","nogo","324","random","","",""
"","-1","-1","1218","0","test_block","poldrack-single-stim","339","508534","0.0-5.0-325.0","go-nogo","true","0","","true","<div class = centerbox><div  id = stim1></div></div>","-1","32","750","","test","nogo","325","random","","",""
"","256","32","1390","0","test_block","poldrack-single-stim","340","509985","0.0-5.0-326.0","go-nogo","true","0","","true","<div class = centerbox><div  id = stim2></div></div>","32","32","750","","test","go","326","random","","",""
"","518","32","1409","0","test_block","poldrack-single-stim","341","511457","0.0-5.0-327.0","go-nogo","true","0","","true","<div class = centerbox><div  id = stim2></div></div>","32","32","750","","test","go","327","random","","",""
"","311","32","1369","0","test_block","poldrack-single-stim","342","512877","0.0-5.0-328.0","go-nogo","true","0","","true","<div class = centerbox><div  id = stim2></div></div>","32","32","750","","test","go","328","random","","",""
"","371","32","1254","0","test_block","poldrack-single-stim","343","514204","0.0-5.0-329.0","go-nogo","true","0","","true","<div class = centerbox><div  id = stim2></div></div>","32","32","750","","test","go","329","random","","",""
"","384","32","1356","0","test_block","poldrack-single-stim","344","515611","0.0-5.0-330.0","go-nogo","true","0","","true","<div class = centerbox><div  id = stim2></div></div>","32","32","750","","test","go","330","random","","",""
"","363","32","1226","0","test_block","poldrack-single-stim","345","516897","0.0-5.0-331.0","go-nogo","true","0","","true","<div class = centerbox><div  id = stim2></div></div>","32","32","750","","test","go","331","random","","",""
"","337","32","1063","0","test_block","poldrack-single-stim","346","518017","0.0-5.0-332.0","go-nogo","true","0","","true","<div class = centerbox><div  id = stim2></div></div>","32","32","750","","test","go","332","random","","",""
"","371","32","1176","0","test_block","poldrack-single-stim","347","519252","0.0-5.0-333.0","go-nogo","true","0","","true","<div class = centerbox><div  id = stim2></div></div>","32","32","750","","test","go","333","random","","",""
"","331","32","1359","0","test_block","poldrack-single-stim","348","520680","0.0-5.0-334.0","go-nogo","true","0","","true","<div class = centerbox><div  id = stim2></div></div>","32","32","750","","test","go","334","random","","",""
"","358","32","1455","0","test_block","poldrack-single-stim","349","522200","0.0-5.0-335.0","go-nogo","true","0","","true","<div class = centerbox><div  id = stim2></div></div>","32","32","750","","test","go","335","random","","",""
"","313","32","1486","0","test_block","poldrack-single-stim","350","523742","0.0-5.0-336.0","go-nogo","true","0","","true","<div class = centerbox><div  id = stim2></div></div>","32","32","750","","test","go","336","random","","",""
"","308","32","1048","0","test_block","poldrack-single-stim","351","524854","0.0-5.0-337.0","go-nogo","true","0","","true","<div class = centerbox><div  id = stim2></div></div>","32","32","750","","test","go","337","random","","",""
"","416","32","1132","0","test_block","poldrack-single-stim","352","526073","0.0-5.0-338.0","go-nogo","true","0","","true","<div class = centerbox><div  id = stim2></div></div>","32","32","750","","test","go","338","random","","",""
"","302","32","1117","0","test_block","poldrack-single-stim","353","527251","0.0-5.0-339.0","go-nogo","true","0","","true","<div class = centerbox><div  id = stim2></div></div>","32","32","750","","test","go","339","random","","",""
"","-1","-1","1436","0","test_block","poldrack-single-stim","354","528756","0.0-5.0-340.0","go-nogo","true","0","","true","<div class = centerbox><div  id = stim1></div></div>","-1","32","750","","test","nogo","340","random","","",""
"","285","32","1474","0","test_block","poldrack-single-stim","355","530314","0.0-5.0-341.0","go-nogo","true","0","","true","<div class = centerbox><div  id = stim2></div></div>","32","32","750","","test","go","341","random","","",""
"","303","32","1184","0","test_block","poldrack-single-stim","356","531570","0.0-5.0-342.0","go-nogo","true","0","","true","<div class = centerbox><div  id = stim2></div></div>","32","32","750","","test","go","342","random","","",""
"","-1","-1","1424","0","test_block","poldrack-single-stim","357","533051","0.0-5.0-343.0","go-nogo","true","0","","true","<div class = centerbox><div  id = stim1></div></div>","-1","32","750","","test","nogo","343","random","","",""
"","296","32","1411","0","test_block","poldrack-single-stim","358","534543","0.0-5.0-344.0","go-nogo","true","0","","true","<div class = centerbox><div  id = stim2></div></div>","32","32","750","","test","go","344","random","","",""
"","298","32","1005","0","test_block","poldrack-single-stim","359","535604","0.0-5.0-345.0","go-nogo","true","0","","true","<div class = centerbox><div  id = stim2></div></div>","32","32","750","","test","go","345","random","","",""
"","-1","-1","1048","0","test_block","poldrack-single-stim","360","536712","0.0-5.0-346.0","go-nogo","true","0","","true","<div class = centerbox><div  id = stim1></div></div>","-1","32","750","","test","nogo","346","random","","",""
"","300","32","1236","0","test_block","poldrack-single-stim","361","537994","0.0-5.0-347.0","go-nogo","true","0","","true","<div class = centerbox><div  id = stim2></div></div>","32","32","750","","test","go","347","random","","",""
"","339","32","1279","0","test_block","poldrack-single-stim","362","539338","0.0-5.0-348.0","go-nogo","true","0","","true","<div class = centerbox><div  id = stim2></div></div>","32","32","750","","test","go","348","random","","",""
"","351","32","1157","0","test_block","poldrack-single-stim","363","540545","0.0-5.0-349.0","go-nogo","true","0","","true","<div class = centerbox><div  id = stim2></div></div>","32","32","750","","test","go","349","random","","",""
"","39797","","","","post task questions","survey-text","364","580411","0.0-7.0","go-nogo","true","0","","","","","","","","","","","","{""Q0"":""Click on the space bar if a blue square appeared, ignore if an orange square appeared."",""Q1"":""""}","",""
