"text","rt","key_press","block_duration","timing_post_trial","trial_id","trial_type","trial_index","time_elapsed","internal_node_id","exp_id","full_screen","focus_shifts","view_history","correct","stimulus","correct_response","possible_responses","stim_duration","feedback_duration","exp_stage","condition","trial_num","mode","responses","payment_id","credit_var"
"<div class = centerbox><p class = center-block-text>Welcome to the experiment. This task will take around 10 minutes. Press <strong>enter</strong> to begin.</p></div>","11","13","11","0","instruction","poldrack-text","0","15","0.0-0.0-0.0","go-nogo","true","0","","","","","","","","","","","","","",""
"","21390","","","","instruction","poldrack-instructions","1","21406","0.0-0.0-1.0","go-nogo","true","0","[{""page_index"":0,""viewing_time"":21389}]","","","","","","","","","","","","",""
"","660","32","1252","250","practice","poldrack-categorize","2","24678","0.0-1.0-0.0","go-nogo","true","0","","true","<div class = centerbox><div  id = stim1></div></div>","32","32","750","1000","practice","go","0","random","","",""
"","-1","-1","1492","250","practice","poldrack-categorize","3","27429","0.0-1.0-1.0","go-nogo","true","0","","true","<div class = centerbox><div id = stim2></div></div>","-1","32","750","1000","practice","nogo","1","random","","",""
"","-1","-1","1113","250","practice","poldrack-categorize","4","29799","0.0-1.0-2.0","go-nogo","true","0","","true","<div class = centerbox><div id = stim2></div></div>","-1","32","750","1000","practice","nogo","2","random","","",""
"","-1","-1","1043","250","practice","poldrack-categorize","5","32105","0.0-1.0-3.0","go-nogo","true","0","","true","<div class = centerbox><div id = stim2></div></div>","-1","32","750","1000","practice","nogo","3","random","","",""
"","-1","-1","1172","250","practice","poldrack-categorize","6","34535","0.0-1.0-4.0","go-nogo","true","0","","true","<div class = centerbox><div id = stim2></div></div>","-1","32","750","1000","practice","nogo","4","random","","",""
"","648","32","1349","250","practice","poldrack-categorize","7","37143","0.0-1.0-5.0","go-nogo","true","0","","true","<div class = centerbox><div  id = stim1></div></div>","32","32","750","1000","practice","go","5","random","","",""
"","755","32","1105","250","practice","poldrack-categorize","8","39504","0.0-1.0-6.0","go-nogo","true","0","","true","<div class = centerbox><div  id = stim1></div></div>","32","32","750","1000","practice","go","6","random","","",""
"","601","32","1254","250","practice","poldrack-categorize","9","42016","0.0-1.0-7.0","go-nogo","true","0","","true","<div class = centerbox><div  id = stim1></div></div>","32","32","750","1000","practice","go","7","random","","",""
"","-1","-1","1266","250","practice","poldrack-categorize","10","44539","0.0-1.0-8.0","go-nogo","true","0","","true","<div class = centerbox><div id = stim2></div></div>","-1","32","750","1000","practice","nogo","8","random","","",""
"","629","32","1274","250","practice","poldrack-categorize","11","47069","0.0-1.0-9.0","go-nogo","true","0","","true","<div class = centerbox><div  id = stim1></div></div>","32","32","750","1000","practice","go","9","random","","",""
"","","","","","reset_trial","call-function","12","47321","0.0-3.0","go-nogo","true","0","","","","","","","","","","","","","",""
"<div class = centerbox><p class = block-text>Practice is over, we will now begin the experiment. You will no longer get feedback about your responses.</p><p class = block-text>Remember, if you see the <font color=""orange"">orange</font> square you should <strong> respond by pressing the spacebar as quickly as possible</strong>. If you see the <font color=""blue"">blue</font> square you should <strong> not respond</strong>. Press <strong>enter</strong> to begin.</p></div>","9008","13","9008","1000","test_intro","poldrack-text","13","56330","0.0-4.0","go-nogo","true","0","","","","","","","","","","","","","",""
"","530","32","1189","0","test_block","poldrack-single-stim","14","58524","0.0-5.0-0.0","go-nogo","true","0","","true","<div class = centerbox><div  id = stim1></div></div>","32","32","750","","test","go","0","random","","",""
"","493","32","1101","0","test_block","poldrack-single-stim","15","59720","0.0-5.0-1.0","go-nogo","true","0","","true","<div class = centerbox><div  id = stim1></div></div>","32","32","750","","test","go","1","random","","",""
"","531","32","1350","0","test_block","poldrack-single-stim","16","61167","0.0-5.0-2.0","go-nogo","true","0","","true","<div class = centerbox><div  id = stim1></div></div>","32","32","750","","test","go","2","random","","",""
"","486","32","1205","0","test_block","poldrack-single-stim","17","62441","0.0-5.0-3.0","go-nogo","true","0","","true","<div class = centerbox><div  id = stim1></div></div>","32","32","750","","test","go","3","random","","",""
"","502","32","1041","0","test_block","poldrack-single-stim","18","63565","0.0-5.0-4.0","go-nogo","true","0","","true","<div class = centerbox><div  id = stim1></div></div>","32","32","750","","test","go","4","random","","",""
"","475","32","1039","0","test_block","poldrack-single-stim","19","64715","0.0-5.0-5.0","go-nogo","true","0","","true","<div class = centerbox><div  id = stim1></div></div>","32","32","750","","test","go","5","random","","",""
"","501","32","1266","0","test_block","poldrack-single-stim","20","66051","0.0-5.0-6.0","go-nogo","true","0","","true","<div class = centerbox><div  id = stim1></div></div>","32","32","750","","test","go","6","random","","",""
"","400","32","1447","0","test_block","poldrack-single-stim","21","67578","0.0-5.0-7.0","go-nogo","true","0","","true","<div class = centerbox><div  id = stim1></div></div>","32","32","750","","test","go","7","random","","",""
"","437","32","1123","0","test_block","poldrack-single-stim","22","68781","0.0-5.0-8.0","go-nogo","true","0","","true","<div class = centerbox><div  id = stim1></div></div>","32","32","750","","test","go","8","random","","",""
"","442","32","1405","0","test_block","poldrack-single-stim","23","70262","0.0-5.0-9.0","go-nogo","true","0","","true","<div class = centerbox><div  id = stim1></div></div>","32","32","750","","test","go","9","random","","",""
"","473","32","1310","0","test_block","poldrack-single-stim","24","71662","0.0-5.0-10.0","go-nogo","true","0","","true","<div class = centerbox><div  id = stim1></div></div>","32","32","750","","test","go","10","random","","",""
"","355","32","1178","0","test_block","poldrack-single-stim","25","72881","0.0-5.0-11.0","go-nogo","true","0","","true","<div class = centerbox><div  id = stim1></div></div>","32","32","750","","test","go","11","random","","",""
"","357","32","1433","0","test_block","poldrack-single-stim","26","74398","0.0-5.0-12.0","go-nogo","true","0","","true","<div class = centerbox><div  id = stim1></div></div>","32","32","750","","test","go","12","random","","",""
"","421","32","1231","0","test_block","poldrack-single-stim","27","75698","0.0-5.0-13.0","go-nogo","true","0","","true","<div class = centerbox><div  id = stim1></div></div>","32","32","750","","test","go","13","random","","",""
"","327","32","1438","0","test_block","poldrack-single-stim","28","77224","0.0-5.0-14.0","go-nogo","true","0","","true","<div class = centerbox><div  id = stim1></div></div>","32","32","750","","test","go","14","random","","",""
"","400","32","1467","0","test_block","poldrack-single-stim","29","78768","0.0-5.0-15.0","go-nogo","true","0","","true","<div class = centerbox><div  id = stim1></div></div>","32","32","750","","test","go","15","random","","",""
"","436","32","1387","0","test_block","poldrack-single-stim","30","80256","0.0-5.0-16.0","go-nogo","true","0","","true","<div class = centerbox><div  id = stim1></div></div>","32","32","750","","test","go","16","random","","",""
"","366","32","1270","0","test_block","poldrack-single-stim","31","81596","0.0-5.0-17.0","go-nogo","true","0","","true","<div class = centerbox><div  id = stim1></div></div>","32","32","750","","test","go","17","random","","",""
"","336","32","1347","0","test_block","poldrack-single-stim","32","83013","0.0-5.0-18.0","go-nogo","true","0","","true","<div class = centerbox><div  id = stim1></div></div>","32","32","750","","test","go","18","random","","",""
"","343","32","1155","0","test_block","poldrack-single-stim","33","84232","0.0-5.0-19.0","go-nogo","true","0","","true","<div class = centerbox><div  id = stim1></div></div>","32","32","750","","test","go","19","random","","",""
"","357","32","1387","0","test_block","poldrack-single-stim","34","85671","0.0-5.0-20.0","go-nogo","true","0","","true","<div class = centerbox><div  id = stim1></div></div>","32","32","750","","test","go","20","random","","",""
"","361","32","1165","0","test_block","poldrack-single-stim","35","86910","0.0-5.0-21.0","go-nogo","true","0","","true","<div class = centerbox><div  id = stim1></div></div>","32","32","750","","test","go","21","random","","",""
"","310","32","1155","0","test_block","poldrack-single-stim","36","88136","0.0-5.0-22.0","go-nogo","true","0","","true","<div class = centerbox><div  id = stim1></div></div>","32","32","750","","test","go","22","random","","",""
"","359","32","1367","0","test_block","poldrack-single-stim","37","89574","0.0-5.0-23.0","go-nogo","true","0","","true","<div class = centerbox><div  id = stim1></div></div>","32","32","750","","test","go","23","random","","",""
"","357","32","1435","0","test_block","poldrack-single-stim","38","91107","0.0-5.0-24.0","go-nogo","true","0","","true","<div class = centerbox><div  id = stim1></div></div>","32","32","750","","test","go","24","random","","",""
"","-1","-1","1117","0","test_block","poldrack-single-stim","39","92286","0.0-5.0-25.0","go-nogo","true","0","","true","<div class = centerbox><div  id = stim2></div></div>","-1","32","750","","test","nogo","25","random","","",""
"","455","32","1492","0","test_block","poldrack-single-stim","40","93832","0.0-5.0-26.0","go-nogo","true","0","","true","<div class = centerbox><div  id = stim1></div></div>","32","32","750","","test","go","26","random","","",""
"","-1","-1","1430","0","test_block","poldrack-single-stim","41","95339","0.0-5.0-27.0","go-nogo","true","0","","true","<div class = centerbox><div  id = stim2></div></div>","-1","32","750","","test","nogo","27","random","","",""
"","464","32","1046","0","test_block","poldrack-single-stim","42","96435","0.0-5.0-28.0","go-nogo","true","0","","true","<div class = centerbox><div  id = stim1></div></div>","32","32","750","","test","go","28","random","","",""
"","612","32","1270","0","test_block","poldrack-single-stim","43","97778","0.0-5.0-29.0","go-nogo","true","0","","true","<div class = centerbox><div  id = stim1></div></div>","32","32","750","","test","go","29","random","","",""
"","664","32","1176","0","test_block","poldrack-single-stim","44","98987","0.0-5.0-30.0","go-nogo","true","0","","true","<div class = centerbox><div  id = stim1></div></div>","32","32","750","","test","go","30","random","","",""
"","590","32","1298","0","test_block","poldrack-single-stim","45","100387","0.0-5.0-31.0","go-nogo","true","0","","true","<div class = centerbox><div  id = stim1></div></div>","32","32","750","","test","go","31","random","","",""
"","380","32","1426","0","test_block","poldrack-single-stim","46","101889","0.0-5.0-32.0","go-nogo","true","0","","true","<div class = centerbox><div  id = stim1></div></div>","32","32","750","","test","go","32","random","","",""
"","371","32","1103","0","test_block","poldrack-single-stim","47","103089","0.0-5.0-33.0","go-nogo","true","0","","true","<div class = centerbox><div  id = stim1></div></div>","32","32","750","","test","go","33","random","","",""
"","323","32","1487","0","test_block","poldrack-single-stim","48","104644","0.0-5.0-34.0","go-nogo","true","0","","false","<div class = centerbox><div  id = stim2></div></div>","-1","32","750","","test","nogo","34","random","","",""
"","671","32","1374","0","test_block","poldrack-single-stim","49","106080","0.0-5.0-35.0","go-nogo","true","0","","true","<div class = centerbox><div  id = stim1></div></div>","32","32","750","","test","go","35","random","","",""
"","389","32","1120","0","test_block","poldrack-single-stim","50","107281","0.0-5.0-36.0","go-nogo","true","0","","true","<div class = centerbox><div  id = stim1></div></div>","32","32","750","","test","go","36","random","","",""
"","-1","-1","1187","0","test_block","poldrack-single-stim","51","108531","0.0-5.0-37.0","go-nogo","true","0","","true","<div class = centerbox><div  id = stim2></div></div>","-1","32","750","","test","nogo","37","random","","",""
"","402","32","1145","0","test_block","poldrack-single-stim","52","109746","0.0-5.0-38.0","go-nogo","true","0","","true","<div class = centerbox><div  id = stim1></div></div>","32","32","750","","test","go","38","random","","",""
"","549","32","1405","0","test_block","poldrack-single-stim","53","111213","0.0-5.0-39.0","go-nogo","true","0","","true","<div class = centerbox><div  id = stim1></div></div>","32","32","750","","test","go","39","random","","",""
"","520","32","1383","0","test_block","poldrack-single-stim","54","112664","0.0-5.0-40.0","go-nogo","true","0","","true","<div class = centerbox><div  id = stim1></div></div>","32","32","750","","test","go","40","random","","",""
"","444","32","1132","0","test_block","poldrack-single-stim","55","113865","0.0-5.0-41.0","go-nogo","true","0","","true","<div class = centerbox><div  id = stim1></div></div>","32","32","750","","test","go","41","random","","",""
"","362","32","1465","0","test_block","poldrack-single-stim","56","115403","0.0-5.0-42.0","go-nogo","true","0","","true","<div class = centerbox><div  id = stim1></div></div>","32","32","750","","test","go","42","random","","",""
"","-1","-1","1387","0","test_block","poldrack-single-stim","57","116876","0.0-5.0-43.0","go-nogo","true","0","","true","<div class = centerbox><div  id = stim2></div></div>","-1","32","750","","test","nogo","43","random","","",""
"","494","32","1435","0","test_block","poldrack-single-stim","58","118372","0.0-5.0-44.0","go-nogo","true","0","","true","<div class = centerbox><div  id = stim1></div></div>","32","32","750","","test","go","44","random","","",""
"","442","32","1411","0","test_block","poldrack-single-stim","59","119855","0.0-5.0-45.0","go-nogo","true","0","","true","<div class = centerbox><div  id = stim1></div></div>","32","32","750","","test","go","45","random","","",""
"","-1","-1","1116","0","test_block","poldrack-single-stim","60","121063","0.0-5.0-46.0","go-nogo","true","0","","true","<div class = centerbox><div  id = stim2></div></div>","-1","32","750","","test","nogo","46","random","","",""
"","474","32","1317","0","test_block","poldrack-single-stim","61","122434","0.0-5.0-47.0","go-nogo","true","0","","true","<div class = centerbox><div  id = stim1></div></div>","32","32","750","","test","go","47","random","","",""
"","522","32","1169","0","test_block","poldrack-single-stim","62","123664","0.0-5.0-48.0","go-nogo","true","0","","true","<div class = centerbox><div  id = stim1></div></div>","32","32","750","","test","go","48","random","","",""
"","479","32","1418","0","test_block","poldrack-single-stim","63","125150","0.0-5.0-49.0","go-nogo","true","0","","true","<div class = centerbox><div  id = stim1></div></div>","32","32","750","","test","go","49","random","","",""
"","462","32","1452","0","test_block","poldrack-single-stim","64","126675","0.0-5.0-50.0","go-nogo","true","0","","true","<div class = centerbox><div  id = stim1></div></div>","32","32","750","","test","go","50","random","","",""
"","617","32","1251","0","test_block","poldrack-single-stim","65","127985","0.0-5.0-51.0","go-nogo","true","0","","true","<div class = centerbox><div  id = stim1></div></div>","32","32","750","","test","go","51","random","","",""
"","429","32","1265","0","test_block","poldrack-single-stim","66","129309","0.0-5.0-52.0","go-nogo","true","0","","true","<div class = centerbox><div  id = stim1></div></div>","32","32","750","","test","go","52","random","","",""
"","400","32","1313","0","test_block","poldrack-single-stim","67","130662","0.0-5.0-53.0","go-nogo","true","0","","true","<div class = centerbox><div  id = stim1></div></div>","32","32","750","","test","go","53","random","","",""
"","391","32","1273","0","test_block","poldrack-single-stim","68","132006","0.0-5.0-54.0","go-nogo","true","0","","true","<div class = centerbox><div  id = stim1></div></div>","32","32","750","","test","go","54","random","","",""
"","341","32","1028","0","test_block","poldrack-single-stim","69","133098","0.0-5.0-55.0","go-nogo","true","0","","true","<div class = centerbox><div  id = stim1></div></div>","32","32","750","","test","go","55","random","","",""
"","549","32","1141","0","test_block","poldrack-single-stim","70","134311","0.0-5.0-56.0","go-nogo","true","0","","true","<div class = centerbox><div  id = stim1></div></div>","32","32","750","","test","go","56","random","","",""
"","463","32","1043","0","test_block","poldrack-single-stim","71","135398","0.0-5.0-57.0","go-nogo","true","0","","true","<div class = centerbox><div  id = stim1></div></div>","32","32","750","","test","go","57","random","","",""
"","475","32","1471","0","test_block","poldrack-single-stim","72","136928","0.0-5.0-58.0","go-nogo","true","0","","true","<div class = centerbox><div  id = stim1></div></div>","32","32","750","","test","go","58","random","","",""
"","470","32","1324","0","test_block","poldrack-single-stim","73","138344","0.0-5.0-59.0","go-nogo","true","0","","true","<div class = centerbox><div  id = stim1></div></div>","32","32","750","","test","go","59","random","","",""
"","-1","-1","1475","0","test_block","poldrack-single-stim","74","139860","0.0-5.0-60.0","go-nogo","true","0","","true","<div class = centerbox><div  id = stim2></div></div>","-1","32","750","","test","nogo","60","random","","",""
"","406","32","1275","0","test_block","poldrack-single-stim","75","141213","0.0-5.0-61.0","go-nogo","true","0","","true","<div class = centerbox><div  id = stim1></div></div>","32","32","750","","test","go","61","random","","",""
"","408","32","1104","0","test_block","poldrack-single-stim","76","142393","0.0-5.0-62.0","go-nogo","true","0","","true","<div class = centerbox><div  id = stim1></div></div>","32","32","750","","test","go","62","random","","",""
"","348","32","1296","0","test_block","poldrack-single-stim","77","143723","0.0-5.0-63.0","go-nogo","true","0","","true","<div class = centerbox><div  id = stim1></div></div>","32","32","750","","test","go","63","random","","",""
"","494","32","1073","0","test_block","poldrack-single-stim","78","144868","0.0-5.0-64.0","go-nogo","true","0","","true","<div class = centerbox><div  id = stim1></div></div>","32","32","750","","test","go","64","random","","",""
"","429","32","1415","0","test_block","poldrack-single-stim","79","146347","0.0-5.0-65.0","go-nogo","true","0","","true","<div class = centerbox><div  id = stim1></div></div>","32","32","750","","test","go","65","random","","",""
"","381","32","1057","0","test_block","poldrack-single-stim","80","147502","0.0-5.0-66.0","go-nogo","true","0","","true","<div class = centerbox><div  id = stim1></div></div>","32","32","750","","test","go","66","random","","",""
"","355","32","1231","0","test_block","poldrack-single-stim","81","148813","0.0-5.0-67.0","go-nogo","true","0","","true","<div class = centerbox><div  id = stim1></div></div>","32","32","750","","test","go","67","random","","",""
"","371","32","1224","0","test_block","poldrack-single-stim","82","150127","0.0-5.0-68.0","go-nogo","true","0","","true","<div class = centerbox><div  id = stim1></div></div>","32","32","750","","test","go","68","random","","",""
"","340","32","1456","0","test_block","poldrack-single-stim","83","151643","0.0-5.0-69.0","go-nogo","true","0","","true","<div class = centerbox><div  id = stim1></div></div>","32","32","750","","test","go","69","random","","",""
"","347","32","1324","0","test_block","poldrack-single-stim","84","153037","0.0-5.0-70.0","go-nogo","true","0","","true","<div class = centerbox><div  id = stim1></div></div>","32","32","750","","test","go","70","random","","",""
"","351","32","1049","0","test_block","poldrack-single-stim","85","154173","0.0-5.0-71.0","go-nogo","true","0","","true","<div class = centerbox><div  id = stim1></div></div>","32","32","750","","test","go","71","random","","",""
"","356","32","1147","0","test_block","poldrack-single-stim","86","155382","0.0-5.0-72.0","go-nogo","true","0","","true","<div class = centerbox><div  id = stim1></div></div>","32","32","750","","test","go","72","random","","",""
"","307","32","1391","0","test_block","poldrack-single-stim","87","156833","0.0-5.0-73.0","go-nogo","true","0","","true","<div class = centerbox><div  id = stim1></div></div>","32","32","750","","test","go","73","random","","",""
"","-1","-1","1101","0","test_block","poldrack-single-stim","88","158007","0.0-5.0-74.0","go-nogo","true","0","","true","<div class = centerbox><div  id = stim2></div></div>","-1","32","750","","test","nogo","74","random","","",""
"","779","32","1298","0","test_block","poldrack-single-stim","89","159372","0.0-5.0-75.0","go-nogo","true","0","","true","<div class = centerbox><div  id = stim1></div></div>","32","32","750","","test","go","75","random","","",""
"","458","32","1259","0","test_block","poldrack-single-stim","90","160701","0.0-5.0-76.0","go-nogo","true","0","","true","<div class = centerbox><div  id = stim1></div></div>","32","32","750","","test","go","76","random","","",""
"","320","32","1176","0","test_block","poldrack-single-stim","91","161949","0.0-5.0-77.0","go-nogo","true","0","","true","<div class = centerbox><div  id = stim1></div></div>","32","32","750","","test","go","77","random","","",""
"","330","32","1045","0","test_block","poldrack-single-stim","92","163058","0.0-5.0-78.0","go-nogo","true","0","","true","<div class = centerbox><div  id = stim1></div></div>","32","32","750","","test","go","78","random","","",""
"","312","32","1115","0","test_block","poldrack-single-stim","93","164253","0.0-5.0-79.0","go-nogo","true","0","","true","<div class = centerbox><div  id = stim1></div></div>","32","32","750","","test","go","79","random","","",""
"","319","32","1344","0","test_block","poldrack-single-stim","94","165692","0.0-5.0-80.0","go-nogo","true","0","","true","<div class = centerbox><div  id = stim1></div></div>","32","32","750","","test","go","80","random","","",""
"","378","32","1065","0","test_block","poldrack-single-stim","95","166834","0.0-5.0-81.0","go-nogo","true","0","","true","<div class = centerbox><div  id = stim1></div></div>","32","32","750","","test","go","81","random","","",""
"","469","32","1108","0","test_block","poldrack-single-stim","96","168007","0.0-5.0-82.0","go-nogo","true","0","","true","<div class = centerbox><div  id = stim1></div></div>","32","32","750","","test","go","82","random","","",""
"","338","32","1329","0","test_block","poldrack-single-stim","97","169415","0.0-5.0-83.0","go-nogo","true","0","","true","<div class = centerbox><div  id = stim1></div></div>","32","32","750","","test","go","83","random","","",""
"","313","32","1045","0","test_block","poldrack-single-stim","98","170491","0.0-5.0-84.0","go-nogo","true","0","","true","<div class = centerbox><div  id = stim1></div></div>","32","32","750","","test","go","84","random","","",""
"","317","32","1205","0","test_block","poldrack-single-stim","99","171759","0.0-5.0-85.0","go-nogo","true","0","","true","<div class = centerbox><div  id = stim1></div></div>","32","32","750","","test","go","85","random","","",""
"","341","32","1478","0","test_block","poldrack-single-stim","100","173322","0.0-5.0-86.0","go-nogo","true","0","","true","<div class = centerbox><div  id = stim1></div></div>","32","32","750","","test","go","86","random","","",""
"","381","32","1431","0","test_block","poldrack-single-stim","101","174840","0.0-5.0-87.0","go-nogo","true","0","","true","<div class = centerbox><div  id = stim1></div></div>","32","32","750","","test","go","87","random","","",""
"","404","32","1420","0","test_block","poldrack-single-stim","102","176320","0.0-5.0-88.0","go-nogo","true","0","","true","<div class = centerbox><div  id = stim1></div></div>","32","32","750","","test","go","88","random","","",""
"","383","32","1043","0","test_block","poldrack-single-stim","103","177400","0.0-5.0-89.0","go-nogo","true","0","","true","<div class = centerbox><div  id = stim1></div></div>","32","32","750","","test","go","89","random","","",""
"","607","32","1232","0","test_block","poldrack-single-stim","104","178718","0.0-5.0-90.0","go-nogo","true","0","","true","<div class = centerbox><div  id = stim1></div></div>","32","32","750","","test","go","90","random","","",""
"","323","32","1453","0","test_block","poldrack-single-stim","105","180237","0.0-5.0-91.0","go-nogo","true","0","","true","<div class = centerbox><div  id = stim1></div></div>","32","32","750","","test","go","91","random","","",""
"","363","32","1127","0","test_block","poldrack-single-stim","106","181436","0.0-5.0-92.0","go-nogo","true","0","","true","<div class = centerbox><div  id = stim1></div></div>","32","32","750","","test","go","92","random","","",""
"","347","32","1059","0","test_block","poldrack-single-stim","107","182587","0.0-5.0-93.0","go-nogo","true","0","","true","<div class = centerbox><div  id = stim1></div></div>","32","32","750","","test","go","93","random","","",""
"","309","32","1028","0","test_block","poldrack-single-stim","108","183699","0.0-5.0-94.0","go-nogo","true","0","","true","<div class = centerbox><div  id = stim1></div></div>","32","32","750","","test","go","94","random","","",""
"","318","32","1122","0","test_block","poldrack-single-stim","109","184906","0.0-5.0-95.0","go-nogo","true","0","","true","<div class = centerbox><div  id = stim1></div></div>","32","32","750","","test","go","95","random","","",""
"","317","32","1152","0","test_block","poldrack-single-stim","110","186141","0.0-5.0-96.0","go-nogo","true","0","","true","<div class = centerbox><div  id = stim1></div></div>","32","32","750","","test","go","96","random","","",""
"","273","32","1252","0","test_block","poldrack-single-stim","111","187482","0.0-5.0-97.0","go-nogo","true","0","","true","<div class = centerbox><div  id = stim1></div></div>","32","32","750","","test","go","97","random","","",""
"","277","32","1061","0","test_block","poldrack-single-stim","112","188630","0.0-5.0-98.0","go-nogo","true","0","","true","<div class = centerbox><div  id = stim1></div></div>","32","32","750","","test","go","98","random","","",""
"","280","32","1041","0","test_block","poldrack-single-stim","113","189764","0.0-5.0-99.0","go-nogo","true","0","","true","<div class = centerbox><div  id = stim1></div></div>","32","32","750","","test","go","99","random","","",""
"","332","32","1372","0","test_block","poldrack-single-stim","114","191207","0.0-5.0-100.0","go-nogo","true","0","","true","<div class = centerbox><div  id = stim1></div></div>","32","32","750","","test","go","100","random","","",""
"","424","32","1247","0","test_block","poldrack-single-stim","115","192533","0.0-5.0-101.0","go-nogo","true","0","","true","<div class = centerbox><div  id = stim1></div></div>","32","32","750","","test","go","101","random","","",""
"","321","32","1480","0","test_block","poldrack-single-stim","116","194086","0.0-5.0-102.0","go-nogo","true","0","","true","<div class = centerbox><div  id = stim1></div></div>","32","32","750","","test","go","102","random","","",""
"","195","32","1167","0","test_block","poldrack-single-stim","117","195328","0.0-5.0-103.0","go-nogo","true","0","","false","<div class = centerbox><div  id = stim2></div></div>","-1","32","750","","test","nogo","103","random","","",""
"","-1","-1","1179","0","test_block","poldrack-single-stim","118","196564","0.0-5.0-104.0","go-nogo","true","0","","true","<div class = centerbox><div  id = stim2></div></div>","-1","32","750","","test","nogo","104","random","","",""
"","588","32","1001","0","test_block","poldrack-single-stim","119","197651","0.0-5.0-105.0","go-nogo","true","0","","true","<div class = centerbox><div  id = stim1></div></div>","32","32","750","","test","go","105","random","","",""
"","414","32","1307","0","test_block","poldrack-single-stim","120","199027","0.0-5.0-106.0","go-nogo","true","0","","true","<div class = centerbox><div  id = stim1></div></div>","32","32","750","","test","go","106","random","","",""
"","405","32","1055","0","test_block","poldrack-single-stim","121","200168","0.0-5.0-107.0","go-nogo","true","0","","true","<div class = centerbox><div  id = stim1></div></div>","32","32","750","","test","go","107","random","","",""
"","-1","-1","1499","0","test_block","poldrack-single-stim","122","201725","0.0-5.0-108.0","go-nogo","true","0","","true","<div class = centerbox><div  id = stim2></div></div>","-1","32","750","","test","nogo","108","random","","",""
"","398","32","1360","0","test_block","poldrack-single-stim","123","203162","0.0-5.0-109.0","go-nogo","true","0","","true","<div class = centerbox><div  id = stim1></div></div>","32","32","750","","test","go","109","random","","",""
"","388","32","1325","0","test_block","poldrack-single-stim","124","204545","0.0-5.0-110.0","go-nogo","true","0","","true","<div class = centerbox><div  id = stim1></div></div>","32","32","750","","test","go","110","random","","",""
"","309","32","1491","0","test_block","poldrack-single-stim","125","206124","0.0-5.0-111.0","go-nogo","true","0","","true","<div class = centerbox><div  id = stim1></div></div>","32","32","750","","test","go","111","random","","",""
"","370","32","1247","0","test_block","poldrack-single-stim","126","207435","0.0-5.0-112.0","go-nogo","true","0","","true","<div class = centerbox><div  id = stim1></div></div>","32","32","750","","test","go","112","random","","",""
"","342","32","1314","0","test_block","poldrack-single-stim","127","208832","0.0-5.0-113.0","go-nogo","true","0","","true","<div class = centerbox><div  id = stim1></div></div>","32","32","750","","test","go","113","random","","",""
"","718","32","1120","0","test_block","poldrack-single-stim","128","210038","0.0-5.0-114.0","go-nogo","true","0","","true","<div class = centerbox><div  id = stim1></div></div>","32","32","750","","test","go","114","random","","",""
"","594","32","1118","0","test_block","poldrack-single-stim","129","211192","0.0-5.0-115.0","go-nogo","true","0","","true","<div class = centerbox><div  id = stim1></div></div>","32","32","750","","test","go","115","random","","",""
"","435","32","1257","0","test_block","poldrack-single-stim","130","212523","0.0-5.0-116.0","go-nogo","true","0","","true","<div class = centerbox><div  id = stim1></div></div>","32","32","750","","test","go","116","random","","",""
"","411","32","1039","0","test_block","poldrack-single-stim","131","213651","0.0-5.0-117.0","go-nogo","true","0","","true","<div class = centerbox><div  id = stim1></div></div>","32","32","750","","test","go","117","random","","",""
"","403","32","1260","0","test_block","poldrack-single-stim","132","214994","0.0-5.0-118.0","go-nogo","true","0","","true","<div class = centerbox><div  id = stim1></div></div>","32","32","750","","test","go","118","random","","",""
"","-1","-1","1319","0","test_block","poldrack-single-stim","133","216370","0.0-5.0-119.0","go-nogo","true","0","","true","<div class = centerbox><div  id = stim2></div></div>","-1","32","750","","test","nogo","119","random","","",""
"","442","32","1321","0","test_block","poldrack-single-stim","134","217774","0.0-5.0-120.0","go-nogo","true","0","","true","<div class = centerbox><div  id = stim1></div></div>","32","32","750","","test","go","120","random","","",""
"","453","32","1303","0","test_block","poldrack-single-stim","135","219138","0.0-5.0-121.0","go-nogo","true","0","","true","<div class = centerbox><div  id = stim1></div></div>","32","32","750","","test","go","121","random","","",""
"","308","32","1017","0","test_block","poldrack-single-stim","136","220222","0.0-5.0-122.0","go-nogo","true","0","","true","<div class = centerbox><div  id = stim1></div></div>","32","32","750","","test","go","122","random","","",""
"","344","32","1284","0","test_block","poldrack-single-stim","137","221576","0.0-5.0-123.0","go-nogo","true","0","","true","<div class = centerbox><div  id = stim1></div></div>","32","32","750","","test","go","123","random","","",""
"","346","32","1476","0","test_block","poldrack-single-stim","138","223120","0.0-5.0-124.0","go-nogo","true","0","","true","<div class = centerbox><div  id = stim1></div></div>","32","32","750","","test","go","124","random","","",""
"","348","32","1239","0","test_block","poldrack-single-stim","139","224449","0.0-5.0-125.0","go-nogo","true","0","","true","<div class = centerbox><div  id = stim1></div></div>","32","32","750","","test","go","125","random","","",""
"","345","32","1425","0","test_block","poldrack-single-stim","140","225942","0.0-5.0-126.0","go-nogo","true","0","","true","<div class = centerbox><div  id = stim1></div></div>","32","32","750","","test","go","126","random","","",""
"","389","32","1435","0","test_block","poldrack-single-stim","141","227462","0.0-5.0-127.0","go-nogo","true","0","","true","<div class = centerbox><div  id = stim1></div></div>","32","32","750","","test","go","127","random","","",""
"","384","32","1241","0","test_block","poldrack-single-stim","142","228767","0.0-5.0-128.0","go-nogo","true","0","","true","<div class = centerbox><div  id = stim1></div></div>","32","32","750","","test","go","128","random","","",""
"","372","32","1006","0","test_block","poldrack-single-stim","143","229859","0.0-5.0-129.0","go-nogo","true","0","","true","<div class = centerbox><div  id = stim1></div></div>","32","32","750","","test","go","129","random","","",""
"","393","32","1413","0","test_block","poldrack-single-stim","144","231340","0.0-5.0-130.0","go-nogo","true","0","","true","<div class = centerbox><div  id = stim1></div></div>","32","32","750","","test","go","130","random","","",""
"","301","32","1050","0","test_block","poldrack-single-stim","145","232483","0.0-5.0-131.0","go-nogo","true","0","","true","<div class = centerbox><div  id = stim1></div></div>","32","32","750","","test","go","131","random","","",""
"","273","32","1043","0","test_block","poldrack-single-stim","146","233598","0.0-5.0-132.0","go-nogo","true","0","","true","<div class = centerbox><div  id = stim1></div></div>","32","32","750","","test","go","132","random","","",""
"","278","32","1330","0","test_block","poldrack-single-stim","147","234992","0.0-5.0-133.0","go-nogo","true","0","","true","<div class = centerbox><div  id = stim1></div></div>","32","32","750","","test","go","133","random","","",""
"","208","32","1290","0","test_block","poldrack-single-stim","148","236345","0.0-5.0-134.0","go-nogo","true","0","","true","<div class = centerbox><div  id = stim1></div></div>","32","32","750","","test","go","134","random","","",""
"","330","32","1426","0","test_block","poldrack-single-stim","149","237853","0.0-5.0-135.0","go-nogo","true","0","","true","<div class = centerbox><div  id = stim1></div></div>","32","32","750","","test","go","135","random","","",""
"","309","32","1208","0","test_block","poldrack-single-stim","150","239111","0.0-5.0-136.0","go-nogo","true","0","","true","<div class = centerbox><div  id = stim1></div></div>","32","32","750","","test","go","136","random","","",""
"","305","32","1325","0","test_block","poldrack-single-stim","151","240522","0.0-5.0-137.0","go-nogo","true","0","","true","<div class = centerbox><div  id = stim1></div></div>","32","32","750","","test","go","137","random","","",""
"","-1","-1","1331","0","test_block","poldrack-single-stim","152","241924","0.0-5.0-138.0","go-nogo","true","0","","true","<div class = centerbox><div  id = stim2></div></div>","-1","32","750","","test","nogo","138","random","","",""
"","325","32","1442","0","test_block","poldrack-single-stim","153","243420","0.0-5.0-139.0","go-nogo","true","0","","true","<div class = centerbox><div  id = stim1></div></div>","32","32","750","","test","go","139","random","","",""
"","393","32","1157","0","test_block","poldrack-single-stim","154","244642","0.0-5.0-140.0","go-nogo","true","0","","true","<div class = centerbox><div  id = stim1></div></div>","32","32","750","","test","go","140","random","","",""
"","323","32","1028","0","test_block","poldrack-single-stim","155","245709","0.0-5.0-141.0","go-nogo","true","0","","true","<div class = centerbox><div  id = stim1></div></div>","32","32","750","","test","go","141","random","","",""
"","309","32","1359","0","test_block","poldrack-single-stim","156","247157","0.0-5.0-142.0","go-nogo","true","0","","true","<div class = centerbox><div  id = stim1></div></div>","32","32","750","","test","go","142","random","","",""
"","376","32","1020","0","test_block","poldrack-single-stim","157","248256","0.0-5.0-143.0","go-nogo","true","0","","true","<div class = centerbox><div  id = stim1></div></div>","32","32","750","","test","go","143","random","","",""
"","415","32","1350","0","test_block","poldrack-single-stim","158","249667","0.0-5.0-144.0","go-nogo","true","0","","true","<div class = centerbox><div  id = stim1></div></div>","32","32","750","","test","go","144","random","","",""
"","271","32","1203","0","test_block","poldrack-single-stim","159","250904","0.0-5.0-145.0","go-nogo","true","0","","true","<div class = centerbox><div  id = stim1></div></div>","32","32","750","","test","go","145","random","","",""
"","235","32","1229","0","test_block","poldrack-single-stim","160","252201","0.0-5.0-146.0","go-nogo","true","0","","true","<div class = centerbox><div  id = stim1></div></div>","32","32","750","","test","go","146","random","","",""
"","244","32","1169","0","test_block","poldrack-single-stim","161","253435","0.0-5.0-147.0","go-nogo","true","0","","true","<div class = centerbox><div  id = stim1></div></div>","32","32","750","","test","go","147","random","","",""
"","274","32","1465","0","test_block","poldrack-single-stim","162","254944","0.0-5.0-148.0","go-nogo","true","0","","true","<div class = centerbox><div  id = stim1></div></div>","32","32","750","","test","go","148","random","","",""
"","366","32","1481","0","test_block","poldrack-single-stim","163","256472","0.0-5.0-149.0","go-nogo","true","0","","true","<div class = centerbox><div  id = stim1></div></div>","32","32","750","","test","go","149","random","","",""
"","324","32","1441","0","test_block","poldrack-single-stim","164","257997","0.0-5.0-150.0","go-nogo","true","0","","true","<div class = centerbox><div  id = stim1></div></div>","32","32","750","","test","go","150","random","","",""
"","355","32","1225","0","test_block","poldrack-single-stim","165","259287","0.0-5.0-151.0","go-nogo","true","0","","true","<div class = centerbox><div  id = stim1></div></div>","32","32","750","","test","go","151","random","","",""
"","362","32","1130","0","test_block","poldrack-single-stim","166","260506","0.0-5.0-152.0","go-nogo","true","0","","true","<div class = centerbox><div  id = stim1></div></div>","32","32","750","","test","go","152","random","","",""
"","392","32","1119","0","test_block","poldrack-single-stim","167","261710","0.0-5.0-153.0","go-nogo","true","0","","true","<div class = centerbox><div  id = stim1></div></div>","32","32","750","","test","go","153","random","","",""
"","322","32","1293","0","test_block","poldrack-single-stim","168","263069","0.0-5.0-154.0","go-nogo","true","0","","true","<div class = centerbox><div  id = stim1></div></div>","32","32","750","","test","go","154","random","","",""
"","439","32","1426","0","test_block","poldrack-single-stim","169","264560","0.0-5.0-155.0","go-nogo","true","0","","true","<div class = centerbox><div  id = stim1></div></div>","32","32","750","","test","go","155","random","","",""
"","334","32","1182","0","test_block","poldrack-single-stim","170","265823","0.0-5.0-156.0","go-nogo","true","0","","true","<div class = centerbox><div  id = stim1></div></div>","32","32","750","","test","go","156","random","","",""
"","338","32","1344","0","test_block","poldrack-single-stim","171","267255","0.0-5.0-157.0","go-nogo","true","0","","true","<div class = centerbox><div  id = stim1></div></div>","32","32","750","","test","go","157","random","","",""
"","323","32","1322","0","test_block","poldrack-single-stim","172","268658","0.0-5.0-158.0","go-nogo","true","0","","true","<div class = centerbox><div  id = stim1></div></div>","32","32","750","","test","go","158","random","","",""
"","316","32","1207","0","test_block","poldrack-single-stim","173","269928","0.0-5.0-159.0","go-nogo","true","0","","true","<div class = centerbox><div  id = stim1></div></div>","32","32","750","","test","go","159","random","","",""
"","329","32","1137","0","test_block","poldrack-single-stim","174","271136","0.0-5.0-160.0","go-nogo","true","0","","true","<div class = centerbox><div  id = stim1></div></div>","32","32","750","","test","go","160","random","","",""
"","352","32","1416","0","test_block","poldrack-single-stim","175","272621","0.0-5.0-161.0","go-nogo","true","0","","true","<div class = centerbox><div  id = stim1></div></div>","32","32","750","","test","go","161","random","","",""
"","287","32","1214","0","test_block","poldrack-single-stim","176","273905","0.0-5.0-162.0","go-nogo","true","0","","true","<div class = centerbox><div  id = stim1></div></div>","32","32","750","","test","go","162","random","","",""
"","352","32","1122","0","test_block","poldrack-single-stim","177","275104","0.0-5.0-163.0","go-nogo","true","0","","true","<div class = centerbox><div  id = stim1></div></div>","32","32","750","","test","go","163","random","","",""
"","341","32","1065","0","test_block","poldrack-single-stim","178","276244","0.0-5.0-164.0","go-nogo","true","0","","true","<div class = centerbox><div  id = stim1></div></div>","32","32","750","","test","go","164","random","","",""
"","366","32","1303","0","test_block","poldrack-single-stim","179","277610","0.0-5.0-165.0","go-nogo","true","0","","true","<div class = centerbox><div  id = stim1></div></div>","32","32","750","","test","go","165","random","","",""
"","-1","-1","1435","0","test_block","poldrack-single-stim","180","279100","0.0-5.0-166.0","go-nogo","true","0","","true","<div class = centerbox><div  id = stim2></div></div>","-1","32","750","","test","nogo","166","random","","",""
"","390","32","1165","0","test_block","poldrack-single-stim","181","280335","0.0-5.0-167.0","go-nogo","true","0","","true","<div class = centerbox><div  id = stim1></div></div>","32","32","750","","test","go","167","random","","",""
"","418","32","1319","0","test_block","poldrack-single-stim","182","281723","0.0-5.0-168.0","go-nogo","true","0","","true","<div class = centerbox><div  id = stim1></div></div>","32","32","750","","test","go","168","random","","",""
"","313","32","1086","0","test_block","poldrack-single-stim","183","282879","0.0-5.0-169.0","go-nogo","true","0","","true","<div class = centerbox><div  id = stim1></div></div>","32","32","750","","test","go","169","random","","",""
"","281","32","1151","0","test_block","poldrack-single-stim","184","284113","0.0-5.0-170.0","go-nogo","true","0","","true","<div class = centerbox><div  id = stim1></div></div>","32","32","750","","test","go","170","random","","",""
"","278","32","1186","0","test_block","poldrack-single-stim","185","285383","0.0-5.0-171.0","go-nogo","true","0","","true","<div class = centerbox><div  id = stim1></div></div>","32","32","750","","test","go","171","random","","",""
"","318","32","1032","0","test_block","poldrack-single-stim","186","286483","0.0-5.0-172.0","go-nogo","true","0","","true","<div class = centerbox><div  id = stim1></div></div>","32","32","750","","test","go","172","random","","",""
"","337","32","1495","0","test_block","poldrack-single-stim","187","288048","0.0-5.0-173.0","go-nogo","true","0","","true","<div class = centerbox><div  id = stim1></div></div>","32","32","750","","test","go","173","random","","",""
"","714","32","1469","0","test_block","poldrack-single-stim","188","289606","0.0-5.0-174.0","go-nogo","true","0","","true","<div class = centerbox><div  id = stim1></div></div>","32","32","750","","test","go","174","random","","",""
"","-1","-1","1304","0","test_block","poldrack-single-stim","189","290978","0.0-5.0-175.0","go-nogo","true","0","","true","<div class = centerbox><div  id = stim2></div></div>","-1","32","750","","test","nogo","175","random","","",""
"","420","32","1471","0","test_block","poldrack-single-stim","190","292511","0.0-5.0-176.0","go-nogo","true","0","","true","<div class = centerbox><div  id = stim1></div></div>","32","32","750","","test","go","176","random","","",""
"","-1","-1","1213","0","test_block","poldrack-single-stim","191","293810","0.0-5.0-177.0","go-nogo","true","0","","true","<div class = centerbox><div  id = stim2></div></div>","-1","32","750","","test","nogo","177","random","","",""
"","345","32","1224","0","test_block","poldrack-single-stim","192","295067","0.0-5.0-178.0","go-nogo","true","0","","true","<div class = centerbox><div  id = stim1></div></div>","32","32","750","","test","go","178","random","","",""
"","-1","-1","1191","0","test_block","poldrack-single-stim","193","296324","0.0-5.0-179.0","go-nogo","true","0","","true","<div class = centerbox><div  id = stim2></div></div>","-1","32","750","","test","nogo","179","random","","",""
"","526","32","1040","0","test_block","poldrack-single-stim","194","297451","0.0-5.0-180.0","go-nogo","true","0","","true","<div class = centerbox><div  id = stim1></div></div>","32","32","750","","test","go","180","random","","",""
"","661","32","1294","0","test_block","poldrack-single-stim","195","298774","0.0-5.0-181.0","go-nogo","true","0","","true","<div class = centerbox><div  id = stim1></div></div>","32","32","750","","test","go","181","random","","",""
"","445","32","1034","0","test_block","poldrack-single-stim","196","299893","0.0-5.0-182.0","go-nogo","true","0","","true","<div class = centerbox><div  id = stim1></div></div>","32","32","750","","test","go","182","random","","",""
"","398","32","1440","0","test_block","poldrack-single-stim","197","301422","0.0-5.0-183.0","go-nogo","true","0","","true","<div class = centerbox><div  id = stim1></div></div>","32","32","750","","test","go","183","random","","",""
"","398","32","1241","0","test_block","poldrack-single-stim","198","302744","0.0-5.0-184.0","go-nogo","true","0","","true","<div class = centerbox><div  id = stim1></div></div>","32","32","750","","test","go","184","random","","",""
"","317","32","1076","0","test_block","poldrack-single-stim","199","303892","0.0-5.0-185.0","go-nogo","true","0","","true","<div class = centerbox><div  id = stim1></div></div>","32","32","750","","test","go","185","random","","",""
"","337","32","1098","0","test_block","poldrack-single-stim","200","305073","0.0-5.0-186.0","go-nogo","true","0","","true","<div class = centerbox><div  id = stim1></div></div>","32","32","750","","test","go","186","random","","",""
"","338","32","1245","0","test_block","poldrack-single-stim","201","306393","0.0-5.0-187.0","go-nogo","true","0","","true","<div class = centerbox><div  id = stim1></div></div>","32","32","750","","test","go","187","random","","",""
"","330","32","1104","0","test_block","poldrack-single-stim","202","307553","0.0-5.0-188.0","go-nogo","true","0","","true","<div class = centerbox><div  id = stim1></div></div>","32","32","750","","test","go","188","random","","",""
"","316","32","1185","0","test_block","poldrack-single-stim","203","308804","0.0-5.0-189.0","go-nogo","true","0","","true","<div class = centerbox><div  id = stim1></div></div>","32","32","750","","test","go","189","random","","",""
"","304","32","1440","0","test_block","poldrack-single-stim","204","310325","0.0-5.0-190.0","go-nogo","true","0","","true","<div class = centerbox><div  id = stim1></div></div>","32","32","750","","test","go","190","random","","",""
"","358","32","1478","0","test_block","poldrack-single-stim","205","311834","0.0-5.0-191.0","go-nogo","true","0","","true","<div class = centerbox><div  id = stim1></div></div>","32","32","750","","test","go","191","random","","",""
"","360","32","1315","0","test_block","poldrack-single-stim","206","313216","0.0-5.0-192.0","go-nogo","true","0","","true","<div class = centerbox><div  id = stim1></div></div>","32","32","750","","test","go","192","random","","",""
"","286","32","1232","0","test_block","poldrack-single-stim","207","314535","0.0-5.0-193.0","go-nogo","true","0","","true","<div class = centerbox><div  id = stim1></div></div>","32","32","750","","test","go","193","random","","",""
"","321","32","1350","0","test_block","poldrack-single-stim","208","315951","0.0-5.0-194.0","go-nogo","true","0","","true","<div class = centerbox><div  id = stim1></div></div>","32","32","750","","test","go","194","random","","",""
"","387","32","1031","0","test_block","poldrack-single-stim","209","317049","0.0-5.0-195.0","go-nogo","true","0","","true","<div class = centerbox><div  id = stim1></div></div>","32","32","750","","test","go","195","random","","",""
"","341","32","1173","0","test_block","poldrack-single-stim","210","318310","0.0-5.0-196.0","go-nogo","true","0","","true","<div class = centerbox><div  id = stim1></div></div>","32","32","750","","test","go","196","random","","",""
"","267","32","1425","0","test_block","poldrack-single-stim","211","319812","0.0-5.0-197.0","go-nogo","true","0","","true","<div class = centerbox><div  id = stim1></div></div>","32","32","750","","test","go","197","random","","",""
"","432","32","1104","0","test_block","poldrack-single-stim","212","320999","0.0-5.0-198.0","go-nogo","true","0","","true","<div class = centerbox><div  id = stim1></div></div>","32","32","750","","test","go","198","random","","",""
"","371","32","1331","0","test_block","poldrack-single-stim","213","322398","0.0-5.0-199.0","go-nogo","true","0","","true","<div class = centerbox><div  id = stim1></div></div>","32","32","750","","test","go","199","random","","",""
"","348","32","1104","0","test_block","poldrack-single-stim","214","323569","0.0-5.0-200.0","go-nogo","true","0","","true","<div class = centerbox><div  id = stim1></div></div>","32","32","750","","test","go","200","random","","",""
"","290","32","1013","0","test_block","poldrack-single-stim","215","324649","0.0-5.0-201.0","go-nogo","true","0","","true","<div class = centerbox><div  id = stim1></div></div>","32","32","750","","test","go","201","random","","",""
"","269","32","1251","0","test_block","poldrack-single-stim","216","325935","0.0-5.0-202.0","go-nogo","true","0","","false","<div class = centerbox><div  id = stim2></div></div>","-1","32","750","","test","nogo","202","random","","",""
"","403","32","1301","0","test_block","poldrack-single-stim","217","327301","0.0-5.0-203.0","go-nogo","true","0","","true","<div class = centerbox><div  id = stim1></div></div>","32","32","750","","test","go","203","random","","",""
"","287","32","1159","0","test_block","poldrack-single-stim","218","328520","0.0-5.0-204.0","go-nogo","true","0","","true","<div class = centerbox><div  id = stim1></div></div>","32","32","750","","test","go","204","random","","",""
"","-1","-1","1314","0","test_block","poldrack-single-stim","219","329911","0.0-5.0-205.0","go-nogo","true","0","","true","<div class = centerbox><div  id = stim2></div></div>","-1","32","750","","test","nogo","205","random","","",""
"","413","32","1109","0","test_block","poldrack-single-stim","220","331081","0.0-5.0-206.0","go-nogo","true","0","","true","<div class = centerbox><div  id = stim1></div></div>","32","32","750","","test","go","206","random","","",""
"","472","32","1423","0","test_block","poldrack-single-stim","221","332570","0.0-5.0-207.0","go-nogo","true","0","","true","<div class = centerbox><div  id = stim1></div></div>","32","32","750","","test","go","207","random","","",""
"","-1","-1","1206","0","test_block","poldrack-single-stim","222","333862","0.0-5.0-208.0","go-nogo","true","0","","true","<div class = centerbox><div  id = stim2></div></div>","-1","32","750","","test","nogo","208","random","","",""
"","429","32","1284","0","test_block","poldrack-single-stim","223","335224","0.0-5.0-209.0","go-nogo","true","0","","true","<div class = centerbox><div  id = stim1></div></div>","32","32","750","","test","go","209","random","","",""
"","-1","-1","1406","0","test_block","poldrack-single-stim","224","336673","0.0-5.0-210.0","go-nogo","true","0","","true","<div class = centerbox><div  id = stim2></div></div>","-1","32","750","","test","nogo","210","random","","",""
"","437","32","1435","0","test_block","poldrack-single-stim","225","338189","0.0-5.0-211.0","go-nogo","true","0","","true","<div class = centerbox><div  id = stim1></div></div>","32","32","750","","test","go","211","random","","",""
"","-1","-1","1440","0","test_block","poldrack-single-stim","226","339692","0.0-5.0-212.0","go-nogo","true","0","","true","<div class = centerbox><div  id = stim2></div></div>","-1","32","750","","test","nogo","212","random","","",""
"","570","32","1161","0","test_block","poldrack-single-stim","227","340918","0.0-5.0-213.0","go-nogo","true","0","","true","<div class = centerbox><div  id = stim1></div></div>","32","32","750","","test","go","213","random","","",""
"","491","32","1345","0","test_block","poldrack-single-stim","228","342327","0.0-5.0-214.0","go-nogo","true","0","","true","<div class = centerbox><div  id = stim1></div></div>","32","32","750","","test","go","214","random","","",""
"","341","32","1262","0","test_block","poldrack-single-stim","229","343630","0.0-5.0-215.0","go-nogo","true","0","","true","<div class = centerbox><div  id = stim1></div></div>","32","32","750","","test","go","215","random","","",""
"","323","32","1189","0","test_block","poldrack-single-stim","230","344904","0.0-5.0-216.0","go-nogo","true","0","","true","<div class = centerbox><div  id = stim1></div></div>","32","32","750","","test","go","216","random","","",""
"","300","32","1032","0","test_block","poldrack-single-stim","231","346033","0.0-5.0-217.0","go-nogo","true","0","","true","<div class = centerbox><div  id = stim1></div></div>","32","32","750","","test","go","217","random","","",""
"","272","32","1072","0","test_block","poldrack-single-stim","232","347185","0.0-5.0-218.0","go-nogo","true","0","","true","<div class = centerbox><div  id = stim1></div></div>","32","32","750","","test","go","218","random","","",""
"","356","32","1486","0","test_block","poldrack-single-stim","233","348751","0.0-5.0-219.0","go-nogo","true","0","","true","<div class = centerbox><div  id = stim1></div></div>","32","32","750","","test","go","219","random","","",""
"","366","32","1167","0","test_block","poldrack-single-stim","234","349976","0.0-5.0-220.0","go-nogo","true","0","","true","<div class = centerbox><div  id = stim1></div></div>","32","32","750","","test","go","220","random","","",""
"","337","32","1486","0","test_block","poldrack-single-stim","235","351525","0.0-5.0-221.0","go-nogo","true","0","","true","<div class = centerbox><div  id = stim1></div></div>","32","32","750","","test","go","221","random","","",""
"","828","32","1209","0","test_block","poldrack-single-stim","236","352815","0.0-5.0-222.0","go-nogo","true","0","","true","<div class = centerbox><div  id = stim1></div></div>","32","32","750","","test","go","222","random","","",""
"","462","32","1387","0","test_block","poldrack-single-stim","237","354274","0.0-5.0-223.0","go-nogo","true","0","","true","<div class = centerbox><div  id = stim1></div></div>","32","32","750","","test","go","223","random","","",""
"","331","32","1462","0","test_block","poldrack-single-stim","238","355822","0.0-5.0-224.0","go-nogo","true","0","","false","<div class = centerbox><div  id = stim2></div></div>","-1","32","750","","test","nogo","224","random","","",""
"","552","32","1389","0","test_block","poldrack-single-stim","239","357285","0.0-5.0-225.0","go-nogo","true","0","","true","<div class = centerbox><div  id = stim1></div></div>","32","32","750","","test","go","225","random","","",""
"","311","32","1417","0","test_block","poldrack-single-stim","240","358741","0.0-5.0-226.0","go-nogo","true","0","","true","<div class = centerbox><div  id = stim1></div></div>","32","32","750","","test","go","226","random","","",""
"","414","32","1288","0","test_block","poldrack-single-stim","241","360092","0.0-5.0-227.0","go-nogo","true","0","","true","<div class = centerbox><div  id = stim1></div></div>","32","32","750","","test","go","227","random","","",""
"","342","32","1166","0","test_block","poldrack-single-stim","242","361348","0.0-5.0-228.0","go-nogo","true","0","","true","<div class = centerbox><div  id = stim1></div></div>","32","32","750","","test","go","228","random","","",""
"","308","32","1156","0","test_block","poldrack-single-stim","243","362565","0.0-5.0-229.0","go-nogo","true","0","","true","<div class = centerbox><div  id = stim1></div></div>","32","32","750","","test","go","229","random","","",""
"","350","32","1365","0","test_block","poldrack-single-stim","244","363988","0.0-5.0-230.0","go-nogo","true","0","","true","<div class = centerbox><div  id = stim1></div></div>","32","32","750","","test","go","230","random","","",""
"","-1","-1","1048","0","test_block","poldrack-single-stim","245","365119","0.0-5.0-231.0","go-nogo","true","0","","true","<div class = centerbox><div  id = stim2></div></div>","-1","32","750","","test","nogo","231","random","","",""
"","446","32","1011","0","test_block","poldrack-single-stim","246","366211","0.0-5.0-232.0","go-nogo","true","0","","true","<div class = centerbox><div  id = stim1></div></div>","32","32","750","","test","go","232","random","","",""
"","445","32","1340","0","test_block","poldrack-single-stim","247","367624","0.0-5.0-233.0","go-nogo","true","0","","true","<div class = centerbox><div  id = stim1></div></div>","32","32","750","","test","go","233","random","","",""
"","374","32","1244","0","test_block","poldrack-single-stim","248","368943","0.0-5.0-234.0","go-nogo","true","0","","true","<div class = centerbox><div  id = stim1></div></div>","32","32","750","","test","go","234","random","","",""
"","372","32","1214","0","test_block","poldrack-single-stim","249","370235","0.0-5.0-235.0","go-nogo","true","0","","true","<div class = centerbox><div  id = stim1></div></div>","32","32","750","","test","go","235","random","","",""
"","356","32","1445","0","test_block","poldrack-single-stim","250","371767","0.0-5.0-236.0","go-nogo","true","0","","true","<div class = centerbox><div  id = stim1></div></div>","32","32","750","","test","go","236","random","","",""
"","418","32","1150","0","test_block","poldrack-single-stim","251","372975","0.0-5.0-237.0","go-nogo","true","0","","true","<div class = centerbox><div  id = stim1></div></div>","32","32","750","","test","go","237","random","","",""
"","-1","-1","1130","0","test_block","poldrack-single-stim","252","374175","0.0-5.0-238.0","go-nogo","true","0","","true","<div class = centerbox><div  id = stim2></div></div>","-1","32","750","","test","nogo","238","random","","",""
"","377","32","1029","0","test_block","poldrack-single-stim","253","375289","0.0-5.0-239.0","go-nogo","true","0","","true","<div class = centerbox><div  id = stim1></div></div>","32","32","750","","test","go","239","random","","",""
"","514","32","1331","0","test_block","poldrack-single-stim","254","376678","0.0-5.0-240.0","go-nogo","true","0","","true","<div class = centerbox><div  id = stim1></div></div>","32","32","750","","test","go","240","random","","",""
"","-1","-1","1060","0","test_block","poldrack-single-stim","255","377798","0.0-5.0-241.0","go-nogo","true","0","","true","<div class = centerbox><div  id = stim2></div></div>","-1","32","750","","test","nogo","241","random","","",""
"","394","32","1296","0","test_block","poldrack-single-stim","256","379169","0.0-5.0-242.0","go-nogo","true","0","","true","<div class = centerbox><div  id = stim1></div></div>","32","32","750","","test","go","242","random","","",""
"","589","32","1007","0","test_block","poldrack-single-stim","257","380238","0.0-5.0-243.0","go-nogo","true","0","","true","<div class = centerbox><div  id = stim1></div></div>","32","32","750","","test","go","243","random","","",""
"","474","32","1137","0","test_block","poldrack-single-stim","258","381454","0.0-5.0-244.0","go-nogo","true","0","","true","<div class = centerbox><div  id = stim1></div></div>","32","32","750","","test","go","244","random","","",""
"","362","32","1323","0","test_block","poldrack-single-stim","259","382827","0.0-5.0-245.0","go-nogo","true","0","","true","<div class = centerbox><div  id = stim1></div></div>","32","32","750","","test","go","245","random","","",""
"","417","32","1183","0","test_block","poldrack-single-stim","260","384098","0.0-5.0-246.0","go-nogo","true","0","","true","<div class = centerbox><div  id = stim1></div></div>","32","32","750","","test","go","246","random","","",""
"","358","32","1117","0","test_block","poldrack-single-stim","261","385277","0.0-5.0-247.0","go-nogo","true","0","","true","<div class = centerbox><div  id = stim1></div></div>","32","32","750","","test","go","247","random","","",""
"","344","32","1229","0","test_block","poldrack-single-stim","262","386574","0.0-5.0-248.0","go-nogo","true","0","","true","<div class = centerbox><div  id = stim1></div></div>","32","32","750","","test","go","248","random","","",""
"","365","32","1297","0","test_block","poldrack-single-stim","263","387944","0.0-5.0-249.0","go-nogo","true","0","","true","<div class = centerbox><div  id = stim1></div></div>","32","32","750","","test","go","249","random","","",""
"","352","32","1086","0","test_block","poldrack-single-stim","264","389100","0.0-5.0-250.0","go-nogo","true","0","","true","<div class = centerbox><div  id = stim1></div></div>","32","32","750","","test","go","250","random","","",""
"","322","32","1022","0","test_block","poldrack-single-stim","265","390178","0.0-5.0-251.0","go-nogo","true","0","","true","<div class = centerbox><div  id = stim1></div></div>","32","32","750","","test","go","251","random","","",""
"","337","32","1103","0","test_block","poldrack-single-stim","266","391365","0.0-5.0-252.0","go-nogo","true","0","","true","<div class = centerbox><div  id = stim1></div></div>","32","32","750","","test","go","252","random","","",""
"","344","32","1117","0","test_block","poldrack-single-stim","267","392515","0.0-5.0-253.0","go-nogo","true","0","","true","<div class = centerbox><div  id = stim1></div></div>","32","32","750","","test","go","253","random","","",""
"","-1","-1","1311","0","test_block","poldrack-single-stim","268","393893","0.0-5.0-254.0","go-nogo","true","0","","true","<div class = centerbox><div  id = stim2></div></div>","-1","32","750","","test","nogo","254","random","","",""
"","395","32","1343","0","test_block","poldrack-single-stim","269","395320","0.0-5.0-255.0","go-nogo","true","0","","true","<div class = centerbox><div  id = stim1></div></div>","32","32","750","","test","go","255","random","","",""
"","463","32","1113","0","test_block","poldrack-single-stim","270","396465","0.0-5.0-256.0","go-nogo","true","0","","true","<div class = centerbox><div  id = stim1></div></div>","32","32","750","","test","go","256","random","","",""
"","330","32","1006","0","test_block","poldrack-single-stim","271","397567","0.0-5.0-257.0","go-nogo","true","0","","true","<div class = centerbox><div  id = stim1></div></div>","32","32","750","","test","go","257","random","","",""
"","440","32","1348","0","test_block","poldrack-single-stim","272","398971","0.0-5.0-258.0","go-nogo","true","0","","true","<div class = centerbox><div  id = stim1></div></div>","32","32","750","","test","go","258","random","","",""
"","392","32","1272","0","test_block","poldrack-single-stim","273","400287","0.0-5.0-259.0","go-nogo","true","0","","true","<div class = centerbox><div  id = stim1></div></div>","32","32","750","","test","go","259","random","","",""
"","345","32","1292","0","test_block","poldrack-single-stim","274","401646","0.0-5.0-260.0","go-nogo","true","0","","false","<div class = centerbox><div  id = stim2></div></div>","-1","32","750","","test","nogo","260","random","","",""
"","384","32","1254","0","test_block","poldrack-single-stim","275","402989","0.0-5.0-261.0","go-nogo","true","0","","true","<div class = centerbox><div  id = stim1></div></div>","32","32","750","","test","go","261","random","","",""
"","901","32","1079","0","test_block","poldrack-single-stim","276","404150","0.0-5.0-262.0","go-nogo","true","0","","true","<div class = centerbox><div  id = stim1></div></div>","32","32","750","","test","go","262","random","","",""
"","947","32","1152","0","test_block","poldrack-single-stim","277","405370","0.0-5.0-263.0","go-nogo","true","0","","true","<div class = centerbox><div  id = stim1></div></div>","32","32","750","","test","go","263","random","","",""
"","874","32","1156","0","test_block","poldrack-single-stim","278","406612","0.0-5.0-264.0","go-nogo","true","0","","true","<div class = centerbox><div  id = stim1></div></div>","32","32","750","","test","go","264","random","","",""
"","545","32","1063","0","test_block","poldrack-single-stim","279","407743","0.0-5.0-265.0","go-nogo","true","0","","true","<div class = centerbox><div  id = stim1></div></div>","32","32","750","","test","go","265","random","","",""
"","383","32","1370","0","test_block","poldrack-single-stim","280","409144","0.0-5.0-266.0","go-nogo","true","0","","true","<div class = centerbox><div  id = stim1></div></div>","32","32","750","","test","go","266","random","","",""
"","-1","-1","1408","0","test_block","poldrack-single-stim","281","410638","0.0-5.0-267.0","go-nogo","true","0","","true","<div class = centerbox><div  id = stim2></div></div>","-1","32","750","","test","nogo","267","random","","",""
"","425","32","1004","0","test_block","poldrack-single-stim","282","411701","0.0-5.0-268.0","go-nogo","true","0","","true","<div class = centerbox><div  id = stim1></div></div>","32","32","750","","test","go","268","random","","",""
"","486","32","1067","0","test_block","poldrack-single-stim","283","412837","0.0-5.0-269.0","go-nogo","true","0","","true","<div class = centerbox><div  id = stim1></div></div>","32","32","750","","test","go","269","random","","",""
"","375","32","1048","0","test_block","poldrack-single-stim","284","413974","0.0-5.0-270.0","go-nogo","true","0","","true","<div class = centerbox><div  id = stim1></div></div>","32","32","750","","test","go","270","random","","",""
"","315","32","1194","0","test_block","poldrack-single-stim","285","415252","0.0-5.0-271.0","go-nogo","true","0","","true","<div class = centerbox><div  id = stim1></div></div>","32","32","750","","test","go","271","random","","",""
"","345","32","1466","0","test_block","poldrack-single-stim","286","416788","0.0-5.0-272.0","go-nogo","true","0","","true","<div class = centerbox><div  id = stim1></div></div>","32","32","750","","test","go","272","random","","",""
"","351","32","1146","0","test_block","poldrack-single-stim","287","418017","0.0-5.0-273.0","go-nogo","true","0","","true","<div class = centerbox><div  id = stim1></div></div>","32","32","750","","test","go","273","random","","",""
"","295","32","1408","0","test_block","poldrack-single-stim","288","419488","0.0-5.0-274.0","go-nogo","true","0","","true","<div class = centerbox><div  id = stim1></div></div>","32","32","750","","test","go","274","random","","",""
"","-1","-1","1329","0","test_block","poldrack-single-stim","289","420886","0.0-5.0-275.0","go-nogo","true","0","","true","<div class = centerbox><div  id = stim2></div></div>","-1","32","750","","test","nogo","275","random","","",""
"","383","32","1330","0","test_block","poldrack-single-stim","290","422320","0.0-5.0-276.0","go-nogo","true","0","","true","<div class = centerbox><div  id = stim1></div></div>","32","32","750","","test","go","276","random","","",""
"","357","32","1493","0","test_block","poldrack-single-stim","291","423903","0.0-5.0-277.0","go-nogo","true","0","","true","<div class = centerbox><div  id = stim1></div></div>","32","32","750","","test","go","277","random","","",""
"","388","32","1382","0","test_block","poldrack-single-stim","292","425370","0.0-5.0-278.0","go-nogo","true","0","","true","<div class = centerbox><div  id = stim1></div></div>","32","32","750","","test","go","278","random","","",""
"","432","32","1178","0","test_block","poldrack-single-stim","293","426619","0.0-5.0-279.0","go-nogo","true","0","","true","<div class = centerbox><div  id = stim1></div></div>","32","32","750","","test","go","279","random","","",""
"","-1","-1","1457","0","test_block","poldrack-single-stim","294","428143","0.0-5.0-280.0","go-nogo","true","0","","true","<div class = centerbox><div  id = stim2></div></div>","-1","32","750","","test","nogo","280","random","","",""
"","343","32","1463","0","test_block","poldrack-single-stim","295","429676","0.0-5.0-281.0","go-nogo","true","0","","true","<div class = centerbox><div  id = stim1></div></div>","32","32","750","","test","go","281","random","","",""
"","343","32","1164","0","test_block","poldrack-single-stim","296","430922","0.0-5.0-282.0","go-nogo","true","0","","true","<div class = centerbox><div  id = stim1></div></div>","32","32","750","","test","go","282","random","","",""
"","403","32","1451","0","test_block","poldrack-single-stim","297","432464","0.0-5.0-283.0","go-nogo","true","0","","true","<div class = centerbox><div  id = stim1></div></div>","32","32","750","","test","go","283","random","","",""
"","293","32","1499","0","test_block","poldrack-single-stim","298","434047","0.0-5.0-284.0","go-nogo","true","0","","true","<div class = centerbox><div  id = stim1></div></div>","32","32","750","","test","go","284","random","","",""
"","403","32","1199","0","test_block","poldrack-single-stim","299","435313","0.0-5.0-285.0","go-nogo","true","0","","true","<div class = centerbox><div  id = stim1></div></div>","32","32","750","","test","go","285","random","","",""
"","379","32","1175","0","test_block","poldrack-single-stim","300","436539","0.0-5.0-286.0","go-nogo","true","0","","true","<div class = centerbox><div  id = stim1></div></div>","32","32","750","","test","go","286","random","","",""
"","336","32","1236","0","test_block","poldrack-single-stim","301","437848","0.0-5.0-287.0","go-nogo","true","0","","true","<div class = centerbox><div  id = stim1></div></div>","32","32","750","","test","go","287","random","","",""
"","312","32","1435","0","test_block","poldrack-single-stim","302","439346","0.0-5.0-288.0","go-nogo","true","0","","true","<div class = centerbox><div  id = stim1></div></div>","32","32","750","","test","go","288","random","","",""
"","350","32","1084","0","test_block","poldrack-single-stim","303","440460","0.0-5.0-289.0","go-nogo","true","0","","true","<div class = centerbox><div  id = stim1></div></div>","32","32","750","","test","go","289","random","","",""
"","434","32","1449","0","test_block","poldrack-single-stim","304","441997","0.0-5.0-290.0","go-nogo","true","0","","true","<div class = centerbox><div  id = stim1></div></div>","32","32","750","","test","go","290","random","","",""
"","336","32","1098","0","test_block","poldrack-single-stim","305","443179","0.0-5.0-291.0","go-nogo","true","0","","true","<div class = centerbox><div  id = stim1></div></div>","32","32","750","","test","go","291","random","","",""
"","311","32","1226","0","test_block","poldrack-single-stim","306","444478","0.0-5.0-292.0","go-nogo","true","0","","true","<div class = centerbox><div  id = stim1></div></div>","32","32","750","","test","go","292","random","","",""
"","268","32","1160","0","test_block","poldrack-single-stim","307","445703","0.0-5.0-293.0","go-nogo","true","0","","true","<div class = centerbox><div  id = stim1></div></div>","32","32","750","","test","go","293","random","","",""
"","171","32","1408","0","test_block","poldrack-single-stim","308","447140","0.0-5.0-294.0","go-nogo","true","0","","true","<div class = centerbox><div  id = stim1></div></div>","32","32","750","","test","go","294","random","","",""
"","1","32","1059","0","test_block","poldrack-single-stim","309","448297","0.0-5.0-295.0","go-nogo","true","0","","true","<div class = centerbox><div  id = stim1></div></div>","32","32","750","","test","go","295","random","","",""
"","534","32","1483","0","test_block","poldrack-single-stim","310","449822","0.0-5.0-296.0","go-nogo","true","0","","true","<div class = centerbox><div  id = stim1></div></div>","32","32","750","","test","go","296","random","","",""
"","350","32","1290","0","test_block","poldrack-single-stim","311","451195","0.0-5.0-297.0","go-nogo","true","0","","true","<div class = centerbox><div  id = stim1></div></div>","32","32","750","","test","go","297","random","","",""
"","316","32","1183","0","test_block","poldrack-single-stim","312","452457","0.0-5.0-298.0","go-nogo","true","0","","true","<div class = centerbox><div  id = stim1></div></div>","32","32","750","","test","go","298","random","","",""
"","342","32","1063","0","test_block","poldrack-single-stim","313","453588","0.0-5.0-299.0","go-nogo","true","0","","true","<div class = centerbox><div  id = stim1></div></div>","32","32","750","","test","go","299","random","","",""
"","332","32","1435","0","test_block","poldrack-single-stim","314","455087","0.0-5.0-300.0","go-nogo","true","0","","true","<div class = centerbox><div  id = stim1></div></div>","32","32","750","","test","go","300","random","","",""
"","431","32","1305","0","test_block","poldrack-single-stim","315","456439","0.0-5.0-301.0","go-nogo","true","0","","true","<div class = centerbox><div  id = stim1></div></div>","32","32","750","","test","go","301","random","","",""
"","258","32","1392","0","test_block","poldrack-single-stim","316","457916","0.0-5.0-302.0","go-nogo","true","0","","true","<div class = centerbox><div  id = stim1></div></div>","32","32","750","","test","go","302","random","","",""
"","280","32","1142","0","test_block","poldrack-single-stim","317","459117","0.0-5.0-303.0","go-nogo","true","0","","true","<div class = centerbox><div  id = stim1></div></div>","32","32","750","","test","go","303","random","","",""
"","335","32","1004","0","test_block","poldrack-single-stim","318","460187","0.0-5.0-304.0","go-nogo","true","0","","true","<div class = centerbox><div  id = stim1></div></div>","32","32","750","","test","go","304","random","","",""
"","286","32","1380","0","test_block","poldrack-single-stim","319","461645","0.0-5.0-305.0","go-nogo","true","0","","true","<div class = centerbox><div  id = stim1></div></div>","32","32","750","","test","go","305","random","","",""
"","299","32","1189","0","test_block","poldrack-single-stim","320","462897","0.0-5.0-306.0","go-nogo","true","0","","true","<div class = centerbox><div  id = stim1></div></div>","32","32","750","","test","go","306","random","","",""
"","226","32","1353","0","test_block","poldrack-single-stim","321","464316","0.0-5.0-307.0","go-nogo","true","0","","true","<div class = centerbox><div  id = stim1></div></div>","32","32","750","","test","go","307","random","","",""
"","424","32","1371","0","test_block","poldrack-single-stim","322","465771","0.0-5.0-308.0","go-nogo","true","0","","false","<div class = centerbox><div  id = stim2></div></div>","-1","32","750","","test","nogo","308","random","","",""
"","503","32","1155","0","test_block","poldrack-single-stim","323","466993","0.0-5.0-309.0","go-nogo","true","0","","true","<div class = centerbox><div  id = stim1></div></div>","32","32","750","","test","go","309","random","","",""
"","376","32","1005","0","test_block","poldrack-single-stim","324","468050","0.0-5.0-310.0","go-nogo","true","0","","true","<div class = centerbox><div  id = stim1></div></div>","32","32","750","","test","go","310","random","","",""
"","352","32","1263","0","test_block","poldrack-single-stim","325","469383","0.0-5.0-311.0","go-nogo","true","0","","true","<div class = centerbox><div  id = stim1></div></div>","32","32","750","","test","go","311","random","","",""
"","302","32","1188","0","test_block","poldrack-single-stim","326","470631","0.0-5.0-312.0","go-nogo","true","0","","true","<div class = centerbox><div  id = stim1></div></div>","32","32","750","","test","go","312","random","","",""
"","289","32","1485","0","test_block","poldrack-single-stim","327","472176","0.0-5.0-313.0","go-nogo","true","0","","true","<div class = centerbox><div  id = stim1></div></div>","32","32","750","","test","go","313","random","","",""
"","334","32","1283","0","test_block","poldrack-single-stim","328","473544","0.0-5.0-314.0","go-nogo","true","0","","true","<div class = centerbox><div  id = stim1></div></div>","32","32","750","","test","go","314","random","","",""
"","323","32","1069","0","test_block","poldrack-single-stim","329","474695","0.0-5.0-315.0","go-nogo","true","0","","true","<div class = centerbox><div  id = stim1></div></div>","32","32","750","","test","go","315","random","","",""
"","400","32","1085","0","test_block","poldrack-single-stim","330","475854","0.0-5.0-316.0","go-nogo","true","0","","true","<div class = centerbox><div  id = stim1></div></div>","32","32","750","","test","go","316","random","","",""
"","323","32","1159","0","test_block","poldrack-single-stim","331","477097","0.0-5.0-317.0","go-nogo","true","0","","true","<div class = centerbox><div  id = stim1></div></div>","32","32","750","","test","go","317","random","","",""
"","448","32","1402","0","test_block","poldrack-single-stim","332","478552","0.0-5.0-318.0","go-nogo","true","0","","true","<div class = centerbox><div  id = stim1></div></div>","32","32","750","","test","go","318","random","","",""
"","364","32","1167","0","test_block","poldrack-single-stim","333","479804","0.0-5.0-319.0","go-nogo","true","0","","true","<div class = centerbox><div  id = stim1></div></div>","32","32","750","","test","go","319","random","","",""
"","337","32","1008","0","test_block","poldrack-single-stim","334","480884","0.0-5.0-320.0","go-nogo","true","0","","true","<div class = centerbox><div  id = stim1></div></div>","32","32","750","","test","go","320","random","","",""
"","310","32","1102","0","test_block","poldrack-single-stim","335","482070","0.0-5.0-321.0","go-nogo","true","0","","true","<div class = centerbox><div  id = stim1></div></div>","32","32","750","","test","go","321","random","","",""
"","301","32","1406","0","test_block","poldrack-single-stim","336","483537","0.0-5.0-322.0","go-nogo","true","0","","true","<div class = centerbox><div  id = stim1></div></div>","32","32","750","","test","go","322","random","","",""
"","1","32","1057","0","test_block","poldrack-single-stim","337","484677","0.0-5.0-323.0","go-nogo","true","0","","true","<div class = centerbox><div  id = stim1></div></div>","32","32","750","","test","go","323","random","","",""
"","462","32","1080","0","test_block","poldrack-single-stim","338","485815","0.0-5.0-324.0","go-nogo","true","0","","true","<div class = centerbox><div  id = stim1></div></div>","32","32","750","","test","go","324","random","","",""
"","380","32","1066","0","test_block","poldrack-single-stim","339","486948","0.0-5.0-325.0","go-nogo","true","0","","true","<div class = centerbox><div  id = stim1></div></div>","32","32","750","","test","go","325","random","","",""
"","340","32","1465","0","test_block","poldrack-single-stim","340","488482","0.0-5.0-326.0","go-nogo","true","0","","true","<div class = centerbox><div  id = stim1></div></div>","32","32","750","","test","go","326","random","","",""
"","429","32","1371","0","test_block","poldrack-single-stim","341","489938","0.0-5.0-327.0","go-nogo","true","0","","true","<div class = centerbox><div  id = stim1></div></div>","32","32","750","","test","go","327","random","","",""
"","387","32","1251","0","test_block","poldrack-single-stim","342","491262","0.0-5.0-328.0","go-nogo","true","0","","true","<div class = centerbox><div  id = stim1></div></div>","32","32","750","","test","go","328","random","","",""
"","354","32","1177","0","test_block","poldrack-single-stim","343","492515","0.0-5.0-329.0","go-nogo","true","0","","true","<div class = centerbox><div  id = stim1></div></div>","32","32","750","","test","go","329","random","","",""
"","356","32","1363","0","test_block","poldrack-single-stim","344","493964","0.0-5.0-330.0","go-nogo","true","0","","true","<div class = centerbox><div  id = stim1></div></div>","32","32","750","","test","go","330","random","","",""
"","413","32","1076","0","test_block","poldrack-single-stim","345","495117","0.0-5.0-331.0","go-nogo","true","0","","true","<div class = centerbox><div  id = stim1></div></div>","32","32","750","","test","go","331","random","","",""
"","412","32","1354","0","test_block","poldrack-single-stim","346","496539","0.0-5.0-332.0","go-nogo","true","0","","true","<div class = centerbox><div  id = stim1></div></div>","32","32","750","","test","go","332","random","","",""
"","372","32","1490","0","test_block","poldrack-single-stim","347","498087","0.0-5.0-333.0","go-nogo","true","0","","true","<div class = centerbox><div  id = stim1></div></div>","32","32","750","","test","go","333","random","","",""
"","400","32","1379","0","test_block","poldrack-single-stim","348","499531","0.0-5.0-334.0","go-nogo","true","0","","true","<div class = centerbox><div  id = stim1></div></div>","32","32","750","","test","go","334","random","","",""
"","378","32","1226","0","test_block","poldrack-single-stim","349","500822","0.0-5.0-335.0","go-nogo","true","0","","true","<div class = centerbox><div  id = stim1></div></div>","32","32","750","","test","go","335","random","","",""
"","356","32","1419","0","test_block","poldrack-single-stim","350","502302","0.0-5.0-336.0","go-nogo","true","0","","true","<div class = centerbox><div  id = stim1></div></div>","32","32","750","","test","go","336","random","","",""
"","329","32","1005","0","test_block","poldrack-single-stim","351","503391","0.0-5.0-337.0","go-nogo","true","0","","true","<div class = centerbox><div  id = stim1></div></div>","32","32","750","","test","go","337","random","","",""
"","549","32","1280","0","test_block","poldrack-single-stim","352","504746","0.0-5.0-338.0","go-nogo","true","0","","true","<div class = centerbox><div  id = stim1></div></div>","32","32","750","","test","go","338","random","","",""
"","345","32","1026","0","test_block","poldrack-single-stim","353","505842","0.0-5.0-339.0","go-nogo","true","0","","true","<div class = centerbox><div  id = stim1></div></div>","32","32","750","","test","go","339","random","","",""
"","345","32","1459","0","test_block","poldrack-single-stim","354","507368","0.0-5.0-340.0","go-nogo","true","0","","true","<div class = centerbox><div  id = stim1></div></div>","32","32","750","","test","go","340","random","","",""
"","229","32","1498","0","test_block","poldrack-single-stim","355","508929","0.0-5.0-341.0","go-nogo","true","0","","true","<div class = centerbox><div  id = stim1></div></div>","32","32","750","","test","go","341","random","","",""
"","51","32","1341","0","test_block","poldrack-single-stim","356","510328","0.0-5.0-342.0","go-nogo","true","0","","true","<div class = centerbox><div  id = stim1></div></div>","32","32","750","","test","go","342","random","","",""
"","268","32","1472","0","test_block","poldrack-single-stim","357","511835","0.0-5.0-343.0","go-nogo","true","0","","true","<div class = centerbox><div  id = stim1></div></div>","32","32","750","","test","go","343","random","","",""
"","807","32","1329","0","test_block","poldrack-single-stim","358","513252","0.0-5.0-344.0","go-nogo","true","0","","true","<div class = centerbox><div  id = stim1></div></div>","32","32","750","","test","go","344","random","","",""
"","-1","-1","1156","0","test_block","poldrack-single-stim","359","514499","0.0-5.0-345.0","go-nogo","true","0","","true","<div class = centerbox><div  id = stim2></div></div>","-1","32","750","","test","nogo","345","random","","",""
"","-1","-1","1134","0","test_block","poldrack-single-stim","360","515697","0.0-5.0-346.0","go-nogo","true","0","","true","<div class = centerbox><div  id = stim2></div></div>","-1","32","750","","test","nogo","346","random","","",""
"","-1","-1","1278","0","test_block","poldrack-single-stim","361","517069","0.0-5.0-347.0","go-nogo","true","0","","true","<div class = centerbox><div  id = stim2></div></div>","-1","32","750","","test","nogo","347","random","","",""
"","468","32","1194","0","test_block","poldrack-single-stim","362","518329","0.0-5.0-348.0","go-nogo","true","0","","true","<div class = centerbox><div  id = stim1></div></div>","32","32","750","","test","go","348","random","","",""
"","435","32","1092","0","test_block","poldrack-single-stim","363","519470","0.0-5.0-349.0","go-nogo","true","0","","true","<div class = centerbox><div  id = stim1></div></div>","32","32","750","","test","go","349","random","","",""
"","29729","","","","post task questions","survey-text","364","549289","0.0-7.0","go-nogo","true","0","","","","","","","","","","","","{""Q0"":""click on space bar on orange only"",""Q1"":""None""}","",""
