"text","rt","key_press","block_duration","timing_post_trial","trial_id","trial_type","trial_index","time_elapsed","internal_node_id","exp_id","full_screen","focus_shifts","view_history","correct","stimulus","correct_response","possible_responses","stim_duration","feedback_duration","exp_stage","condition","trial_num","mode","responses","payment_id","credit_var"
"<div class = centerbox><p class = center-block-text>Welcome to the experiment. This task will take around 10 minutes. Press <strong>enter</strong> to begin.</p></div>","3698","13","3698","0","instruction","poldrack-text","0","3698","0.0-0.0-0.0","go-nogo","true","0","","","","","","","","","","","","","",""
"","13900","","","","instruction","poldrack-instructions","1","17598","0.0-0.0-1.0","go-nogo","true","0","[{""page_index"":0,""viewing_time"":13899}]","","","","","","","","","","","","",""
"","846","32","1028","250","practice","poldrack-categorize","2","20631","0.0-1.0-0.0","go-nogo","true","0","","true","<div class = centerbox><div  id = stim2></div></div>","32","32","750","1000","practice","go","0","random","","",""
"","764","32","1464","250","practice","poldrack-categorize","3","23346","0.0-1.0-1.0","go-nogo","true","0","","true","<div class = centerbox><div  id = stim2></div></div>","32","32","750","1000","practice","go","1","random","","",""
"","898","32","1402","250","practice","poldrack-categorize","4","26002","0.0-1.0-2.0","go-nogo","true","0","","true","<div class = centerbox><div  id = stim2></div></div>","32","32","750","1000","practice","go","2","random","","",""
"","-1","-1","1005","250","practice","poldrack-categorize","5","28258","0.0-1.0-3.0","go-nogo","true","0","","true","<div class = centerbox><div id = stim1></div></div>","-1","32","750","1000","practice","nogo","3","random","","",""
"","736","32","1363","250","practice","poldrack-categorize","6","30873","0.0-1.0-4.0","go-nogo","true","0","","true","<div class = centerbox><div  id = stim2></div></div>","32","32","750","1000","practice","go","4","random","","",""
"","1022","32","1150","250","practice","poldrack-categorize","7","33275","0.0-1.0-5.0","go-nogo","true","0","","true","<div class = centerbox><div  id = stim2></div></div>","32","32","750","1000","practice","go","5","random","","",""
"","-1","-1","1493","250","practice","poldrack-categorize","8","36020","0.0-1.0-6.0","go-nogo","true","0","","true","<div class = centerbox><div id = stim1></div></div>","-1","32","750","1000","practice","nogo","6","random","","",""
"","855","32","1226","250","practice","poldrack-categorize","9","38497","0.0-1.0-7.0","go-nogo","true","0","","false","<div class = centerbox><div id = stim1></div></div>","-1","32","750","1000","practice","nogo","7","random","","",""
"","-1","-1","1308","250","practice","poldrack-categorize","10","41055","0.0-1.0-8.0","go-nogo","true","0","","true","<div class = centerbox><div id = stim1></div></div>","-1","32","750","1000","practice","nogo","8","random","","",""
"","-1","-1","1122","250","practice","poldrack-categorize","11","43428","0.0-1.0-9.0","go-nogo","true","0","","true","<div class = centerbox><div id = stim1></div></div>","-1","32","750","1000","practice","nogo","9","random","","",""
"","","","","","reset_trial","call-function","12","43679","0.0-3.0","go-nogo","true","0","","","","","","","","","","","","","",""
"<div class = centerbox><p class = block-text>Practice is over, we will now begin the experiment. You will no longer get feedback about your responses.</p><p class = block-text>Remember, if you see the <font color=""blue"">blue</font> square you should <strong> respond by pressing the spacebar as quickly as possible</strong>. If you see the <font color=""orange"">orange</font> square you should <strong> not respond</strong>. Press <strong>enter</strong> to begin.</p></div>","5447","13","5447","1000","test_intro","poldrack-text","13","49127","0.0-4.0","go-nogo","true","0","","","","","","","","","","","","","",""
"","799","32","1393","0","test_block","poldrack-single-stim","14","51520","0.0-5.0-0.0","go-nogo","true","0","","true","<div class = centerbox><div  id = stim2></div></div>","32","32","750","","test","go","0","random","","",""
"","907","32","1070","0","test_block","poldrack-single-stim","15","52609","0.0-5.0-1.0","go-nogo","true","0","","true","<div class = centerbox><div  id = stim2></div></div>","32","32","750","","test","go","1","random","","",""
"","-1","-1","1044","0","test_block","poldrack-single-stim","16","53663","0.0-5.0-2.0","go-nogo","true","0","","true","<div class = centerbox><div  id = stim1></div></div>","-1","32","750","","test","nogo","2","random","","",""
"","795","32","1386","0","test_block","poldrack-single-stim","17","55059","0.0-5.0-3.0","go-nogo","true","0","","true","<div class = centerbox><div  id = stim2></div></div>","32","32","750","","test","go","3","random","","",""
"","681","32","1339","0","test_block","poldrack-single-stim","18","56406","0.0-5.0-4.0","go-nogo","true","0","","true","<div class = centerbox><div  id = stim2></div></div>","32","32","750","","test","go","4","random","","",""
"","-1","-1","1214","0","test_block","poldrack-single-stim","19","57631","0.0-5.0-5.0","go-nogo","true","0","","true","<div class = centerbox><div  id = stim1></div></div>","-1","32","750","","test","nogo","5","random","","",""
"","676","32","1179","0","test_block","poldrack-single-stim","20","58822","0.0-5.0-6.0","go-nogo","true","0","","true","<div class = centerbox><div  id = stim2></div></div>","32","32","750","","test","go","6","random","","",""
"","727","32","1081","0","test_block","poldrack-single-stim","21","59911","0.0-5.0-7.0","go-nogo","true","0","","true","<div class = centerbox><div  id = stim2></div></div>","32","32","750","","test","go","7","random","","",""
"","867","32","1423","0","test_block","poldrack-single-stim","22","61344","0.0-5.0-8.0","go-nogo","true","0","","true","<div class = centerbox><div  id = stim2></div></div>","32","32","750","","test","go","8","random","","",""
"","634","32","1362","0","test_block","poldrack-single-stim","23","62716","0.0-5.0-9.0","go-nogo","true","0","","true","<div class = centerbox><div  id = stim2></div></div>","32","32","750","","test","go","9","random","","",""
"","663","32","1250","0","test_block","poldrack-single-stim","24","63977","0.0-5.0-10.0","go-nogo","true","0","","true","<div class = centerbox><div  id = stim2></div></div>","32","32","750","","test","go","10","random","","",""
"","601","32","1382","0","test_block","poldrack-single-stim","25","65372","0.0-5.0-11.0","go-nogo","true","0","","true","<div class = centerbox><div  id = stim2></div></div>","32","32","750","","test","go","11","random","","",""
"","630","32","1290","0","test_block","poldrack-single-stim","26","66667","0.0-5.0-12.0","go-nogo","true","0","","true","<div class = centerbox><div  id = stim2></div></div>","32","32","750","","test","go","12","random","","",""
"","610","32","1177","0","test_block","poldrack-single-stim","27","67855","0.0-5.0-13.0","go-nogo","true","0","","true","<div class = centerbox><div  id = stim2></div></div>","32","32","750","","test","go","13","random","","",""
"","587","32","1257","0","test_block","poldrack-single-stim","28","69118","0.0-5.0-14.0","go-nogo","true","0","","true","<div class = centerbox><div  id = stim2></div></div>","32","32","750","","test","go","14","random","","",""
"","601","32","1199","0","test_block","poldrack-single-stim","29","70325","0.0-5.0-15.0","go-nogo","true","0","","true","<div class = centerbox><div  id = stim2></div></div>","32","32","750","","test","go","15","random","","",""
"","596","32","1154","0","test_block","poldrack-single-stim","30","71486","0.0-5.0-16.0","go-nogo","true","0","","true","<div class = centerbox><div  id = stim2></div></div>","32","32","750","","test","go","16","random","","",""
"","695","32","1071","0","test_block","poldrack-single-stim","31","72562","0.0-5.0-17.0","go-nogo","true","0","","true","<div class = centerbox><div  id = stim2></div></div>","32","32","750","","test","go","17","random","","",""
"","579","32","1104","0","test_block","poldrack-single-stim","32","73672","0.0-5.0-18.0","go-nogo","true","0","","true","<div class = centerbox><div  id = stim2></div></div>","32","32","750","","test","go","18","random","","",""
"","388","32","1229","0","test_block","poldrack-single-stim","33","74907","0.0-5.0-19.0","go-nogo","true","0","","true","<div class = centerbox><div  id = stim2></div></div>","32","32","750","","test","go","19","random","","",""
"","635","32","1027","0","test_block","poldrack-single-stim","34","75939","0.0-5.0-20.0","go-nogo","true","0","","true","<div class = centerbox><div  id = stim2></div></div>","32","32","750","","test","go","20","random","","",""
"","34","32","1279","0","test_block","poldrack-single-stim","35","77222","0.0-5.0-21.0","go-nogo","true","0","","true","<div class = centerbox><div  id = stim2></div></div>","32","32","750","","test","go","21","random","","",""
"","28","32","1051","0","test_block","poldrack-single-stim","36","78279","0.0-5.0-22.0","go-nogo","true","0","","true","<div class = centerbox><div  id = stim2></div></div>","32","32","750","","test","go","22","random","","",""
"","745","32","1331","0","test_block","poldrack-single-stim","37","79614","0.0-5.0-23.0","go-nogo","true","0","","true","<div class = centerbox><div  id = stim2></div></div>","32","32","750","","test","go","23","random","","",""
"","-1","-1","1497","0","test_block","poldrack-single-stim","38","81116","0.0-5.0-24.0","go-nogo","true","0","","true","<div class = centerbox><div  id = stim1></div></div>","-1","32","750","","test","nogo","24","random","","",""
"","936","32","1264","0","test_block","poldrack-single-stim","39","82386","0.0-5.0-25.0","go-nogo","true","0","","true","<div class = centerbox><div  id = stim2></div></div>","32","32","750","","test","go","25","random","","",""
"","674","32","1367","0","test_block","poldrack-single-stim","40","83759","0.0-5.0-26.0","go-nogo","true","0","","true","<div class = centerbox><div  id = stim2></div></div>","32","32","750","","test","go","26","random","","",""
"","641","32","1146","0","test_block","poldrack-single-stim","41","84913","0.0-5.0-27.0","go-nogo","true","0","","true","<div class = centerbox><div  id = stim2></div></div>","32","32","750","","test","go","27","random","","",""
"","679","32","1055","0","test_block","poldrack-single-stim","42","85974","0.0-5.0-28.0","go-nogo","true","0","","true","<div class = centerbox><div  id = stim2></div></div>","32","32","750","","test","go","28","random","","",""
"","812","32","1359","0","test_block","poldrack-single-stim","43","87338","0.0-5.0-29.0","go-nogo","true","0","","true","<div class = centerbox><div  id = stim2></div></div>","32","32","750","","test","go","29","random","","",""
"","661","32","1075","0","test_block","poldrack-single-stim","44","88422","0.0-5.0-30.0","go-nogo","true","0","","true","<div class = centerbox><div  id = stim2></div></div>","32","32","750","","test","go","30","random","","",""
"","660","32","1397","0","test_block","poldrack-single-stim","45","89826","0.0-5.0-31.0","go-nogo","true","0","","true","<div class = centerbox><div  id = stim2></div></div>","32","32","750","","test","go","31","random","","",""
"","542","32","1302","0","test_block","poldrack-single-stim","46","91137","0.0-5.0-32.0","go-nogo","true","0","","true","<div class = centerbox><div  id = stim2></div></div>","32","32","750","","test","go","32","random","","",""
"","827","32","1005","0","test_block","poldrack-single-stim","47","92144","0.0-5.0-33.0","go-nogo","true","0","","true","<div class = centerbox><div  id = stim2></div></div>","32","32","750","","test","go","33","random","","",""
"","-1","-1","1277","0","test_block","poldrack-single-stim","48","93431","0.0-5.0-34.0","go-nogo","true","0","","false","<div class = centerbox><div  id = stim2></div></div>","32","32","750","","test","go","34","random","","",""
"","779","32","1235","0","test_block","poldrack-single-stim","49","94673","0.0-5.0-35.0","go-nogo","true","0","","true","<div class = centerbox><div  id = stim2></div></div>","32","32","750","","test","go","35","random","","",""
"","1088","32","1485","0","test_block","poldrack-single-stim","50","96163","0.0-5.0-36.0","go-nogo","true","0","","true","<div class = centerbox><div  id = stim2></div></div>","32","32","750","","test","go","36","random","","",""
"","120","32","1116","0","test_block","poldrack-single-stim","51","97284","0.0-5.0-37.0","go-nogo","true","0","","true","<div class = centerbox><div  id = stim2></div></div>","32","32","750","","test","go","37","random","","",""
"","489","32","1280","0","test_block","poldrack-single-stim","52","98570","0.0-5.0-38.0","go-nogo","true","0","","true","<div class = centerbox><div  id = stim2></div></div>","32","32","750","","test","go","38","random","","",""
"","52","32","1228","0","test_block","poldrack-single-stim","53","99803","0.0-5.0-39.0","go-nogo","true","0","","false","<div class = centerbox><div  id = stim1></div></div>","-1","32","750","","test","nogo","39","random","","",""
"","-1","-1","1149","0","test_block","poldrack-single-stim","54","100957","0.0-5.0-40.0","go-nogo","true","0","","false","<div class = centerbox><div  id = stim2></div></div>","32","32","750","","test","go","40","random","","",""
"","-1","-1","1064","0","test_block","poldrack-single-stim","55","102028","0.0-5.0-41.0","go-nogo","true","0","","false","<div class = centerbox><div  id = stim2></div></div>","32","32","750","","test","go","41","random","","",""
"","-1","-1","1120","0","test_block","poldrack-single-stim","56","103152","0.0-5.0-42.0","go-nogo","true","0","","false","<div class = centerbox><div  id = stim2></div></div>","32","32","750","","test","go","42","random","","",""
"","629","32","1465","0","test_block","poldrack-single-stim","57","104623","0.0-5.0-43.0","go-nogo","true","0","","true","<div class = centerbox><div  id = stim2></div></div>","32","32","750","","test","go","43","random","","",""
"","230","32","1429","0","test_block","poldrack-single-stim","58","106056","0.0-5.0-44.0","go-nogo","true","0","","true","<div class = centerbox><div  id = stim2></div></div>","32","32","750","","test","go","44","random","","",""
"","344","32","1356","0","test_block","poldrack-single-stim","59","107416","0.0-5.0-45.0","go-nogo","true","0","","true","<div class = centerbox><div  id = stim2></div></div>","32","32","750","","test","go","45","random","","",""
"","968","32","1331","0","test_block","poldrack-single-stim","60","108751","0.0-5.0-46.0","go-nogo","true","0","","true","<div class = centerbox><div  id = stim2></div></div>","32","32","750","","test","go","46","random","","",""
"","-1","-1","1209","0","test_block","poldrack-single-stim","61","109964","0.0-5.0-47.0","go-nogo","true","0","","false","<div class = centerbox><div  id = stim2></div></div>","32","32","750","","test","go","47","random","","",""
"","-1","-1","1120","0","test_block","poldrack-single-stim","62","111089","0.0-5.0-48.0","go-nogo","true","0","","true","<div class = centerbox><div  id = stim1></div></div>","-1","32","750","","test","nogo","48","random","","",""
"","1032","32","1209","0","test_block","poldrack-single-stim","63","112304","0.0-5.0-49.0","go-nogo","true","0","","true","<div class = centerbox><div  id = stim2></div></div>","32","32","750","","test","go","49","random","","",""
"","-1","-1","1149","0","test_block","poldrack-single-stim","64","113459","0.0-5.0-50.0","go-nogo","true","0","","false","<div class = centerbox><div  id = stim2></div></div>","32","32","750","","test","go","50","random","","",""
"","-1","-1","1439","0","test_block","poldrack-single-stim","65","114904","0.0-5.0-51.0","go-nogo","true","0","","false","<div class = centerbox><div  id = stim2></div></div>","32","32","750","","test","go","51","random","","",""
"","1179","32","1346","0","test_block","poldrack-single-stim","66","116254","0.0-5.0-52.0","go-nogo","true","0","","true","<div class = centerbox><div  id = stim2></div></div>","32","32","750","","test","go","52","random","","",""
"","-1","-1","1463","0","test_block","poldrack-single-stim","67","117720","0.0-5.0-53.0","go-nogo","true","0","","false","<div class = centerbox><div  id = stim2></div></div>","32","32","750","","test","go","53","random","","",""
"","345","32","1266","0","test_block","poldrack-single-stim","68","119008","0.0-5.0-54.0","go-nogo","true","0","","true","<div class = centerbox><div  id = stim2></div></div>","32","32","750","","test","go","54","random","","",""
"","894","32","1429","0","test_block","poldrack-single-stim","69","120442","0.0-5.0-55.0","go-nogo","true","0","","true","<div class = centerbox><div  id = stim2></div></div>","32","32","750","","test","go","55","random","","",""
"","-1","-1","1277","0","test_block","poldrack-single-stim","70","121724","0.0-5.0-56.0","go-nogo","true","0","","false","<div class = centerbox><div  id = stim2></div></div>","32","32","750","","test","go","56","random","","",""
"","256","32","1315","0","test_block","poldrack-single-stim","71","123047","0.0-5.0-57.0","go-nogo","true","0","","true","<div class = centerbox><div  id = stim2></div></div>","32","32","750","","test","go","57","random","","",""
"","555","32","1441","0","test_block","poldrack-single-stim","72","124494","0.0-5.0-58.0","go-nogo","true","0","","false","<div class = centerbox><div  id = stim1></div></div>","-1","32","750","","test","nogo","58","random","","",""
"","689","32","1108","0","test_block","poldrack-single-stim","73","125606","0.0-5.0-59.0","go-nogo","true","0","","true","<div class = centerbox><div  id = stim2></div></div>","32","32","750","","test","go","59","random","","",""
"","-1","-1","1075","0","test_block","poldrack-single-stim","74","126685","0.0-5.0-60.0","go-nogo","true","0","","false","<div class = centerbox><div  id = stim2></div></div>","32","32","750","","test","go","60","random","","",""
"","-1","-1","1117","0","test_block","poldrack-single-stim","75","127806","0.0-5.0-61.0","go-nogo","true","0","","false","<div class = centerbox><div  id = stim2></div></div>","32","32","750","","test","go","61","random","","",""
"","357","32","1431","0","test_block","poldrack-single-stim","76","129242","0.0-5.0-62.0","go-nogo","true","0","","false","<div class = centerbox><div  id = stim1></div></div>","-1","32","750","","test","nogo","62","random","","",""
"","901","32","1085","0","test_block","poldrack-single-stim","77","130330","0.0-5.0-63.0","go-nogo","true","0","","true","<div class = centerbox><div  id = stim2></div></div>","32","32","750","","test","go","63","random","","",""
"","-1","-1","1035","0","test_block","poldrack-single-stim","78","131374","0.0-5.0-64.0","go-nogo","true","0","","false","<div class = centerbox><div  id = stim2></div></div>","32","32","750","","test","go","64","random","","",""
"","-1","-1","1101","0","test_block","poldrack-single-stim","79","132479","0.0-5.0-65.0","go-nogo","true","0","","false","<div class = centerbox><div  id = stim2></div></div>","32","32","750","","test","go","65","random","","",""
"","-1","-1","1195","0","test_block","poldrack-single-stim","80","133680","0.0-5.0-66.0","go-nogo","true","0","","false","<div class = centerbox><div  id = stim2></div></div>","32","32","750","","test","go","66","random","","",""
"","479","32","1026","0","test_block","poldrack-single-stim","81","134710","0.0-5.0-67.0","go-nogo","true","0","","true","<div class = centerbox><div  id = stim2></div></div>","32","32","750","","test","go","67","random","","",""
"","-1","-1","1230","0","test_block","poldrack-single-stim","82","135944","0.0-5.0-68.0","go-nogo","true","0","","false","<div class = centerbox><div  id = stim2></div></div>","32","32","750","","test","go","68","random","","",""
"","807","32","1023","0","test_block","poldrack-single-stim","83","136973","0.0-5.0-69.0","go-nogo","true","0","","true","<div class = centerbox><div  id = stim2></div></div>","32","32","750","","test","go","69","random","","",""
"","689","32","1002","0","test_block","poldrack-single-stim","84","137979","0.0-5.0-70.0","go-nogo","true","0","","true","<div class = centerbox><div  id = stim2></div></div>","32","32","750","","test","go","70","random","","",""
"","-1","-1","1467","0","test_block","poldrack-single-stim","85","139451","0.0-5.0-71.0","go-nogo","true","0","","false","<div class = centerbox><div  id = stim2></div></div>","32","32","750","","test","go","71","random","","",""
"","-1","-1","1001","0","test_block","poldrack-single-stim","86","140457","0.0-5.0-72.0","go-nogo","true","0","","true","<div class = centerbox><div  id = stim1></div></div>","-1","32","750","","test","nogo","72","random","","",""
"","1030","32","1243","0","test_block","poldrack-single-stim","87","141704","0.0-5.0-73.0","go-nogo","true","0","","true","<div class = centerbox><div  id = stim2></div></div>","32","32","750","","test","go","73","random","","",""
"","739","32","1027","0","test_block","poldrack-single-stim","88","142735","0.0-5.0-74.0","go-nogo","true","0","","true","<div class = centerbox><div  id = stim2></div></div>","32","32","750","","test","go","74","random","","",""
"","-1","-1","1043","0","test_block","poldrack-single-stim","89","143782","0.0-5.0-75.0","go-nogo","true","0","","false","<div class = centerbox><div  id = stim2></div></div>","32","32","750","","test","go","75","random","","",""
"","469","32","1394","0","test_block","poldrack-single-stim","90","145182","0.0-5.0-76.0","go-nogo","true","0","","true","<div class = centerbox><div  id = stim2></div></div>","32","32","750","","test","go","76","random","","",""
"","548","32","1057","0","test_block","poldrack-single-stim","91","146246","0.0-5.0-77.0","go-nogo","true","0","","true","<div class = centerbox><div  id = stim2></div></div>","32","32","750","","test","go","77","random","","",""
"","586","32","1274","0","test_block","poldrack-single-stim","92","147524","0.0-5.0-78.0","go-nogo","true","0","","true","<div class = centerbox><div  id = stim2></div></div>","32","32","750","","test","go","78","random","","",""
"","358","32","1248","0","test_block","poldrack-single-stim","93","148777","0.0-5.0-79.0","go-nogo","true","0","","true","<div class = centerbox><div  id = stim2></div></div>","32","32","750","","test","go","79","random","","",""
"","106","32","1428","0","test_block","poldrack-single-stim","94","150209","0.0-5.0-80.0","go-nogo","true","0","","true","<div class = centerbox><div  id = stim2></div></div>","32","32","750","","test","go","80","random","","",""
"","-1","-1","1045","0","test_block","poldrack-single-stim","95","151258","0.0-5.0-81.0","go-nogo","true","0","","false","<div class = centerbox><div  id = stim2></div></div>","32","32","750","","test","go","81","random","","",""
"","-1","-1","1421","0","test_block","poldrack-single-stim","96","152683","0.0-5.0-82.0","go-nogo","true","0","","false","<div class = centerbox><div  id = stim2></div></div>","32","32","750","","test","go","82","random","","",""
"","101","32","1158","0","test_block","poldrack-single-stim","97","153843","0.0-5.0-83.0","go-nogo","true","0","","true","<div class = centerbox><div  id = stim2></div></div>","32","32","750","","test","go","83","random","","",""
"","-1","-1","1384","0","test_block","poldrack-single-stim","98","155232","0.0-5.0-84.0","go-nogo","true","0","","false","<div class = centerbox><div  id = stim2></div></div>","32","32","750","","test","go","84","random","","",""
"","371","32","1113","0","test_block","poldrack-single-stim","99","156350","0.0-5.0-85.0","go-nogo","true","0","","true","<div class = centerbox><div  id = stim2></div></div>","32","32","750","","test","go","85","random","","",""
"","354","32","1044","0","test_block","poldrack-single-stim","100","157400","0.0-5.0-86.0","go-nogo","true","0","","true","<div class = centerbox><div  id = stim2></div></div>","32","32","750","","test","go","86","random","","",""
"","-1","-1","1298","0","test_block","poldrack-single-stim","101","158702","0.0-5.0-87.0","go-nogo","true","0","","false","<div class = centerbox><div  id = stim2></div></div>","32","32","750","","test","go","87","random","","",""
"","-1","-1","1285","0","test_block","poldrack-single-stim","102","159991","0.0-5.0-88.0","go-nogo","true","0","","false","<div class = centerbox><div  id = stim2></div></div>","32","32","750","","test","go","88","random","","",""
"","-1","-1","1358","0","test_block","poldrack-single-stim","103","161354","0.0-5.0-89.0","go-nogo","true","0","","false","<div class = centerbox><div  id = stim2></div></div>","32","32","750","","test","go","89","random","","",""
"","-1","-1","1123","0","test_block","poldrack-single-stim","104","162482","0.0-5.0-90.0","go-nogo","true","0","","false","<div class = centerbox><div  id = stim2></div></div>","32","32","750","","test","go","90","random","","",""
"","-1","-1","1095","0","test_block","poldrack-single-stim","105","163581","0.0-5.0-91.0","go-nogo","true","0","","false","<div class = centerbox><div  id = stim2></div></div>","32","32","750","","test","go","91","random","","",""
"","619","32","1414","0","test_block","poldrack-single-stim","106","165002","0.0-5.0-92.0","go-nogo","true","0","","true","<div class = centerbox><div  id = stim2></div></div>","32","32","750","","test","go","92","random","","",""
"","-1","-1","1468","0","test_block","poldrack-single-stim","107","166473","0.0-5.0-93.0","go-nogo","true","0","","false","<div class = centerbox><div  id = stim2></div></div>","32","32","750","","test","go","93","random","","",""
"","1051","32","1298","0","test_block","poldrack-single-stim","108","167775","0.0-5.0-94.0","go-nogo","true","0","","true","<div class = centerbox><div  id = stim2></div></div>","32","32","750","","test","go","94","random","","",""
"","-1","-1","1361","0","test_block","poldrack-single-stim","109","169139","0.0-5.0-95.0","go-nogo","true","0","","false","<div class = centerbox><div  id = stim2></div></div>","32","32","750","","test","go","95","random","","",""
"","-1","-1","1219","0","test_block","poldrack-single-stim","110","170364","0.0-5.0-96.0","go-nogo","true","0","","false","<div class = centerbox><div  id = stim2></div></div>","32","32","750","","test","go","96","random","","",""
"","-1","-1","1015","0","test_block","poldrack-single-stim","111","171383","0.0-5.0-97.0","go-nogo","true","0","","false","<div class = centerbox><div  id = stim2></div></div>","32","32","750","","test","go","97","random","","",""
"","560","32","1233","0","test_block","poldrack-single-stim","112","172619","0.0-5.0-98.0","go-nogo","true","0","","true","<div class = centerbox><div  id = stim2></div></div>","32","32","750","","test","go","98","random","","",""
"","-1","-1","1414","0","test_block","poldrack-single-stim","113","174038","0.0-5.0-99.0","go-nogo","true","0","","false","<div class = centerbox><div  id = stim2></div></div>","32","32","750","","test","go","99","random","","",""
"","386","32","1228","0","test_block","poldrack-single-stim","114","175270","0.0-5.0-100.0","go-nogo","true","0","","true","<div class = centerbox><div  id = stim2></div></div>","32","32","750","","test","go","100","random","","",""
"","14","32","1260","0","test_block","poldrack-single-stim","115","176534","0.0-5.0-101.0","go-nogo","true","0","","true","<div class = centerbox><div  id = stim2></div></div>","32","32","750","","test","go","101","random","","",""
"","229","32","1374","0","test_block","poldrack-single-stim","116","177912","0.0-5.0-102.0","go-nogo","true","0","","true","<div class = centerbox><div  id = stim2></div></div>","32","32","750","","test","go","102","random","","",""
"","-1","-1","1284","0","test_block","poldrack-single-stim","117","179204","0.0-5.0-103.0","go-nogo","true","0","","false","<div class = centerbox><div  id = stim2></div></div>","32","32","750","","test","go","103","random","","",""
"","-1","-1","1360","0","test_block","poldrack-single-stim","118","180568","0.0-5.0-104.0","go-nogo","true","0","","true","<div class = centerbox><div  id = stim1></div></div>","-1","32","750","","test","nogo","104","random","","",""
"","1046","32","1394","0","test_block","poldrack-single-stim","119","181966","0.0-5.0-105.0","go-nogo","true","0","","true","<div class = centerbox><div  id = stim2></div></div>","32","32","750","","test","go","105","random","","",""
"","-1","-1","1226","0","test_block","poldrack-single-stim","120","183197","0.0-5.0-106.0","go-nogo","true","0","","false","<div class = centerbox><div  id = stim2></div></div>","32","32","750","","test","go","106","random","","",""
"","65","32","1266","0","test_block","poldrack-single-stim","121","184468","0.0-5.0-107.0","go-nogo","true","0","","true","<div class = centerbox><div  id = stim2></div></div>","32","32","750","","test","go","107","random","","",""
"","-1","-1","1126","0","test_block","poldrack-single-stim","122","185599","0.0-5.0-108.0","go-nogo","true","0","","false","<div class = centerbox><div  id = stim2></div></div>","32","32","750","","test","go","108","random","","",""
"","202","32","1201","0","test_block","poldrack-single-stim","123","186806","0.0-5.0-109.0","go-nogo","true","0","","true","<div class = centerbox><div  id = stim2></div></div>","32","32","750","","test","go","109","random","","",""
"","854","32","1285","0","test_block","poldrack-single-stim","124","188098","0.0-5.0-110.0","go-nogo","true","0","","true","<div class = centerbox><div  id = stim2></div></div>","32","32","750","","test","go","110","random","","",""
"","-1","-1","1401","0","test_block","poldrack-single-stim","125","189504","0.0-5.0-111.0","go-nogo","true","0","","false","<div class = centerbox><div  id = stim2></div></div>","32","32","750","","test","go","111","random","","",""
"","19","32","1076","0","test_block","poldrack-single-stim","126","190583","0.0-5.0-112.0","go-nogo","true","0","","true","<div class = centerbox><div  id = stim2></div></div>","32","32","750","","test","go","112","random","","",""
"","199","32","1395","0","test_block","poldrack-single-stim","127","191983","0.0-5.0-113.0","go-nogo","true","0","","false","<div class = centerbox><div  id = stim1></div></div>","-1","32","750","","test","nogo","113","random","","",""
"","889","32","1242","0","test_block","poldrack-single-stim","128","193229","0.0-5.0-114.0","go-nogo","true","0","","true","<div class = centerbox><div  id = stim2></div></div>","32","32","750","","test","go","114","random","","",""
"","920","32","1169","0","test_block","poldrack-single-stim","129","194402","0.0-5.0-115.0","go-nogo","true","0","","true","<div class = centerbox><div  id = stim2></div></div>","32","32","750","","test","go","115","random","","",""
"","929","32","1011","0","test_block","poldrack-single-stim","130","195420","0.0-5.0-116.0","go-nogo","true","0","","true","<div class = centerbox><div  id = stim2></div></div>","32","32","750","","test","go","116","random","","",""
"","-1","-1","1284","0","test_block","poldrack-single-stim","131","196711","0.0-5.0-117.0","go-nogo","true","0","","true","<div class = centerbox><div  id = stim1></div></div>","-1","32","750","","test","nogo","117","random","","",""
"","701","32","1068","0","test_block","poldrack-single-stim","132","197783","0.0-5.0-118.0","go-nogo","true","0","","true","<div class = centerbox><div  id = stim2></div></div>","32","32","750","","test","go","118","random","","",""
"","-1","-1","1274","0","test_block","poldrack-single-stim","133","199060","0.0-5.0-119.0","go-nogo","true","0","","false","<div class = centerbox><div  id = stim2></div></div>","32","32","750","","test","go","119","random","","",""
"","-1","-1","1305","0","test_block","poldrack-single-stim","134","200369","0.0-5.0-120.0","go-nogo","true","0","","false","<div class = centerbox><div  id = stim2></div></div>","32","32","750","","test","go","120","random","","",""
"","187","32","1300","0","test_block","poldrack-single-stim","135","201672","0.0-5.0-121.0","go-nogo","true","0","","true","<div class = centerbox><div  id = stim2></div></div>","32","32","750","","test","go","121","random","","",""
"","-1","-1","1054","0","test_block","poldrack-single-stim","136","202730","0.0-5.0-122.0","go-nogo","true","0","","false","<div class = centerbox><div  id = stim2></div></div>","32","32","750","","test","go","122","random","","",""
"","-1","-1","1272","0","test_block","poldrack-single-stim","137","204005","0.0-5.0-123.0","go-nogo","true","0","","false","<div class = centerbox><div  id = stim2></div></div>","32","32","750","","test","go","123","random","","",""
"","-1","-1","1397","0","test_block","poldrack-single-stim","138","205407","0.0-5.0-124.0","go-nogo","true","0","","false","<div class = centerbox><div  id = stim2></div></div>","32","32","750","","test","go","124","random","","",""
"","-1","-1","1462","0","test_block","poldrack-single-stim","139","206874","0.0-5.0-125.0","go-nogo","true","0","","false","<div class = centerbox><div  id = stim2></div></div>","32","32","750","","test","go","125","random","","",""
"","69","32","1490","0","test_block","poldrack-single-stim","140","208367","0.0-5.0-126.0","go-nogo","true","0","","true","<div class = centerbox><div  id = stim2></div></div>","32","32","750","","test","go","126","random","","",""
"","-1","-1","1055","0","test_block","poldrack-single-stim","141","209428","0.0-5.0-127.0","go-nogo","true","0","","false","<div class = centerbox><div  id = stim2></div></div>","32","32","750","","test","go","127","random","","",""
"","-1","-1","1165","0","test_block","poldrack-single-stim","142","210598","0.0-5.0-128.0","go-nogo","true","0","","false","<div class = centerbox><div  id = stim2></div></div>","32","32","750","","test","go","128","random","","",""
"","254","32","1193","0","test_block","poldrack-single-stim","143","211795","0.0-5.0-129.0","go-nogo","true","0","","true","<div class = centerbox><div  id = stim2></div></div>","32","32","750","","test","go","129","random","","",""
"","-1","-1","1034","0","test_block","poldrack-single-stim","144","212834","0.0-5.0-130.0","go-nogo","true","0","","true","<div class = centerbox><div  id = stim1></div></div>","-1","32","750","","test","nogo","130","random","","",""
"","129","32","1410","0","test_block","poldrack-single-stim","145","214248","0.0-5.0-131.0","go-nogo","true","0","","true","<div class = centerbox><div  id = stim2></div></div>","32","32","750","","test","go","131","random","","",""
"","445","32","1493","0","test_block","poldrack-single-stim","146","215744","0.0-5.0-132.0","go-nogo","true","0","","true","<div class = centerbox><div  id = stim2></div></div>","32","32","750","","test","go","132","random","","",""
"","300","32","1112","0","test_block","poldrack-single-stim","147","216859","0.0-5.0-133.0","go-nogo","true","0","","false","<div class = centerbox><div  id = stim1></div></div>","-1","32","750","","test","nogo","133","random","","",""
"","193","32","1268","0","test_block","poldrack-single-stim","148","218132","0.0-5.0-134.0","go-nogo","true","0","","true","<div class = centerbox><div  id = stim2></div></div>","32","32","750","","test","go","134","random","","",""
"","261","32","1111","0","test_block","poldrack-single-stim","149","219248","0.0-5.0-135.0","go-nogo","true","0","","true","<div class = centerbox><div  id = stim2></div></div>","32","32","750","","test","go","135","random","","",""
"","326","32","1443","0","test_block","poldrack-single-stim","150","220695","0.0-5.0-136.0","go-nogo","true","0","","true","<div class = centerbox><div  id = stim2></div></div>","32","32","750","","test","go","136","random","","",""
"","-1","-1","1052","0","test_block","poldrack-single-stim","151","221753","0.0-5.0-137.0","go-nogo","true","0","","false","<div class = centerbox><div  id = stim2></div></div>","32","32","750","","test","go","137","random","","",""
"","-1","-1","1436","0","test_block","poldrack-single-stim","152","223195","0.0-5.0-138.0","go-nogo","true","0","","false","<div class = centerbox><div  id = stim2></div></div>","32","32","750","","test","go","138","random","","",""
"","938","32","1345","0","test_block","poldrack-single-stim","153","224545","0.0-5.0-139.0","go-nogo","true","0","","false","<div class = centerbox><div  id = stim1></div></div>","-1","32","750","","test","nogo","139","random","","",""
"","-1","-1","1370","0","test_block","poldrack-single-stim","154","225921","0.0-5.0-140.0","go-nogo","true","0","","false","<div class = centerbox><div  id = stim2></div></div>","32","32","750","","test","go","140","random","","",""
"","642","32","1342","0","test_block","poldrack-single-stim","155","227267","0.0-5.0-141.0","go-nogo","true","0","","true","<div class = centerbox><div  id = stim2></div></div>","32","32","750","","test","go","141","random","","",""
"","214","32","1352","0","test_block","poldrack-single-stim","156","228624","0.0-5.0-142.0","go-nogo","true","0","","true","<div class = centerbox><div  id = stim2></div></div>","32","32","750","","test","go","142","random","","",""
"","839","32","1466","0","test_block","poldrack-single-stim","157","230094","0.0-5.0-143.0","go-nogo","true","0","","true","<div class = centerbox><div  id = stim2></div></div>","32","32","750","","test","go","143","random","","",""
"","811","32","1076","0","test_block","poldrack-single-stim","158","231173","0.0-5.0-144.0","go-nogo","true","0","","true","<div class = centerbox><div  id = stim2></div></div>","32","32","750","","test","go","144","random","","",""
"","740","32","1478","0","test_block","poldrack-single-stim","159","232656","0.0-5.0-145.0","go-nogo","true","0","","true","<div class = centerbox><div  id = stim2></div></div>","32","32","750","","test","go","145","random","","",""
"","166","32","1084","0","test_block","poldrack-single-stim","160","233744","0.0-5.0-146.0","go-nogo","true","0","","true","<div class = centerbox><div  id = stim2></div></div>","32","32","750","","test","go","146","random","","",""
"","88","32","1225","0","test_block","poldrack-single-stim","161","234973","0.0-5.0-147.0","go-nogo","true","0","","true","<div class = centerbox><div  id = stim2></div></div>","32","32","750","","test","go","147","random","","",""
"","-1","-1","1284","0","test_block","poldrack-single-stim","162","236261","0.0-5.0-148.0","go-nogo","true","0","","true","<div class = centerbox><div  id = stim1></div></div>","-1","32","750","","test","nogo","148","random","","",""
"","-1","-1","1274","0","test_block","poldrack-single-stim","163","237539","0.0-5.0-149.0","go-nogo","true","0","","true","<div class = centerbox><div  id = stim1></div></div>","-1","32","750","","test","nogo","149","random","","",""
"","23","32","1432","0","test_block","poldrack-single-stim","164","238977","0.0-5.0-150.0","go-nogo","true","0","","true","<div class = centerbox><div  id = stim2></div></div>","32","32","750","","test","go","150","random","","",""
"","176","32","1014","0","test_block","poldrack-single-stim","165","239995","0.0-5.0-151.0","go-nogo","true","0","","true","<div class = centerbox><div  id = stim2></div></div>","32","32","750","","test","go","151","random","","",""
"","155","32","1144","0","test_block","poldrack-single-stim","166","241146","0.0-5.0-152.0","go-nogo","true","0","","false","<div class = centerbox><div  id = stim1></div></div>","-1","32","750","","test","nogo","152","random","","",""
"","128","32","1055","0","test_block","poldrack-single-stim","167","242204","0.0-5.0-153.0","go-nogo","true","0","","true","<div class = centerbox><div  id = stim2></div></div>","32","32","750","","test","go","153","random","","",""
"","-1","-1","1120","0","test_block","poldrack-single-stim","168","243327","0.0-5.0-154.0","go-nogo","true","0","","true","<div class = centerbox><div  id = stim1></div></div>","-1","32","750","","test","nogo","154","random","","",""
"","524","32","1398","0","test_block","poldrack-single-stim","169","244732","0.0-5.0-155.0","go-nogo","true","0","","true","<div class = centerbox><div  id = stim2></div></div>","32","32","750","","test","go","155","random","","",""
"","-1","-1","1068","0","test_block","poldrack-single-stim","170","245804","0.0-5.0-156.0","go-nogo","true","0","","false","<div class = centerbox><div  id = stim2></div></div>","32","32","750","","test","go","156","random","","",""
"","-1","-1","1106","0","test_block","poldrack-single-stim","171","246915","0.0-5.0-157.0","go-nogo","true","0","","false","<div class = centerbox><div  id = stim2></div></div>","32","32","750","","test","go","157","random","","",""
"","582","32","1000","0","test_block","poldrack-single-stim","172","247919","0.0-5.0-158.0","go-nogo","true","0","","true","<div class = centerbox><div  id = stim2></div></div>","32","32","750","","test","go","158","random","","",""
"","73","32","1236","0","test_block","poldrack-single-stim","173","249159","0.0-5.0-159.0","go-nogo","true","0","","true","<div class = centerbox><div  id = stim2></div></div>","32","32","750","","test","go","159","random","","",""
"","404","32","1059","0","test_block","poldrack-single-stim","174","250221","0.0-5.0-160.0","go-nogo","true","0","","true","<div class = centerbox><div  id = stim2></div></div>","32","32","750","","test","go","160","random","","",""
"","-1","-1","1053","0","test_block","poldrack-single-stim","175","251281","0.0-5.0-161.0","go-nogo","true","0","","false","<div class = centerbox><div  id = stim2></div></div>","32","32","750","","test","go","161","random","","",""
"","170","32","1335","0","test_block","poldrack-single-stim","176","252621","0.0-5.0-162.0","go-nogo","true","0","","true","<div class = centerbox><div  id = stim2></div></div>","32","32","750","","test","go","162","random","","",""
"","-1","-1","1143","0","test_block","poldrack-single-stim","177","253771","0.0-5.0-163.0","go-nogo","true","0","","false","<div class = centerbox><div  id = stim2></div></div>","32","32","750","","test","go","163","random","","",""
"","292","32","1393","0","test_block","poldrack-single-stim","178","255169","0.0-5.0-164.0","go-nogo","true","0","","true","<div class = centerbox><div  id = stim2></div></div>","32","32","750","","test","go","164","random","","",""
"","223","32","1125","0","test_block","poldrack-single-stim","179","256298","0.0-5.0-165.0","go-nogo","true","0","","true","<div class = centerbox><div  id = stim2></div></div>","32","32","750","","test","go","165","random","","",""
"","-1","-1","1202","0","test_block","poldrack-single-stim","180","257503","0.0-5.0-166.0","go-nogo","true","0","","false","<div class = centerbox><div  id = stim2></div></div>","32","32","750","","test","go","166","random","","",""
"","769","32","1110","0","test_block","poldrack-single-stim","181","258619","0.0-5.0-167.0","go-nogo","true","0","","true","<div class = centerbox><div  id = stim2></div></div>","32","32","750","","test","go","167","random","","",""
"","-1","-1","1412","0","test_block","poldrack-single-stim","182","260036","0.0-5.0-168.0","go-nogo","true","0","","false","<div class = centerbox><div  id = stim2></div></div>","32","32","750","","test","go","168","random","","",""
"","471","32","1124","0","test_block","poldrack-single-stim","183","261165","0.0-5.0-169.0","go-nogo","true","0","","false","<div class = centerbox><div  id = stim1></div></div>","-1","32","750","","test","nogo","169","random","","",""
"","76","32","1258","0","test_block","poldrack-single-stim","184","262429","0.0-5.0-170.0","go-nogo","true","0","","true","<div class = centerbox><div  id = stim2></div></div>","32","32","750","","test","go","170","random","","",""
"","314","32","1385","0","test_block","poldrack-single-stim","185","263817","0.0-5.0-171.0","go-nogo","true","0","","true","<div class = centerbox><div  id = stim2></div></div>","32","32","750","","test","go","171","random","","",""
"","105","32","1213","0","test_block","poldrack-single-stim","186","265036","0.0-5.0-172.0","go-nogo","true","0","","true","<div class = centerbox><div  id = stim2></div></div>","32","32","750","","test","go","172","random","","",""
"","66","32","1216","0","test_block","poldrack-single-stim","187","266256","0.0-5.0-173.0","go-nogo","true","0","","true","<div class = centerbox><div  id = stim2></div></div>","32","32","750","","test","go","173","random","","",""
"","1076","32","1365","0","test_block","poldrack-single-stim","188","267626","0.0-5.0-174.0","go-nogo","true","0","","true","<div class = centerbox><div  id = stim2></div></div>","32","32","750","","test","go","174","random","","",""
"","759","32","1115","0","test_block","poldrack-single-stim","189","268743","0.0-5.0-175.0","go-nogo","true","0","","true","<div class = centerbox><div  id = stim2></div></div>","32","32","750","","test","go","175","random","","",""
"","-1","-1","1004","0","test_block","poldrack-single-stim","190","269750","0.0-5.0-176.0","go-nogo","true","0","","false","<div class = centerbox><div  id = stim2></div></div>","32","32","750","","test","go","176","random","","",""
"","-1","-1","1150","0","test_block","poldrack-single-stim","191","270904","0.0-5.0-177.0","go-nogo","true","0","","true","<div class = centerbox><div  id = stim1></div></div>","-1","32","750","","test","nogo","177","random","","",""
"","649","32","1359","0","test_block","poldrack-single-stim","192","272267","0.0-5.0-178.0","go-nogo","true","0","","true","<div class = centerbox><div  id = stim2></div></div>","32","32","750","","test","go","178","random","","",""
"","94","32","1238","0","test_block","poldrack-single-stim","193","273511","0.0-5.0-179.0","go-nogo","true","0","","true","<div class = centerbox><div  id = stim2></div></div>","32","32","750","","test","go","179","random","","",""
"","442","32","1077","0","test_block","poldrack-single-stim","194","274592","0.0-5.0-180.0","go-nogo","true","0","","true","<div class = centerbox><div  id = stim2></div></div>","32","32","750","","test","go","180","random","","",""
"","92","32","1373","0","test_block","poldrack-single-stim","195","275968","0.0-5.0-181.0","go-nogo","true","0","","true","<div class = centerbox><div  id = stim2></div></div>","32","32","750","","test","go","181","random","","",""
"","1194","32","1290","0","test_block","poldrack-single-stim","196","277262","0.0-5.0-182.0","go-nogo","true","0","","true","<div class = centerbox><div  id = stim2></div></div>","32","32","750","","test","go","182","random","","",""
"","1038","32","1468","0","test_block","poldrack-single-stim","197","278736","0.0-5.0-183.0","go-nogo","true","0","","true","<div class = centerbox><div  id = stim2></div></div>","32","32","750","","test","go","183","random","","",""
"","-1","-1","1252","0","test_block","poldrack-single-stim","198","279993","0.0-5.0-184.0","go-nogo","true","0","","false","<div class = centerbox><div  id = stim2></div></div>","32","32","750","","test","go","184","random","","",""
"","251","32","1135","0","test_block","poldrack-single-stim","199","281132","0.0-5.0-185.0","go-nogo","true","0","","false","<div class = centerbox><div  id = stim1></div></div>","-1","32","750","","test","nogo","185","random","","",""
"","918","32","1341","0","test_block","poldrack-single-stim","200","282480","0.0-5.0-186.0","go-nogo","true","0","","true","<div class = centerbox><div  id = stim2></div></div>","32","32","750","","test","go","186","random","","",""
"","1341","32","1454","0","test_block","poldrack-single-stim","201","283939","0.0-5.0-187.0","go-nogo","true","0","","true","<div class = centerbox><div  id = stim2></div></div>","32","32","750","","test","go","187","random","","",""
"","-1","-1","1315","0","test_block","poldrack-single-stim","202","285257","0.0-5.0-188.0","go-nogo","true","0","","true","<div class = centerbox><div  id = stim1></div></div>","-1","32","750","","test","nogo","188","random","","",""
"","-1","-1","1312","0","test_block","poldrack-single-stim","203","286572","0.0-5.0-189.0","go-nogo","true","0","","false","<div class = centerbox><div  id = stim2></div></div>","32","32","750","","test","go","189","random","","",""
"","1072","32","1262","0","test_block","poldrack-single-stim","204","287838","0.0-5.0-190.0","go-nogo","true","0","","true","<div class = centerbox><div  id = stim2></div></div>","32","32","750","","test","go","190","random","","",""
"","204","32","1339","0","test_block","poldrack-single-stim","205","289182","0.0-5.0-191.0","go-nogo","true","0","","false","<div class = centerbox><div  id = stim1></div></div>","-1","32","750","","test","nogo","191","random","","",""
"","1009","32","1028","0","test_block","poldrack-single-stim","206","290216","0.0-5.0-192.0","go-nogo","true","0","","true","<div class = centerbox><div  id = stim2></div></div>","32","32","750","","test","go","192","random","","",""
"","-1","-1","1289","0","test_block","poldrack-single-stim","207","291509","0.0-5.0-193.0","go-nogo","true","0","","false","<div class = centerbox><div  id = stim2></div></div>","32","32","750","","test","go","193","random","","",""
"","774","32","1446","0","test_block","poldrack-single-stim","208","292960","0.0-5.0-194.0","go-nogo","true","0","","true","<div class = centerbox><div  id = stim2></div></div>","32","32","750","","test","go","194","random","","",""
"","-1","-1","1464","0","test_block","poldrack-single-stim","209","294426","0.0-5.0-195.0","go-nogo","true","0","","true","<div class = centerbox><div  id = stim1></div></div>","-1","32","750","","test","nogo","195","random","","",""
"","219","32","1233","0","test_block","poldrack-single-stim","210","295662","0.0-5.0-196.0","go-nogo","true","0","","true","<div class = centerbox><div  id = stim2></div></div>","32","32","750","","test","go","196","random","","",""
"","-1","-1","1147","0","test_block","poldrack-single-stim","211","296813","0.0-5.0-197.0","go-nogo","true","0","","true","<div class = centerbox><div  id = stim1></div></div>","-1","32","750","","test","nogo","197","random","","",""
"","-1","-1","1443","0","test_block","poldrack-single-stim","212","298261","0.0-5.0-198.0","go-nogo","true","0","","false","<div class = centerbox><div  id = stim2></div></div>","32","32","750","","test","go","198","random","","",""
"","623","32","1377","0","test_block","poldrack-single-stim","213","299641","0.0-5.0-199.0","go-nogo","true","0","","true","<div class = centerbox><div  id = stim2></div></div>","32","32","750","","test","go","199","random","","",""
"","321","32","1422","0","test_block","poldrack-single-stim","214","301068","0.0-5.0-200.0","go-nogo","true","0","","true","<div class = centerbox><div  id = stim2></div></div>","32","32","750","","test","go","200","random","","",""
"","-1","-1","1331","0","test_block","poldrack-single-stim","215","302403","0.0-5.0-201.0","go-nogo","true","0","","false","<div class = centerbox><div  id = stim2></div></div>","32","32","750","","test","go","201","random","","",""
"","888","32","1022","0","test_block","poldrack-single-stim","216","303430","0.0-5.0-202.0","go-nogo","true","0","","true","<div class = centerbox><div  id = stim2></div></div>","32","32","750","","test","go","202","random","","",""
"","1014","32","1027","0","test_block","poldrack-single-stim","217","304459","0.0-5.0-203.0","go-nogo","true","0","","true","<div class = centerbox><div  id = stim2></div></div>","32","32","750","","test","go","203","random","","",""
"","-1","-1","1238","0","test_block","poldrack-single-stim","218","305701","0.0-5.0-204.0","go-nogo","true","0","","false","<div class = centerbox><div  id = stim2></div></div>","32","32","750","","test","go","204","random","","",""
"","1072","32","1253","0","test_block","poldrack-single-stim","219","306957","0.0-5.0-205.0","go-nogo","true","0","","true","<div class = centerbox><div  id = stim2></div></div>","32","32","750","","test","go","205","random","","",""
"","-1","-1","1141","0","test_block","poldrack-single-stim","220","308101","0.0-5.0-206.0","go-nogo","true","0","","false","<div class = centerbox><div  id = stim2></div></div>","32","32","750","","test","go","206","random","","",""
"","-1","-1","1096","0","test_block","poldrack-single-stim","221","309204","0.0-5.0-207.0","go-nogo","true","0","","false","<div class = centerbox><div  id = stim2></div></div>","32","32","750","","test","go","207","random","","",""
"","-1","-1","1389","0","test_block","poldrack-single-stim","222","310596","0.0-5.0-208.0","go-nogo","true","0","","false","<div class = centerbox><div  id = stim2></div></div>","32","32","750","","test","go","208","random","","",""
"","-1","-1","1168","0","test_block","poldrack-single-stim","223","311768","0.0-5.0-209.0","go-nogo","true","0","","false","<div class = centerbox><div  id = stim2></div></div>","32","32","750","","test","go","209","random","","",""
"","-1","-1","1335","0","test_block","poldrack-single-stim","224","313106","0.0-5.0-210.0","go-nogo","true","0","","false","<div class = centerbox><div  id = stim2></div></div>","32","32","750","","test","go","210","random","","",""
"","347","32","1280","0","test_block","poldrack-single-stim","225","314391","0.0-5.0-211.0","go-nogo","true","0","","true","<div class = centerbox><div  id = stim2></div></div>","32","32","750","","test","go","211","random","","",""
"","4","32","1163","0","test_block","poldrack-single-stim","226","315557","0.0-5.0-212.0","go-nogo","true","0","","true","<div class = centerbox><div  id = stim2></div></div>","32","32","750","","test","go","212","random","","",""
"","136","32","1080","0","test_block","poldrack-single-stim","227","316643","0.0-5.0-213.0","go-nogo","true","0","","true","<div class = centerbox><div  id = stim2></div></div>","32","32","750","","test","go","213","random","","",""
"","149","32","1287","0","test_block","poldrack-single-stim","228","317936","0.0-5.0-214.0","go-nogo","true","0","","true","<div class = centerbox><div  id = stim2></div></div>","32","32","750","","test","go","214","random","","",""
"","-1","-1","1153","0","test_block","poldrack-single-stim","229","319094","0.0-5.0-215.0","go-nogo","true","0","","false","<div class = centerbox><div  id = stim2></div></div>","32","32","750","","test","go","215","random","","",""
"","688","32","1422","0","test_block","poldrack-single-stim","230","320521","0.0-5.0-216.0","go-nogo","true","0","","true","<div class = centerbox><div  id = stim2></div></div>","32","32","750","","test","go","216","random","","",""
"","570","32","1422","0","test_block","poldrack-single-stim","231","321948","0.0-5.0-217.0","go-nogo","true","0","","false","<div class = centerbox><div  id = stim1></div></div>","-1","32","750","","test","nogo","217","random","","",""
"","-1","-1","1250","0","test_block","poldrack-single-stim","232","323203","0.0-5.0-218.0","go-nogo","true","0","","false","<div class = centerbox><div  id = stim2></div></div>","32","32","750","","test","go","218","random","","",""
"","261","32","1399","0","test_block","poldrack-single-stim","233","324607","0.0-5.0-219.0","go-nogo","true","0","","true","<div class = centerbox><div  id = stim2></div></div>","32","32","750","","test","go","219","random","","",""
"","-1","-1","1185","0","test_block","poldrack-single-stim","234","325797","0.0-5.0-220.0","go-nogo","true","0","","false","<div class = centerbox><div  id = stim2></div></div>","32","32","750","","test","go","220","random","","",""
"","416","32","1385","0","test_block","poldrack-single-stim","235","327185","0.0-5.0-221.0","go-nogo","true","0","","true","<div class = centerbox><div  id = stim2></div></div>","32","32","750","","test","go","221","random","","",""
"","-1","-1","1236","0","test_block","poldrack-single-stim","236","328425","0.0-5.0-222.0","go-nogo","true","0","","false","<div class = centerbox><div  id = stim2></div></div>","32","32","750","","test","go","222","random","","",""
"","-1","-1","1128","0","test_block","poldrack-single-stim","237","329558","0.0-5.0-223.0","go-nogo","true","0","","false","<div class = centerbox><div  id = stim2></div></div>","32","32","750","","test","go","223","random","","",""
"","884","32","1339","0","test_block","poldrack-single-stim","238","330901","0.0-5.0-224.0","go-nogo","true","0","","false","<div class = centerbox><div  id = stim1></div></div>","-1","32","750","","test","nogo","224","random","","",""
"","-1","-1","1290","0","test_block","poldrack-single-stim","239","332195","0.0-5.0-225.0","go-nogo","true","0","","false","<div class = centerbox><div  id = stim2></div></div>","32","32","750","","test","go","225","random","","",""
"","-1","-1","1084","0","test_block","poldrack-single-stim","240","333285","0.0-5.0-226.0","go-nogo","true","0","","true","<div class = centerbox><div  id = stim1></div></div>","-1","32","750","","test","nogo","226","random","","",""
"","498","32","1050","0","test_block","poldrack-single-stim","241","334338","0.0-5.0-227.0","go-nogo","true","0","","true","<div class = centerbox><div  id = stim2></div></div>","32","32","750","","test","go","227","random","","",""
"","635","32","1107","0","test_block","poldrack-single-stim","242","335452","0.0-5.0-228.0","go-nogo","true","0","","true","<div class = centerbox><div  id = stim2></div></div>","32","32","750","","test","go","228","random","","",""
"","80","32","1271","0","test_block","poldrack-single-stim","243","336727","0.0-5.0-229.0","go-nogo","true","0","","true","<div class = centerbox><div  id = stim2></div></div>","32","32","750","","test","go","229","random","","",""
"","1214","32","1468","0","test_block","poldrack-single-stim","244","338203","0.0-5.0-230.0","go-nogo","true","0","","true","<div class = centerbox><div  id = stim2></div></div>","32","32","750","","test","go","230","random","","",""
"","269","32","1052","0","test_block","poldrack-single-stim","245","339260","0.0-5.0-231.0","go-nogo","true","0","","true","<div class = centerbox><div  id = stim2></div></div>","32","32","750","","test","go","231","random","","",""
"","222","32","1040","0","test_block","poldrack-single-stim","246","340306","0.0-5.0-232.0","go-nogo","true","0","","true","<div class = centerbox><div  id = stim2></div></div>","32","32","750","","test","go","232","random","","",""
"","-1","-1","1363","0","test_block","poldrack-single-stim","247","341673","0.0-5.0-233.0","go-nogo","true","0","","false","<div class = centerbox><div  id = stim2></div></div>","32","32","750","","test","go","233","random","","",""
"","550","32","1095","0","test_block","poldrack-single-stim","248","342772","0.0-5.0-234.0","go-nogo","true","0","","true","<div class = centerbox><div  id = stim2></div></div>","32","32","750","","test","go","234","random","","",""
"","-1","-1","1470","0","test_block","poldrack-single-stim","249","344246","0.0-5.0-235.0","go-nogo","true","0","","false","<div class = centerbox><div  id = stim2></div></div>","32","32","750","","test","go","235","random","","",""
"","1015","32","1139","0","test_block","poldrack-single-stim","250","345389","0.0-5.0-236.0","go-nogo","true","0","","true","<div class = centerbox><div  id = stim2></div></div>","32","32","750","","test","go","236","random","","",""
"","-1","-1","1212","0","test_block","poldrack-single-stim","251","346606","0.0-5.0-237.0","go-nogo","true","0","","false","<div class = centerbox><div  id = stim2></div></div>","32","32","750","","test","go","237","random","","",""
"","-1","-1","1177","0","test_block","poldrack-single-stim","252","347788","0.0-5.0-238.0","go-nogo","true","0","","false","<div class = centerbox><div  id = stim2></div></div>","32","32","750","","test","go","238","random","","",""
"","523","32","1493","0","test_block","poldrack-single-stim","253","349285","0.0-5.0-239.0","go-nogo","true","0","","true","<div class = centerbox><div  id = stim2></div></div>","32","32","750","","test","go","239","random","","",""
"","554","32","1053","0","test_block","poldrack-single-stim","254","350346","0.0-5.0-240.0","go-nogo","true","0","","true","<div class = centerbox><div  id = stim2></div></div>","32","32","750","","test","go","240","random","","",""
"","225","32","1422","0","test_block","poldrack-single-stim","255","351772","0.0-5.0-241.0","go-nogo","true","0","","true","<div class = centerbox><div  id = stim2></div></div>","32","32","750","","test","go","241","random","","",""
"","210","32","1367","0","test_block","poldrack-single-stim","256","353143","0.0-5.0-242.0","go-nogo","true","0","","true","<div class = centerbox><div  id = stim2></div></div>","32","32","750","","test","go","242","random","","",""
"","299","32","1196","0","test_block","poldrack-single-stim","257","354344","0.0-5.0-243.0","go-nogo","true","0","","true","<div class = centerbox><div  id = stim2></div></div>","32","32","750","","test","go","243","random","","",""
"","-1","-1","1401","0","test_block","poldrack-single-stim","258","355751","0.0-5.0-244.0","go-nogo","true","0","","true","<div class = centerbox><div  id = stim1></div></div>","-1","32","750","","test","nogo","244","random","","",""
"","-1","-1","1243","0","test_block","poldrack-single-stim","259","356999","0.0-5.0-245.0","go-nogo","true","0","","false","<div class = centerbox><div  id = stim2></div></div>","32","32","750","","test","go","245","random","","",""
"","842","32","1454","0","test_block","poldrack-single-stim","260","358457","0.0-5.0-246.0","go-nogo","true","0","","true","<div class = centerbox><div  id = stim2></div></div>","32","32","750","","test","go","246","random","","",""
"","1005","32","1433","0","test_block","poldrack-single-stim","261","359893","0.0-5.0-247.0","go-nogo","true","0","","true","<div class = centerbox><div  id = stim2></div></div>","32","32","750","","test","go","247","random","","",""
"","69","32","1474","0","test_block","poldrack-single-stim","262","361371","0.0-5.0-248.0","go-nogo","true","0","","false","<div class = centerbox><div  id = stim1></div></div>","-1","32","750","","test","nogo","248","random","","",""
"","590","32","1016","0","test_block","poldrack-single-stim","263","362394","0.0-5.0-249.0","go-nogo","true","0","","true","<div class = centerbox><div  id = stim2></div></div>","32","32","750","","test","go","249","random","","",""
"","-1","-1","1042","0","test_block","poldrack-single-stim","264","363441","0.0-5.0-250.0","go-nogo","true","0","","false","<div class = centerbox><div  id = stim2></div></div>","32","32","750","","test","go","250","random","","",""
"","-1","-1","1039","0","test_block","poldrack-single-stim","265","364485","0.0-5.0-251.0","go-nogo","true","0","","false","<div class = centerbox><div  id = stim2></div></div>","32","32","750","","test","go","251","random","","",""
"","-1","-1","1079","0","test_block","poldrack-single-stim","266","365569","0.0-5.0-252.0","go-nogo","true","0","","false","<div class = centerbox><div  id = stim2></div></div>","32","32","750","","test","go","252","random","","",""
"","-1","-1","1057","0","test_block","poldrack-single-stim","267","366631","0.0-5.0-253.0","go-nogo","true","0","","false","<div class = centerbox><div  id = stim2></div></div>","32","32","750","","test","go","253","random","","",""
"","-1","-1","1018","0","test_block","poldrack-single-stim","268","367654","0.0-5.0-254.0","go-nogo","true","0","","false","<div class = centerbox><div  id = stim2></div></div>","32","32","750","","test","go","254","random","","",""
"","468","32","1080","0","test_block","poldrack-single-stim","269","368738","0.0-5.0-255.0","go-nogo","true","0","","true","<div class = centerbox><div  id = stim2></div></div>","32","32","750","","test","go","255","random","","",""
"","-1","-1","1465","0","test_block","poldrack-single-stim","270","370208","0.0-5.0-256.0","go-nogo","true","0","","false","<div class = centerbox><div  id = stim2></div></div>","32","32","750","","test","go","256","random","","",""
"","1283","32","1406","0","test_block","poldrack-single-stim","271","371618","0.0-5.0-257.0","go-nogo","true","0","","true","<div class = centerbox><div  id = stim2></div></div>","32","32","750","","test","go","257","random","","",""
"","764","32","1134","0","test_block","poldrack-single-stim","272","372756","0.0-5.0-258.0","go-nogo","true","0","","true","<div class = centerbox><div  id = stim2></div></div>","32","32","750","","test","go","258","random","","",""
"","406","32","1201","0","test_block","poldrack-single-stim","273","373963","0.0-5.0-259.0","go-nogo","true","0","","true","<div class = centerbox><div  id = stim2></div></div>","32","32","750","","test","go","259","random","","",""
"","280","32","1367","0","test_block","poldrack-single-stim","274","375332","0.0-5.0-260.0","go-nogo","true","0","","true","<div class = centerbox><div  id = stim2></div></div>","32","32","750","","test","go","260","random","","",""
"","130","32","1141","0","test_block","poldrack-single-stim","275","376477","0.0-5.0-261.0","go-nogo","true","0","","true","<div class = centerbox><div  id = stim2></div></div>","32","32","750","","test","go","261","random","","",""
"","106","32","1024","0","test_block","poldrack-single-stim","276","377503","0.0-5.0-262.0","go-nogo","true","0","","true","<div class = centerbox><div  id = stim2></div></div>","32","32","750","","test","go","262","random","","",""
"","418","32","1174","0","test_block","poldrack-single-stim","277","378684","0.0-5.0-263.0","go-nogo","true","0","","true","<div class = centerbox><div  id = stim2></div></div>","32","32","750","","test","go","263","random","","",""
"","597","32","1412","0","test_block","poldrack-single-stim","278","380100","0.0-5.0-264.0","go-nogo","true","0","","true","<div class = centerbox><div  id = stim2></div></div>","32","32","750","","test","go","264","random","","",""
"","273","32","1481","0","test_block","poldrack-single-stim","279","381584","0.0-5.0-265.0","go-nogo","true","0","","false","<div class = centerbox><div  id = stim1></div></div>","-1","32","750","","test","nogo","265","random","","",""
"","147","32","1335","0","test_block","poldrack-single-stim","280","382925","0.0-5.0-266.0","go-nogo","true","0","","true","<div class = centerbox><div  id = stim2></div></div>","32","32","750","","test","go","266","random","","",""
"","-1","-1","1021","0","test_block","poldrack-single-stim","281","383950","0.0-5.0-267.0","go-nogo","true","0","","false","<div class = centerbox><div  id = stim2></div></div>","32","32","750","","test","go","267","random","","",""
"","656","32","1086","0","test_block","poldrack-single-stim","282","385041","0.0-5.0-268.0","go-nogo","true","0","","true","<div class = centerbox><div  id = stim2></div></div>","32","32","750","","test","go","268","random","","",""
"","124","32","1084","0","test_block","poldrack-single-stim","283","386131","0.0-5.0-269.0","go-nogo","true","0","","true","<div class = centerbox><div  id = stim2></div></div>","32","32","750","","test","go","269","random","","",""
"","-1","-1","1371","0","test_block","poldrack-single-stim","284","387512","0.0-5.0-270.0","go-nogo","true","0","","false","<div class = centerbox><div  id = stim2></div></div>","32","32","750","","test","go","270","random","","",""
"","409","32","1402","0","test_block","poldrack-single-stim","285","388921","0.0-5.0-271.0","go-nogo","true","0","","true","<div class = centerbox><div  id = stim2></div></div>","32","32","750","","test","go","271","random","","",""
"","11","32","1359","0","test_block","poldrack-single-stim","286","390284","0.0-5.0-272.0","go-nogo","true","0","","true","<div class = centerbox><div  id = stim2></div></div>","32","32","750","","test","go","272","random","","",""
"","-1","-1","1020","0","test_block","poldrack-single-stim","287","391308","0.0-5.0-273.0","go-nogo","true","0","","false","<div class = centerbox><div  id = stim2></div></div>","32","32","750","","test","go","273","random","","",""
"","1056","32","1298","0","test_block","poldrack-single-stim","288","392609","0.0-5.0-274.0","go-nogo","true","0","","true","<div class = centerbox><div  id = stim2></div></div>","32","32","750","","test","go","274","random","","",""
"","-1","-1","1081","0","test_block","poldrack-single-stim","289","393696","0.0-5.0-275.0","go-nogo","true","0","","false","<div class = centerbox><div  id = stim2></div></div>","32","32","750","","test","go","275","random","","",""
"","-1","-1","1463","0","test_block","poldrack-single-stim","290","395165","0.0-5.0-276.0","go-nogo","true","0","","false","<div class = centerbox><div  id = stim2></div></div>","32","32","750","","test","go","276","random","","",""
"","637","32","1333","0","test_block","poldrack-single-stim","291","396501","0.0-5.0-277.0","go-nogo","true","0","","true","<div class = centerbox><div  id = stim2></div></div>","32","32","750","","test","go","277","random","","",""
"","3","32","1490","0","test_block","poldrack-single-stim","292","397994","0.0-5.0-278.0","go-nogo","true","0","","true","<div class = centerbox><div  id = stim2></div></div>","32","32","750","","test","go","278","random","","",""
"","366","32","1044","0","test_block","poldrack-single-stim","293","399045","0.0-5.0-279.0","go-nogo","true","0","","true","<div class = centerbox><div  id = stim2></div></div>","32","32","750","","test","go","279","random","","",""
"","1079","32","1122","0","test_block","poldrack-single-stim","294","400170","0.0-5.0-280.0","go-nogo","true","0","","true","<div class = centerbox><div  id = stim2></div></div>","32","32","750","","test","go","280","random","","",""
"","-1","-1","1222","0","test_block","poldrack-single-stim","295","401397","0.0-5.0-281.0","go-nogo","true","0","","false","<div class = centerbox><div  id = stim2></div></div>","32","32","750","","test","go","281","random","","",""
"","-1","-1","1176","0","test_block","poldrack-single-stim","296","402578","0.0-5.0-282.0","go-nogo","true","0","","false","<div class = centerbox><div  id = stim2></div></div>","32","32","750","","test","go","282","random","","",""
"","-1","-1","1286","0","test_block","poldrack-single-stim","297","403869","0.0-5.0-283.0","go-nogo","true","0","","false","<div class = centerbox><div  id = stim2></div></div>","32","32","750","","test","go","283","random","","",""
"","355","32","1317","0","test_block","poldrack-single-stim","298","405190","0.0-5.0-284.0","go-nogo","true","0","","true","<div class = centerbox><div  id = stim2></div></div>","32","32","750","","test","go","284","random","","",""
"","-1","-1","1083","0","test_block","poldrack-single-stim","299","406278","0.0-5.0-285.0","go-nogo","true","0","","false","<div class = centerbox><div  id = stim2></div></div>","32","32","750","","test","go","285","random","","",""
"","-1","-1","1159","0","test_block","poldrack-single-stim","300","407441","0.0-5.0-286.0","go-nogo","true","0","","false","<div class = centerbox><div  id = stim2></div></div>","32","32","750","","test","go","286","random","","",""
"","-1","-1","1109","0","test_block","poldrack-single-stim","301","408553","0.0-5.0-287.0","go-nogo","true","0","","true","<div class = centerbox><div  id = stim1></div></div>","-1","32","750","","test","nogo","287","random","","",""
"","-1","-1","1042","0","test_block","poldrack-single-stim","302","409602","0.0-5.0-288.0","go-nogo","true","0","","false","<div class = centerbox><div  id = stim2></div></div>","32","32","750","","test","go","288","random","","",""
"","381","32","1148","0","test_block","poldrack-single-stim","303","410754","0.0-5.0-289.0","go-nogo","true","0","","true","<div class = centerbox><div  id = stim2></div></div>","32","32","750","","test","go","289","random","","",""
"","848","32","1062","0","test_block","poldrack-single-stim","304","411821","0.0-5.0-290.0","go-nogo","true","0","","true","<div class = centerbox><div  id = stim2></div></div>","32","32","750","","test","go","290","random","","",""
"","342","32","1033","0","test_block","poldrack-single-stim","305","412857","0.0-5.0-291.0","go-nogo","true","0","","true","<div class = centerbox><div  id = stim2></div></div>","32","32","750","","test","go","291","random","","",""
"","226","32","1329","0","test_block","poldrack-single-stim","306","414191","0.0-5.0-292.0","go-nogo","true","0","","true","<div class = centerbox><div  id = stim2></div></div>","32","32","750","","test","go","292","random","","",""
"","-1","-1","1061","0","test_block","poldrack-single-stim","307","415255","0.0-5.0-293.0","go-nogo","true","0","","false","<div class = centerbox><div  id = stim2></div></div>","32","32","750","","test","go","293","random","","",""
"","969","32","1160","0","test_block","poldrack-single-stim","308","416419","0.0-5.0-294.0","go-nogo","true","0","","true","<div class = centerbox><div  id = stim2></div></div>","32","32","750","","test","go","294","random","","",""
"","-1","-1","1344","0","test_block","poldrack-single-stim","309","417767","0.0-5.0-295.0","go-nogo","true","0","","false","<div class = centerbox><div  id = stim2></div></div>","32","32","750","","test","go","295","random","","",""
"","-1","-1","1107","0","test_block","poldrack-single-stim","310","418877","0.0-5.0-296.0","go-nogo","true","0","","false","<div class = centerbox><div  id = stim2></div></div>","32","32","750","","test","go","296","random","","",""
"","-1","-1","1143","0","test_block","poldrack-single-stim","311","420024","0.0-5.0-297.0","go-nogo","true","0","","true","<div class = centerbox><div  id = stim1></div></div>","-1","32","750","","test","nogo","297","random","","",""
"","979","32","1467","0","test_block","poldrack-single-stim","312","421494","0.0-5.0-298.0","go-nogo","true","0","","true","<div class = centerbox><div  id = stim2></div></div>","32","32","750","","test","go","298","random","","",""
"","151","32","1164","0","test_block","poldrack-single-stim","313","422662","0.0-5.0-299.0","go-nogo","true","0","","true","<div class = centerbox><div  id = stim2></div></div>","32","32","750","","test","go","299","random","","",""
"","340","32","1151","0","test_block","poldrack-single-stim","314","423817","0.0-5.0-300.0","go-nogo","true","0","","true","<div class = centerbox><div  id = stim2></div></div>","32","32","750","","test","go","300","random","","",""
"","626","32","1189","0","test_block","poldrack-single-stim","315","425009","0.0-5.0-301.0","go-nogo","true","0","","true","<div class = centerbox><div  id = stim2></div></div>","32","32","750","","test","go","301","random","","",""
"","553","32","1385","0","test_block","poldrack-single-stim","316","426398","0.0-5.0-302.0","go-nogo","true","0","","true","<div class = centerbox><div  id = stim2></div></div>","32","32","750","","test","go","302","random","","",""
"","823","32","1295","0","test_block","poldrack-single-stim","317","427699","0.0-5.0-303.0","go-nogo","true","0","","true","<div class = centerbox><div  id = stim2></div></div>","32","32","750","","test","go","303","random","","",""
"","1101","32","1304","0","test_block","poldrack-single-stim","318","429012","0.0-5.0-304.0","go-nogo","true","0","","true","<div class = centerbox><div  id = stim2></div></div>","32","32","750","","test","go","304","random","","",""
"","957","32","1418","0","test_block","poldrack-single-stim","319","430433","0.0-5.0-305.0","go-nogo","true","0","","true","<div class = centerbox><div  id = stim2></div></div>","32","32","750","","test","go","305","random","","",""
"","269","32","1413","0","test_block","poldrack-single-stim","320","431851","0.0-5.0-306.0","go-nogo","true","0","","true","<div class = centerbox><div  id = stim2></div></div>","32","32","750","","test","go","306","random","","",""
"","543","32","1411","0","test_block","poldrack-single-stim","321","433265","0.0-5.0-307.0","go-nogo","true","0","","true","<div class = centerbox><div  id = stim2></div></div>","32","32","750","","test","go","307","random","","",""
"","600","32","1452","0","test_block","poldrack-single-stim","322","434719","0.0-5.0-308.0","go-nogo","true","0","","true","<div class = centerbox><div  id = stim2></div></div>","32","32","750","","test","go","308","random","","",""
"","-1","-1","1179","0","test_block","poldrack-single-stim","323","435902","0.0-5.0-309.0","go-nogo","true","0","","false","<div class = centerbox><div  id = stim2></div></div>","32","32","750","","test","go","309","random","","",""
"","462","32","1296","0","test_block","poldrack-single-stim","324","437203","0.0-5.0-310.0","go-nogo","true","0","","true","<div class = centerbox><div  id = stim2></div></div>","32","32","750","","test","go","310","random","","",""
"","-1","-1","1110","0","test_block","poldrack-single-stim","325","438318","0.0-5.0-311.0","go-nogo","true","0","","false","<div class = centerbox><div  id = stim2></div></div>","32","32","750","","test","go","311","random","","",""
"","86","32","1449","0","test_block","poldrack-single-stim","326","439770","0.0-5.0-312.0","go-nogo","true","0","","true","<div class = centerbox><div  id = stim2></div></div>","32","32","750","","test","go","312","random","","",""
"","1153","32","1328","0","test_block","poldrack-single-stim","327","441102","0.0-5.0-313.0","go-nogo","true","0","","true","<div class = centerbox><div  id = stim2></div></div>","32","32","750","","test","go","313","random","","",""
"","-1","-1","1393","0","test_block","poldrack-single-stim","328","442498","0.0-5.0-314.0","go-nogo","true","0","","false","<div class = centerbox><div  id = stim2></div></div>","32","32","750","","test","go","314","random","","",""
"","586","32","1334","0","test_block","poldrack-single-stim","329","443836","0.0-5.0-315.0","go-nogo","true","0","","true","<div class = centerbox><div  id = stim2></div></div>","32","32","750","","test","go","315","random","","",""
"","-1","-1","1225","0","test_block","poldrack-single-stim","330","445064","0.0-5.0-316.0","go-nogo","true","0","","false","<div class = centerbox><div  id = stim2></div></div>","32","32","750","","test","go","316","random","","",""
"","1394","32","1465","0","test_block","poldrack-single-stim","331","446533","0.0-5.0-317.0","go-nogo","true","0","","true","<div class = centerbox><div  id = stim2></div></div>","32","32","750","","test","go","317","random","","",""
"","271","32","1469","0","test_block","poldrack-single-stim","332","448005","0.0-5.0-318.0","go-nogo","true","0","","true","<div class = centerbox><div  id = stim2></div></div>","32","32","750","","test","go","318","random","","",""
"","118","32","1111","0","test_block","poldrack-single-stim","333","449120","0.0-5.0-319.0","go-nogo","true","0","","false","<div class = centerbox><div  id = stim1></div></div>","-1","32","750","","test","nogo","319","random","","",""
"","323","32","1330","0","test_block","poldrack-single-stim","334","450454","0.0-5.0-320.0","go-nogo","true","0","","true","<div class = centerbox><div  id = stim2></div></div>","32","32","750","","test","go","320","random","","",""
"","588","32","1420","0","test_block","poldrack-single-stim","335","451879","0.0-5.0-321.0","go-nogo","true","0","","true","<div class = centerbox><div  id = stim2></div></div>","32","32","750","","test","go","321","random","","",""
"","415","32","1290","0","test_block","poldrack-single-stim","336","453173","0.0-5.0-322.0","go-nogo","true","0","","true","<div class = centerbox><div  id = stim2></div></div>","32","32","750","","test","go","322","random","","",""
"","390","32","1352","0","test_block","poldrack-single-stim","337","454529","0.0-5.0-323.0","go-nogo","true","0","","true","<div class = centerbox><div  id = stim2></div></div>","32","32","750","","test","go","323","random","","",""
"","-1","-1","1398","0","test_block","poldrack-single-stim","338","455931","0.0-5.0-324.0","go-nogo","true","0","","false","<div class = centerbox><div  id = stim2></div></div>","32","32","750","","test","go","324","random","","",""
"","-1","-1","1445","0","test_block","poldrack-single-stim","339","457384","0.0-5.0-325.0","go-nogo","true","0","","false","<div class = centerbox><div  id = stim2></div></div>","32","32","750","","test","go","325","random","","",""
"","-1","-1","1028","0","test_block","poldrack-single-stim","340","458417","0.0-5.0-326.0","go-nogo","true","0","","false","<div class = centerbox><div  id = stim2></div></div>","32","32","750","","test","go","326","random","","",""
"","387","32","1124","0","test_block","poldrack-single-stim","341","459544","0.0-5.0-327.0","go-nogo","true","0","","true","<div class = centerbox><div  id = stim2></div></div>","32","32","750","","test","go","327","random","","",""
"","117","32","1307","0","test_block","poldrack-single-stim","342","460859","0.0-5.0-328.0","go-nogo","true","0","","true","<div class = centerbox><div  id = stim2></div></div>","32","32","750","","test","go","328","random","","",""
"","582","32","1379","0","test_block","poldrack-single-stim","343","462244","0.0-5.0-329.0","go-nogo","true","0","","true","<div class = centerbox><div  id = stim2></div></div>","32","32","750","","test","go","329","random","","",""
"","339","32","1030","0","test_block","poldrack-single-stim","344","463278","0.0-5.0-330.0","go-nogo","true","0","","true","<div class = centerbox><div  id = stim2></div></div>","32","32","750","","test","go","330","random","","",""
"","376","32","1433","0","test_block","poldrack-single-stim","345","464720","0.0-5.0-331.0","go-nogo","true","0","","true","<div class = centerbox><div  id = stim2></div></div>","32","32","750","","test","go","331","random","","",""
"","2","32","1411","0","test_block","poldrack-single-stim","346","466138","0.0-5.0-332.0","go-nogo","true","0","","true","<div class = centerbox><div  id = stim2></div></div>","32","32","750","","test","go","332","random","","",""
"","505","32","1054","0","test_block","poldrack-single-stim","347","467196","0.0-5.0-333.0","go-nogo","true","0","","true","<div class = centerbox><div  id = stim2></div></div>","32","32","750","","test","go","333","random","","",""
"","167","32","1008","0","test_block","poldrack-single-stim","348","468207","0.0-5.0-334.0","go-nogo","true","0","","true","<div class = centerbox><div  id = stim2></div></div>","32","32","750","","test","go","334","random","","",""
"","235","32","1267","0","test_block","poldrack-single-stim","349","469479","0.0-5.0-335.0","go-nogo","true","0","","true","<div class = centerbox><div  id = stim2></div></div>","32","32","750","","test","go","335","random","","",""
"","85","32","1449","0","test_block","poldrack-single-stim","350","470931","0.0-5.0-336.0","go-nogo","true","0","","true","<div class = centerbox><div  id = stim2></div></div>","32","32","750","","test","go","336","random","","",""
"","10","32","1098","0","test_block","poldrack-single-stim","351","472034","0.0-5.0-337.0","go-nogo","true","0","","false","<div class = centerbox><div  id = stim1></div></div>","-1","32","750","","test","nogo","337","random","","",""
"","6","32","1154","0","test_block","poldrack-single-stim","352","473195","0.0-5.0-338.0","go-nogo","true","0","","true","<div class = centerbox><div  id = stim2></div></div>","32","32","750","","test","go","338","random","","",""
"","368","32","1374","0","test_block","poldrack-single-stim","353","474572","0.0-5.0-339.0","go-nogo","true","0","","true","<div class = centerbox><div  id = stim2></div></div>","32","32","750","","test","go","339","random","","",""
"","951","32","1216","0","test_block","poldrack-single-stim","354","475792","0.0-5.0-340.0","go-nogo","true","0","","true","<div class = centerbox><div  id = stim2></div></div>","32","32","750","","test","go","340","random","","",""
"","-1","-1","1139","0","test_block","poldrack-single-stim","355","476934","0.0-5.0-341.0","go-nogo","true","0","","false","<div class = centerbox><div  id = stim2></div></div>","32","32","750","","test","go","341","random","","",""
"","269","32","1142","0","test_block","poldrack-single-stim","356","478080","0.0-5.0-342.0","go-nogo","true","0","","true","<div class = centerbox><div  id = stim2></div></div>","32","32","750","","test","go","342","random","","",""
"","172","32","1063","0","test_block","poldrack-single-stim","357","479148","0.0-5.0-343.0","go-nogo","true","0","","true","<div class = centerbox><div  id = stim2></div></div>","32","32","750","","test","go","343","random","","",""
"","-1","-1","1120","0","test_block","poldrack-single-stim","358","480270","0.0-5.0-344.0","go-nogo","true","0","","false","<div class = centerbox><div  id = stim2></div></div>","32","32","750","","test","go","344","random","","",""
"","192","32","1415","0","test_block","poldrack-single-stim","359","481690","0.0-5.0-345.0","go-nogo","true","0","","true","<div class = centerbox><div  id = stim2></div></div>","32","32","750","","test","go","345","random","","",""
"","954","32","1439","0","test_block","poldrack-single-stim","360","483133","0.0-5.0-346.0","go-nogo","true","0","","true","<div class = centerbox><div  id = stim2></div></div>","32","32","750","","test","go","346","random","","",""
"","49","32","1300","0","test_block","poldrack-single-stim","361","484438","0.0-5.0-347.0","go-nogo","true","0","","true","<div class = centerbox><div  id = stim2></div></div>","32","32","750","","test","go","347","random","","",""
"","107","32","1261","0","test_block","poldrack-single-stim","362","485703","0.0-5.0-348.0","go-nogo","true","0","","true","<div class = centerbox><div  id = stim2></div></div>","32","32","750","","test","go","348","random","","",""
"","423","32","1041","0","test_block","poldrack-single-stim","363","486745","0.0-5.0-349.0","go-nogo","true","0","","true","<div class = centerbox><div  id = stim2></div></div>","32","32","750","","test","go","349","random","","",""
"","155717","","","","post task questions","survey-text","364","642470","0.0-7.0","go-nogo","true","0","","","","","","","","","","","","{""Q0"":""click space bar when the blue square appeared. otherwise, don't click.  "",""Q1"":""good""}","",""
