"text","rt","key_press","block_duration","timing_post_trial","trial_id","trial_type","trial_index","time_elapsed","internal_node_id","exp_id","full_screen","focus_shifts","view_history","correct","stimulus","correct_response","possible_responses","stim_duration","feedback_duration","exp_stage","condition","trial_num","mode","responses","payment_id","credit_var"
"<div class = centerbox><p class = center-block-text>Welcome to the experiment. This task will take around 10 minutes. Press <strong>enter</strong> to begin.</p></div>","4412","13","4412","0","instruction","poldrack-text","0","4413","0.0-0.0-0.0","go-nogo","true","0","","","","","","","","","","","","","",""
"","31918","","","","instruction","poldrack-instructions","1","36333","0.0-0.0-1.0","go-nogo","true","0","[{""page_index"":0,""viewing_time"":31918}]","","","","","","","","","","","","",""
"","1030","32","1192","250","practice","poldrack-categorize","2","39582","0.0-1.0-0.0","go-nogo","true","0","","true","<div class = centerbox><div  id = stim1></div></div>","32","32","750","1000","practice","go","0","random","","",""
"","470","32","1255","250","practice","poldrack-categorize","3","42131","0.0-1.0-1.0","go-nogo","true","0","","true","<div class = centerbox><div  id = stim1></div></div>","32","32","750","1000","practice","go","1","random","","",""
"","348","32","1315","250","practice","poldrack-categorize","4","44731","0.0-1.0-2.0","go-nogo","true","0","","true","<div class = centerbox><div  id = stim1></div></div>","32","32","750","1000","practice","go","2","random","","",""
"","-1","-1","1167","250","practice","poldrack-categorize","5","47171","0.0-1.0-3.0","go-nogo","true","0","","true","<div class = centerbox><div id = stim2></div></div>","-1","32","750","1000","practice","nogo","3","random","","",""
"","285","32","1241","250","practice","poldrack-categorize","6","49711","0.0-1.0-4.0","go-nogo","true","0","","false","<div class = centerbox><div id = stim2></div></div>","-1","32","750","1000","practice","nogo","4","random","","",""
"","-1","-1","1131","250","practice","poldrack-categorize","7","52134","0.0-1.0-5.0","go-nogo","true","0","","true","<div class = centerbox><div id = stim2></div></div>","-1","32","750","1000","practice","nogo","5","random","","",""
"","-1","-1","1160","250","practice","poldrack-categorize","8","54590","0.0-1.0-6.0","go-nogo","true","0","","true","<div class = centerbox><div id = stim2></div></div>","-1","32","750","1000","practice","nogo","6","random","","",""
"","333","32","1085","250","practice","poldrack-categorize","9","56970","0.0-1.0-7.0","go-nogo","true","0","","true","<div class = centerbox><div  id = stim1></div></div>","32","32","750","1000","practice","go","7","random","","",""
"","-1","-1","1367","250","practice","poldrack-categorize","10","59630","0.0-1.0-8.0","go-nogo","true","0","","false","<div class = centerbox><div  id = stim1></div></div>","32","32","750","1000","practice","go","8","random","","",""
"","-1","-1","1178","250","practice","poldrack-categorize","11","62111","0.0-1.0-9.0","go-nogo","true","0","","true","<div class = centerbox><div id = stim2></div></div>","-1","32","750","1000","practice","nogo","9","random","","",""
"","","","","","reset_trial","call-function","12","62371","0.0-3.0","go-nogo","true","0","","","","","","","","","","","","","",""
"<div class = centerbox><p class = block-text>Practice is over, we will now begin the experiment. You will no longer get feedback about your responses.</p><p class = block-text>Remember, if you see the <font color=""orange"">orange</font> square you should <strong> respond by pressing the spacebar as quickly as possible</strong>. If you see the <font color=""blue"">blue</font> square you should <strong> not respond</strong>. Press <strong>enter</strong> to begin.</p></div>","9641","13","9641","1000","test_intro","poldrack-text","13","72014","0.0-4.0","go-nogo","true","0","","","","","","","","","","","","","",""
"","-1","-1","1443","0","test_block","poldrack-single-stim","14","74481","0.0-5.0-0.0","go-nogo","true","0","","true","<div class = centerbox><div  id = stim2></div></div>","-1","32","750","","test","nogo","0","random","","",""
"","352","32","1191","0","test_block","poldrack-single-stim","15","75831","0.0-5.0-1.0","go-nogo","true","0","","true","<div class = centerbox><div  id = stim1></div></div>","32","32","750","","test","go","1","random","","",""
"","372","32","1497","0","test_block","poldrack-single-stim","16","77451","0.0-5.0-2.0","go-nogo","true","0","","true","<div class = centerbox><div  id = stim1></div></div>","32","32","750","","test","go","2","random","","",""
"","334","32","1270","0","test_block","poldrack-single-stim","17","78830","0.0-5.0-3.0","go-nogo","true","0","","true","<div class = centerbox><div  id = stim1></div></div>","32","32","750","","test","go","3","random","","",""
"","331","32","1113","0","test_block","poldrack-single-stim","18","80030","0.0-5.0-4.0","go-nogo","true","0","","true","<div class = centerbox><div  id = stim1></div></div>","32","32","750","","test","go","4","random","","",""
"","357","32","1488","0","test_block","poldrack-single-stim","19","81641","0.0-5.0-5.0","go-nogo","true","0","","true","<div class = centerbox><div  id = stim1></div></div>","32","32","750","","test","go","5","random","","",""
"","-1","-1","1147","0","test_block","poldrack-single-stim","20","82891","0.0-5.0-6.0","go-nogo","true","0","","true","<div class = centerbox><div  id = stim2></div></div>","-1","32","750","","test","nogo","6","random","","",""
"","-1","-1","1327","0","test_block","poldrack-single-stim","21","84310","0.0-5.0-7.0","go-nogo","true","0","","true","<div class = centerbox><div  id = stim2></div></div>","-1","32","750","","test","nogo","7","random","","",""
"","385","32","1019","0","test_block","poldrack-single-stim","22","85430","0.0-5.0-8.0","go-nogo","true","0","","true","<div class = centerbox><div  id = stim1></div></div>","32","32","750","","test","go","8","random","","",""
"","378","32","1398","0","test_block","poldrack-single-stim","23","86900","0.0-5.0-9.0","go-nogo","true","0","","true","<div class = centerbox><div  id = stim1></div></div>","32","32","750","","test","go","9","random","","",""
"","325","32","1127","0","test_block","poldrack-single-stim","24","88120","0.0-5.0-10.0","go-nogo","true","0","","true","<div class = centerbox><div  id = stim1></div></div>","32","32","750","","test","go","10","random","","",""
"","356","32","1151","0","test_block","poldrack-single-stim","25","89340","0.0-5.0-11.0","go-nogo","true","0","","true","<div class = centerbox><div  id = stim1></div></div>","32","32","750","","test","go","11","random","","",""
"","341","32","1474","0","test_block","poldrack-single-stim","26","90900","0.0-5.0-12.0","go-nogo","true","0","","true","<div class = centerbox><div  id = stim1></div></div>","32","32","750","","test","go","12","random","","",""
"","335","32","1425","0","test_block","poldrack-single-stim","27","92400","0.0-5.0-13.0","go-nogo","true","0","","true","<div class = centerbox><div  id = stim1></div></div>","32","32","750","","test","go","13","random","","",""
"","339","32","1412","0","test_block","poldrack-single-stim","28","93900","0.0-5.0-14.0","go-nogo","true","0","","true","<div class = centerbox><div  id = stim1></div></div>","32","32","750","","test","go","14","random","","",""
"","335","32","1055","0","test_block","poldrack-single-stim","29","95040","0.0-5.0-15.0","go-nogo","true","0","","true","<div class = centerbox><div  id = stim1></div></div>","32","32","750","","test","go","15","random","","",""
"","446","32","1212","0","test_block","poldrack-single-stim","30","96330","0.0-5.0-16.0","go-nogo","true","0","","true","<div class = centerbox><div  id = stim1></div></div>","32","32","750","","test","go","16","random","","",""
"","489","32","1280","0","test_block","poldrack-single-stim","31","97679","0.0-5.0-17.0","go-nogo","true","0","","true","<div class = centerbox><div  id = stim1></div></div>","32","32","750","","test","go","17","random","","",""
"","317","32","1342","0","test_block","poldrack-single-stim","32","99091","0.0-5.0-18.0","go-nogo","true","0","","true","<div class = centerbox><div  id = stim1></div></div>","32","32","750","","test","go","18","random","","",""
"","321","32","1166","0","test_block","poldrack-single-stim","33","100350","0.0-5.0-19.0","go-nogo","true","0","","true","<div class = centerbox><div  id = stim1></div></div>","32","32","750","","test","go","19","random","","",""
"","300","32","1186","0","test_block","poldrack-single-stim","34","101630","0.0-5.0-20.0","go-nogo","true","0","","true","<div class = centerbox><div  id = stim1></div></div>","32","32","750","","test","go","20","random","","",""
"","265","32","1435","0","test_block","poldrack-single-stim","35","103130","0.0-5.0-21.0","go-nogo","true","0","","true","<div class = centerbox><div  id = stim1></div></div>","32","32","750","","test","go","21","random","","",""
"","324","32","1251","0","test_block","poldrack-single-stim","36","104469","0.0-5.0-22.0","go-nogo","true","0","","true","<div class = centerbox><div  id = stim1></div></div>","32","32","750","","test","go","22","random","","",""
"","309","32","1238","0","test_block","poldrack-single-stim","37","105800","0.0-5.0-23.0","go-nogo","true","0","","true","<div class = centerbox><div  id = stim1></div></div>","32","32","750","","test","go","23","random","","",""
"","291","32","1109","0","test_block","poldrack-single-stim","38","106990","0.0-5.0-24.0","go-nogo","true","0","","true","<div class = centerbox><div  id = stim1></div></div>","32","32","750","","test","go","24","random","","",""
"","316","32","1357","0","test_block","poldrack-single-stim","39","108420","0.0-5.0-25.0","go-nogo","true","0","","true","<div class = centerbox><div  id = stim1></div></div>","32","32","750","","test","go","25","random","","",""
"","287","32","1067","0","test_block","poldrack-single-stim","40","109570","0.0-5.0-26.0","go-nogo","true","0","","true","<div class = centerbox><div  id = stim1></div></div>","32","32","750","","test","go","26","random","","",""
"","314","32","1111","0","test_block","poldrack-single-stim","41","110770","0.0-5.0-27.0","go-nogo","true","0","","true","<div class = centerbox><div  id = stim1></div></div>","32","32","750","","test","go","27","random","","",""
"","280","32","1451","0","test_block","poldrack-single-stim","42","112310","0.0-5.0-28.0","go-nogo","true","0","","true","<div class = centerbox><div  id = stim1></div></div>","32","32","750","","test","go","28","random","","",""
"","332","32","1354","0","test_block","poldrack-single-stim","43","113750","0.0-5.0-29.0","go-nogo","true","0","","true","<div class = centerbox><div  id = stim1></div></div>","32","32","750","","test","go","29","random","","",""
"","344","32","1061","0","test_block","poldrack-single-stim","44","114880","0.0-5.0-30.0","go-nogo","true","0","","true","<div class = centerbox><div  id = stim1></div></div>","32","32","750","","test","go","30","random","","",""
"","374","32","1260","0","test_block","poldrack-single-stim","45","116220","0.0-5.0-31.0","go-nogo","true","0","","true","<div class = centerbox><div  id = stim1></div></div>","32","32","750","","test","go","31","random","","",""
"","316","32","1120","0","test_block","poldrack-single-stim","46","117420","0.0-5.0-32.0","go-nogo","true","0","","true","<div class = centerbox><div  id = stim1></div></div>","32","32","750","","test","go","32","random","","",""
"","300","32","1134","0","test_block","poldrack-single-stim","47","118620","0.0-5.0-33.0","go-nogo","true","0","","true","<div class = centerbox><div  id = stim1></div></div>","32","32","750","","test","go","33","random","","",""
"","265","32","1298","0","test_block","poldrack-single-stim","48","120009","0.0-5.0-34.0","go-nogo","true","0","","true","<div class = centerbox><div  id = stim1></div></div>","32","32","750","","test","go","34","random","","",""
"","342","32","1222","0","test_block","poldrack-single-stim","49","121310","0.0-5.0-35.0","go-nogo","true","0","","true","<div class = centerbox><div  id = stim1></div></div>","32","32","750","","test","go","35","random","","",""
"","-1","-1","1405","0","test_block","poldrack-single-stim","50","122790","0.0-5.0-36.0","go-nogo","true","0","","true","<div class = centerbox><div  id = stim2></div></div>","-1","32","750","","test","nogo","36","random","","",""
"","396","32","1445","0","test_block","poldrack-single-stim","51","124309","0.0-5.0-37.0","go-nogo","true","0","","true","<div class = centerbox><div  id = stim1></div></div>","32","32","750","","test","go","37","random","","",""
"","287","32","1216","0","test_block","poldrack-single-stim","52","125590","0.0-5.0-38.0","go-nogo","true","0","","true","<div class = centerbox><div  id = stim1></div></div>","32","32","750","","test","go","38","random","","",""
"","288","32","1106","0","test_block","poldrack-single-stim","53","126770","0.0-5.0-39.0","go-nogo","true","0","","true","<div class = centerbox><div  id = stim1></div></div>","32","32","750","","test","go","39","random","","",""
"","321","32","1162","0","test_block","poldrack-single-stim","54","128010","0.0-5.0-40.0","go-nogo","true","0","","true","<div class = centerbox><div  id = stim1></div></div>","32","32","750","","test","go","40","random","","",""
"","293","32","1163","0","test_block","poldrack-single-stim","55","129250","0.0-5.0-41.0","go-nogo","true","0","","true","<div class = centerbox><div  id = stim1></div></div>","32","32","750","","test","go","41","random","","",""
"","-1","-1","1028","0","test_block","poldrack-single-stim","56","130370","0.0-5.0-42.0","go-nogo","true","0","","true","<div class = centerbox><div  id = stim2></div></div>","-1","32","750","","test","nogo","42","random","","",""
"","404","32","1138","0","test_block","poldrack-single-stim","57","131570","0.0-5.0-43.0","go-nogo","true","0","","true","<div class = centerbox><div  id = stim1></div></div>","32","32","750","","test","go","43","random","","",""
"","441","32","1352","0","test_block","poldrack-single-stim","58","132989","0.0-5.0-44.0","go-nogo","true","0","","true","<div class = centerbox><div  id = stim1></div></div>","32","32","750","","test","go","44","random","","",""
"","309","32","1257","0","test_block","poldrack-single-stim","59","134330","0.0-5.0-45.0","go-nogo","true","0","","true","<div class = centerbox><div  id = stim1></div></div>","32","32","750","","test","go","45","random","","",""
"","279","32","1286","0","test_block","poldrack-single-stim","60","135690","0.0-5.0-46.0","go-nogo","true","0","","true","<div class = centerbox><div  id = stim1></div></div>","32","32","750","","test","go","46","random","","",""
"","284","32","1307","0","test_block","poldrack-single-stim","61","137089","0.0-5.0-47.0","go-nogo","true","0","","true","<div class = centerbox><div  id = stim1></div></div>","32","32","750","","test","go","47","random","","",""
"","299","32","1200","0","test_block","poldrack-single-stim","62","138359","0.0-5.0-48.0","go-nogo","true","0","","true","<div class = centerbox><div  id = stim1></div></div>","32","32","750","","test","go","48","random","","",""
"","284","32","1375","0","test_block","poldrack-single-stim","63","139819","0.0-5.0-49.0","go-nogo","true","0","","true","<div class = centerbox><div  id = stim1></div></div>","32","32","750","","test","go","49","random","","",""
"","312","32","1121","0","test_block","poldrack-single-stim","64","141019","0.0-5.0-50.0","go-nogo","true","0","","true","<div class = centerbox><div  id = stim1></div></div>","32","32","750","","test","go","50","random","","",""
"","327","32","1258","0","test_block","poldrack-single-stim","65","142360","0.0-5.0-51.0","go-nogo","true","0","","true","<div class = centerbox><div  id = stim1></div></div>","32","32","750","","test","go","51","random","","",""
"","324","32","1156","0","test_block","poldrack-single-stim","66","143580","0.0-5.0-52.0","go-nogo","true","0","","true","<div class = centerbox><div  id = stim1></div></div>","32","32","750","","test","go","52","random","","",""
"","246","32","1025","0","test_block","poldrack-single-stim","67","144679","0.0-5.0-53.0","go-nogo","true","0","","true","<div class = centerbox><div  id = stim1></div></div>","32","32","750","","test","go","53","random","","",""
"","285","32","1057","0","test_block","poldrack-single-stim","68","145800","0.0-5.0-54.0","go-nogo","true","0","","true","<div class = centerbox><div  id = stim1></div></div>","32","32","750","","test","go","54","random","","",""
"","299","32","1376","0","test_block","poldrack-single-stim","69","147269","0.0-5.0-55.0","go-nogo","true","0","","true","<div class = centerbox><div  id = stim1></div></div>","32","32","750","","test","go","55","random","","",""
"","302","32","1269","0","test_block","poldrack-single-stim","70","148629","0.0-5.0-56.0","go-nogo","true","0","","true","<div class = centerbox><div  id = stim1></div></div>","32","32","750","","test","go","56","random","","",""
"","301","32","1450","0","test_block","poldrack-single-stim","71","150150","0.0-5.0-57.0","go-nogo","true","0","","true","<div class = centerbox><div  id = stim1></div></div>","32","32","750","","test","go","57","random","","",""
"","273","32","1167","0","test_block","poldrack-single-stim","72","151399","0.0-5.0-58.0","go-nogo","true","0","","true","<div class = centerbox><div  id = stim1></div></div>","32","32","750","","test","go","58","random","","",""
"","338","32","1136","0","test_block","poldrack-single-stim","73","152600","0.0-5.0-59.0","go-nogo","true","0","","true","<div class = centerbox><div  id = stim1></div></div>","32","32","750","","test","go","59","random","","",""
"","314","32","1412","0","test_block","poldrack-single-stim","74","154080","0.0-5.0-60.0","go-nogo","true","0","","true","<div class = centerbox><div  id = stim1></div></div>","32","32","750","","test","go","60","random","","",""
"","295","32","1347","0","test_block","poldrack-single-stim","75","155489","0.0-5.0-61.0","go-nogo","true","0","","true","<div class = centerbox><div  id = stim1></div></div>","32","32","750","","test","go","61","random","","",""
"","279","32","1215","0","test_block","poldrack-single-stim","76","156791","0.0-5.0-62.0","go-nogo","true","0","","true","<div class = centerbox><div  id = stim1></div></div>","32","32","750","","test","go","62","random","","",""
"","286","32","1190","0","test_block","poldrack-single-stim","77","158050","0.0-5.0-63.0","go-nogo","true","0","","true","<div class = centerbox><div  id = stim1></div></div>","32","32","750","","test","go","63","random","","",""
"","284","32","1286","0","test_block","poldrack-single-stim","78","159399","0.0-5.0-64.0","go-nogo","true","0","","true","<div class = centerbox><div  id = stim1></div></div>","32","32","750","","test","go","64","random","","",""
"","-1","-1","1073","0","test_block","poldrack-single-stim","79","160550","0.0-5.0-65.0","go-nogo","true","0","","true","<div class = centerbox><div  id = stim2></div></div>","-1","32","750","","test","nogo","65","random","","",""
"","-1","-1","1281","0","test_block","poldrack-single-stim","80","161909","0.0-5.0-66.0","go-nogo","true","0","","true","<div class = centerbox><div  id = stim2></div></div>","-1","32","750","","test","nogo","66","random","","",""
"","-1","-1","1147","0","test_block","poldrack-single-stim","81","163149","0.0-5.0-67.0","go-nogo","true","0","","true","<div class = centerbox><div  id = stim2></div></div>","-1","32","750","","test","nogo","67","random","","",""
"","380","32","1420","0","test_block","poldrack-single-stim","82","164630","0.0-5.0-68.0","go-nogo","true","0","","true","<div class = centerbox><div  id = stim1></div></div>","32","32","750","","test","go","68","random","","",""
"","341","32","1065","0","test_block","poldrack-single-stim","83","165769","0.0-5.0-69.0","go-nogo","true","0","","true","<div class = centerbox><div  id = stim1></div></div>","32","32","750","","test","go","69","random","","",""
"","307","32","1186","0","test_block","poldrack-single-stim","84","167019","0.0-5.0-70.0","go-nogo","true","0","","true","<div class = centerbox><div  id = stim1></div></div>","32","32","750","","test","go","70","random","","",""
"","301","32","1188","0","test_block","poldrack-single-stim","85","168279","0.0-5.0-71.0","go-nogo","true","0","","true","<div class = centerbox><div  id = stim1></div></div>","32","32","750","","test","go","71","random","","",""
"","298","32","1294","0","test_block","poldrack-single-stim","86","169659","0.0-5.0-72.0","go-nogo","true","0","","true","<div class = centerbox><div  id = stim1></div></div>","32","32","750","","test","go","72","random","","",""
"","294","32","1036","0","test_block","poldrack-single-stim","87","170759","0.0-5.0-73.0","go-nogo","true","0","","false","<div class = centerbox><div  id = stim2></div></div>","-1","32","750","","test","nogo","73","random","","",""
"","424","32","1458","0","test_block","poldrack-single-stim","88","172279","0.0-5.0-74.0","go-nogo","true","0","","true","<div class = centerbox><div  id = stim1></div></div>","32","32","750","","test","go","74","random","","",""
"","373","32","1193","0","test_block","poldrack-single-stim","89","173529","0.0-5.0-75.0","go-nogo","true","0","","true","<div class = centerbox><div  id = stim1></div></div>","32","32","750","","test","go","75","random","","",""
"","339","32","1289","0","test_block","poldrack-single-stim","90","174890","0.0-5.0-76.0","go-nogo","true","0","","true","<div class = centerbox><div  id = stim1></div></div>","32","32","750","","test","go","76","random","","",""
"","313","32","1156","0","test_block","poldrack-single-stim","91","176130","0.0-5.0-77.0","go-nogo","true","0","","true","<div class = centerbox><div  id = stim1></div></div>","32","32","750","","test","go","77","random","","",""
"","394","32","1180","0","test_block","poldrack-single-stim","92","177369","0.0-5.0-78.0","go-nogo","true","0","","true","<div class = centerbox><div  id = stim1></div></div>","32","32","750","","test","go","78","random","","",""
"","428","32","1425","0","test_block","poldrack-single-stim","93","178869","0.0-5.0-79.0","go-nogo","true","0","","true","<div class = centerbox><div  id = stim1></div></div>","32","32","750","","test","go","79","random","","",""
"","289","32","1180","0","test_block","poldrack-single-stim","94","180129","0.0-5.0-80.0","go-nogo","true","0","","true","<div class = centerbox><div  id = stim1></div></div>","32","32","750","","test","go","80","random","","",""
"","344","32","1374","0","test_block","poldrack-single-stim","95","181590","0.0-5.0-81.0","go-nogo","true","0","","true","<div class = centerbox><div  id = stim1></div></div>","32","32","750","","test","go","81","random","","",""
"","320","32","1116","0","test_block","poldrack-single-stim","96","182769","0.0-5.0-82.0","go-nogo","true","0","","true","<div class = centerbox><div  id = stim1></div></div>","32","32","750","","test","go","82","random","","",""
"","308","32","1341","0","test_block","poldrack-single-stim","97","184179","0.0-5.0-83.0","go-nogo","true","0","","true","<div class = centerbox><div  id = stim1></div></div>","32","32","750","","test","go","83","random","","",""
"","242","32","1117","0","test_block","poldrack-single-stim","98","185359","0.0-5.0-84.0","go-nogo","true","0","","true","<div class = centerbox><div  id = stim1></div></div>","32","32","750","","test","go","84","random","","",""
"","298","32","1216","0","test_block","poldrack-single-stim","99","186641","0.0-5.0-85.0","go-nogo","true","0","","true","<div class = centerbox><div  id = stim1></div></div>","32","32","750","","test","go","85","random","","",""
"","317","32","1301","0","test_block","poldrack-single-stim","100","188008","0.0-5.0-86.0","go-nogo","true","0","","true","<div class = centerbox><div  id = stim1></div></div>","32","32","750","","test","go","86","random","","",""
"","288","32","1031","0","test_block","poldrack-single-stim","101","189109","0.0-5.0-87.0","go-nogo","true","0","","true","<div class = centerbox><div  id = stim1></div></div>","32","32","750","","test","go","87","random","","",""
"","369","32","1444","0","test_block","poldrack-single-stim","102","190609","0.0-5.0-88.0","go-nogo","true","0","","true","<div class = centerbox><div  id = stim1></div></div>","32","32","750","","test","go","88","random","","",""
"","268","32","1180","0","test_block","poldrack-single-stim","103","191849","0.0-5.0-89.0","go-nogo","true","0","","true","<div class = centerbox><div  id = stim1></div></div>","32","32","750","","test","go","89","random","","",""
"","248","32","1004","0","test_block","poldrack-single-stim","104","192929","0.0-5.0-90.0","go-nogo","true","0","","true","<div class = centerbox><div  id = stim1></div></div>","32","32","750","","test","go","90","random","","",""
"","293","32","1119","0","test_block","poldrack-single-stim","105","194138","0.0-5.0-91.0","go-nogo","true","0","","true","<div class = centerbox><div  id = stim1></div></div>","32","32","750","","test","go","91","random","","",""
"","284","32","1223","0","test_block","poldrack-single-stim","106","195428","0.0-5.0-92.0","go-nogo","true","0","","true","<div class = centerbox><div  id = stim1></div></div>","32","32","750","","test","go","92","random","","",""
"","267","32","1373","0","test_block","poldrack-single-stim","107","196889","0.0-5.0-93.0","go-nogo","true","0","","true","<div class = centerbox><div  id = stim1></div></div>","32","32","750","","test","go","93","random","","",""
"","261","32","1307","0","test_block","poldrack-single-stim","108","198268","0.0-5.0-94.0","go-nogo","true","0","","true","<div class = centerbox><div  id = stim1></div></div>","32","32","750","","test","go","94","random","","",""
"","268","32","1308","0","test_block","poldrack-single-stim","109","199649","0.0-5.0-95.0","go-nogo","true","0","","true","<div class = centerbox><div  id = stim1></div></div>","32","32","750","","test","go","95","random","","",""
"","290","32","1214","0","test_block","poldrack-single-stim","110","200929","0.0-5.0-96.0","go-nogo","true","0","","true","<div class = centerbox><div  id = stim1></div></div>","32","32","750","","test","go","96","random","","",""
"","277","32","1478","0","test_block","poldrack-single-stim","111","202465","0.0-5.0-97.0","go-nogo","true","0","","true","<div class = centerbox><div  id = stim1></div></div>","32","32","750","","test","go","97","random","","",""
"","299","32","1250","0","test_block","poldrack-single-stim","112","203779","0.0-5.0-98.0","go-nogo","true","0","","true","<div class = centerbox><div  id = stim1></div></div>","32","32","750","","test","go","98","random","","",""
"","545","32","1096","0","test_block","poldrack-single-stim","113","204948","0.0-5.0-99.0","go-nogo","true","0","","true","<div class = centerbox><div  id = stim1></div></div>","32","32","750","","test","go","99","random","","",""
"","-1","-1","1140","0","test_block","poldrack-single-stim","114","206149","0.0-5.0-100.0","go-nogo","true","0","","true","<div class = centerbox><div  id = stim2></div></div>","-1","32","750","","test","nogo","100","random","","",""
"","333","32","1091","0","test_block","poldrack-single-stim","115","207309","0.0-5.0-101.0","go-nogo","true","0","","true","<div class = centerbox><div  id = stim1></div></div>","32","32","750","","test","go","101","random","","",""
"","347","32","1125","0","test_block","poldrack-single-stim","116","208509","0.0-5.0-102.0","go-nogo","true","0","","true","<div class = centerbox><div  id = stim1></div></div>","32","32","750","","test","go","102","random","","",""
"","384","32","1328","0","test_block","poldrack-single-stim","117","209909","0.0-5.0-103.0","go-nogo","true","0","","true","<div class = centerbox><div  id = stim1></div></div>","32","32","750","","test","go","103","random","","",""
"","418","32","1458","0","test_block","poldrack-single-stim","118","211438","0.0-5.0-104.0","go-nogo","true","0","","true","<div class = centerbox><div  id = stim1></div></div>","32","32","750","","test","go","104","random","","",""
"","326","32","1146","0","test_block","poldrack-single-stim","119","212658","0.0-5.0-105.0","go-nogo","true","0","","true","<div class = centerbox><div  id = stim1></div></div>","32","32","750","","test","go","105","random","","",""
"","281","32","1083","0","test_block","poldrack-single-stim","120","213818","0.0-5.0-106.0","go-nogo","true","0","","true","<div class = centerbox><div  id = stim1></div></div>","32","32","750","","test","go","106","random","","",""
"","326","32","1276","0","test_block","poldrack-single-stim","121","215169","0.0-5.0-107.0","go-nogo","true","0","","true","<div class = centerbox><div  id = stim1></div></div>","32","32","750","","test","go","107","random","","",""
"","317","32","1246","0","test_block","poldrack-single-stim","122","216469","0.0-5.0-108.0","go-nogo","true","0","","true","<div class = centerbox><div  id = stim1></div></div>","32","32","750","","test","go","108","random","","",""
"","737","32","1201","0","test_block","poldrack-single-stim","123","217729","0.0-5.0-109.0","go-nogo","true","0","","true","<div class = centerbox><div  id = stim1></div></div>","32","32","750","","test","go","109","random","","",""
"","299","32","1409","0","test_block","poldrack-single-stim","124","219209","0.0-5.0-110.0","go-nogo","true","0","","true","<div class = centerbox><div  id = stim1></div></div>","32","32","750","","test","go","110","random","","",""
"","314","32","1060","0","test_block","poldrack-single-stim","125","220349","0.0-5.0-111.0","go-nogo","true","0","","true","<div class = centerbox><div  id = stim1></div></div>","32","32","750","","test","go","111","random","","",""
"","378","32","1054","0","test_block","poldrack-single-stim","126","221479","0.0-5.0-112.0","go-nogo","true","0","","true","<div class = centerbox><div  id = stim1></div></div>","32","32","750","","test","go","112","random","","",""
"","418","32","1362","0","test_block","poldrack-single-stim","127","222898","0.0-5.0-113.0","go-nogo","true","0","","true","<div class = centerbox><div  id = stim1></div></div>","32","32","750","","test","go","113","random","","",""
"","448","32","1131","0","test_block","poldrack-single-stim","128","224099","0.0-5.0-114.0","go-nogo","true","0","","true","<div class = centerbox><div  id = stim1></div></div>","32","32","750","","test","go","114","random","","",""
"","491","32","1314","0","test_block","poldrack-single-stim","129","225479","0.0-5.0-115.0","go-nogo","true","0","","true","<div class = centerbox><div  id = stim1></div></div>","32","32","750","","test","go","115","random","","",""
"","372","32","1032","0","test_block","poldrack-single-stim","130","226569","0.0-5.0-116.0","go-nogo","true","0","","true","<div class = centerbox><div  id = stim1></div></div>","32","32","750","","test","go","116","random","","",""
"","563","32","1209","0","test_block","poldrack-single-stim","131","227859","0.0-5.0-117.0","go-nogo","true","0","","true","<div class = centerbox><div  id = stim1></div></div>","32","32","750","","test","go","117","random","","",""
"","813","32","1001","0","test_block","poldrack-single-stim","132","228938","0.0-5.0-118.0","go-nogo","true","0","","true","<div class = centerbox><div  id = stim1></div></div>","32","32","750","","test","go","118","random","","",""
"","403","32","1075","0","test_block","poldrack-single-stim","133","230078","0.0-5.0-119.0","go-nogo","true","0","","true","<div class = centerbox><div  id = stim1></div></div>","32","32","750","","test","go","119","random","","",""
"","322","32","1338","0","test_block","poldrack-single-stim","134","231478","0.0-5.0-120.0","go-nogo","true","0","","true","<div class = centerbox><div  id = stim1></div></div>","32","32","750","","test","go","120","random","","",""
"","263","32","1368","0","test_block","poldrack-single-stim","135","232938","0.0-5.0-121.0","go-nogo","true","0","","true","<div class = centerbox><div  id = stim1></div></div>","32","32","750","","test","go","121","random","","",""
"","927","32","1080","0","test_block","poldrack-single-stim","136","234079","0.0-5.0-122.0","go-nogo","true","0","","true","<div class = centerbox><div  id = stim1></div></div>","32","32","750","","test","go","122","random","","",""
"","327","32","1140","0","test_block","poldrack-single-stim","137","235279","0.0-5.0-123.0","go-nogo","true","0","","true","<div class = centerbox><div  id = stim1></div></div>","32","32","750","","test","go","123","random","","",""
"","356","32","1435","0","test_block","poldrack-single-stim","138","236799","0.0-5.0-124.0","go-nogo","true","0","","true","<div class = centerbox><div  id = stim1></div></div>","32","32","750","","test","go","124","random","","",""
"","446","32","1026","0","test_block","poldrack-single-stim","139","237918","0.0-5.0-125.0","go-nogo","true","0","","true","<div class = centerbox><div  id = stim1></div></div>","32","32","750","","test","go","125","random","","",""
"","297","32","1142","0","test_block","poldrack-single-stim","140","239138","0.0-5.0-126.0","go-nogo","true","0","","true","<div class = centerbox><div  id = stim1></div></div>","32","32","750","","test","go","126","random","","",""
"","913","32","1242","0","test_block","poldrack-single-stim","141","240438","0.0-5.0-127.0","go-nogo","true","0","","true","<div class = centerbox><div  id = stim1></div></div>","32","32","750","","test","go","127","random","","",""
"","272","32","1478","0","test_block","poldrack-single-stim","142","241998","0.0-5.0-128.0","go-nogo","true","0","","true","<div class = centerbox><div  id = stim1></div></div>","32","32","750","","test","go","128","random","","",""
"","262","32","1111","0","test_block","poldrack-single-stim","143","243178","0.0-5.0-129.0","go-nogo","true","0","","true","<div class = centerbox><div  id = stim1></div></div>","32","32","750","","test","go","129","random","","",""
"","335","32","1051","0","test_block","poldrack-single-stim","144","244298","0.0-5.0-130.0","go-nogo","true","0","","true","<div class = centerbox><div  id = stim1></div></div>","32","32","750","","test","go","130","random","","",""
"","296","32","1078","0","test_block","poldrack-single-stim","145","245454","0.0-5.0-131.0","go-nogo","true","0","","true","<div class = centerbox><div  id = stim1></div></div>","32","32","750","","test","go","131","random","","",""
"","249","32","1445","0","test_block","poldrack-single-stim","146","246956","0.0-5.0-132.0","go-nogo","true","0","","true","<div class = centerbox><div  id = stim1></div></div>","32","32","750","","test","go","132","random","","",""
"","296","32","1271","0","test_block","poldrack-single-stim","147","248318","0.0-5.0-133.0","go-nogo","true","0","","true","<div class = centerbox><div  id = stim1></div></div>","32","32","750","","test","go","133","random","","",""
"","326","32","1287","0","test_block","poldrack-single-stim","148","249678","0.0-5.0-134.0","go-nogo","true","0","","true","<div class = centerbox><div  id = stim1></div></div>","32","32","750","","test","go","134","random","","",""
"","291","32","1039","0","test_block","poldrack-single-stim","149","250789","0.0-5.0-135.0","go-nogo","true","0","","true","<div class = centerbox><div  id = stim1></div></div>","32","32","750","","test","go","135","random","","",""
"","-1","-1","1095","0","test_block","poldrack-single-stim","150","251948","0.0-5.0-136.0","go-nogo","true","0","","false","<div class = centerbox><div  id = stim1></div></div>","32","32","750","","test","go","136","random","","",""
"","-1","-1","1114","0","test_block","poldrack-single-stim","151","253147","0.0-5.0-137.0","go-nogo","true","0","","false","<div class = centerbox><div  id = stim1></div></div>","32","32","750","","test","go","137","random","","",""
"","-1","-1","1398","0","test_block","poldrack-single-stim","152","254618","0.0-5.0-138.0","go-nogo","false","0","","false","<div class = centerbox><div  id = stim1></div></div>","32","32","750","","test","go","138","random","","",""
"","689","32","1220","0","test_block","poldrack-single-stim","153","255898","0.0-5.0-139.0","go-nogo","false","0","","true","<div class = centerbox><div  id = stim1></div></div>","32","32","750","","test","go","139","random","","",""
"","272","32","1359","0","test_block","poldrack-single-stim","154","257318","0.0-5.0-140.0","go-nogo","false","0","","true","<div class = centerbox><div  id = stim1></div></div>","32","32","750","","test","go","140","random","","",""
"","258","32","1187","0","test_block","poldrack-single-stim","155","258579","0.0-5.0-141.0","go-nogo","false","0","","true","<div class = centerbox><div  id = stim1></div></div>","32","32","750","","test","go","141","random","","",""
"","254","32","1447","0","test_block","poldrack-single-stim","156","260118","0.0-5.0-142.0","go-nogo","false","0","","true","<div class = centerbox><div  id = stim1></div></div>","32","32","750","","test","go","142","random","","",""
"","280","32","1152","0","test_block","poldrack-single-stim","157","261338","0.0-5.0-143.0","go-nogo","false","0","","true","<div class = centerbox><div  id = stim1></div></div>","32","32","750","","test","go","143","random","","",""
"","327","32","1321","0","test_block","poldrack-single-stim","158","262738","0.0-5.0-144.0","go-nogo","false","0","","true","<div class = centerbox><div  id = stim1></div></div>","32","32","750","","test","go","144","random","","",""
"","-1","-1","1366","0","test_block","poldrack-single-stim","159","264178","0.0-5.0-145.0","go-nogo","false","0","","true","<div class = centerbox><div  id = stim2></div></div>","-1","32","750","","test","nogo","145","random","","",""
"","296","32","1445","0","test_block","poldrack-single-stim","160","265698","0.0-5.0-146.0","go-nogo","false","0","","true","<div class = centerbox><div  id = stim1></div></div>","32","32","750","","test","go","146","random","","",""
"","279","32","1278","0","test_block","poldrack-single-stim","161","267039","0.0-5.0-147.0","go-nogo","false","0","","true","<div class = centerbox><div  id = stim1></div></div>","32","32","750","","test","go","147","random","","",""
"","269","32","1366","0","test_block","poldrack-single-stim","162","268479","0.0-5.0-148.0","go-nogo","false","0","","true","<div class = centerbox><div  id = stim1></div></div>","32","32","750","","test","go","148","random","","",""
"","266","32","1418","0","test_block","poldrack-single-stim","163","269958","0.0-5.0-149.0","go-nogo","false","0","","true","<div class = centerbox><div  id = stim1></div></div>","32","32","750","","test","go","149","random","","",""
"","256","32","1180","0","test_block","poldrack-single-stim","164","271198","0.0-5.0-150.0","go-nogo","false","0","","true","<div class = centerbox><div  id = stim1></div></div>","32","32","750","","test","go","150","random","","",""
"","237","32","1292","0","test_block","poldrack-single-stim","165","272559","0.0-5.0-151.0","go-nogo","false","0","","true","<div class = centerbox><div  id = stim1></div></div>","32","32","750","","test","go","151","random","","",""
"","212","32","1330","0","test_block","poldrack-single-stim","166","273978","0.0-5.0-152.0","go-nogo","false","0","","true","<div class = centerbox><div  id = stim1></div></div>","32","32","750","","test","go","152","random","","",""
"","254","32","1251","0","test_block","poldrack-single-stim","167","275297","0.0-5.0-153.0","go-nogo","false","0","","true","<div class = centerbox><div  id = stim1></div></div>","32","32","750","","test","go","153","random","","",""
"","273","32","1381","0","test_block","poldrack-single-stim","168","276758","0.0-5.0-154.0","go-nogo","false","0","","true","<div class = centerbox><div  id = stim1></div></div>","32","32","750","","test","go","154","random","","",""
"","272","32","1399","0","test_block","poldrack-single-stim","169","278238","0.0-5.0-155.0","go-nogo","false","0","","true","<div class = centerbox><div  id = stim1></div></div>","32","32","750","","test","go","155","random","","",""
"","307","32","1216","0","test_block","poldrack-single-stim","170","279537","0.0-5.0-156.0","go-nogo","false","0","","true","<div class = centerbox><div  id = stim1></div></div>","32","32","750","","test","go","156","random","","",""
"","-1","-1","1349","0","test_block","poldrack-single-stim","171","280958","0.0-5.0-157.0","go-nogo","false","0","","true","<div class = centerbox><div  id = stim2></div></div>","-1","32","750","","test","nogo","157","random","","",""
"","351","32","1198","0","test_block","poldrack-single-stim","172","282237","0.0-5.0-158.0","go-nogo","false","0","","true","<div class = centerbox><div  id = stim1></div></div>","32","32","750","","test","go","158","random","","",""
"","281","32","1159","0","test_block","poldrack-single-stim","173","283478","0.0-5.0-159.0","go-nogo","false","0","","true","<div class = centerbox><div  id = stim1></div></div>","32","32","750","","test","go","159","random","","",""
"","272","32","1342","0","test_block","poldrack-single-stim","174","284898","0.0-5.0-160.0","go-nogo","false","0","","true","<div class = centerbox><div  id = stim1></div></div>","32","32","750","","test","go","160","random","","",""
"","323","32","1373","0","test_block","poldrack-single-stim","175","286338","0.0-5.0-161.0","go-nogo","false","0","","true","<div class = centerbox><div  id = stim1></div></div>","32","32","750","","test","go","161","random","","",""
"","264","32","1136","0","test_block","poldrack-single-stim","176","287548","0.0-5.0-162.0","go-nogo","false","0","","true","<div class = centerbox><div  id = stim1></div></div>","32","32","750","","test","go","162","random","","",""
"","285","32","1025","0","test_block","poldrack-single-stim","177","288648","0.0-5.0-163.0","go-nogo","false","0","","true","<div class = centerbox><div  id = stim1></div></div>","32","32","750","","test","go","163","random","","",""
"","269","32","1376","0","test_block","poldrack-single-stim","178","290088","0.0-5.0-164.0","go-nogo","false","0","","true","<div class = centerbox><div  id = stim1></div></div>","32","32","750","","test","go","164","random","","",""
"","199","32","1231","0","test_block","poldrack-single-stim","179","291388","0.0-5.0-165.0","go-nogo","false","0","","true","<div class = centerbox><div  id = stim1></div></div>","32","32","750","","test","go","165","random","","",""
"","292","32","1023","0","test_block","poldrack-single-stim","180","292487","0.0-5.0-166.0","go-nogo","false","0","","true","<div class = centerbox><div  id = stim1></div></div>","32","32","750","","test","go","166","random","","",""
"","299","32","1157","0","test_block","poldrack-single-stim","181","293708","0.0-5.0-167.0","go-nogo","false","0","","true","<div class = centerbox><div  id = stim1></div></div>","32","32","750","","test","go","167","random","","",""
"","270","32","1339","0","test_block","poldrack-single-stim","182","295118","0.0-5.0-168.0","go-nogo","false","0","","true","<div class = centerbox><div  id = stim1></div></div>","32","32","750","","test","go","168","random","","",""
"","63","32","1004","0","test_block","poldrack-single-stim","183","296197","0.0-5.0-169.0","go-nogo","false","0","","true","<div class = centerbox><div  id = stim1></div></div>","32","32","750","","test","go","169","random","","",""
"","298","32","1307","0","test_block","poldrack-single-stim","184","297578","0.0-5.0-170.0","go-nogo","false","0","","true","<div class = centerbox><div  id = stim1></div></div>","32","32","750","","test","go","170","random","","",""
"","274","32","1081","0","test_block","poldrack-single-stim","185","298738","0.0-5.0-171.0","go-nogo","false","0","","true","<div class = centerbox><div  id = stim1></div></div>","32","32","750","","test","go","171","random","","",""
"","306","32","1004","0","test_block","poldrack-single-stim","186","299798","0.0-5.0-172.0","go-nogo","false","0","","true","<div class = centerbox><div  id = stim1></div></div>","32","32","750","","test","go","172","random","","",""
"","427","32","1084","0","test_block","poldrack-single-stim","187","300953","0.0-5.0-173.0","go-nogo","false","0","","true","<div class = centerbox><div  id = stim1></div></div>","32","32","750","","test","go","173","random","","",""
"","-1","-1","1257","0","test_block","poldrack-single-stim","188","302287","0.0-5.0-174.0","go-nogo","false","0","","true","<div class = centerbox><div  id = stim2></div></div>","-1","32","750","","test","nogo","174","random","","",""
"","363","32","1130","0","test_block","poldrack-single-stim","189","303488","0.0-5.0-175.0","go-nogo","false","0","","true","<div class = centerbox><div  id = stim1></div></div>","32","32","750","","test","go","175","random","","",""
"","274","32","1221","0","test_block","poldrack-single-stim","190","304777","0.0-5.0-176.0","go-nogo","false","0","","false","<div class = centerbox><div  id = stim2></div></div>","-1","32","750","","test","nogo","176","random","","",""
"","299","32","1403","0","test_block","poldrack-single-stim","191","306238","0.0-5.0-177.0","go-nogo","false","0","","true","<div class = centerbox><div  id = stim1></div></div>","32","32","750","","test","go","177","random","","",""
"","370","32","1221","0","test_block","poldrack-single-stim","192","307538","0.0-5.0-178.0","go-nogo","false","0","","true","<div class = centerbox><div  id = stim1></div></div>","32","32","750","","test","go","178","random","","",""
"","384","32","1081","0","test_block","poldrack-single-stim","193","308677","0.0-5.0-179.0","go-nogo","false","0","","true","<div class = centerbox><div  id = stim1></div></div>","32","32","750","","test","go","179","random","","",""
"","-1","-1","1335","0","test_block","poldrack-single-stim","194","310078","0.0-5.0-180.0","go-nogo","false","0","","true","<div class = centerbox><div  id = stim2></div></div>","-1","32","750","","test","nogo","180","random","","",""
"","353","32","1323","0","test_block","poldrack-single-stim","195","311457","0.0-5.0-181.0","go-nogo","false","0","","true","<div class = centerbox><div  id = stim1></div></div>","32","32","750","","test","go","181","random","","",""
"","485","32","1394","0","test_block","poldrack-single-stim","196","312917","0.0-5.0-182.0","go-nogo","false","0","","true","<div class = centerbox><div  id = stim1></div></div>","32","32","750","","test","go","182","random","","",""
"","279","32","1340","0","test_block","poldrack-single-stim","197","314318","0.0-5.0-183.0","go-nogo","false","0","","true","<div class = centerbox><div  id = stim1></div></div>","32","32","750","","test","go","183","random","","",""
"","279","32","1256","0","test_block","poldrack-single-stim","198","315658","0.0-5.0-184.0","go-nogo","false","0","","true","<div class = centerbox><div  id = stim1></div></div>","32","32","750","","test","go","184","random","","",""
"","381","32","1121","0","test_block","poldrack-single-stim","199","316837","0.0-5.0-185.0","go-nogo","false","0","","true","<div class = centerbox><div  id = stim1></div></div>","32","32","750","","test","go","185","random","","",""
"","312","32","1115","0","test_block","poldrack-single-stim","200","318017","0.0-5.0-186.0","go-nogo","false","0","","true","<div class = centerbox><div  id = stim1></div></div>","32","32","750","","test","go","186","random","","",""
"","280","32","1280","0","test_block","poldrack-single-stim","201","319357","0.0-5.0-187.0","go-nogo","false","0","","true","<div class = centerbox><div  id = stim1></div></div>","32","32","750","","test","go","187","random","","",""
"","-1","-1","1478","0","test_block","poldrack-single-stim","202","320918","0.0-5.0-188.0","go-nogo","false","0","","true","<div class = centerbox><div  id = stim2></div></div>","-1","32","750","","test","nogo","188","random","","",""
"","348","32","1168","0","test_block","poldrack-single-stim","203","322167","0.0-5.0-189.0","go-nogo","false","0","","true","<div class = centerbox><div  id = stim1></div></div>","32","32","750","","test","go","189","random","","",""
"","398","32","1046","0","test_block","poldrack-single-stim","204","323277","0.0-5.0-190.0","go-nogo","false","0","","true","<div class = centerbox><div  id = stim1></div></div>","32","32","750","","test","go","190","random","","",""
"","-1","-1","1490","0","test_block","poldrack-single-stim","205","324837","0.0-5.0-191.0","go-nogo","false","0","","true","<div class = centerbox><div  id = stim2></div></div>","-1","32","750","","test","nogo","191","random","","",""
"","262","32","1099","0","test_block","poldrack-single-stim","206","326017","0.0-5.0-192.0","go-nogo","false","0","","true","<div class = centerbox><div  id = stim1></div></div>","32","32","750","","test","go","192","random","","",""
"","306","32","1064","0","test_block","poldrack-single-stim","207","327158","0.0-5.0-193.0","go-nogo","false","0","","true","<div class = centerbox><div  id = stim1></div></div>","32","32","750","","test","go","193","random","","",""
"","360","32","1074","0","test_block","poldrack-single-stim","208","328297","0.0-5.0-194.0","go-nogo","false","0","","true","<div class = centerbox><div  id = stim1></div></div>","32","32","750","","test","go","194","random","","",""
"","303","32","1255","0","test_block","poldrack-single-stim","209","329637","0.0-5.0-195.0","go-nogo","false","0","","true","<div class = centerbox><div  id = stim1></div></div>","32","32","750","","test","go","195","random","","",""
"","286","32","1477","0","test_block","poldrack-single-stim","210","331177","0.0-5.0-196.0","go-nogo","false","0","","true","<div class = centerbox><div  id = stim1></div></div>","32","32","750","","test","go","196","random","","",""
"","359","32","1490","0","test_block","poldrack-single-stim","211","332757","0.0-5.0-197.0","go-nogo","false","0","","true","<div class = centerbox><div  id = stim1></div></div>","32","32","750","","test","go","197","random","","",""
"","378","32","1219","0","test_block","poldrack-single-stim","212","334038","0.0-5.0-198.0","go-nogo","false","0","","true","<div class = centerbox><div  id = stim1></div></div>","32","32","750","","test","go","198","random","","",""
"","201","32","1047","0","test_block","poldrack-single-stim","213","335157","0.0-5.0-199.0","go-nogo","false","0","","true","<div class = centerbox><div  id = stim1></div></div>","32","32","750","","test","go","199","random","","",""
"","362","32","1287","0","test_block","poldrack-single-stim","214","336527","0.0-5.0-200.0","go-nogo","false","0","","true","<div class = centerbox><div  id = stim1></div></div>","32","32","750","","test","go","200","random","","",""
"","286","32","1419","0","test_block","poldrack-single-stim","215","338008","0.0-5.0-201.0","go-nogo","false","0","","true","<div class = centerbox><div  id = stim1></div></div>","32","32","750","","test","go","201","random","","",""
"","418","32","1215","0","test_block","poldrack-single-stim","216","339297","0.0-5.0-202.0","go-nogo","false","0","","false","<div class = centerbox><div  id = stim2></div></div>","-1","32","750","","test","nogo","202","random","","",""
"","460","32","1337","0","test_block","poldrack-single-stim","217","340697","0.0-5.0-203.0","go-nogo","false","0","","true","<div class = centerbox><div  id = stim1></div></div>","32","32","750","","test","go","203","random","","",""
"","-1","-1","1104","0","test_block","poldrack-single-stim","218","341857","0.0-5.0-204.0","go-nogo","false","0","","false","<div class = centerbox><div  id = stim1></div></div>","32","32","750","","test","go","204","random","","",""
"","768","32","1348","0","test_block","poldrack-single-stim","219","343277","0.0-5.0-205.0","go-nogo","false","0","","true","<div class = centerbox><div  id = stim1></div></div>","32","32","750","","test","go","205","random","","",""
"","278","32","1299","0","test_block","poldrack-single-stim","220","344657","0.0-5.0-206.0","go-nogo","false","0","","true","<div class = centerbox><div  id = stim1></div></div>","32","32","750","","test","go","206","random","","",""
"","404","32","1276","0","test_block","poldrack-single-stim","221","345998","0.0-5.0-207.0","go-nogo","false","0","","false","<div class = centerbox><div  id = stim2></div></div>","-1","32","750","","test","nogo","207","random","","",""
"","529","32","1306","0","test_block","poldrack-single-stim","222","347387","0.0-5.0-208.0","go-nogo","false","0","","true","<div class = centerbox><div  id = stim1></div></div>","32","32","750","","test","go","208","random","","",""
"","338","32","1414","0","test_block","poldrack-single-stim","223","348867","0.0-5.0-209.0","go-nogo","false","0","","true","<div class = centerbox><div  id = stim1></div></div>","32","32","750","","test","go","209","random","","",""
"","-1","-1","1177","0","test_block","poldrack-single-stim","224","350107","0.0-5.0-210.0","go-nogo","false","0","","true","<div class = centerbox><div  id = stim2></div></div>","-1","32","750","","test","nogo","210","random","","",""
"","295","32","1336","0","test_block","poldrack-single-stim","225","351506","0.0-5.0-211.0","go-nogo","false","0","","true","<div class = centerbox><div  id = stim1></div></div>","32","32","750","","test","go","211","random","","",""
"","298","32","1257","0","test_block","poldrack-single-stim","226","352847","0.0-5.0-212.0","go-nogo","false","0","","true","<div class = centerbox><div  id = stim1></div></div>","32","32","750","","test","go","212","random","","",""
"","-1","-1","1499","0","test_block","poldrack-single-stim","227","354427","0.0-5.0-213.0","go-nogo","false","0","","true","<div class = centerbox><div  id = stim2></div></div>","-1","32","750","","test","nogo","213","random","","",""
"","265","32","1208","0","test_block","poldrack-single-stim","228","355697","0.0-5.0-214.0","go-nogo","false","0","","true","<div class = centerbox><div  id = stim1></div></div>","32","32","750","","test","go","214","random","","",""
"","319","32","1311","0","test_block","poldrack-single-stim","229","357077","0.0-5.0-215.0","go-nogo","false","0","","true","<div class = centerbox><div  id = stim1></div></div>","32","32","750","","test","go","215","random","","",""
"","302","32","1064","0","test_block","poldrack-single-stim","230","358217","0.0-5.0-216.0","go-nogo","false","0","","true","<div class = centerbox><div  id = stim1></div></div>","32","32","750","","test","go","216","random","","",""
"","303","32","1283","0","test_block","poldrack-single-stim","231","359566","0.0-5.0-217.0","go-nogo","false","0","","true","<div class = centerbox><div  id = stim1></div></div>","32","32","750","","test","go","217","random","","",""
"","330","32","1407","0","test_block","poldrack-single-stim","232","361057","0.0-5.0-218.0","go-nogo","false","0","","true","<div class = centerbox><div  id = stim1></div></div>","32","32","750","","test","go","218","random","","",""
"","252","32","1322","0","test_block","poldrack-single-stim","233","362437","0.0-5.0-219.0","go-nogo","false","0","","true","<div class = centerbox><div  id = stim1></div></div>","32","32","750","","test","go","219","random","","",""
"","-1","-1","1439","0","test_block","poldrack-single-stim","234","363935","0.0-5.0-220.0","go-nogo","false","0","","false","<div class = centerbox><div  id = stim1></div></div>","32","32","750","","test","go","220","random","","",""
"","332","32","1219","0","test_block","poldrack-single-stim","235","365238","0.0-5.0-221.0","go-nogo","false","0","","true","<div class = centerbox><div  id = stim1></div></div>","32","32","750","","test","go","221","random","","",""
"","296","32","1143","0","test_block","poldrack-single-stim","236","366457","0.0-5.0-222.0","go-nogo","false","0","","true","<div class = centerbox><div  id = stim1></div></div>","32","32","750","","test","go","222","random","","",""
"","403","32","1069","0","test_block","poldrack-single-stim","237","367597","0.0-5.0-223.0","go-nogo","false","0","","true","<div class = centerbox><div  id = stim1></div></div>","32","32","750","","test","go","223","random","","",""
"","307","32","1104","0","test_block","poldrack-single-stim","238","368787","0.0-5.0-224.0","go-nogo","false","0","","true","<div class = centerbox><div  id = stim1></div></div>","32","32","750","","test","go","224","random","","",""
"","340","32","1395","0","test_block","poldrack-single-stim","239","370256","0.0-5.0-225.0","go-nogo","false","0","","true","<div class = centerbox><div  id = stim1></div></div>","32","32","750","","test","go","225","random","","",""
"","275","32","1282","0","test_block","poldrack-single-stim","240","371617","0.0-5.0-226.0","go-nogo","false","0","","true","<div class = centerbox><div  id = stim1></div></div>","32","32","750","","test","go","226","random","","",""
"","269","32","1494","0","test_block","poldrack-single-stim","241","373187","0.0-5.0-227.0","go-nogo","false","0","","true","<div class = centerbox><div  id = stim1></div></div>","32","32","750","","test","go","227","random","","",""
"","281","32","1124","0","test_block","poldrack-single-stim","242","374387","0.0-5.0-228.0","go-nogo","false","0","","true","<div class = centerbox><div  id = stim1></div></div>","32","32","750","","test","go","228","random","","",""
"","385","32","1272","0","test_block","poldrack-single-stim","243","375727","0.0-5.0-229.0","go-nogo","false","0","","false","<div class = centerbox><div  id = stim2></div></div>","-1","32","750","","test","nogo","229","random","","",""
"","251","32","1419","0","test_block","poldrack-single-stim","244","377227","0.0-5.0-230.0","go-nogo","false","0","","true","<div class = centerbox><div  id = stim1></div></div>","32","32","750","","test","go","230","random","","",""
"","360","32","1210","0","test_block","poldrack-single-stim","245","378497","0.0-5.0-231.0","go-nogo","false","0","","true","<div class = centerbox><div  id = stim1></div></div>","32","32","750","","test","go","231","random","","",""
"","470","32","1080","0","test_block","poldrack-single-stim","246","379647","0.0-5.0-232.0","go-nogo","false","0","","true","<div class = centerbox><div  id = stim1></div></div>","32","32","750","","test","go","232","random","","",""
"","394","32","1013","0","test_block","poldrack-single-stim","247","380727","0.0-5.0-233.0","go-nogo","false","0","","true","<div class = centerbox><div  id = stim1></div></div>","32","32","750","","test","go","233","random","","",""
"","460","32","1344","0","test_block","poldrack-single-stim","248","382147","0.0-5.0-234.0","go-nogo","false","0","","true","<div class = centerbox><div  id = stim1></div></div>","32","32","750","","test","go","234","random","","",""
"","275","32","1125","0","test_block","poldrack-single-stim","249","383347","0.0-5.0-235.0","go-nogo","false","0","","true","<div class = centerbox><div  id = stim1></div></div>","32","32","750","","test","go","235","random","","",""
"","317","32","1125","0","test_block","poldrack-single-stim","250","384547","0.0-5.0-236.0","go-nogo","false","0","","true","<div class = centerbox><div  id = stim1></div></div>","32","32","750","","test","go","236","random","","",""
"","434","32","1181","0","test_block","poldrack-single-stim","251","385807","0.0-5.0-237.0","go-nogo","false","0","","true","<div class = centerbox><div  id = stim1></div></div>","32","32","750","","test","go","237","random","","",""
"","269","32","1391","0","test_block","poldrack-single-stim","252","387286","0.0-5.0-238.0","go-nogo","false","0","","true","<div class = centerbox><div  id = stim1></div></div>","32","32","750","","test","go","238","random","","",""
"","285","32","1259","0","test_block","poldrack-single-stim","253","388616","0.0-5.0-239.0","go-nogo","false","0","","true","<div class = centerbox><div  id = stim1></div></div>","32","32","750","","test","go","239","random","","",""
"","282","32","1110","0","test_block","poldrack-single-stim","254","389796","0.0-5.0-240.0","go-nogo","false","0","","true","<div class = centerbox><div  id = stim1></div></div>","32","32","750","","test","go","240","random","","",""
"","265","32","1141","0","test_block","poldrack-single-stim","255","391016","0.0-5.0-241.0","go-nogo","false","0","","true","<div class = centerbox><div  id = stim1></div></div>","32","32","750","","test","go","241","random","","",""
"","270","32","1148","0","test_block","poldrack-single-stim","256","392237","0.0-5.0-242.0","go-nogo","false","0","","true","<div class = centerbox><div  id = stim1></div></div>","32","32","750","","test","go","242","random","","",""
"","241","32","1403","0","test_block","poldrack-single-stim","257","393697","0.0-5.0-243.0","go-nogo","false","0","","true","<div class = centerbox><div  id = stim1></div></div>","32","32","750","","test","go","243","random","","",""
"","313","32","1137","0","test_block","poldrack-single-stim","258","394896","0.0-5.0-244.0","go-nogo","false","0","","true","<div class = centerbox><div  id = stim1></div></div>","32","32","750","","test","go","244","random","","",""
"","357","32","1400","0","test_block","poldrack-single-stim","259","396366","0.0-5.0-245.0","go-nogo","false","0","","true","<div class = centerbox><div  id = stim1></div></div>","32","32","750","","test","go","245","random","","",""
"","290","32","1014","0","test_block","poldrack-single-stim","260","397447","0.0-5.0-246.0","go-nogo","false","0","","false","<div class = centerbox><div  id = stim2></div></div>","-1","32","750","","test","nogo","246","random","","",""
"","296","32","1422","0","test_block","poldrack-single-stim","261","398947","0.0-5.0-247.0","go-nogo","false","0","","true","<div class = centerbox><div  id = stim1></div></div>","32","32","750","","test","go","247","random","","",""
"","336","32","1392","0","test_block","poldrack-single-stim","262","400410","0.0-5.0-248.0","go-nogo","false","0","","true","<div class = centerbox><div  id = stim1></div></div>","32","32","750","","test","go","248","random","","",""
"","293","32","1169","0","test_block","poldrack-single-stim","263","401636","0.0-5.0-249.0","go-nogo","false","0","","true","<div class = centerbox><div  id = stim1></div></div>","32","32","750","","test","go","249","random","","",""
"","-1","-1","1156","0","test_block","poldrack-single-stim","264","402877","0.0-5.0-250.0","go-nogo","false","0","","true","<div class = centerbox><div  id = stim2></div></div>","-1","32","750","","test","nogo","250","random","","",""
"","231","32","1098","0","test_block","poldrack-single-stim","265","404056","0.0-5.0-251.0","go-nogo","false","0","","true","<div class = centerbox><div  id = stim1></div></div>","32","32","750","","test","go","251","random","","",""
"","251","32","1375","0","test_block","poldrack-single-stim","266","405506","0.0-5.0-252.0","go-nogo","false","0","","true","<div class = centerbox><div  id = stim1></div></div>","32","32","750","","test","go","252","random","","",""
"","286","32","1060","0","test_block","poldrack-single-stim","267","406626","0.0-5.0-253.0","go-nogo","false","0","","true","<div class = centerbox><div  id = stim1></div></div>","32","32","750","","test","go","253","random","","",""
"","-1","-1","1020","0","test_block","poldrack-single-stim","268","407707","0.0-5.0-254.0","go-nogo","false","0","","true","<div class = centerbox><div  id = stim2></div></div>","-1","32","750","","test","nogo","254","random","","",""
"","305","32","1231","0","test_block","poldrack-single-stim","269","409006","0.0-5.0-255.0","go-nogo","false","0","","false","<div class = centerbox><div  id = stim2></div></div>","-1","32","750","","test","nogo","255","random","","",""
"","333","32","1324","0","test_block","poldrack-single-stim","270","410397","0.0-5.0-256.0","go-nogo","false","0","","true","<div class = centerbox><div  id = stim1></div></div>","32","32","750","","test","go","256","random","","",""
"","-1","-1","1390","0","test_block","poldrack-single-stim","271","411866","0.0-5.0-257.0","go-nogo","false","0","","true","<div class = centerbox><div  id = stim2></div></div>","-1","32","750","","test","nogo","257","random","","",""
"","329","32","1300","0","test_block","poldrack-single-stim","272","413247","0.0-5.0-258.0","go-nogo","false","0","","true","<div class = centerbox><div  id = stim1></div></div>","32","32","750","","test","go","258","random","","",""
"","365","32","1332","0","test_block","poldrack-single-stim","273","414646","0.0-5.0-259.0","go-nogo","false","0","","true","<div class = centerbox><div  id = stim1></div></div>","32","32","750","","test","go","259","random","","",""
"","605","32","1259","0","test_block","poldrack-single-stim","274","415967","0.0-5.0-260.0","go-nogo","false","0","","true","<div class = centerbox><div  id = stim1></div></div>","32","32","750","","test","go","260","random","","",""
"","863","32","1203","0","test_block","poldrack-single-stim","275","417236","0.0-5.0-261.0","go-nogo","false","0","","true","<div class = centerbox><div  id = stim1></div></div>","32","32","750","","test","go","261","random","","",""
"","262","32","1482","0","test_block","poldrack-single-stim","276","418796","0.0-5.0-262.0","go-nogo","false","0","","true","<div class = centerbox><div  id = stim1></div></div>","32","32","750","","test","go","262","random","","",""
"","251","32","1436","0","test_block","poldrack-single-stim","277","420296","0.0-5.0-263.0","go-nogo","false","0","","true","<div class = centerbox><div  id = stim1></div></div>","32","32","750","","test","go","263","random","","",""
"","282","32","1395","0","test_block","poldrack-single-stim","278","421778","0.0-5.0-264.0","go-nogo","false","0","","true","<div class = centerbox><div  id = stim1></div></div>","32","32","750","","test","go","264","random","","",""
"","429","32","1143","0","test_block","poldrack-single-stim","279","422996","0.0-5.0-265.0","go-nogo","false","0","","true","<div class = centerbox><div  id = stim1></div></div>","32","32","750","","test","go","265","random","","",""
"","379","32","1181","0","test_block","poldrack-single-stim","280","424236","0.0-5.0-266.0","go-nogo","false","0","","true","<div class = centerbox><div  id = stim1></div></div>","32","32","750","","test","go","266","random","","",""
"","267","32","1420","0","test_block","poldrack-single-stim","281","425736","0.0-5.0-267.0","go-nogo","false","0","","true","<div class = centerbox><div  id = stim1></div></div>","32","32","750","","test","go","267","random","","",""
"","247","32","1222","0","test_block","poldrack-single-stim","282","427036","0.0-5.0-268.0","go-nogo","false","0","","true","<div class = centerbox><div  id = stim1></div></div>","32","32","750","","test","go","268","random","","",""
"","268","32","1498","0","test_block","poldrack-single-stim","283","428596","0.0-5.0-269.0","go-nogo","false","0","","true","<div class = centerbox><div  id = stim1></div></div>","32","32","750","","test","go","269","random","","",""
"","-1","-1","1004","0","test_block","poldrack-single-stim","284","429676","0.0-5.0-270.0","go-nogo","false","0","","true","<div class = centerbox><div  id = stim2></div></div>","-1","32","750","","test","nogo","270","random","","",""
"","413","32","1423","0","test_block","poldrack-single-stim","285","431167","0.0-5.0-271.0","go-nogo","false","0","","true","<div class = centerbox><div  id = stim1></div></div>","32","32","750","","test","go","271","random","","",""
"","239","32","1113","0","test_block","poldrack-single-stim","286","432346","0.0-5.0-272.0","go-nogo","false","0","","true","<div class = centerbox><div  id = stim1></div></div>","32","32","750","","test","go","272","random","","",""
"","269","32","1196","0","test_block","poldrack-single-stim","287","433606","0.0-5.0-273.0","go-nogo","false","0","","true","<div class = centerbox><div  id = stim1></div></div>","32","32","750","","test","go","273","random","","",""
"","268","32","1105","0","test_block","poldrack-single-stim","288","434786","0.0-5.0-274.0","go-nogo","false","0","","true","<div class = centerbox><div  id = stim1></div></div>","32","32","750","","test","go","274","random","","",""
"","174","32","1090","0","test_block","poldrack-single-stim","289","435946","0.0-5.0-275.0","go-nogo","false","0","","true","<div class = centerbox><div  id = stim1></div></div>","32","32","750","","test","go","275","random","","",""
"","271","32","1454","0","test_block","poldrack-single-stim","290","437486","0.0-5.0-276.0","go-nogo","false","0","","true","<div class = centerbox><div  id = stim1></div></div>","32","32","750","","test","go","276","random","","",""
"","278","32","1084","0","test_block","poldrack-single-stim","291","438647","0.0-5.0-277.0","go-nogo","false","0","","true","<div class = centerbox><div  id = stim1></div></div>","32","32","750","","test","go","277","random","","",""
"","277","32","1273","0","test_block","poldrack-single-stim","292","439982","0.0-5.0-278.0","go-nogo","false","0","","true","<div class = centerbox><div  id = stim1></div></div>","32","32","750","","test","go","278","random","","",""
"","135","32","1444","0","test_block","poldrack-single-stim","293","441506","0.0-5.0-279.0","go-nogo","false","0","","true","<div class = centerbox><div  id = stim1></div></div>","32","32","750","","test","go","279","random","","",""
"","2","32","1068","0","test_block","poldrack-single-stim","294","442647","0.0-5.0-280.0","go-nogo","false","0","","true","<div class = centerbox><div  id = stim1></div></div>","32","32","750","","test","go","280","random","","",""
"","251","32","1018","0","test_block","poldrack-single-stim","295","443745","0.0-5.0-281.0","go-nogo","false","0","","true","<div class = centerbox><div  id = stim1></div></div>","32","32","750","","test","go","281","random","","",""
"","263","32","1357","0","test_block","poldrack-single-stim","296","445186","0.0-5.0-282.0","go-nogo","false","0","","true","<div class = centerbox><div  id = stim1></div></div>","32","32","750","","test","go","282","random","","",""
"","226","32","1399","0","test_block","poldrack-single-stim","297","446665","0.0-5.0-283.0","go-nogo","false","0","","true","<div class = centerbox><div  id = stim1></div></div>","32","32","750","","test","go","283","random","","",""
"","237","32","1273","0","test_block","poldrack-single-stim","298","448006","0.0-5.0-284.0","go-nogo","false","0","","true","<div class = centerbox><div  id = stim1></div></div>","32","32","750","","test","go","284","random","","",""
"","265","32","1091","0","test_block","poldrack-single-stim","299","449165","0.0-5.0-285.0","go-nogo","false","0","","true","<div class = centerbox><div  id = stim1></div></div>","32","32","750","","test","go","285","random","","",""
"","277","32","1464","0","test_block","poldrack-single-stim","300","450707","0.0-5.0-286.0","go-nogo","false","0","","true","<div class = centerbox><div  id = stim1></div></div>","32","32","750","","test","go","286","random","","",""
"","291","32","1241","0","test_block","poldrack-single-stim","301","452026","0.0-5.0-287.0","go-nogo","false","0","","true","<div class = centerbox><div  id = stim1></div></div>","32","32","750","","test","go","287","random","","",""
"","239","32","1184","0","test_block","poldrack-single-stim","302","453286","0.0-5.0-288.0","go-nogo","false","0","","true","<div class = centerbox><div  id = stim1></div></div>","32","32","750","","test","go","288","random","","",""
"","263","32","1318","0","test_block","poldrack-single-stim","303","454686","0.0-5.0-289.0","go-nogo","false","0","","true","<div class = centerbox><div  id = stim1></div></div>","32","32","750","","test","go","289","random","","",""
"","257","32","1311","0","test_block","poldrack-single-stim","304","456086","0.0-5.0-290.0","go-nogo","false","0","","true","<div class = centerbox><div  id = stim1></div></div>","32","32","750","","test","go","290","random","","",""
"","211","32","1214","0","test_block","poldrack-single-stim","305","457385","0.0-5.0-291.0","go-nogo","false","0","","true","<div class = centerbox><div  id = stim1></div></div>","32","32","750","","test","go","291","random","","",""
"","252","32","1392","0","test_block","poldrack-single-stim","306","458856","0.0-5.0-292.0","go-nogo","false","0","","true","<div class = centerbox><div  id = stim1></div></div>","32","32","750","","test","go","292","random","","",""
"","240","32","1408","0","test_block","poldrack-single-stim","307","460336","0.0-5.0-293.0","go-nogo","false","0","","true","<div class = centerbox><div  id = stim1></div></div>","32","32","750","","test","go","293","random","","",""
"","208","32","1197","0","test_block","poldrack-single-stim","308","461615","0.0-5.0-294.0","go-nogo","false","0","","true","<div class = centerbox><div  id = stim1></div></div>","32","32","750","","test","go","294","random","","",""
"","111","32","1356","0","test_block","poldrack-single-stim","309","463056","0.0-5.0-295.0","go-nogo","false","0","","true","<div class = centerbox><div  id = stim1></div></div>","32","32","750","","test","go","295","random","","",""
"","234","32","1302","0","test_block","poldrack-single-stim","310","464436","0.0-5.0-296.0","go-nogo","false","0","","true","<div class = centerbox><div  id = stim1></div></div>","32","32","750","","test","go","296","random","","",""
"","301","32","1254","0","test_block","poldrack-single-stim","311","465756","0.0-5.0-297.0","go-nogo","false","0","","true","<div class = centerbox><div  id = stim1></div></div>","32","32","750","","test","go","297","random","","",""
"","268","32","1293","0","test_block","poldrack-single-stim","312","467116","0.0-5.0-298.0","go-nogo","false","0","","true","<div class = centerbox><div  id = stim1></div></div>","32","32","750","","test","go","298","random","","",""
"","234","32","1157","0","test_block","poldrack-single-stim","313","468345","0.0-5.0-299.0","go-nogo","false","0","","true","<div class = centerbox><div  id = stim1></div></div>","32","32","750","","test","go","299","random","","",""
"","252","32","1382","0","test_block","poldrack-single-stim","314","469806","0.0-5.0-300.0","go-nogo","false","0","","true","<div class = centerbox><div  id = stim1></div></div>","32","32","750","","test","go","300","random","","",""
"","280","32","1356","0","test_block","poldrack-single-stim","315","471242","0.0-5.0-301.0","go-nogo","false","0","","true","<div class = centerbox><div  id = stim1></div></div>","32","32","750","","test","go","301","random","","",""
"","248","32","1394","0","test_block","poldrack-single-stim","316","472686","0.0-5.0-302.0","go-nogo","false","0","","true","<div class = centerbox><div  id = stim1></div></div>","32","32","750","","test","go","302","random","","",""
"","313","32","1122","0","test_block","poldrack-single-stim","317","473885","0.0-5.0-303.0","go-nogo","false","0","","true","<div class = centerbox><div  id = stim1></div></div>","32","32","750","","test","go","303","random","","",""
"","292","32","1031","0","test_block","poldrack-single-stim","318","474986","0.0-5.0-304.0","go-nogo","false","0","","true","<div class = centerbox><div  id = stim1></div></div>","32","32","750","","test","go","304","random","","",""
"","322","32","1320","0","test_block","poldrack-single-stim","319","476386","0.0-5.0-305.0","go-nogo","false","0","","true","<div class = centerbox><div  id = stim1></div></div>","32","32","750","","test","go","305","random","","",""
"","244","32","1288","0","test_block","poldrack-single-stim","320","477745","0.0-5.0-306.0","go-nogo","false","0","","true","<div class = centerbox><div  id = stim1></div></div>","32","32","750","","test","go","306","random","","",""
"","261","32","1360","0","test_block","poldrack-single-stim","321","479185","0.0-5.0-307.0","go-nogo","false","0","","true","<div class = centerbox><div  id = stim1></div></div>","32","32","750","","test","go","307","random","","",""
"","257","32","1234","0","test_block","poldrack-single-stim","322","480486","0.0-5.0-308.0","go-nogo","false","0","","true","<div class = centerbox><div  id = stim1></div></div>","32","32","750","","test","go","308","random","","",""
"","250","32","1294","0","test_block","poldrack-single-stim","323","481845","0.0-5.0-309.0","go-nogo","false","0","","true","<div class = centerbox><div  id = stim1></div></div>","32","32","750","","test","go","309","random","","",""
"","178","32","1222","0","test_block","poldrack-single-stim","324","483146","0.0-5.0-310.0","go-nogo","false","0","","true","<div class = centerbox><div  id = stim1></div></div>","32","32","750","","test","go","310","random","","",""
"","217","32","1080","0","test_block","poldrack-single-stim","325","484305","0.0-5.0-311.0","go-nogo","false","0","","true","<div class = centerbox><div  id = stim1></div></div>","32","32","750","","test","go","311","random","","",""
"","252","32","1028","0","test_block","poldrack-single-stim","326","485405","0.0-5.0-312.0","go-nogo","false","0","","true","<div class = centerbox><div  id = stim1></div></div>","32","32","750","","test","go","312","random","","",""
"","303","32","1330","0","test_block","poldrack-single-stim","327","486805","0.0-5.0-313.0","go-nogo","false","0","","true","<div class = centerbox><div  id = stim1></div></div>","32","32","750","","test","go","313","random","","",""
"","286","32","1265","0","test_block","poldrack-single-stim","328","488146","0.0-5.0-314.0","go-nogo","false","0","","true","<div class = centerbox><div  id = stim1></div></div>","32","32","750","","test","go","314","random","","",""
"","125","32","1334","0","test_block","poldrack-single-stim","329","489566","0.0-5.0-315.0","go-nogo","false","0","","true","<div class = centerbox><div  id = stim1></div></div>","32","32","750","","test","go","315","random","","",""
"","18","32","1183","0","test_block","poldrack-single-stim","330","490805","0.0-5.0-316.0","go-nogo","false","0","","true","<div class = centerbox><div  id = stim1></div></div>","32","32","750","","test","go","316","random","","",""
"","337","32","1235","0","test_block","poldrack-single-stim","331","492106","0.0-5.0-317.0","go-nogo","false","0","","true","<div class = centerbox><div  id = stim1></div></div>","32","32","750","","test","go","317","random","","",""
"","333","32","1348","0","test_block","poldrack-single-stim","332","493526","0.0-5.0-318.0","go-nogo","false","0","","true","<div class = centerbox><div  id = stim1></div></div>","32","32","750","","test","go","318","random","","",""
"","267","32","1308","0","test_block","poldrack-single-stim","333","494895","0.0-5.0-319.0","go-nogo","false","0","","true","<div class = centerbox><div  id = stim1></div></div>","32","32","750","","test","go","319","random","","",""
"","301","32","1330","0","test_block","poldrack-single-stim","334","496285","0.0-5.0-320.0","go-nogo","false","0","","true","<div class = centerbox><div  id = stim1></div></div>","32","32","750","","test","go","320","random","","",""
"","311","32","1445","0","test_block","poldrack-single-stim","335","497796","0.0-5.0-321.0","go-nogo","false","0","","true","<div class = centerbox><div  id = stim1></div></div>","32","32","750","","test","go","321","random","","",""
"","275","32","1323","0","test_block","poldrack-single-stim","336","499186","0.0-5.0-322.0","go-nogo","false","0","","true","<div class = centerbox><div  id = stim1></div></div>","32","32","750","","test","go","322","random","","",""
"","233","32","1241","0","test_block","poldrack-single-stim","337","500485","0.0-5.0-323.0","go-nogo","false","0","","true","<div class = centerbox><div  id = stim1></div></div>","32","32","750","","test","go","323","random","","",""
"","205","32","1140","0","test_block","poldrack-single-stim","338","501705","0.0-5.0-324.0","go-nogo","false","0","","false","<div class = centerbox><div  id = stim2></div></div>","-1","32","750","","test","nogo","324","random","","",""
"","-1","-1","1146","0","test_block","poldrack-single-stim","339","502935","0.0-5.0-325.0","go-nogo","false","0","","true","<div class = centerbox><div  id = stim2></div></div>","-1","32","750","","test","nogo","325","random","","",""
"","342","32","1352","0","test_block","poldrack-single-stim","340","504326","0.0-5.0-326.0","go-nogo","false","0","","true","<div class = centerbox><div  id = stim1></div></div>","32","32","750","","test","go","326","random","","",""
"","273","32","1345","0","test_block","poldrack-single-stim","341","505726","0.0-5.0-327.0","go-nogo","false","0","","true","<div class = centerbox><div  id = stim1></div></div>","32","32","750","","test","go","327","random","","",""
"","208","32","1350","0","test_block","poldrack-single-stim","342","507135","0.0-5.0-328.0","go-nogo","false","0","","true","<div class = centerbox><div  id = stim1></div></div>","32","32","750","","test","go","328","random","","",""
"","280","32","1330","0","test_block","poldrack-single-stim","343","508545","0.0-5.0-329.0","go-nogo","false","0","","true","<div class = centerbox><div  id = stim1></div></div>","32","32","750","","test","go","329","random","","",""
"","283","32","1417","0","test_block","poldrack-single-stim","344","510025","0.0-5.0-330.0","go-nogo","false","0","","true","<div class = centerbox><div  id = stim1></div></div>","32","32","750","","test","go","330","random","","",""
"","-1","-1","1414","0","test_block","poldrack-single-stim","345","511512","0.0-5.0-331.0","go-nogo","false","0","","true","<div class = centerbox><div  id = stim2></div></div>","-1","32","750","","test","nogo","331","random","","",""
"","306","32","1284","0","test_block","poldrack-single-stim","346","512855","0.0-5.0-332.0","go-nogo","false","0","","true","<div class = centerbox><div  id = stim1></div></div>","32","32","750","","test","go","332","random","","",""
"","319","32","1202","0","test_block","poldrack-single-stim","347","514135","0.0-5.0-333.0","go-nogo","false","0","","true","<div class = centerbox><div  id = stim1></div></div>","32","32","750","","test","go","333","random","","",""
"","305","32","1178","0","test_block","poldrack-single-stim","348","515375","0.0-5.0-334.0","go-nogo","false","0","","true","<div class = centerbox><div  id = stim1></div></div>","32","32","750","","test","go","334","random","","",""
"","269","32","1453","0","test_block","poldrack-single-stim","349","516895","0.0-5.0-335.0","go-nogo","false","0","","true","<div class = centerbox><div  id = stim1></div></div>","32","32","750","","test","go","335","random","","",""
"","270","32","1271","0","test_block","poldrack-single-stim","350","518245","0.0-5.0-336.0","go-nogo","false","0","","true","<div class = centerbox><div  id = stim1></div></div>","32","32","750","","test","go","336","random","","",""
"","385","32","1013","0","test_block","poldrack-single-stim","351","519324","0.0-5.0-337.0","go-nogo","false","0","","true","<div class = centerbox><div  id = stim1></div></div>","32","32","750","","test","go","337","random","","",""
"","462","32","1295","0","test_block","poldrack-single-stim","352","520685","0.0-5.0-338.0","go-nogo","false","0","","true","<div class = centerbox><div  id = stim1></div></div>","32","32","750","","test","go","338","random","","",""
"","317","32","1364","0","test_block","poldrack-single-stim","353","522125","0.0-5.0-339.0","go-nogo","false","0","","true","<div class = centerbox><div  id = stim1></div></div>","32","32","750","","test","go","339","random","","",""
"","216","32","1185","0","test_block","poldrack-single-stim","354","523374","0.0-5.0-340.0","go-nogo","false","0","","true","<div class = centerbox><div  id = stim1></div></div>","32","32","750","","test","go","340","random","","",""
"","220","32","1299","0","test_block","poldrack-single-stim","355","524755","0.0-5.0-341.0","go-nogo","false","0","","true","<div class = centerbox><div  id = stim1></div></div>","32","32","750","","test","go","341","random","","",""
"","291","32","1230","0","test_block","poldrack-single-stim","356","526055","0.0-5.0-342.0","go-nogo","false","0","","false","<div class = centerbox><div  id = stim2></div></div>","-1","32","750","","test","nogo","342","random","","",""
"","-1","-1","1486","0","test_block","poldrack-single-stim","357","527605","0.0-5.0-343.0","go-nogo","false","0","","true","<div class = centerbox><div  id = stim2></div></div>","-1","32","750","","test","nogo","343","random","","",""
"","287","32","1047","0","test_block","poldrack-single-stim","358","528737","0.0-5.0-344.0","go-nogo","false","0","","true","<div class = centerbox><div  id = stim1></div></div>","32","32","750","","test","go","344","random","","",""
"","-1","-1","1392","0","test_block","poldrack-single-stim","359","530195","0.0-5.0-345.0","go-nogo","false","0","","true","<div class = centerbox><div  id = stim2></div></div>","-1","32","750","","test","nogo","345","random","","",""
"","388","32","1352","0","test_block","poldrack-single-stim","360","531605","0.0-5.0-346.0","go-nogo","false","0","","true","<div class = centerbox><div  id = stim1></div></div>","32","32","750","","test","go","346","random","","",""
"","266","32","1301","0","test_block","poldrack-single-stim","361","532985","0.0-5.0-347.0","go-nogo","false","0","","false","<div class = centerbox><div  id = stim2></div></div>","-1","32","750","","test","nogo","347","random","","",""
"","348","32","1290","0","test_block","poldrack-single-stim","362","534345","0.0-5.0-348.0","go-nogo","false","0","","true","<div class = centerbox><div  id = stim1></div></div>","32","32","750","","test","go","348","random","","",""
"","326","32","1159","0","test_block","poldrack-single-stim","363","535585","0.0-5.0-349.0","go-nogo","false","0","","true","<div class = centerbox><div  id = stim1></div></div>","32","32","750","","test","go","349","random","","",""
"","65158","","","","post task questions","survey-text","364","600810","0.0-7.0","go-nogo","false","1","","","","","","","","","","","","{""Q0"":""Press the space bar when an orange square is on the screen and press nothing when a blue square is on the screen."",""Q1"":""""}","",""
