"text","rt","key_press","block_duration","timing_post_trial","trial_id","trial_type","trial_index","time_elapsed","internal_node_id","exp_id","full_screen","focus_shifts","view_history","correct","stimulus","correct_response","possible_responses","stim_duration","feedback_duration","exp_stage","condition","trial_num","mode","responses","payment_id","credit_var"
"<div class = centerbox><p class = center-block-text>Welcome to the experiment. This task will take around 10 minutes. Press <strong>enter</strong> to begin.</p></div>","4776","13","4776","0","instruction","poldrack-text","0","4780","0.0-0.0-0.0","go-nogo","true","0","","","","","","","","","","","","","",""
"","3511","","","","instruction","poldrack-instructions","1","8292","0.0-0.0-1.0","go-nogo","true","0","[{""page_index"":0,""viewing_time"":3509}]","","","","","","","","","","","","",""
"","-1","-1","1114","250","practice","poldrack-categorize","2","11421","0.0-1.0-0.0","go-nogo","true","0","","true","<div class = centerbox><div id = stim2></div></div>","-1","32","750","1000","practice","nogo","0","random","","",""
"","-1","-1","1481","250","practice","poldrack-categorize","3","14158","0.0-1.0-1.0","go-nogo","true","0","","true","<div class = centerbox><div id = stim2></div></div>","-1","32","750","1000","practice","nogo","1","random","","",""
"","484","32","1224","250","practice","poldrack-categorize","4","16642","0.0-1.0-2.0","go-nogo","true","0","","true","<div class = centerbox><div  id = stim1></div></div>","32","32","750","1000","practice","go","2","random","","",""
"","857","32","1183","250","practice","poldrack-categorize","5","19080","0.0-1.0-3.0","go-nogo","true","0","","false","<div class = centerbox><div id = stim2></div></div>","-1","32","750","1000","practice","nogo","3","random","","",""
"","514","32","1037","250","practice","poldrack-categorize","6","21372","0.0-1.0-4.0","go-nogo","true","0","","true","<div class = centerbox><div  id = stim1></div></div>","32","32","750","1000","practice","go","4","random","","",""
"","-1","-1","1437","250","practice","poldrack-categorize","7","24072","0.0-1.0-5.0","go-nogo","true","0","","true","<div class = centerbox><div id = stim2></div></div>","-1","32","750","1000","practice","nogo","5","random","","",""
"","-1","-1","1178","250","practice","poldrack-categorize","8","26506","0.0-1.0-6.0","go-nogo","true","0","","true","<div class = centerbox><div id = stim2></div></div>","-1","32","750","1000","practice","nogo","6","random","","",""
"","473","32","1001","250","practice","poldrack-categorize","9","28762","0.0-1.0-7.0","go-nogo","true","0","","true","<div class = centerbox><div  id = stim1></div></div>","32","32","750","1000","practice","go","7","random","","",""
"","624","32","1308","250","practice","poldrack-categorize","10","31326","0.0-1.0-8.0","go-nogo","true","0","","true","<div class = centerbox><div  id = stim1></div></div>","32","32","750","1000","practice","go","8","random","","",""
"","446","32","1231","250","practice","poldrack-categorize","11","33811","0.0-1.0-9.0","go-nogo","true","0","","true","<div class = centerbox><div  id = stim1></div></div>","32","32","750","1000","practice","go","9","random","","",""
"","","","","","reset_trial","call-function","12","34063","0.0-3.0","go-nogo","true","0","","","","","","","","","","","","","",""
"<div class = centerbox><p class = block-text>Practice is over, we will now begin the experiment. You will no longer get feedback about your responses.</p><p class = block-text>Remember, if you see the <font color=""orange"">orange</font> square you should <strong> respond by pressing the spacebar as quickly as possible</strong>. If you see the <font color=""blue"">blue</font> square you should <strong> not respond</strong>. Press <strong>enter</strong> to begin.</p></div>","7783","13","7783","1000","test_intro","poldrack-text","13","41848","0.0-4.0","go-nogo","true","0","","","","","","","","","","","","","",""
"","444","32","1390","0","test_block","poldrack-single-stim","14","44243","0.0-5.0-0.0","go-nogo","true","0","","true","<div class = centerbox><div  id = stim1></div></div>","32","32","750","","test","go","0","random","","",""
"","376","32","1103","0","test_block","poldrack-single-stim","15","45463","0.0-5.0-1.0","go-nogo","true","0","","true","<div class = centerbox><div  id = stim1></div></div>","32","32","750","","test","go","1","random","","",""
"","350","32","1483","0","test_block","poldrack-single-stim","16","47005","0.0-5.0-2.0","go-nogo","true","0","","true","<div class = centerbox><div  id = stim1></div></div>","32","32","750","","test","go","2","random","","",""
"","341","32","1022","0","test_block","poldrack-single-stim","17","48105","0.0-5.0-3.0","go-nogo","true","0","","true","<div class = centerbox><div  id = stim1></div></div>","32","32","750","","test","go","3","random","","",""
"","266","32","1158","0","test_block","poldrack-single-stim","18","49333","0.0-5.0-4.0","go-nogo","true","0","","true","<div class = centerbox><div  id = stim1></div></div>","32","32","750","","test","go","4","random","","",""
"","244","32","1319","0","test_block","poldrack-single-stim","19","50722","0.0-5.0-5.0","go-nogo","true","0","","true","<div class = centerbox><div  id = stim1></div></div>","32","32","750","","test","go","5","random","","",""
"","254","32","1287","0","test_block","poldrack-single-stim","20","52089","0.0-5.0-6.0","go-nogo","true","0","","true","<div class = centerbox><div  id = stim1></div></div>","32","32","750","","test","go","6","random","","",""
"","288","32","1124","0","test_block","poldrack-single-stim","21","53287","0.0-5.0-7.0","go-nogo","true","0","","true","<div class = centerbox><div  id = stim1></div></div>","32","32","750","","test","go","7","random","","",""
"","286","32","1066","0","test_block","poldrack-single-stim","22","54420","0.0-5.0-8.0","go-nogo","true","0","","true","<div class = centerbox><div  id = stim1></div></div>","32","32","750","","test","go","8","random","","",""
"","276","32","1100","0","test_block","poldrack-single-stim","23","55591","0.0-5.0-9.0","go-nogo","true","0","","true","<div class = centerbox><div  id = stim1></div></div>","32","32","750","","test","go","9","random","","",""
"","219","32","1366","0","test_block","poldrack-single-stim","24","57018","0.0-5.0-10.0","go-nogo","true","0","","true","<div class = centerbox><div  id = stim1></div></div>","32","32","750","","test","go","10","random","","",""
"","297","32","1253","0","test_block","poldrack-single-stim","25","58339","0.0-5.0-11.0","go-nogo","true","0","","true","<div class = centerbox><div  id = stim1></div></div>","32","32","750","","test","go","11","random","","",""
"","288","32","1321","0","test_block","poldrack-single-stim","26","59744","0.0-5.0-12.0","go-nogo","true","0","","true","<div class = centerbox><div  id = stim1></div></div>","32","32","750","","test","go","12","random","","",""
"","87","32","1134","0","test_block","poldrack-single-stim","27","60942","0.0-5.0-13.0","go-nogo","true","0","","true","<div class = centerbox><div  id = stim1></div></div>","32","32","750","","test","go","13","random","","",""
"","285","32","1266","0","test_block","poldrack-single-stim","28","62293","0.0-5.0-14.0","go-nogo","true","0","","true","<div class = centerbox><div  id = stim1></div></div>","32","32","750","","test","go","14","random","","",""
"","325","32","1234","0","test_block","poldrack-single-stim","29","63620","0.0-5.0-15.0","go-nogo","true","0","","true","<div class = centerbox><div  id = stim1></div></div>","32","32","750","","test","go","15","random","","",""
"","338","32","1239","0","test_block","poldrack-single-stim","30","64933","0.0-5.0-16.0","go-nogo","true","0","","true","<div class = centerbox><div  id = stim1></div></div>","32","32","750","","test","go","16","random","","",""
"","296","32","1232","0","test_block","poldrack-single-stim","31","66239","0.0-5.0-17.0","go-nogo","true","0","","true","<div class = centerbox><div  id = stim1></div></div>","32","32","750","","test","go","17","random","","",""
"","299","32","1141","0","test_block","poldrack-single-stim","32","67450","0.0-5.0-18.0","go-nogo","true","0","","true","<div class = centerbox><div  id = stim1></div></div>","32","32","750","","test","go","18","random","","",""
"","287","32","1007","0","test_block","poldrack-single-stim","33","68527","0.0-5.0-19.0","go-nogo","true","0","","true","<div class = centerbox><div  id = stim1></div></div>","32","32","750","","test","go","19","random","","",""
"","317","32","1157","0","test_block","poldrack-single-stim","34","69751","0.0-5.0-20.0","go-nogo","true","0","","true","<div class = centerbox><div  id = stim1></div></div>","32","32","750","","test","go","20","random","","",""
"","205","32","1268","0","test_block","poldrack-single-stim","35","71102","0.0-5.0-21.0","go-nogo","true","0","","true","<div class = centerbox><div  id = stim1></div></div>","32","32","750","","test","go","21","random","","",""
"","150","32","1379","0","test_block","poldrack-single-stim","36","72547","0.0-5.0-22.0","go-nogo","true","0","","false","<div class = centerbox><div  id = stim2></div></div>","-1","32","750","","test","nogo","22","random","","",""
"","388","32","1078","0","test_block","poldrack-single-stim","37","73674","0.0-5.0-23.0","go-nogo","true","0","","true","<div class = centerbox><div  id = stim1></div></div>","32","32","750","","test","go","23","random","","",""
"","397","32","1313","0","test_block","poldrack-single-stim","38","75067","0.0-5.0-24.0","go-nogo","true","0","","true","<div class = centerbox><div  id = stim1></div></div>","32","32","750","","test","go","24","random","","",""
"","312","32","1411","0","test_block","poldrack-single-stim","39","76550","0.0-5.0-25.0","go-nogo","true","0","","true","<div class = centerbox><div  id = stim1></div></div>","32","32","750","","test","go","25","random","","",""
"","413","32","1291","0","test_block","poldrack-single-stim","40","77913","0.0-5.0-26.0","go-nogo","true","0","","true","<div class = centerbox><div  id = stim1></div></div>","32","32","750","","test","go","26","random","","",""
"","290","32","1058","0","test_block","poldrack-single-stim","41","79032","0.0-5.0-27.0","go-nogo","true","0","","true","<div class = centerbox><div  id = stim1></div></div>","32","32","750","","test","go","27","random","","",""
"","351","32","1021","0","test_block","poldrack-single-stim","42","80118","0.0-5.0-28.0","go-nogo","true","0","","true","<div class = centerbox><div  id = stim1></div></div>","32","32","750","","test","go","28","random","","",""
"","308","32","1155","0","test_block","poldrack-single-stim","43","81342","0.0-5.0-29.0","go-nogo","true","0","","true","<div class = centerbox><div  id = stim1></div></div>","32","32","750","","test","go","29","random","","",""
"","349","32","1443","0","test_block","poldrack-single-stim","44","82845","0.0-5.0-30.0","go-nogo","true","0","","true","<div class = centerbox><div  id = stim1></div></div>","32","32","750","","test","go","30","random","","",""
"","-1","-1","1155","0","test_block","poldrack-single-stim","45","84047","0.0-5.0-31.0","go-nogo","true","0","","true","<div class = centerbox><div  id = stim2></div></div>","-1","32","750","","test","nogo","31","random","","",""
"","437","32","1451","0","test_block","poldrack-single-stim","46","85573","0.0-5.0-32.0","go-nogo","true","0","","true","<div class = centerbox><div  id = stim1></div></div>","32","32","750","","test","go","32","random","","",""
"","338","32","1010","0","test_block","poldrack-single-stim","47","86623","0.0-5.0-33.0","go-nogo","true","0","","true","<div class = centerbox><div  id = stim1></div></div>","32","32","750","","test","go","33","random","","",""
"","370","32","1484","0","test_block","poldrack-single-stim","48","88177","0.0-5.0-34.0","go-nogo","true","0","","true","<div class = centerbox><div  id = stim1></div></div>","32","32","750","","test","go","34","random","","",""
"","334","32","1235","0","test_block","poldrack-single-stim","49","89477","0.0-5.0-35.0","go-nogo","true","0","","true","<div class = centerbox><div  id = stim1></div></div>","32","32","750","","test","go","35","random","","",""
"","337","32","1347","0","test_block","poldrack-single-stim","50","90864","0.0-5.0-36.0","go-nogo","true","0","","true","<div class = centerbox><div  id = stim1></div></div>","32","32","750","","test","go","36","random","","",""
"","305","32","1377","0","test_block","poldrack-single-stim","51","92305","0.0-5.0-37.0","go-nogo","true","0","","true","<div class = centerbox><div  id = stim1></div></div>","32","32","750","","test","go","37","random","","",""
"","330","32","1149","0","test_block","poldrack-single-stim","52","93515","0.0-5.0-38.0","go-nogo","true","0","","true","<div class = centerbox><div  id = stim1></div></div>","32","32","750","","test","go","38","random","","",""
"","332","32","1330","0","test_block","poldrack-single-stim","53","94903","0.0-5.0-39.0","go-nogo","true","0","","true","<div class = centerbox><div  id = stim1></div></div>","32","32","750","","test","go","39","random","","",""
"","320","32","1049","0","test_block","poldrack-single-stim","54","96016","0.0-5.0-40.0","go-nogo","true","0","","true","<div class = centerbox><div  id = stim1></div></div>","32","32","750","","test","go","40","random","","",""
"","339","32","1354","0","test_block","poldrack-single-stim","55","97450","0.0-5.0-41.0","go-nogo","true","0","","true","<div class = centerbox><div  id = stim1></div></div>","32","32","750","","test","go","41","random","","",""
"","300","32","1439","0","test_block","poldrack-single-stim","56","98948","0.0-5.0-42.0","go-nogo","true","0","","true","<div class = centerbox><div  id = stim1></div></div>","32","32","750","","test","go","42","random","","",""
"","22","32","1151","0","test_block","poldrack-single-stim","57","100160","0.0-5.0-43.0","go-nogo","true","0","","true","<div class = centerbox><div  id = stim1></div></div>","32","32","750","","test","go","43","random","","",""
"","317","32","1403","0","test_block","poldrack-single-stim","58","101630","0.0-5.0-44.0","go-nogo","true","0","","true","<div class = centerbox><div  id = stim1></div></div>","32","32","750","","test","go","44","random","","",""
"","327","32","1116","0","test_block","poldrack-single-stim","59","102821","0.0-5.0-45.0","go-nogo","true","0","","true","<div class = centerbox><div  id = stim1></div></div>","32","32","750","","test","go","45","random","","",""
"","355","32","1284","0","test_block","poldrack-single-stim","60","104145","0.0-5.0-46.0","go-nogo","true","0","","true","<div class = centerbox><div  id = stim1></div></div>","32","32","750","","test","go","46","random","","",""
"","388","32","1217","0","test_block","poldrack-single-stim","61","105450","0.0-5.0-47.0","go-nogo","true","0","","true","<div class = centerbox><div  id = stim1></div></div>","32","32","750","","test","go","47","random","","",""
"","321","32","1260","0","test_block","poldrack-single-stim","62","106764","0.0-5.0-48.0","go-nogo","true","0","","true","<div class = centerbox><div  id = stim1></div></div>","32","32","750","","test","go","48","random","","",""
"","231","32","1489","0","test_block","poldrack-single-stim","63","108299","0.0-5.0-49.0","go-nogo","true","0","","true","<div class = centerbox><div  id = stim1></div></div>","32","32","750","","test","go","49","random","","",""
"","1","32","1227","0","test_block","poldrack-single-stim","64","109604","0.0-5.0-50.0","go-nogo","true","0","","false","<div class = centerbox><div  id = stim2></div></div>","-1","32","750","","test","nogo","50","random","","",""
"","309","32","1384","0","test_block","poldrack-single-stim","65","111035","0.0-5.0-51.0","go-nogo","true","0","","true","<div class = centerbox><div  id = stim1></div></div>","32","32","750","","test","go","51","random","","",""
"","309","32","1276","0","test_block","poldrack-single-stim","66","112384","0.0-5.0-52.0","go-nogo","true","0","","true","<div class = centerbox><div  id = stim1></div></div>","32","32","750","","test","go","52","random","","",""
"","273","32","1046","0","test_block","poldrack-single-stim","67","113508","0.0-5.0-53.0","go-nogo","true","0","","true","<div class = centerbox><div  id = stim1></div></div>","32","32","750","","test","go","53","random","","",""
"","372","32","1333","0","test_block","poldrack-single-stim","68","114890","0.0-5.0-54.0","go-nogo","true","0","","true","<div class = centerbox><div  id = stim1></div></div>","32","32","750","","test","go","54","random","","",""
"","261","32","1303","0","test_block","poldrack-single-stim","69","116273","0.0-5.0-55.0","go-nogo","true","0","","true","<div class = centerbox><div  id = stim1></div></div>","32","32","750","","test","go","55","random","","",""
"","264","32","1305","0","test_block","poldrack-single-stim","70","117664","0.0-5.0-56.0","go-nogo","true","0","","true","<div class = centerbox><div  id = stim1></div></div>","32","32","750","","test","go","56","random","","",""
"","267","32","1210","0","test_block","poldrack-single-stim","71","118943","0.0-5.0-57.0","go-nogo","true","0","","true","<div class = centerbox><div  id = stim1></div></div>","32","32","750","","test","go","57","random","","",""
"","315","32","1223","0","test_block","poldrack-single-stim","72","120259","0.0-5.0-58.0","go-nogo","true","0","","true","<div class = centerbox><div  id = stim1></div></div>","32","32","750","","test","go","58","random","","",""
"","-1","-1","1228","0","test_block","poldrack-single-stim","73","121536","0.0-5.0-59.0","go-nogo","true","0","","true","<div class = centerbox><div  id = stim2></div></div>","-1","32","750","","test","nogo","59","random","","",""
"","284","32","1444","0","test_block","poldrack-single-stim","74","123064","0.0-5.0-60.0","go-nogo","true","0","","true","<div class = centerbox><div  id = stim1></div></div>","32","32","750","","test","go","60","random","","",""
"","357","32","1235","0","test_block","poldrack-single-stim","75","124357","0.0-5.0-61.0","go-nogo","true","0","","true","<div class = centerbox><div  id = stim1></div></div>","32","32","750","","test","go","61","random","","",""
"","475","32","1343","0","test_block","poldrack-single-stim","76","125764","0.0-5.0-62.0","go-nogo","true","0","","true","<div class = centerbox><div  id = stim1></div></div>","32","32","750","","test","go","62","random","","",""
"","420","32","1207","0","test_block","poldrack-single-stim","77","127036","0.0-5.0-63.0","go-nogo","true","0","","true","<div class = centerbox><div  id = stim1></div></div>","32","32","750","","test","go","63","random","","",""
"","294","32","1482","0","test_block","poldrack-single-stim","78","128596","0.0-5.0-64.0","go-nogo","true","0","","true","<div class = centerbox><div  id = stim1></div></div>","32","32","750","","test","go","64","random","","",""
"","370","32","1092","0","test_block","poldrack-single-stim","79","129762","0.0-5.0-65.0","go-nogo","true","0","","true","<div class = centerbox><div  id = stim1></div></div>","32","32","750","","test","go","65","random","","",""
"","325","32","1462","0","test_block","poldrack-single-stim","80","131290","0.0-5.0-66.0","go-nogo","true","0","","true","<div class = centerbox><div  id = stim1></div></div>","32","32","750","","test","go","66","random","","",""
"","294","32","1170","0","test_block","poldrack-single-stim","81","132524","0.0-5.0-67.0","go-nogo","true","0","","true","<div class = centerbox><div  id = stim1></div></div>","32","32","750","","test","go","67","random","","",""
"","311","32","1425","0","test_block","poldrack-single-stim","82","134010","0.0-5.0-68.0","go-nogo","true","0","","true","<div class = centerbox><div  id = stim1></div></div>","32","32","750","","test","go","68","random","","",""
"","328","32","1263","0","test_block","poldrack-single-stim","83","135334","0.0-5.0-69.0","go-nogo","true","0","","true","<div class = centerbox><div  id = stim1></div></div>","32","32","750","","test","go","69","random","","",""
"","328","32","1313","0","test_block","poldrack-single-stim","84","136712","0.0-5.0-70.0","go-nogo","true","0","","true","<div class = centerbox><div  id = stim1></div></div>","32","32","750","","test","go","70","random","","",""
"","252","32","1428","0","test_block","poldrack-single-stim","85","138184","0.0-5.0-71.0","go-nogo","true","0","","false","<div class = centerbox><div  id = stim2></div></div>","-1","32","750","","test","nogo","71","random","","",""
"","308","32","1145","0","test_block","poldrack-single-stim","86","139390","0.0-5.0-72.0","go-nogo","true","0","","true","<div class = centerbox><div  id = stim1></div></div>","32","32","750","","test","go","72","random","","",""
"","343","32","1477","0","test_block","poldrack-single-stim","87","140917","0.0-5.0-73.0","go-nogo","true","0","","true","<div class = centerbox><div  id = stim1></div></div>","32","32","750","","test","go","73","random","","",""
"","322","32","1346","0","test_block","poldrack-single-stim","88","142320","0.0-5.0-74.0","go-nogo","true","0","","true","<div class = centerbox><div  id = stim1></div></div>","32","32","750","","test","go","74","random","","",""
"","531","32","1498","0","test_block","poldrack-single-stim","89","143878","0.0-5.0-75.0","go-nogo","true","0","","true","<div class = centerbox><div  id = stim1></div></div>","32","32","750","","test","go","75","random","","",""
"","307","32","1451","0","test_block","poldrack-single-stim","90","145367","0.0-5.0-76.0","go-nogo","true","0","","true","<div class = centerbox><div  id = stim1></div></div>","32","32","750","","test","go","76","random","","",""
"","333","32","1354","0","test_block","poldrack-single-stim","91","146797","0.0-5.0-77.0","go-nogo","true","0","","true","<div class = centerbox><div  id = stim1></div></div>","32","32","750","","test","go","77","random","","",""
"","298","32","1028","0","test_block","poldrack-single-stim","92","147865","0.0-5.0-78.0","go-nogo","true","0","","true","<div class = centerbox><div  id = stim1></div></div>","32","32","750","","test","go","78","random","","",""
"","687","32","1347","0","test_block","poldrack-single-stim","93","149276","0.0-5.0-79.0","go-nogo","true","0","","true","<div class = centerbox><div  id = stim1></div></div>","32","32","750","","test","go","79","random","","",""
"","402","32","1036","0","test_block","poldrack-single-stim","94","150378","0.0-5.0-80.0","go-nogo","true","0","","true","<div class = centerbox><div  id = stim1></div></div>","32","32","750","","test","go","80","random","","",""
"","383","32","1149","0","test_block","poldrack-single-stim","95","151565","0.0-5.0-81.0","go-nogo","true","0","","true","<div class = centerbox><div  id = stim1></div></div>","32","32","750","","test","go","81","random","","",""
"","384","32","1255","0","test_block","poldrack-single-stim","96","152879","0.0-5.0-82.0","go-nogo","true","0","","true","<div class = centerbox><div  id = stim1></div></div>","32","32","750","","test","go","82","random","","",""
"","262","32","1368","0","test_block","poldrack-single-stim","97","154305","0.0-5.0-83.0","go-nogo","true","0","","true","<div class = centerbox><div  id = stim1></div></div>","32","32","750","","test","go","83","random","","",""
"","0","32","1156","0","test_block","poldrack-single-stim","98","155527","0.0-5.0-84.0","go-nogo","true","0","","true","<div class = centerbox><div  id = stim1></div></div>","32","32","750","","test","go","84","random","","",""
"","204","32","1167","0","test_block","poldrack-single-stim","99","156754","0.0-5.0-85.0","go-nogo","true","0","","true","<div class = centerbox><div  id = stim1></div></div>","32","32","750","","test","go","85","random","","",""
"","244","32","1330","0","test_block","poldrack-single-stim","100","158142","0.0-5.0-86.0","go-nogo","true","0","","true","<div class = centerbox><div  id = stim1></div></div>","32","32","750","","test","go","86","random","","",""
"","378","32","1406","0","test_block","poldrack-single-stim","101","159611","0.0-5.0-87.0","go-nogo","true","0","","true","<div class = centerbox><div  id = stim1></div></div>","32","32","750","","test","go","87","random","","",""
"","74","32","1352","0","test_block","poldrack-single-stim","102","161022","0.0-5.0-88.0","go-nogo","true","0","","true","<div class = centerbox><div  id = stim1></div></div>","32","32","750","","test","go","88","random","","",""
"","264","32","1019","0","test_block","poldrack-single-stim","103","162098","0.0-5.0-89.0","go-nogo","true","0","","true","<div class = centerbox><div  id = stim1></div></div>","32","32","750","","test","go","89","random","","",""
"","321","32","1059","0","test_block","poldrack-single-stim","104","163216","0.0-5.0-90.0","go-nogo","true","0","","true","<div class = centerbox><div  id = stim1></div></div>","32","32","750","","test","go","90","random","","",""
"","356","32","1044","0","test_block","poldrack-single-stim","105","164327","0.0-5.0-91.0","go-nogo","true","0","","true","<div class = centerbox><div  id = stim1></div></div>","32","32","750","","test","go","91","random","","",""
"","276","32","1100","0","test_block","poldrack-single-stim","106","165470","0.0-5.0-92.0","go-nogo","true","0","","true","<div class = centerbox><div  id = stim1></div></div>","32","32","750","","test","go","92","random","","",""
"","225","32","1048","0","test_block","poldrack-single-stim","107","166566","0.0-5.0-93.0","go-nogo","true","0","","true","<div class = centerbox><div  id = stim1></div></div>","32","32","750","","test","go","93","random","","",""
"","175","32","1256","0","test_block","poldrack-single-stim","108","167880","0.0-5.0-94.0","go-nogo","true","0","","true","<div class = centerbox><div  id = stim1></div></div>","32","32","750","","test","go","94","random","","",""
"","389","32","1292","0","test_block","poldrack-single-stim","109","169239","0.0-5.0-95.0","go-nogo","true","0","","true","<div class = centerbox><div  id = stim1></div></div>","32","32","750","","test","go","95","random","","",""
"","287","32","1414","0","test_block","poldrack-single-stim","110","170710","0.0-5.0-96.0","go-nogo","true","0","","true","<div class = centerbox><div  id = stim1></div></div>","32","32","750","","test","go","96","random","","",""
"","1","32","1082","0","test_block","poldrack-single-stim","111","171850","0.0-5.0-97.0","go-nogo","true","0","","true","<div class = centerbox><div  id = stim1></div></div>","32","32","750","","test","go","97","random","","",""
"","340","32","1430","0","test_block","poldrack-single-stim","112","173337","0.0-5.0-98.0","go-nogo","true","0","","true","<div class = centerbox><div  id = stim1></div></div>","32","32","750","","test","go","98","random","","",""
"","322","32","1286","0","test_block","poldrack-single-stim","113","174692","0.0-5.0-99.0","go-nogo","true","0","","true","<div class = centerbox><div  id = stim1></div></div>","32","32","750","","test","go","99","random","","",""
"","307","32","1010","0","test_block","poldrack-single-stim","114","175759","0.0-5.0-100.0","go-nogo","true","0","","true","<div class = centerbox><div  id = stim1></div></div>","32","32","750","","test","go","100","random","","",""
"","324","32","1271","0","test_block","poldrack-single-stim","115","177099","0.0-5.0-101.0","go-nogo","true","0","","true","<div class = centerbox><div  id = stim1></div></div>","32","32","750","","test","go","101","random","","",""
"","247","32","1374","0","test_block","poldrack-single-stim","116","178533","0.0-5.0-102.0","go-nogo","true","0","","true","<div class = centerbox><div  id = stim1></div></div>","32","32","750","","test","go","102","random","","",""
"","186","32","1120","0","test_block","poldrack-single-stim","117","179709","0.0-5.0-103.0","go-nogo","true","0","","true","<div class = centerbox><div  id = stim1></div></div>","32","32","750","","test","go","103","random","","",""
"","257","32","1339","0","test_block","poldrack-single-stim","118","181114","0.0-5.0-104.0","go-nogo","true","0","","true","<div class = centerbox><div  id = stim1></div></div>","32","32","750","","test","go","104","random","","",""
"","0","32","1119","0","test_block","poldrack-single-stim","119","182289","0.0-5.0-105.0","go-nogo","true","0","","true","<div class = centerbox><div  id = stim1></div></div>","32","32","750","","test","go","105","random","","",""
"","269","32","1432","0","test_block","poldrack-single-stim","120","183779","0.0-5.0-106.0","go-nogo","true","0","","true","<div class = centerbox><div  id = stim1></div></div>","32","32","750","","test","go","106","random","","",""
"","64","32","1310","0","test_block","poldrack-single-stim","121","185148","0.0-5.0-107.0","go-nogo","true","0","","true","<div class = centerbox><div  id = stim1></div></div>","32","32","750","","test","go","107","random","","",""
"","306","32","1495","0","test_block","poldrack-single-stim","122","186708","0.0-5.0-108.0","go-nogo","true","0","","true","<div class = centerbox><div  id = stim1></div></div>","32","32","750","","test","go","108","random","","",""
"","261","32","1118","0","test_block","poldrack-single-stim","123","187888","0.0-5.0-109.0","go-nogo","true","0","","true","<div class = centerbox><div  id = stim1></div></div>","32","32","750","","test","go","109","random","","",""
"","356","32","1027","0","test_block","poldrack-single-stim","124","188957","0.0-5.0-110.0","go-nogo","true","0","","true","<div class = centerbox><div  id = stim1></div></div>","32","32","750","","test","go","110","random","","",""
"","370","32","1205","0","test_block","poldrack-single-stim","125","190233","0.0-5.0-111.0","go-nogo","true","0","","true","<div class = centerbox><div  id = stim1></div></div>","32","32","750","","test","go","111","random","","",""
"","328","32","1318","0","test_block","poldrack-single-stim","126","191612","0.0-5.0-112.0","go-nogo","true","0","","false","<div class = centerbox><div  id = stim2></div></div>","-1","32","750","","test","nogo","112","random","","",""
"","360","32","1372","0","test_block","poldrack-single-stim","127","193044","0.0-5.0-113.0","go-nogo","true","0","","true","<div class = centerbox><div  id = stim1></div></div>","32","32","750","","test","go","113","random","","",""
"","-1","-1","1347","0","test_block","poldrack-single-stim","128","194457","0.0-5.0-114.0","go-nogo","true","0","","true","<div class = centerbox><div  id = stim2></div></div>","-1","32","750","","test","nogo","114","random","","",""
"","333","32","1150","0","test_block","poldrack-single-stim","129","195654","0.0-5.0-115.0","go-nogo","true","0","","true","<div class = centerbox><div  id = stim1></div></div>","32","32","750","","test","go","115","random","","",""
"","497","32","1135","0","test_block","poldrack-single-stim","130","196852","0.0-5.0-116.0","go-nogo","true","0","","true","<div class = centerbox><div  id = stim1></div></div>","32","32","750","","test","go","116","random","","",""
"","364","32","1086","0","test_block","poldrack-single-stim","131","198001","0.0-5.0-117.0","go-nogo","true","0","","true","<div class = centerbox><div  id = stim1></div></div>","32","32","750","","test","go","117","random","","",""
"","346","32","1378","0","test_block","poldrack-single-stim","132","199439","0.0-5.0-118.0","go-nogo","true","0","","true","<div class = centerbox><div  id = stim1></div></div>","32","32","750","","test","go","118","random","","",""
"","363","32","1101","0","test_block","poldrack-single-stim","133","200600","0.0-5.0-119.0","go-nogo","true","0","","true","<div class = centerbox><div  id = stim1></div></div>","32","32","750","","test","go","119","random","","",""
"","280","32","1133","0","test_block","poldrack-single-stim","134","201772","0.0-5.0-120.0","go-nogo","true","0","","true","<div class = centerbox><div  id = stim1></div></div>","32","32","750","","test","go","120","random","","",""
"","317","32","1270","0","test_block","poldrack-single-stim","135","203104","0.0-5.0-121.0","go-nogo","true","0","","true","<div class = centerbox><div  id = stim1></div></div>","32","32","750","","test","go","121","random","","",""
"","77","32","1330","0","test_block","poldrack-single-stim","136","204501","0.0-5.0-122.0","go-nogo","true","0","","true","<div class = centerbox><div  id = stim1></div></div>","32","32","750","","test","go","122","random","","",""
"","308","32","1061","0","test_block","poldrack-single-stim","137","205617","0.0-5.0-123.0","go-nogo","true","0","","true","<div class = centerbox><div  id = stim1></div></div>","32","32","750","","test","go","123","random","","",""
"","-1","-1","1119","0","test_block","poldrack-single-stim","138","206797","0.0-5.0-124.0","go-nogo","true","0","","true","<div class = centerbox><div  id = stim2></div></div>","-1","32","750","","test","nogo","124","random","","",""
"","311","32","1305","0","test_block","poldrack-single-stim","139","208160","0.0-5.0-125.0","go-nogo","true","0","","true","<div class = centerbox><div  id = stim1></div></div>","32","32","750","","test","go","125","random","","",""
"","333","32","1341","0","test_block","poldrack-single-stim","140","209566","0.0-5.0-126.0","go-nogo","true","0","","true","<div class = centerbox><div  id = stim1></div></div>","32","32","750","","test","go","126","random","","",""
"","271","32","1163","0","test_block","poldrack-single-stim","141","210795","0.0-5.0-127.0","go-nogo","true","0","","true","<div class = centerbox><div  id = stim1></div></div>","32","32","750","","test","go","127","random","","",""
"","280","32","1469","0","test_block","poldrack-single-stim","142","212323","0.0-5.0-128.0","go-nogo","true","0","","true","<div class = centerbox><div  id = stim1></div></div>","32","32","750","","test","go","128","random","","",""
"","8","32","1346","0","test_block","poldrack-single-stim","143","213727","0.0-5.0-129.0","go-nogo","true","0","","true","<div class = centerbox><div  id = stim1></div></div>","32","32","750","","test","go","129","random","","",""
"","290","32","1116","0","test_block","poldrack-single-stim","144","214881","0.0-5.0-130.0","go-nogo","true","0","","true","<div class = centerbox><div  id = stim1></div></div>","32","32","750","","test","go","130","random","","",""
"","316","32","1337","0","test_block","poldrack-single-stim","145","216284","0.0-5.0-131.0","go-nogo","true","0","","true","<div class = centerbox><div  id = stim1></div></div>","32","32","750","","test","go","131","random","","",""
"","322","32","1493","0","test_block","poldrack-single-stim","146","217833","0.0-5.0-132.0","go-nogo","true","0","","true","<div class = centerbox><div  id = stim1></div></div>","32","32","750","","test","go","132","random","","",""
"","328","32","1374","0","test_block","poldrack-single-stim","147","219268","0.0-5.0-133.0","go-nogo","true","0","","true","<div class = centerbox><div  id = stim1></div></div>","32","32","750","","test","go","133","random","","",""
"","251","32","1309","0","test_block","poldrack-single-stim","148","220640","0.0-5.0-134.0","go-nogo","true","0","","true","<div class = centerbox><div  id = stim1></div></div>","32","32","750","","test","go","134","random","","",""
"","271","32","1162","0","test_block","poldrack-single-stim","149","221874","0.0-5.0-135.0","go-nogo","true","0","","true","<div class = centerbox><div  id = stim1></div></div>","32","32","750","","test","go","135","random","","",""
"","357","32","1119","0","test_block","poldrack-single-stim","150","223048","0.0-5.0-136.0","go-nogo","true","0","","false","<div class = centerbox><div  id = stim2></div></div>","-1","32","750","","test","nogo","136","random","","",""
"","398","32","1250","0","test_block","poldrack-single-stim","151","224369","0.0-5.0-137.0","go-nogo","true","0","","true","<div class = centerbox><div  id = stim1></div></div>","32","32","750","","test","go","137","random","","",""
"","344","32","1215","0","test_block","poldrack-single-stim","152","225645","0.0-5.0-138.0","go-nogo","true","0","","true","<div class = centerbox><div  id = stim1></div></div>","32","32","750","","test","go","138","random","","",""
"","-1","-1","1139","0","test_block","poldrack-single-stim","153","226852","0.0-5.0-139.0","go-nogo","true","0","","true","<div class = centerbox><div  id = stim2></div></div>","-1","32","750","","test","nogo","139","random","","",""
"","310","32","1278","0","test_block","poldrack-single-stim","154","228166","0.0-5.0-140.0","go-nogo","true","0","","false","<div class = centerbox><div  id = stim2></div></div>","-1","32","750","","test","nogo","140","random","","",""
"","330","32","1471","0","test_block","poldrack-single-stim","155","229707","0.0-5.0-141.0","go-nogo","true","0","","true","<div class = centerbox><div  id = stim1></div></div>","32","32","750","","test","go","141","random","","",""
"","383","32","1146","0","test_block","poldrack-single-stim","156","230897","0.0-5.0-142.0","go-nogo","true","0","","true","<div class = centerbox><div  id = stim1></div></div>","32","32","750","","test","go","142","random","","",""
"","368","32","1465","0","test_block","poldrack-single-stim","157","232436","0.0-5.0-143.0","go-nogo","true","0","","true","<div class = centerbox><div  id = stim1></div></div>","32","32","750","","test","go","143","random","","",""
"","357","32","1110","0","test_block","poldrack-single-stim","158","233607","0.0-5.0-144.0","go-nogo","true","0","","true","<div class = centerbox><div  id = stim1></div></div>","32","32","750","","test","go","144","random","","",""
"","369","32","1384","0","test_block","poldrack-single-stim","159","235030","0.0-5.0-145.0","go-nogo","true","0","","true","<div class = centerbox><div  id = stim1></div></div>","32","32","750","","test","go","145","random","","",""
"","339","32","1486","0","test_block","poldrack-single-stim","160","236577","0.0-5.0-146.0","go-nogo","true","0","","true","<div class = centerbox><div  id = stim1></div></div>","32","32","750","","test","go","146","random","","",""
"","340","32","1019","0","test_block","poldrack-single-stim","161","237637","0.0-5.0-147.0","go-nogo","true","0","","true","<div class = centerbox><div  id = stim1></div></div>","32","32","750","","test","go","147","random","","",""
"","347","32","1257","0","test_block","poldrack-single-stim","162","238949","0.0-5.0-148.0","go-nogo","true","0","","true","<div class = centerbox><div  id = stim1></div></div>","32","32","750","","test","go","148","random","","",""
"","334","32","1026","0","test_block","poldrack-single-stim","163","240035","0.0-5.0-149.0","go-nogo","true","0","","true","<div class = centerbox><div  id = stim1></div></div>","32","32","750","","test","go","149","random","","",""
"","361","32","1349","0","test_block","poldrack-single-stim","164","241442","0.0-5.0-150.0","go-nogo","true","0","","true","<div class = centerbox><div  id = stim1></div></div>","32","32","750","","test","go","150","random","","",""
"","314","32","1401","0","test_block","poldrack-single-stim","165","242892","0.0-5.0-151.0","go-nogo","true","0","","true","<div class = centerbox><div  id = stim1></div></div>","32","32","750","","test","go","151","random","","",""
"","330","32","1234","0","test_block","poldrack-single-stim","166","244182","0.0-5.0-152.0","go-nogo","true","0","","false","<div class = centerbox><div  id = stim2></div></div>","-1","32","750","","test","nogo","152","random","","",""
"","338","32","1115","0","test_block","poldrack-single-stim","167","245351","0.0-5.0-153.0","go-nogo","true","0","","true","<div class = centerbox><div  id = stim1></div></div>","32","32","750","","test","go","153","random","","",""
"","357","32","1386","0","test_block","poldrack-single-stim","168","246796","0.0-5.0-154.0","go-nogo","true","0","","true","<div class = centerbox><div  id = stim1></div></div>","32","32","750","","test","go","154","random","","",""
"","25","32","1072","0","test_block","poldrack-single-stim","169","247937","0.0-5.0-155.0","go-nogo","true","0","","true","<div class = centerbox><div  id = stim1></div></div>","32","32","750","","test","go","155","random","","",""
"","338","32","1228","0","test_block","poldrack-single-stim","170","249215","0.0-5.0-156.0","go-nogo","true","0","","true","<div class = centerbox><div  id = stim1></div></div>","32","32","750","","test","go","156","random","","",""
"","295","32","1066","0","test_block","poldrack-single-stim","171","250320","0.0-5.0-157.0","go-nogo","true","0","","true","<div class = centerbox><div  id = stim1></div></div>","32","32","750","","test","go","157","random","","",""
"","298","32","1276","0","test_block","poldrack-single-stim","172","251655","0.0-5.0-158.0","go-nogo","true","0","","true","<div class = centerbox><div  id = stim1></div></div>","32","32","750","","test","go","158","random","","",""
"","128","32","1245","0","test_block","poldrack-single-stim","173","252962","0.0-5.0-159.0","go-nogo","true","0","","true","<div class = centerbox><div  id = stim1></div></div>","32","32","750","","test","go","159","random","","",""
"","81","32","1176","0","test_block","poldrack-single-stim","174","254196","0.0-5.0-160.0","go-nogo","true","0","","true","<div class = centerbox><div  id = stim1></div></div>","32","32","750","","test","go","160","random","","",""
"","239","32","1032","0","test_block","poldrack-single-stim","175","255286","0.0-5.0-161.0","go-nogo","true","0","","true","<div class = centerbox><div  id = stim1></div></div>","32","32","750","","test","go","161","random","","",""
"","352","32","1120","0","test_block","poldrack-single-stim","176","256470","0.0-5.0-162.0","go-nogo","true","0","","true","<div class = centerbox><div  id = stim1></div></div>","32","32","750","","test","go","162","random","","",""
"","357","32","1304","0","test_block","poldrack-single-stim","177","257848","0.0-5.0-163.0","go-nogo","true","0","","true","<div class = centerbox><div  id = stim1></div></div>","32","32","750","","test","go","163","random","","",""
"","305","32","1246","0","test_block","poldrack-single-stim","178","259153","0.0-5.0-164.0","go-nogo","true","0","","true","<div class = centerbox><div  id = stim1></div></div>","32","32","750","","test","go","164","random","","",""
"","284","32","1123","0","test_block","poldrack-single-stim","179","260332","0.0-5.0-165.0","go-nogo","true","0","","true","<div class = centerbox><div  id = stim1></div></div>","32","32","750","","test","go","165","random","","",""
"","234","32","1213","0","test_block","poldrack-single-stim","180","261609","0.0-5.0-166.0","go-nogo","true","0","","true","<div class = centerbox><div  id = stim1></div></div>","32","32","750","","test","go","166","random","","",""
"","258","32","1372","0","test_block","poldrack-single-stim","181","263040","0.0-5.0-167.0","go-nogo","true","0","","true","<div class = centerbox><div  id = stim1></div></div>","32","32","750","","test","go","167","random","","",""
"","1","32","1017","0","test_block","poldrack-single-stim","182","264114","0.0-5.0-168.0","go-nogo","true","0","","true","<div class = centerbox><div  id = stim1></div></div>","32","32","750","","test","go","168","random","","",""
"","283","32","1079","0","test_block","poldrack-single-stim","183","265254","0.0-5.0-169.0","go-nogo","true","0","","true","<div class = centerbox><div  id = stim1></div></div>","32","32","750","","test","go","169","random","","",""
"","292","32","1026","0","test_block","poldrack-single-stim","184","266339","0.0-5.0-170.0","go-nogo","true","0","","true","<div class = centerbox><div  id = stim1></div></div>","32","32","750","","test","go","170","random","","",""
"","357","32","1326","0","test_block","poldrack-single-stim","185","267704","0.0-5.0-171.0","go-nogo","true","0","","true","<div class = centerbox><div  id = stim1></div></div>","32","32","750","","test","go","171","random","","",""
"","63","32","1282","0","test_block","poldrack-single-stim","186","269049","0.0-5.0-172.0","go-nogo","true","0","","true","<div class = centerbox><div  id = stim1></div></div>","32","32","750","","test","go","172","random","","",""
"","147","32","1362","0","test_block","poldrack-single-stim","187","270467","0.0-5.0-173.0","go-nogo","true","0","","true","<div class = centerbox><div  id = stim1></div></div>","32","32","750","","test","go","173","random","","",""
"","177","32","1231","0","test_block","poldrack-single-stim","188","271740","0.0-5.0-174.0","go-nogo","true","0","","true","<div class = centerbox><div  id = stim1></div></div>","32","32","750","","test","go","174","random","","",""
"","243","32","1401","0","test_block","poldrack-single-stim","189","273204","0.0-5.0-175.0","go-nogo","true","0","","true","<div class = centerbox><div  id = stim1></div></div>","32","32","750","","test","go","175","random","","",""
"","26","32","1479","0","test_block","poldrack-single-stim","190","274746","0.0-5.0-176.0","go-nogo","true","0","","true","<div class = centerbox><div  id = stim1></div></div>","32","32","750","","test","go","176","random","","",""
"","1","32","1004","0","test_block","poldrack-single-stim","191","275807","0.0-5.0-177.0","go-nogo","true","0","","true","<div class = centerbox><div  id = stim1></div></div>","32","32","750","","test","go","177","random","","",""
"","291","32","1411","0","test_block","poldrack-single-stim","192","277276","0.0-5.0-178.0","go-nogo","true","0","","true","<div class = centerbox><div  id = stim1></div></div>","32","32","750","","test","go","178","random","","",""
"","194","32","1122","0","test_block","poldrack-single-stim","193","278462","0.0-5.0-179.0","go-nogo","true","0","","true","<div class = centerbox><div  id = stim1></div></div>","32","32","750","","test","go","179","random","","",""
"","372","32","1483","0","test_block","poldrack-single-stim","194","279988","0.0-5.0-180.0","go-nogo","true","0","","true","<div class = centerbox><div  id = stim1></div></div>","32","32","750","","test","go","180","random","","",""
"","163","32","1171","0","test_block","poldrack-single-stim","195","281220","0.0-5.0-181.0","go-nogo","true","0","","false","<div class = centerbox><div  id = stim2></div></div>","-1","32","750","","test","nogo","181","random","","",""
"","385","32","1371","0","test_block","poldrack-single-stim","196","282647","0.0-5.0-182.0","go-nogo","true","0","","true","<div class = centerbox><div  id = stim1></div></div>","32","32","750","","test","go","182","random","","",""
"","299","32","1123","0","test_block","poldrack-single-stim","197","283829","0.0-5.0-183.0","go-nogo","true","0","","true","<div class = centerbox><div  id = stim1></div></div>","32","32","750","","test","go","183","random","","",""
"","437","32","1323","0","test_block","poldrack-single-stim","198","285202","0.0-5.0-184.0","go-nogo","true","0","","true","<div class = centerbox><div  id = stim1></div></div>","32","32","750","","test","go","184","random","","",""
"","329","32","1421","0","test_block","poldrack-single-stim","199","286696","0.0-5.0-185.0","go-nogo","true","0","","true","<div class = centerbox><div  id = stim1></div></div>","32","32","750","","test","go","185","random","","",""
"","309","32","1211","0","test_block","poldrack-single-stim","200","287971","0.0-5.0-186.0","go-nogo","true","0","","true","<div class = centerbox><div  id = stim1></div></div>","32","32","750","","test","go","186","random","","",""
"","336","32","1030","0","test_block","poldrack-single-stim","201","289059","0.0-5.0-187.0","go-nogo","true","0","","true","<div class = centerbox><div  id = stim1></div></div>","32","32","750","","test","go","187","random","","",""
"","328","32","1241","0","test_block","poldrack-single-stim","202","290358","0.0-5.0-188.0","go-nogo","true","0","","true","<div class = centerbox><div  id = stim1></div></div>","32","32","750","","test","go","188","random","","",""
"","331","32","1091","0","test_block","poldrack-single-stim","203","291508","0.0-5.0-189.0","go-nogo","true","0","","true","<div class = centerbox><div  id = stim1></div></div>","32","32","750","","test","go","189","random","","",""
"","364","32","1113","0","test_block","poldrack-single-stim","204","292681","0.0-5.0-190.0","go-nogo","true","0","","true","<div class = centerbox><div  id = stim1></div></div>","32","32","750","","test","go","190","random","","",""
"","358","32","1051","0","test_block","poldrack-single-stim","205","293793","0.0-5.0-191.0","go-nogo","true","0","","true","<div class = centerbox><div  id = stim1></div></div>","32","32","750","","test","go","191","random","","",""
"","365","32","1296","0","test_block","poldrack-single-stim","206","295127","0.0-5.0-192.0","go-nogo","true","0","","false","<div class = centerbox><div  id = stim2></div></div>","-1","32","750","","test","nogo","192","random","","",""
"","533","32","1026","0","test_block","poldrack-single-stim","207","296218","0.0-5.0-193.0","go-nogo","true","0","","true","<div class = centerbox><div  id = stim1></div></div>","32","32","750","","test","go","193","random","","",""
"","383","32","1130","0","test_block","poldrack-single-stim","208","297407","0.0-5.0-194.0","go-nogo","true","0","","true","<div class = centerbox><div  id = stim1></div></div>","32","32","750","","test","go","194","random","","",""
"","363","32","1326","0","test_block","poldrack-single-stim","209","298800","0.0-5.0-195.0","go-nogo","true","0","","true","<div class = centerbox><div  id = stim1></div></div>","32","32","750","","test","go","195","random","","",""
"","277","32","1042","0","test_block","poldrack-single-stim","210","299898","0.0-5.0-196.0","go-nogo","true","0","","true","<div class = centerbox><div  id = stim1></div></div>","32","32","750","","test","go","196","random","","",""
"","434","32","1299","0","test_block","poldrack-single-stim","211","301260","0.0-5.0-197.0","go-nogo","true","0","","true","<div class = centerbox><div  id = stim1></div></div>","32","32","750","","test","go","197","random","","",""
"","319","32","1334","0","test_block","poldrack-single-stim","212","302652","0.0-5.0-198.0","go-nogo","true","0","","true","<div class = centerbox><div  id = stim1></div></div>","32","32","750","","test","go","198","random","","",""
"","351","32","1055","0","test_block","poldrack-single-stim","213","303765","0.0-5.0-199.0","go-nogo","true","0","","true","<div class = centerbox><div  id = stim1></div></div>","32","32","750","","test","go","199","random","","",""
"","375","32","1110","0","test_block","poldrack-single-stim","214","304923","0.0-5.0-200.0","go-nogo","true","0","","true","<div class = centerbox><div  id = stim1></div></div>","32","32","750","","test","go","200","random","","",""
"","363","32","1141","0","test_block","poldrack-single-stim","215","306118","0.0-5.0-201.0","go-nogo","true","0","","false","<div class = centerbox><div  id = stim2></div></div>","-1","32","750","","test","nogo","201","random","","",""
"","320","32","1357","0","test_block","poldrack-single-stim","216","307537","0.0-5.0-202.0","go-nogo","true","0","","true","<div class = centerbox><div  id = stim1></div></div>","32","32","750","","test","go","202","random","","",""
"","285","32","1130","0","test_block","poldrack-single-stim","217","308722","0.0-5.0-203.0","go-nogo","true","0","","true","<div class = centerbox><div  id = stim1></div></div>","32","32","750","","test","go","203","random","","",""
"","-1","-1","1111","0","test_block","poldrack-single-stim","218","309902","0.0-5.0-204.0","go-nogo","true","0","","true","<div class = centerbox><div  id = stim2></div></div>","-1","32","750","","test","nogo","204","random","","",""
"","259","32","1375","0","test_block","poldrack-single-stim","219","311312","0.0-5.0-205.0","go-nogo","true","0","","true","<div class = centerbox><div  id = stim1></div></div>","32","32","750","","test","go","205","random","","",""
"","348","32","1017","0","test_block","poldrack-single-stim","220","312385","0.0-5.0-206.0","go-nogo","true","0","","true","<div class = centerbox><div  id = stim1></div></div>","32","32","750","","test","go","206","random","","",""
"","329","32","1169","0","test_block","poldrack-single-stim","221","313651","0.0-5.0-207.0","go-nogo","true","0","","false","<div class = centerbox><div  id = stim2></div></div>","-1","32","750","","test","nogo","207","random","","",""
"","273","32","1305","0","test_block","poldrack-single-stim","222","315011","0.0-5.0-208.0","go-nogo","true","0","","true","<div class = centerbox><div  id = stim1></div></div>","32","32","750","","test","go","208","random","","",""
"","348","32","1007","0","test_block","poldrack-single-stim","223","316078","0.0-5.0-209.0","go-nogo","true","0","","true","<div class = centerbox><div  id = stim1></div></div>","32","32","750","","test","go","209","random","","",""
"","384","32","1358","0","test_block","poldrack-single-stim","224","317499","0.0-5.0-210.0","go-nogo","true","0","","true","<div class = centerbox><div  id = stim1></div></div>","32","32","750","","test","go","210","random","","",""
"","309","32","1104","0","test_block","poldrack-single-stim","225","318646","0.0-5.0-211.0","go-nogo","true","0","","true","<div class = centerbox><div  id = stim1></div></div>","32","32","750","","test","go","211","random","","",""
"","344","32","1266","0","test_block","poldrack-single-stim","226","319975","0.0-5.0-212.0","go-nogo","true","0","","false","<div class = centerbox><div  id = stim2></div></div>","-1","32","750","","test","nogo","212","random","","",""
"","310","32","1300","0","test_block","poldrack-single-stim","227","321338","0.0-5.0-213.0","go-nogo","true","0","","true","<div class = centerbox><div  id = stim1></div></div>","32","32","750","","test","go","213","random","","",""
"","325","32","1332","0","test_block","poldrack-single-stim","228","322732","0.0-5.0-214.0","go-nogo","true","0","","true","<div class = centerbox><div  id = stim1></div></div>","32","32","750","","test","go","214","random","","",""
"","291","32","1428","0","test_block","poldrack-single-stim","229","324222","0.0-5.0-215.0","go-nogo","true","0","","true","<div class = centerbox><div  id = stim1></div></div>","32","32","750","","test","go","215","random","","",""
"","215","32","1454","0","test_block","poldrack-single-stim","230","325745","0.0-5.0-216.0","go-nogo","true","0","","false","<div class = centerbox><div  id = stim2></div></div>","-1","32","750","","test","nogo","216","random","","",""
"","59","32","1127","0","test_block","poldrack-single-stim","231","326910","0.0-5.0-217.0","go-nogo","true","0","","true","<div class = centerbox><div  id = stim1></div></div>","32","32","750","","test","go","217","random","","",""
"","424","32","1405","0","test_block","poldrack-single-stim","232","328399","0.0-5.0-218.0","go-nogo","true","0","","true","<div class = centerbox><div  id = stim1></div></div>","32","32","750","","test","go","218","random","","",""
"","290","32","1364","0","test_block","poldrack-single-stim","233","329828","0.0-5.0-219.0","go-nogo","true","0","","true","<div class = centerbox><div  id = stim1></div></div>","32","32","750","","test","go","219","random","","",""
"","309","32","1116","0","test_block","poldrack-single-stim","234","331002","0.0-5.0-220.0","go-nogo","true","0","","true","<div class = centerbox><div  id = stim1></div></div>","32","32","750","","test","go","220","random","","",""
"","322","32","1487","0","test_block","poldrack-single-stim","235","332553","0.0-5.0-221.0","go-nogo","true","0","","true","<div class = centerbox><div  id = stim1></div></div>","32","32","750","","test","go","221","random","","",""
"","495","32","1318","0","test_block","poldrack-single-stim","236","333930","0.0-5.0-222.0","go-nogo","true","0","","true","<div class = centerbox><div  id = stim1></div></div>","32","32","750","","test","go","222","random","","",""
"","267","32","1482","0","test_block","poldrack-single-stim","237","335467","0.0-5.0-223.0","go-nogo","true","0","","true","<div class = centerbox><div  id = stim1></div></div>","32","32","750","","test","go","223","random","","",""
"","309","32","1067","0","test_block","poldrack-single-stim","238","336570","0.0-5.0-224.0","go-nogo","true","0","","true","<div class = centerbox><div  id = stim1></div></div>","32","32","750","","test","go","224","random","","",""
"","317","32","1127","0","test_block","poldrack-single-stim","239","337760","0.0-5.0-225.0","go-nogo","true","0","","true","<div class = centerbox><div  id = stim1></div></div>","32","32","750","","test","go","225","random","","",""
"","317","32","1359","0","test_block","poldrack-single-stim","240","339183","0.0-5.0-226.0","go-nogo","true","0","","true","<div class = centerbox><div  id = stim1></div></div>","32","32","750","","test","go","226","random","","",""
"","329","32","1105","0","test_block","poldrack-single-stim","241","340349","0.0-5.0-227.0","go-nogo","true","0","","true","<div class = centerbox><div  id = stim1></div></div>","32","32","750","","test","go","227","random","","",""
"","316","32","1306","0","test_block","poldrack-single-stim","242","341715","0.0-5.0-228.0","go-nogo","true","0","","true","<div class = centerbox><div  id = stim1></div></div>","32","32","750","","test","go","228","random","","",""
"","332","32","1195","0","test_block","poldrack-single-stim","243","342979","0.0-5.0-229.0","go-nogo","true","0","","true","<div class = centerbox><div  id = stim1></div></div>","32","32","750","","test","go","229","random","","",""
"","297","32","1328","0","test_block","poldrack-single-stim","244","344364","0.0-5.0-230.0","go-nogo","true","0","","true","<div class = centerbox><div  id = stim1></div></div>","32","32","750","","test","go","230","random","","",""
"","298","32","1401","0","test_block","poldrack-single-stim","245","345827","0.0-5.0-231.0","go-nogo","true","0","","true","<div class = centerbox><div  id = stim1></div></div>","32","32","750","","test","go","231","random","","",""
"","199","32","1025","0","test_block","poldrack-single-stim","246","346901","0.0-5.0-232.0","go-nogo","true","0","","true","<div class = centerbox><div  id = stim1></div></div>","32","32","750","","test","go","232","random","","",""
"","295","32","1470","0","test_block","poldrack-single-stim","247","348428","0.0-5.0-233.0","go-nogo","true","0","","true","<div class = centerbox><div  id = stim1></div></div>","32","32","750","","test","go","233","random","","",""
"","335","32","1099","0","test_block","poldrack-single-stim","248","349576","0.0-5.0-234.0","go-nogo","true","0","","false","<div class = centerbox><div  id = stim2></div></div>","-1","32","750","","test","nogo","234","random","","",""
"","369","32","1146","0","test_block","poldrack-single-stim","249","350789","0.0-5.0-235.0","go-nogo","true","0","","true","<div class = centerbox><div  id = stim1></div></div>","32","32","750","","test","go","235","random","","",""
"","339","32","1120","0","test_block","poldrack-single-stim","250","351969","0.0-5.0-236.0","go-nogo","true","0","","false","<div class = centerbox><div  id = stim2></div></div>","-1","32","750","","test","nogo","236","random","","",""
"","299","32","1477","0","test_block","poldrack-single-stim","251","353501","0.0-5.0-237.0","go-nogo","true","0","","true","<div class = centerbox><div  id = stim1></div></div>","32","32","750","","test","go","237","random","","",""
"","414","32","1006","0","test_block","poldrack-single-stim","252","354572","0.0-5.0-238.0","go-nogo","true","0","","true","<div class = centerbox><div  id = stim1></div></div>","32","32","750","","test","go","238","random","","",""
"","356","32","1367","0","test_block","poldrack-single-stim","253","355999","0.0-5.0-239.0","go-nogo","true","0","","true","<div class = centerbox><div  id = stim1></div></div>","32","32","750","","test","go","239","random","","",""
"","366","32","1224","0","test_block","poldrack-single-stim","254","357286","0.0-5.0-240.0","go-nogo","true","0","","true","<div class = centerbox><div  id = stim1></div></div>","32","32","750","","test","go","240","random","","",""
"","309","32","1416","0","test_block","poldrack-single-stim","255","358776","0.0-5.0-241.0","go-nogo","true","0","","false","<div class = centerbox><div  id = stim2></div></div>","-1","32","750","","test","nogo","241","random","","",""
"","293","32","1426","0","test_block","poldrack-single-stim","256","360258","0.0-5.0-242.0","go-nogo","true","0","","true","<div class = centerbox><div  id = stim1></div></div>","32","32","750","","test","go","242","random","","",""
"","117","32","1271","0","test_block","poldrack-single-stim","257","361600","0.0-5.0-243.0","go-nogo","true","0","","false","<div class = centerbox><div  id = stim2></div></div>","-1","32","750","","test","nogo","243","random","","",""
"","293","32","1024","0","test_block","poldrack-single-stim","258","362688","0.0-5.0-244.0","go-nogo","true","0","","false","<div class = centerbox><div  id = stim2></div></div>","-1","32","750","","test","nogo","244","random","","",""
"","470","32","1350","0","test_block","poldrack-single-stim","259","364109","0.0-5.0-245.0","go-nogo","true","0","","true","<div class = centerbox><div  id = stim1></div></div>","32","32","750","","test","go","245","random","","",""
"","-1","-1","1350","0","test_block","poldrack-single-stim","260","365518","0.0-5.0-246.0","go-nogo","true","0","","true","<div class = centerbox><div  id = stim2></div></div>","-1","32","750","","test","nogo","246","random","","",""
"","402","32","1121","0","test_block","poldrack-single-stim","261","366699","0.0-5.0-247.0","go-nogo","true","0","","true","<div class = centerbox><div  id = stim1></div></div>","32","32","750","","test","go","247","random","","",""
"","444","32","1169","0","test_block","poldrack-single-stim","262","367905","0.0-5.0-248.0","go-nogo","true","0","","true","<div class = centerbox><div  id = stim1></div></div>","32","32","750","","test","go","248","random","","",""
"","313","32","1085","0","test_block","poldrack-single-stim","263","369056","0.0-5.0-249.0","go-nogo","true","0","","true","<div class = centerbox><div  id = stim1></div></div>","32","32","750","","test","go","249","random","","",""
"","319","32","1342","0","test_block","poldrack-single-stim","264","370459","0.0-5.0-250.0","go-nogo","true","0","","true","<div class = centerbox><div  id = stim1></div></div>","32","32","750","","test","go","250","random","","",""
"","379","32","1330","0","test_block","poldrack-single-stim","265","371835","0.0-5.0-251.0","go-nogo","true","0","","true","<div class = centerbox><div  id = stim1></div></div>","32","32","750","","test","go","251","random","","",""
"","295","32","1063","0","test_block","poldrack-single-stim","266","372956","0.0-5.0-252.0","go-nogo","true","0","","true","<div class = centerbox><div  id = stim1></div></div>","32","32","750","","test","go","252","random","","",""
"","330","32","1226","0","test_block","poldrack-single-stim","267","374243","0.0-5.0-253.0","go-nogo","true","0","","true","<div class = centerbox><div  id = stim1></div></div>","32","32","750","","test","go","253","random","","",""
"","338","32","1090","0","test_block","poldrack-single-stim","268","375395","0.0-5.0-254.0","go-nogo","true","0","","true","<div class = centerbox><div  id = stim1></div></div>","32","32","750","","test","go","254","random","","",""
"","343","32","1014","0","test_block","poldrack-single-stim","269","376474","0.0-5.0-255.0","go-nogo","true","0","","true","<div class = centerbox><div  id = stim1></div></div>","32","32","750","","test","go","255","random","","",""
"","311","32","1134","0","test_block","poldrack-single-stim","270","377651","0.0-5.0-256.0","go-nogo","true","0","","true","<div class = centerbox><div  id = stim1></div></div>","32","32","750","","test","go","256","random","","",""
"","276","32","1429","0","test_block","poldrack-single-stim","271","379141","0.0-5.0-257.0","go-nogo","true","0","","true","<div class = centerbox><div  id = stim1></div></div>","32","32","750","","test","go","257","random","","",""
"","321","32","1484","0","test_block","poldrack-single-stim","272","380685","0.0-5.0-258.0","go-nogo","true","0","","true","<div class = centerbox><div  id = stim1></div></div>","32","32","750","","test","go","258","random","","",""
"","380","32","1305","0","test_block","poldrack-single-stim","273","382057","0.0-5.0-259.0","go-nogo","true","0","","false","<div class = centerbox><div  id = stim2></div></div>","-1","32","750","","test","nogo","259","random","","",""
"","243","32","1465","0","test_block","poldrack-single-stim","274","383577","0.0-5.0-260.0","go-nogo","true","0","","true","<div class = centerbox><div  id = stim1></div></div>","32","32","750","","test","go","260","random","","",""
"","-1","-1","1162","0","test_block","poldrack-single-stim","275","384791","0.0-5.0-261.0","go-nogo","true","0","","true","<div class = centerbox><div  id = stim2></div></div>","-1","32","750","","test","nogo","261","random","","",""
"","627","32","1121","0","test_block","poldrack-single-stim","276","385970","0.0-5.0-262.0","go-nogo","true","0","","true","<div class = centerbox><div  id = stim1></div></div>","32","32","750","","test","go","262","random","","",""
"","375","32","1330","0","test_block","poldrack-single-stim","277","387367","0.0-5.0-263.0","go-nogo","true","0","","true","<div class = centerbox><div  id = stim1></div></div>","32","32","750","","test","go","263","random","","",""
"","330","32","1330","0","test_block","poldrack-single-stim","278","388756","0.0-5.0-264.0","go-nogo","true","0","","false","<div class = centerbox><div  id = stim2></div></div>","-1","32","750","","test","nogo","264","random","","",""
"","567","32","1097","0","test_block","poldrack-single-stim","279","389916","0.0-5.0-265.0","go-nogo","true","0","","true","<div class = centerbox><div  id = stim1></div></div>","32","32","750","","test","go","265","random","","",""
"","513","32","1219","0","test_block","poldrack-single-stim","280","391172","0.0-5.0-266.0","go-nogo","true","0","","true","<div class = centerbox><div  id = stim1></div></div>","32","32","750","","test","go","266","random","","",""
"","440","32","1193","0","test_block","poldrack-single-stim","281","392420","0.0-5.0-267.0","go-nogo","true","0","","true","<div class = centerbox><div  id = stim1></div></div>","32","32","750","","test","go","267","random","","",""
"","366","32","1017","0","test_block","poldrack-single-stim","282","393493","0.0-5.0-268.0","go-nogo","true","0","","false","<div class = centerbox><div  id = stim2></div></div>","-1","32","750","","test","nogo","268","random","","",""
"","464","32","1036","0","test_block","poldrack-single-stim","283","394583","0.0-5.0-269.0","go-nogo","true","0","","true","<div class = centerbox><div  id = stim1></div></div>","32","32","750","","test","go","269","random","","",""
"","494","32","1209","0","test_block","poldrack-single-stim","284","395857","0.0-5.0-270.0","go-nogo","true","0","","true","<div class = centerbox><div  id = stim1></div></div>","32","32","750","","test","go","270","random","","",""
"","365","32","1136","0","test_block","poldrack-single-stim","285","397048","0.0-5.0-271.0","go-nogo","true","0","","true","<div class = centerbox><div  id = stim1></div></div>","32","32","750","","test","go","271","random","","",""
"","281","32","1119","0","test_block","poldrack-single-stim","286","398226","0.0-5.0-272.0","go-nogo","true","0","","true","<div class = centerbox><div  id = stim1></div></div>","32","32","750","","test","go","272","random","","",""
"","312","32","1427","0","test_block","poldrack-single-stim","287","399711","0.0-5.0-273.0","go-nogo","true","0","","true","<div class = centerbox><div  id = stim1></div></div>","32","32","750","","test","go","273","random","","",""
"","434","32","1059","0","test_block","poldrack-single-stim","288","400830","0.0-5.0-274.0","go-nogo","true","0","","true","<div class = centerbox><div  id = stim1></div></div>","32","32","750","","test","go","274","random","","",""
"","439","32","1152","0","test_block","poldrack-single-stim","289","402045","0.0-5.0-275.0","go-nogo","true","0","","true","<div class = centerbox><div  id = stim1></div></div>","32","32","750","","test","go","275","random","","",""
"","304","32","1499","0","test_block","poldrack-single-stim","290","403614","0.0-5.0-276.0","go-nogo","true","0","","true","<div class = centerbox><div  id = stim1></div></div>","32","32","750","","test","go","276","random","","",""
"","283","32","1201","0","test_block","poldrack-single-stim","291","404881","0.0-5.0-277.0","go-nogo","true","0","","true","<div class = centerbox><div  id = stim1></div></div>","32","32","750","","test","go","277","random","","",""
"","479","32","1414","0","test_block","poldrack-single-stim","292","406354","0.0-5.0-278.0","go-nogo","true","0","","true","<div class = centerbox><div  id = stim1></div></div>","32","32","750","","test","go","278","random","","",""
"","301","32","1224","0","test_block","poldrack-single-stim","293","407640","0.0-5.0-279.0","go-nogo","true","0","","true","<div class = centerbox><div  id = stim1></div></div>","32","32","750","","test","go","279","random","","",""
"","244","32","1445","0","test_block","poldrack-single-stim","294","409158","0.0-5.0-280.0","go-nogo","true","0","","true","<div class = centerbox><div  id = stim1></div></div>","32","32","750","","test","go","280","random","","",""
"","636","32","1454","0","test_block","poldrack-single-stim","295","410677","0.0-5.0-281.0","go-nogo","true","0","","true","<div class = centerbox><div  id = stim1></div></div>","32","32","750","","test","go","281","random","","",""
"","313","32","1355","0","test_block","poldrack-single-stim","296","412094","0.0-5.0-282.0","go-nogo","true","0","","true","<div class = centerbox><div  id = stim1></div></div>","32","32","750","","test","go","282","random","","",""
"","259","32","1307","0","test_block","poldrack-single-stim","297","413461","0.0-5.0-283.0","go-nogo","true","0","","true","<div class = centerbox><div  id = stim1></div></div>","32","32","750","","test","go","283","random","","",""
"","296","32","1335","0","test_block","poldrack-single-stim","298","414844","0.0-5.0-284.0","go-nogo","true","0","","true","<div class = centerbox><div  id = stim1></div></div>","32","32","750","","test","go","284","random","","",""
"","238","32","1263","0","test_block","poldrack-single-stim","299","416164","0.0-5.0-285.0","go-nogo","true","0","","true","<div class = centerbox><div  id = stim1></div></div>","32","32","750","","test","go","285","random","","",""
"","275","32","1488","0","test_block","poldrack-single-stim","300","417712","0.0-5.0-286.0","go-nogo","true","0","","true","<div class = centerbox><div  id = stim1></div></div>","32","32","750","","test","go","286","random","","",""
"","299","32","1109","0","test_block","poldrack-single-stim","301","418879","0.0-5.0-287.0","go-nogo","true","0","","true","<div class = centerbox><div  id = stim1></div></div>","32","32","750","","test","go","287","random","","",""
"","281","32","1193","0","test_block","poldrack-single-stim","302","420156","0.0-5.0-288.0","go-nogo","true","0","","true","<div class = centerbox><div  id = stim1></div></div>","32","32","750","","test","go","288","random","","",""
"","258","32","1098","0","test_block","poldrack-single-stim","303","421315","0.0-5.0-289.0","go-nogo","true","0","","true","<div class = centerbox><div  id = stim1></div></div>","32","32","750","","test","go","289","random","","",""
"","283","32","1162","0","test_block","poldrack-single-stim","304","422538","0.0-5.0-290.0","go-nogo","true","0","","true","<div class = centerbox><div  id = stim1></div></div>","32","32","750","","test","go","290","random","","",""
"","266","32","1204","0","test_block","poldrack-single-stim","305","423780","0.0-5.0-291.0","go-nogo","true","0","","true","<div class = centerbox><div  id = stim1></div></div>","32","32","750","","test","go","291","random","","",""
"","306","32","1204","0","test_block","poldrack-single-stim","306","425053","0.0-5.0-292.0","go-nogo","true","0","","true","<div class = centerbox><div  id = stim1></div></div>","32","32","750","","test","go","292","random","","",""
"","307","32","1089","0","test_block","poldrack-single-stim","307","426200","0.0-5.0-293.0","go-nogo","true","0","","true","<div class = centerbox><div  id = stim1></div></div>","32","32","750","","test","go","293","random","","",""
"","315","32","1359","0","test_block","poldrack-single-stim","308","427623","0.0-5.0-294.0","go-nogo","true","0","","true","<div class = centerbox><div  id = stim1></div></div>","32","32","750","","test","go","294","random","","",""
"","201","32","1204","0","test_block","poldrack-single-stim","309","428886","0.0-5.0-295.0","go-nogo","true","0","","false","<div class = centerbox><div  id = stim2></div></div>","-1","32","750","","test","nogo","295","random","","",""
"","317","32","1336","0","test_block","poldrack-single-stim","310","430278","0.0-5.0-296.0","go-nogo","true","0","","true","<div class = centerbox><div  id = stim1></div></div>","32","32","750","","test","go","296","random","","",""
"","388","32","1245","0","test_block","poldrack-single-stim","311","431587","0.0-5.0-297.0","go-nogo","true","0","","false","<div class = centerbox><div  id = stim2></div></div>","-1","32","750","","test","nogo","297","random","","",""
"","331","32","1361","0","test_block","poldrack-single-stim","312","433009","0.0-5.0-298.0","go-nogo","true","0","","true","<div class = centerbox><div  id = stim1></div></div>","32","32","750","","test","go","298","random","","",""
"","307","32","1420","0","test_block","poldrack-single-stim","313","434491","0.0-5.0-299.0","go-nogo","true","0","","true","<div class = centerbox><div  id = stim1></div></div>","32","32","750","","test","go","299","random","","",""
"","278","32","1125","0","test_block","poldrack-single-stim","314","435682","0.0-5.0-300.0","go-nogo","true","0","","true","<div class = centerbox><div  id = stim1></div></div>","32","32","750","","test","go","300","random","","",""
"","303","32","1005","0","test_block","poldrack-single-stim","315","436729","0.0-5.0-301.0","go-nogo","true","0","","true","<div class = centerbox><div  id = stim1></div></div>","32","32","750","","test","go","301","random","","",""
"","295","32","1492","0","test_block","poldrack-single-stim","316","438280","0.0-5.0-302.0","go-nogo","true","0","","true","<div class = centerbox><div  id = stim1></div></div>","32","32","750","","test","go","302","random","","",""
"","274","32","1301","0","test_block","poldrack-single-stim","317","439637","0.0-5.0-303.0","go-nogo","true","0","","true","<div class = centerbox><div  id = stim1></div></div>","32","32","750","","test","go","303","random","","",""
"","332","32","1266","0","test_block","poldrack-single-stim","318","440971","0.0-5.0-304.0","go-nogo","true","0","","true","<div class = centerbox><div  id = stim1></div></div>","32","32","750","","test","go","304","random","","",""
"","318","32","1441","0","test_block","poldrack-single-stim","319","442471","0.0-5.0-305.0","go-nogo","true","0","","false","<div class = centerbox><div  id = stim2></div></div>","-1","32","750","","test","nogo","305","random","","",""
"","282","32","1145","0","test_block","poldrack-single-stim","320","443658","0.0-5.0-306.0","go-nogo","true","0","","true","<div class = centerbox><div  id = stim1></div></div>","32","32","750","","test","go","306","random","","",""
"","310","32","1291","0","test_block","poldrack-single-stim","321","445024","0.0-5.0-307.0","go-nogo","true","0","","true","<div class = centerbox><div  id = stim1></div></div>","32","32","750","","test","go","307","random","","",""
"","275","32","1284","0","test_block","poldrack-single-stim","322","446364","0.0-5.0-308.0","go-nogo","true","0","","true","<div class = centerbox><div  id = stim1></div></div>","32","32","750","","test","go","308","random","","",""
"","252","32","1030","0","test_block","poldrack-single-stim","323","447461","0.0-5.0-309.0","go-nogo","true","0","","true","<div class = centerbox><div  id = stim1></div></div>","32","32","750","","test","go","309","random","","",""
"","310","32","1453","0","test_block","poldrack-single-stim","324","448962","0.0-5.0-310.0","go-nogo","true","0","","true","<div class = centerbox><div  id = stim1></div></div>","32","32","750","","test","go","310","random","","",""
"","544","32","1243","0","test_block","poldrack-single-stim","325","450270","0.0-5.0-311.0","go-nogo","true","0","","true","<div class = centerbox><div  id = stim1></div></div>","32","32","750","","test","go","311","random","","",""
"","348","32","1073","0","test_block","poldrack-single-stim","326","451413","0.0-5.0-312.0","go-nogo","true","0","","true","<div class = centerbox><div  id = stim1></div></div>","32","32","750","","test","go","312","random","","",""
"","298","32","1474","0","test_block","poldrack-single-stim","327","452954","0.0-5.0-313.0","go-nogo","true","0","","true","<div class = centerbox><div  id = stim1></div></div>","32","32","750","","test","go","313","random","","",""
"","167","32","1290","0","test_block","poldrack-single-stim","328","454310","0.0-5.0-314.0","go-nogo","true","0","","true","<div class = centerbox><div  id = stim1></div></div>","32","32","750","","test","go","314","random","","",""
"","162","32","1249","0","test_block","poldrack-single-stim","329","455624","0.0-5.0-315.0","go-nogo","true","0","","true","<div class = centerbox><div  id = stim1></div></div>","32","32","750","","test","go","315","random","","",""
"","88","32","1312","0","test_block","poldrack-single-stim","330","456979","0.0-5.0-316.0","go-nogo","true","0","","true","<div class = centerbox><div  id = stim1></div></div>","32","32","750","","test","go","316","random","","",""
"","69","32","1418","0","test_block","poldrack-single-stim","331","458465","0.0-5.0-317.0","go-nogo","true","0","","false","<div class = centerbox><div  id = stim2></div></div>","-1","32","750","","test","nogo","317","random","","",""
"","827","32","1319","0","test_block","poldrack-single-stim","332","459823","0.0-5.0-318.0","go-nogo","true","0","","true","<div class = centerbox><div  id = stim1></div></div>","32","32","750","","test","go","318","random","","",""
"","439","32","1049","0","test_block","poldrack-single-stim","333","460934","0.0-5.0-319.0","go-nogo","true","0","","true","<div class = centerbox><div  id = stim1></div></div>","32","32","750","","test","go","319","random","","",""
"","544","32","1433","0","test_block","poldrack-single-stim","334","462421","0.0-5.0-320.0","go-nogo","true","0","","true","<div class = centerbox><div  id = stim1></div></div>","32","32","750","","test","go","320","random","","",""
"","584","32","1152","0","test_block","poldrack-single-stim","335","463636","0.0-5.0-321.0","go-nogo","true","0","","true","<div class = centerbox><div  id = stim1></div></div>","32","32","750","","test","go","321","random","","",""
"","319","32","1406","0","test_block","poldrack-single-stim","336","465106","0.0-5.0-322.0","go-nogo","true","0","","true","<div class = centerbox><div  id = stim1></div></div>","32","32","750","","test","go","322","random","","",""
"","339","32","1031","0","test_block","poldrack-single-stim","337","466207","0.0-5.0-323.0","go-nogo","true","0","","true","<div class = centerbox><div  id = stim1></div></div>","32","32","750","","test","go","323","random","","",""
"","315","32","1062","0","test_block","poldrack-single-stim","338","467327","0.0-5.0-324.0","go-nogo","true","0","","true","<div class = centerbox><div  id = stim1></div></div>","32","32","750","","test","go","324","random","","",""
"","291","32","1152","0","test_block","poldrack-single-stim","339","468544","0.0-5.0-325.0","go-nogo","true","0","","true","<div class = centerbox><div  id = stim1></div></div>","32","32","750","","test","go","325","random","","",""
"","322","32","1486","0","test_block","poldrack-single-stim","340","470072","0.0-5.0-326.0","go-nogo","true","0","","false","<div class = centerbox><div  id = stim2></div></div>","-1","32","750","","test","nogo","326","random","","",""
"","0","32","1365","0","test_block","poldrack-single-stim","341","471493","0.0-5.0-327.0","go-nogo","true","0","","true","<div class = centerbox><div  id = stim1></div></div>","32","32","750","","test","go","327","random","","",""
"","152","32","1469","0","test_block","poldrack-single-stim","342","473008","0.0-5.0-328.0","go-nogo","true","0","","true","<div class = centerbox><div  id = stim1></div></div>","32","32","750","","test","go","328","random","","",""
"","324","32","1091","0","test_block","poldrack-single-stim","343","474162","0.0-5.0-329.0","go-nogo","true","0","","true","<div class = centerbox><div  id = stim1></div></div>","32","32","750","","test","go","329","random","","",""
"","289","32","1063","0","test_block","poldrack-single-stim","344","475280","0.0-5.0-330.0","go-nogo","true","0","","true","<div class = centerbox><div  id = stim1></div></div>","32","32","750","","test","go","330","random","","",""
"","315","32","1047","0","test_block","poldrack-single-stim","345","476367","0.0-5.0-331.0","go-nogo","true","0","","true","<div class = centerbox><div  id = stim1></div></div>","32","32","750","","test","go","331","random","","",""
"","257","32","1495","0","test_block","poldrack-single-stim","346","477929","0.0-5.0-332.0","go-nogo","true","0","","true","<div class = centerbox><div  id = stim1></div></div>","32","32","750","","test","go","332","random","","",""
"","396","32","1345","0","test_block","poldrack-single-stim","347","479329","0.0-5.0-333.0","go-nogo","true","0","","true","<div class = centerbox><div  id = stim1></div></div>","32","32","750","","test","go","333","random","","",""
"","264","32","1378","0","test_block","poldrack-single-stim","348","480765","0.0-5.0-334.0","go-nogo","true","0","","true","<div class = centerbox><div  id = stim1></div></div>","32","32","750","","test","go","334","random","","",""
"","175","32","1017","0","test_block","poldrack-single-stim","349","481852","0.0-5.0-335.0","go-nogo","true","0","","true","<div class = centerbox><div  id = stim1></div></div>","32","32","750","","test","go","335","random","","",""
"","324","32","1367","0","test_block","poldrack-single-stim","350","483278","0.0-5.0-336.0","go-nogo","true","0","","true","<div class = centerbox><div  id = stim1></div></div>","32","32","750","","test","go","336","random","","",""
"","266","32","1272","0","test_block","poldrack-single-stim","351","484617","0.0-5.0-337.0","go-nogo","true","0","","true","<div class = centerbox><div  id = stim1></div></div>","32","32","750","","test","go","337","random","","",""
"","67","32","1312","0","test_block","poldrack-single-stim","352","485991","0.0-5.0-338.0","go-nogo","true","0","","true","<div class = centerbox><div  id = stim1></div></div>","32","32","750","","test","go","338","random","","",""
"","25","32","1186","0","test_block","poldrack-single-stim","353","487242","0.0-5.0-339.0","go-nogo","true","0","","true","<div class = centerbox><div  id = stim1></div></div>","32","32","750","","test","go","339","random","","",""
"","150","32","1492","0","test_block","poldrack-single-stim","354","488793","0.0-5.0-340.0","go-nogo","true","0","","true","<div class = centerbox><div  id = stim1></div></div>","32","32","750","","test","go","340","random","","",""
"","353","32","1418","0","test_block","poldrack-single-stim","355","490275","0.0-5.0-341.0","go-nogo","true","0","","true","<div class = centerbox><div  id = stim1></div></div>","32","32","750","","test","go","341","random","","",""
"","296","32","1376","0","test_block","poldrack-single-stim","356","491723","0.0-5.0-342.0","go-nogo","true","0","","true","<div class = centerbox><div  id = stim1></div></div>","32","32","750","","test","go","342","random","","",""
"","288","32","1438","0","test_block","poldrack-single-stim","357","493233","0.0-5.0-343.0","go-nogo","true","0","","true","<div class = centerbox><div  id = stim1></div></div>","32","32","750","","test","go","343","random","","",""
"","289","32","1104","0","test_block","poldrack-single-stim","358","494395","0.0-5.0-344.0","go-nogo","true","0","","true","<div class = centerbox><div  id = stim1></div></div>","32","32","750","","test","go","344","random","","",""
"","384","32","1082","0","test_block","poldrack-single-stim","359","495549","0.0-5.0-345.0","go-nogo","true","0","","true","<div class = centerbox><div  id = stim1></div></div>","32","32","750","","test","go","345","random","","",""
"","324","32","1314","0","test_block","poldrack-single-stim","360","496921","0.0-5.0-346.0","go-nogo","true","0","","true","<div class = centerbox><div  id = stim1></div></div>","32","32","750","","test","go","346","random","","",""
"","422","32","1225","0","test_block","poldrack-single-stim","361","498205","0.0-5.0-347.0","go-nogo","true","0","","false","<div class = centerbox><div  id = stim2></div></div>","-1","32","750","","test","nogo","347","random","","",""
"","279","32","1348","0","test_block","poldrack-single-stim","362","499614","0.0-5.0-348.0","go-nogo","true","0","","true","<div class = centerbox><div  id = stim1></div></div>","32","32","750","","test","go","348","random","","",""
"","315","32","1160","0","test_block","poldrack-single-stim","363","500818","0.0-5.0-349.0","go-nogo","true","0","","true","<div class = centerbox><div  id = stim1></div></div>","32","32","750","","test","go","349","random","","",""
"","26376","","","","post task questions","survey-text","364","527265","0.0-7.0","go-nogo","true","0","","","","","","","","","","","","{""Q0"":""Blue and orange"",""Q1"":""confusing but it is good.""}","",""
