"text","rt","key_press","block_duration","timing_post_trial","trial_id","trial_type","trial_index","time_elapsed","internal_node_id","exp_id","full_screen","focus_shifts","view_history","correct","stimulus","correct_response","possible_responses","stim_duration","feedback_duration","exp_stage","condition","trial_num","mode","responses","payment_id","credit_var"
"<div class = centerbox><p class = center-block-text>Welcome to the experiment. This task will take around 10 minutes. Press <strong>enter</strong> to begin.</p></div>","3503","13","3503","0","instruction","poldrack-text","0","3505","0.0-0.0-0.0","go-nogo","true","0","","","","","","","","","","","","","",""
"","15674","","","","instruction","poldrack-instructions","1","19179","0.0-0.0-1.0","go-nogo","true","0","[{""page_index"":0,""viewing_time"":15674}]","","","","","","","","","","","","",""
"","382","32","1220","250","practice","poldrack-categorize","2","22412","0.0-1.0-0.0","go-nogo","true","0","","true","<div class = centerbox><div  id = stim1></div></div>","32","32","750","1000","practice","go","0","random","","",""
"","-1","-1","1006","250","practice","poldrack-categorize","3","24674","0.0-1.0-1.0","go-nogo","true","0","","true","<div class = centerbox><div id = stim2></div></div>","-1","32","750","1000","practice","nogo","1","random","","",""
"","282","32","1368","250","practice","poldrack-categorize","4","27299","0.0-1.0-2.0","go-nogo","true","0","","true","<div class = centerbox><div  id = stim1></div></div>","32","32","750","1000","practice","go","2","random","","",""
"","-1","-1","1289","250","practice","poldrack-categorize","5","29845","0.0-1.0-3.0","go-nogo","true","0","","true","<div class = centerbox><div id = stim2></div></div>","-1","32","750","1000","practice","nogo","3","random","","",""
"","-1","-1","1000","250","practice","poldrack-categorize","6","32101","0.0-1.0-4.0","go-nogo","true","0","","true","<div class = centerbox><div id = stim2></div></div>","-1","32","750","1000","practice","nogo","4","random","","",""
"","-1","-1","1186","250","practice","poldrack-categorize","7","34544","0.0-1.0-5.0","go-nogo","true","0","","true","<div class = centerbox><div id = stim2></div></div>","-1","32","750","1000","practice","nogo","5","random","","",""
"","-1","-1","1337","250","practice","poldrack-categorize","8","37138","0.0-1.0-6.0","go-nogo","true","0","","true","<div class = centerbox><div id = stim2></div></div>","-1","32","750","1000","practice","nogo","6","random","","",""
"","371","32","1262","250","practice","poldrack-categorize","9","39654","0.0-1.0-7.0","go-nogo","true","0","","true","<div class = centerbox><div  id = stim1></div></div>","32","32","750","1000","practice","go","7","random","","",""
"","406","32","1486","250","practice","poldrack-categorize","10","42396","0.0-1.0-8.0","go-nogo","true","0","","true","<div class = centerbox><div  id = stim1></div></div>","32","32","750","1000","practice","go","8","random","","",""
"","400","32","1040","250","practice","poldrack-categorize","11","44691","0.0-1.0-9.0","go-nogo","true","0","","true","<div class = centerbox><div  id = stim1></div></div>","32","32","750","1000","practice","go","9","random","","",""
"","","","","","reset_trial","call-function","12","44942","0.0-3.0","go-nogo","true","0","","","","","","","","","","","","","",""
"<div class = centerbox><p class = block-text>Practice is over, we will now begin the experiment. You will no longer get feedback about your responses.</p><p class = block-text>Remember, if you see the <font color=""orange"">orange</font> square you should <strong> respond by pressing the spacebar as quickly as possible</strong>. If you see the <font color=""blue"">blue</font> square you should <strong> not respond</strong>. Press <strong>enter</strong> to begin.</p></div>","5088","13","5088","1000","test_intro","poldrack-text","13","50031","0.0-4.0","go-nogo","true","0","","","","","","","","","","","","","",""
"","-1","-1","1081","0","test_block","poldrack-single-stim","14","52117","0.0-5.0-0.0","go-nogo","true","0","","true","<div class = centerbox><div  id = stim2></div></div>","-1","32","750","","test","nogo","0","random","","",""
"","-1","-1","1395","0","test_block","poldrack-single-stim","15","53611","0.0-5.0-1.0","go-nogo","true","0","","true","<div class = centerbox><div  id = stim2></div></div>","-1","32","750","","test","nogo","1","random","","",""
"","361","32","1135","0","test_block","poldrack-single-stim","16","54816","0.0-5.0-2.0","go-nogo","true","0","","true","<div class = centerbox><div  id = stim1></div></div>","32","32","750","","test","go","2","random","","",""
"","334","32","1368","0","test_block","poldrack-single-stim","17","56244","0.0-5.0-3.0","go-nogo","true","0","","true","<div class = centerbox><div  id = stim1></div></div>","32","32","750","","test","go","3","random","","",""
"","-1","-1","1069","0","test_block","poldrack-single-stim","18","57380","0.0-5.0-4.0","go-nogo","true","0","","true","<div class = centerbox><div  id = stim2></div></div>","-1","32","750","","test","nogo","4","random","","",""
"","386","32","1151","0","test_block","poldrack-single-stim","19","58590","0.0-5.0-5.0","go-nogo","true","0","","true","<div class = centerbox><div  id = stim1></div></div>","32","32","750","","test","go","5","random","","",""
"","357","32","1456","0","test_block","poldrack-single-stim","20","60108","0.0-5.0-6.0","go-nogo","true","0","","true","<div class = centerbox><div  id = stim1></div></div>","32","32","750","","test","go","6","random","","",""
"","304","32","1376","0","test_block","poldrack-single-stim","21","61546","0.0-5.0-7.0","go-nogo","true","0","","true","<div class = centerbox><div  id = stim1></div></div>","32","32","750","","test","go","7","random","","",""
"","278","32","1262","0","test_block","poldrack-single-stim","22","62873","0.0-5.0-8.0","go-nogo","true","0","","true","<div class = centerbox><div  id = stim1></div></div>","32","32","750","","test","go","8","random","","",""
"","-1","-1","1371","0","test_block","poldrack-single-stim","23","64314","0.0-5.0-9.0","go-nogo","true","0","","true","<div class = centerbox><div  id = stim2></div></div>","-1","32","750","","test","nogo","9","random","","",""
"","328","32","1209","0","test_block","poldrack-single-stim","24","65602","0.0-5.0-10.0","go-nogo","true","0","","true","<div class = centerbox><div  id = stim1></div></div>","32","32","750","","test","go","10","random","","",""
"","353","32","1000","0","test_block","poldrack-single-stim","25","66663","0.0-5.0-11.0","go-nogo","true","0","","true","<div class = centerbox><div  id = stim1></div></div>","32","32","750","","test","go","11","random","","",""
"","300","32","1449","0","test_block","poldrack-single-stim","26","68175","0.0-5.0-12.0","go-nogo","true","0","","true","<div class = centerbox><div  id = stim1></div></div>","32","32","750","","test","go","12","random","","",""
"","316","32","1364","0","test_block","poldrack-single-stim","27","69601","0.0-5.0-13.0","go-nogo","true","0","","true","<div class = centerbox><div  id = stim1></div></div>","32","32","750","","test","go","13","random","","",""
"","326","32","1160","0","test_block","poldrack-single-stim","28","70828","0.0-5.0-14.0","go-nogo","true","0","","true","<div class = centerbox><div  id = stim1></div></div>","32","32","750","","test","go","14","random","","",""
"","345","32","1352","0","test_block","poldrack-single-stim","29","72242","0.0-5.0-15.0","go-nogo","true","0","","true","<div class = centerbox><div  id = stim1></div></div>","32","32","750","","test","go","15","random","","",""
"","294","32","1411","0","test_block","poldrack-single-stim","30","73718","0.0-5.0-16.0","go-nogo","true","0","","true","<div class = centerbox><div  id = stim1></div></div>","32","32","750","","test","go","16","random","","",""
"","294","32","1020","0","test_block","poldrack-single-stim","31","74800","0.0-5.0-17.0","go-nogo","true","0","","true","<div class = centerbox><div  id = stim1></div></div>","32","32","750","","test","go","17","random","","",""
"","291","32","1223","0","test_block","poldrack-single-stim","32","76077","0.0-5.0-18.0","go-nogo","true","0","","true","<div class = centerbox><div  id = stim1></div></div>","32","32","750","","test","go","18","random","","",""
"","344","32","1196","0","test_block","poldrack-single-stim","33","77333","0.0-5.0-19.0","go-nogo","true","0","","true","<div class = centerbox><div  id = stim1></div></div>","32","32","750","","test","go","19","random","","",""
"","295","32","1311","0","test_block","poldrack-single-stim","34","78688","0.0-5.0-20.0","go-nogo","true","0","","false","<div class = centerbox><div  id = stim2></div></div>","-1","32","750","","test","nogo","20","random","","",""
"","298","32","1378","0","test_block","poldrack-single-stim","35","80130","0.0-5.0-21.0","go-nogo","true","0","","true","<div class = centerbox><div  id = stim1></div></div>","32","32","750","","test","go","21","random","","",""
"","246","32","1103","0","test_block","poldrack-single-stim","36","81290","0.0-5.0-22.0","go-nogo","true","0","","false","<div class = centerbox><div  id = stim2></div></div>","-1","32","750","","test","nogo","22","random","","",""
"","350","32","1044","0","test_block","poldrack-single-stim","37","82392","0.0-5.0-23.0","go-nogo","true","0","","true","<div class = centerbox><div  id = stim1></div></div>","32","32","750","","test","go","23","random","","",""
"","286","32","1221","0","test_block","poldrack-single-stim","38","83680","0.0-5.0-24.0","go-nogo","true","0","","true","<div class = centerbox><div  id = stim1></div></div>","32","32","750","","test","go","24","random","","",""
"","301","32","1483","0","test_block","poldrack-single-stim","39","85223","0.0-5.0-25.0","go-nogo","true","0","","true","<div class = centerbox><div  id = stim1></div></div>","32","32","750","","test","go","25","random","","",""
"","383","32","1181","0","test_block","poldrack-single-stim","40","86454","0.0-5.0-26.0","go-nogo","true","0","","true","<div class = centerbox><div  id = stim1></div></div>","32","32","750","","test","go","26","random","","",""
"","405","32","1424","0","test_block","poldrack-single-stim","41","87941","0.0-5.0-27.0","go-nogo","true","0","","true","<div class = centerbox><div  id = stim1></div></div>","32","32","750","","test","go","27","random","","",""
"","340","32","1166","0","test_block","poldrack-single-stim","42","89155","0.0-5.0-28.0","go-nogo","true","0","","true","<div class = centerbox><div  id = stim1></div></div>","32","32","750","","test","go","28","random","","",""
"","372","32","1196","0","test_block","poldrack-single-stim","43","90408","0.0-5.0-29.0","go-nogo","true","0","","true","<div class = centerbox><div  id = stim1></div></div>","32","32","750","","test","go","29","random","","",""
"","334","32","1184","0","test_block","poldrack-single-stim","44","91644","0.0-5.0-30.0","go-nogo","true","0","","true","<div class = centerbox><div  id = stim1></div></div>","32","32","750","","test","go","30","random","","",""
"","330","32","1196","0","test_block","poldrack-single-stim","45","92884","0.0-5.0-31.0","go-nogo","true","0","","true","<div class = centerbox><div  id = stim1></div></div>","32","32","750","","test","go","31","random","","",""
"","-1","-1","1403","0","test_block","poldrack-single-stim","46","94349","0.0-5.0-32.0","go-nogo","true","0","","true","<div class = centerbox><div  id = stim2></div></div>","-1","32","750","","test","nogo","32","random","","",""
"","408","32","1257","0","test_block","poldrack-single-stim","47","95657","0.0-5.0-33.0","go-nogo","true","0","","true","<div class = centerbox><div  id = stim1></div></div>","32","32","750","","test","go","33","random","","",""
"","-1","-1","1387","0","test_block","poldrack-single-stim","48","97095","0.0-5.0-34.0","go-nogo","true","0","","true","<div class = centerbox><div  id = stim2></div></div>","-1","32","750","","test","nogo","34","random","","",""
"","352","32","1307","0","test_block","poldrack-single-stim","49","98451","0.0-5.0-35.0","go-nogo","true","0","","true","<div class = centerbox><div  id = stim1></div></div>","32","32","750","","test","go","35","random","","",""
"","304","32","1133","0","test_block","poldrack-single-stim","50","99646","0.0-5.0-36.0","go-nogo","true","0","","true","<div class = centerbox><div  id = stim1></div></div>","32","32","750","","test","go","36","random","","",""
"","330","32","1415","0","test_block","poldrack-single-stim","51","101126","0.0-5.0-37.0","go-nogo","true","0","","true","<div class = centerbox><div  id = stim1></div></div>","32","32","750","","test","go","37","random","","",""
"","322","32","1046","0","test_block","poldrack-single-stim","52","102230","0.0-5.0-38.0","go-nogo","true","0","","true","<div class = centerbox><div  id = stim1></div></div>","32","32","750","","test","go","38","random","","",""
"","332","32","1308","0","test_block","poldrack-single-stim","53","103593","0.0-5.0-39.0","go-nogo","true","0","","true","<div class = centerbox><div  id = stim1></div></div>","32","32","750","","test","go","39","random","","",""
"","-1","-1","1435","0","test_block","poldrack-single-stim","54","105085","0.0-5.0-40.0","go-nogo","true","0","","true","<div class = centerbox><div  id = stim2></div></div>","-1","32","750","","test","nogo","40","random","","",""
"","303","32","1388","0","test_block","poldrack-single-stim","55","106525","0.0-5.0-41.0","go-nogo","true","0","","true","<div class = centerbox><div  id = stim1></div></div>","32","32","750","","test","go","41","random","","",""
"","305","32","1483","0","test_block","poldrack-single-stim","56","108075","0.0-5.0-42.0","go-nogo","true","0","","true","<div class = centerbox><div  id = stim1></div></div>","32","32","750","","test","go","42","random","","",""
"","291","32","1481","0","test_block","poldrack-single-stim","57","109614","0.0-5.0-43.0","go-nogo","true","0","","true","<div class = centerbox><div  id = stim1></div></div>","32","32","750","","test","go","43","random","","",""
"","341","32","1039","0","test_block","poldrack-single-stim","58","110706","0.0-5.0-44.0","go-nogo","true","0","","true","<div class = centerbox><div  id = stim1></div></div>","32","32","750","","test","go","44","random","","",""
"","336","32","1172","0","test_block","poldrack-single-stim","59","111933","0.0-5.0-45.0","go-nogo","true","0","","true","<div class = centerbox><div  id = stim1></div></div>","32","32","750","","test","go","45","random","","",""
"","334","32","1472","0","test_block","poldrack-single-stim","60","113458","0.0-5.0-46.0","go-nogo","true","0","","true","<div class = centerbox><div  id = stim1></div></div>","32","32","750","","test","go","46","random","","",""
"","265","32","1437","0","test_block","poldrack-single-stim","61","114947","0.0-5.0-47.0","go-nogo","true","0","","true","<div class = centerbox><div  id = stim1></div></div>","32","32","750","","test","go","47","random","","",""
"","301","32","1163","0","test_block","poldrack-single-stim","62","116166","0.0-5.0-48.0","go-nogo","true","0","","true","<div class = centerbox><div  id = stim1></div></div>","32","32","750","","test","go","48","random","","",""
"","323","32","1309","0","test_block","poldrack-single-stim","63","117523","0.0-5.0-49.0","go-nogo","true","0","","true","<div class = centerbox><div  id = stim1></div></div>","32","32","750","","test","go","49","random","","",""
"","296","32","1327","0","test_block","poldrack-single-stim","64","118911","0.0-5.0-50.0","go-nogo","true","0","","true","<div class = centerbox><div  id = stim1></div></div>","32","32","750","","test","go","50","random","","",""
"","331","32","1358","0","test_block","poldrack-single-stim","65","120323","0.0-5.0-51.0","go-nogo","true","0","","true","<div class = centerbox><div  id = stim1></div></div>","32","32","750","","test","go","51","random","","",""
"","314","32","1107","0","test_block","poldrack-single-stim","66","121482","0.0-5.0-52.0","go-nogo","true","0","","true","<div class = centerbox><div  id = stim1></div></div>","32","32","750","","test","go","52","random","","",""
"","286","32","1064","0","test_block","poldrack-single-stim","67","122603","0.0-5.0-53.0","go-nogo","true","0","","false","<div class = centerbox><div  id = stim2></div></div>","-1","32","750","","test","nogo","53","random","","",""
"","374","32","1310","0","test_block","poldrack-single-stim","68","123969","0.0-5.0-54.0","go-nogo","true","0","","true","<div class = centerbox><div  id = stim1></div></div>","32","32","750","","test","go","54","random","","",""
"","321","32","1486","0","test_block","poldrack-single-stim","69","125518","0.0-5.0-55.0","go-nogo","true","0","","true","<div class = centerbox><div  id = stim1></div></div>","32","32","750","","test","go","55","random","","",""
"","315","32","1010","0","test_block","poldrack-single-stim","70","126584","0.0-5.0-56.0","go-nogo","true","0","","true","<div class = centerbox><div  id = stim1></div></div>","32","32","750","","test","go","56","random","","",""
"","321","32","1412","0","test_block","poldrack-single-stim","71","128061","0.0-5.0-57.0","go-nogo","true","0","","true","<div class = centerbox><div  id = stim1></div></div>","32","32","750","","test","go","57","random","","",""
"","344","32","1474","0","test_block","poldrack-single-stim","72","129594","0.0-5.0-58.0","go-nogo","true","0","","true","<div class = centerbox><div  id = stim1></div></div>","32","32","750","","test","go","58","random","","",""
"","322","32","1233","0","test_block","poldrack-single-stim","73","130888","0.0-5.0-59.0","go-nogo","true","0","","true","<div class = centerbox><div  id = stim1></div></div>","32","32","750","","test","go","59","random","","",""
"","314","32","1436","0","test_block","poldrack-single-stim","74","132386","0.0-5.0-60.0","go-nogo","true","0","","true","<div class = centerbox><div  id = stim1></div></div>","32","32","750","","test","go","60","random","","",""
"","345","32","1320","0","test_block","poldrack-single-stim","75","133762","0.0-5.0-61.0","go-nogo","true","0","","true","<div class = centerbox><div  id = stim1></div></div>","32","32","750","","test","go","61","random","","",""
"","360","32","1185","0","test_block","poldrack-single-stim","76","135009","0.0-5.0-62.0","go-nogo","true","0","","true","<div class = centerbox><div  id = stim1></div></div>","32","32","750","","test","go","62","random","","",""
"","389","32","1151","0","test_block","poldrack-single-stim","77","136210","0.0-5.0-63.0","go-nogo","true","0","","true","<div class = centerbox><div  id = stim1></div></div>","32","32","750","","test","go","63","random","","",""
"","436","32","1203","0","test_block","poldrack-single-stim","78","137463","0.0-5.0-64.0","go-nogo","true","0","","true","<div class = centerbox><div  id = stim1></div></div>","32","32","750","","test","go","64","random","","",""
"","337","32","1277","0","test_block","poldrack-single-stim","79","138788","0.0-5.0-65.0","go-nogo","true","0","","true","<div class = centerbox><div  id = stim1></div></div>","32","32","750","","test","go","65","random","","",""
"","346","32","1068","0","test_block","poldrack-single-stim","80","139914","0.0-5.0-66.0","go-nogo","true","0","","true","<div class = centerbox><div  id = stim1></div></div>","32","32","750","","test","go","66","random","","",""
"","347","32","1218","0","test_block","poldrack-single-stim","81","141184","0.0-5.0-67.0","go-nogo","true","0","","true","<div class = centerbox><div  id = stim1></div></div>","32","32","750","","test","go","67","random","","",""
"","375","32","1363","0","test_block","poldrack-single-stim","82","142604","0.0-5.0-68.0","go-nogo","true","0","","true","<div class = centerbox><div  id = stim1></div></div>","32","32","750","","test","go","68","random","","",""
"","-1","-1","1417","0","test_block","poldrack-single-stim","83","144078","0.0-5.0-69.0","go-nogo","true","0","","true","<div class = centerbox><div  id = stim2></div></div>","-1","32","750","","test","nogo","69","random","","",""
"","377","32","1295","0","test_block","poldrack-single-stim","84","145431","0.0-5.0-70.0","go-nogo","true","0","","true","<div class = centerbox><div  id = stim1></div></div>","32","32","750","","test","go","70","random","","",""
"","332","32","1075","0","test_block","poldrack-single-stim","85","146559","0.0-5.0-71.0","go-nogo","true","0","","true","<div class = centerbox><div  id = stim1></div></div>","32","32","750","","test","go","71","random","","",""
"","334","32","1087","0","test_block","poldrack-single-stim","86","147698","0.0-5.0-72.0","go-nogo","true","0","","true","<div class = centerbox><div  id = stim1></div></div>","32","32","750","","test","go","72","random","","",""
"","402","32","1090","0","test_block","poldrack-single-stim","87","148848","0.0-5.0-73.0","go-nogo","true","0","","true","<div class = centerbox><div  id = stim1></div></div>","32","32","750","","test","go","73","random","","",""
"","355","32","1457","0","test_block","poldrack-single-stim","88","150351","0.0-5.0-74.0","go-nogo","true","0","","true","<div class = centerbox><div  id = stim1></div></div>","32","32","750","","test","go","74","random","","",""
"","-1","-1","1304","0","test_block","poldrack-single-stim","89","151718","0.0-5.0-75.0","go-nogo","true","0","","true","<div class = centerbox><div  id = stim2></div></div>","-1","32","750","","test","nogo","75","random","","",""
"","362","32","1012","0","test_block","poldrack-single-stim","90","152777","0.0-5.0-76.0","go-nogo","true","0","","true","<div class = centerbox><div  id = stim1></div></div>","32","32","750","","test","go","76","random","","",""
"","340","32","1345","0","test_block","poldrack-single-stim","91","154173","0.0-5.0-77.0","go-nogo","true","0","","true","<div class = centerbox><div  id = stim1></div></div>","32","32","750","","test","go","77","random","","",""
"","361","32","1005","0","test_block","poldrack-single-stim","92","155245","0.0-5.0-78.0","go-nogo","true","0","","true","<div class = centerbox><div  id = stim1></div></div>","32","32","750","","test","go","78","random","","",""
"","316","32","1305","0","test_block","poldrack-single-stim","93","156606","0.0-5.0-79.0","go-nogo","true","0","","true","<div class = centerbox><div  id = stim1></div></div>","32","32","750","","test","go","79","random","","",""
"","-1","-1","1360","0","test_block","poldrack-single-stim","94","158015","0.0-5.0-80.0","go-nogo","true","0","","true","<div class = centerbox><div  id = stim2></div></div>","-1","32","750","","test","nogo","80","random","","",""
"","359","32","1047","0","test_block","poldrack-single-stim","95","159114","0.0-5.0-81.0","go-nogo","true","0","","true","<div class = centerbox><div  id = stim1></div></div>","32","32","750","","test","go","81","random","","",""
"","322","32","1409","0","test_block","poldrack-single-stim","96","160575","0.0-5.0-82.0","go-nogo","true","0","","true","<div class = centerbox><div  id = stim1></div></div>","32","32","750","","test","go","82","random","","",""
"","338","32","1485","0","test_block","poldrack-single-stim","97","162115","0.0-5.0-83.0","go-nogo","true","0","","true","<div class = centerbox><div  id = stim1></div></div>","32","32","750","","test","go","83","random","","",""
"","431","32","1222","0","test_block","poldrack-single-stim","98","163358","0.0-5.0-84.0","go-nogo","true","0","","true","<div class = centerbox><div  id = stim1></div></div>","32","32","750","","test","go","84","random","","",""
"","-1","-1","1380","0","test_block","poldrack-single-stim","99","164787","0.0-5.0-85.0","go-nogo","true","0","","true","<div class = centerbox><div  id = stim2></div></div>","-1","32","750","","test","nogo","85","random","","",""
"","276","32","1102","0","test_block","poldrack-single-stim","100","165946","0.0-5.0-86.0","go-nogo","true","0","","true","<div class = centerbox><div  id = stim1></div></div>","32","32","750","","test","go","86","random","","",""
"","294","32","1293","0","test_block","poldrack-single-stim","101","167295","0.0-5.0-87.0","go-nogo","true","0","","true","<div class = centerbox><div  id = stim1></div></div>","32","32","750","","test","go","87","random","","",""
"","371","32","1360","0","test_block","poldrack-single-stim","102","168710","0.0-5.0-88.0","go-nogo","true","0","","true","<div class = centerbox><div  id = stim1></div></div>","32","32","750","","test","go","88","random","","",""
"","-1","-1","1081","0","test_block","poldrack-single-stim","103","169846","0.0-5.0-89.0","go-nogo","true","0","","true","<div class = centerbox><div  id = stim2></div></div>","-1","32","750","","test","nogo","89","random","","",""
"","350","32","1180","0","test_block","poldrack-single-stim","104","171070","0.0-5.0-90.0","go-nogo","true","0","","true","<div class = centerbox><div  id = stim1></div></div>","32","32","750","","test","go","90","random","","",""
"","354","32","1156","0","test_block","poldrack-single-stim","105","172282","0.0-5.0-91.0","go-nogo","true","0","","true","<div class = centerbox><div  id = stim1></div></div>","32","32","750","","test","go","91","random","","",""
"","348","32","1308","0","test_block","poldrack-single-stim","106","173650","0.0-5.0-92.0","go-nogo","true","0","","true","<div class = centerbox><div  id = stim1></div></div>","32","32","750","","test","go","92","random","","",""
"","357","32","1125","0","test_block","poldrack-single-stim","107","174832","0.0-5.0-93.0","go-nogo","true","0","","true","<div class = centerbox><div  id = stim1></div></div>","32","32","750","","test","go","93","random","","",""
"","331","32","1072","0","test_block","poldrack-single-stim","108","175958","0.0-5.0-94.0","go-nogo","true","0","","true","<div class = centerbox><div  id = stim1></div></div>","32","32","750","","test","go","94","random","","",""
"","315","32","1078","0","test_block","poldrack-single-stim","109","177083","0.0-5.0-95.0","go-nogo","true","0","","true","<div class = centerbox><div  id = stim1></div></div>","32","32","750","","test","go","95","random","","",""
"","321","32","1066","0","test_block","poldrack-single-stim","110","178201","0.0-5.0-96.0","go-nogo","true","0","","true","<div class = centerbox><div  id = stim1></div></div>","32","32","750","","test","go","96","random","","",""
"","318","32","1201","0","test_block","poldrack-single-stim","111","179451","0.0-5.0-97.0","go-nogo","true","0","","true","<div class = centerbox><div  id = stim1></div></div>","32","32","750","","test","go","97","random","","",""
"","302","32","1267","0","test_block","poldrack-single-stim","112","180782","0.0-5.0-98.0","go-nogo","true","0","","true","<div class = centerbox><div  id = stim1></div></div>","32","32","750","","test","go","98","random","","",""
"","292","32","1246","0","test_block","poldrack-single-stim","113","182091","0.0-5.0-99.0","go-nogo","true","0","","true","<div class = centerbox><div  id = stim1></div></div>","32","32","750","","test","go","99","random","","",""
"","314","32","1231","0","test_block","poldrack-single-stim","114","183374","0.0-5.0-100.0","go-nogo","true","0","","true","<div class = centerbox><div  id = stim1></div></div>","32","32","750","","test","go","100","random","","",""
"","346","32","1410","0","test_block","poldrack-single-stim","115","184832","0.0-5.0-101.0","go-nogo","true","0","","true","<div class = centerbox><div  id = stim1></div></div>","32","32","750","","test","go","101","random","","",""
"","405","32","1262","0","test_block","poldrack-single-stim","116","186163","0.0-5.0-102.0","go-nogo","true","0","","true","<div class = centerbox><div  id = stim1></div></div>","32","32","750","","test","go","102","random","","",""
"","-1","-1","1413","0","test_block","poldrack-single-stim","117","187631","0.0-5.0-103.0","go-nogo","true","0","","true","<div class = centerbox><div  id = stim2></div></div>","-1","32","750","","test","nogo","103","random","","",""
"","-1","-1","1217","0","test_block","poldrack-single-stim","118","188907","0.0-5.0-104.0","go-nogo","true","0","","true","<div class = centerbox><div  id = stim2></div></div>","-1","32","750","","test","nogo","104","random","","",""
"","421","32","1461","0","test_block","poldrack-single-stim","119","190424","0.0-5.0-105.0","go-nogo","true","0","","true","<div class = centerbox><div  id = stim1></div></div>","32","32","750","","test","go","105","random","","",""
"","315","32","1277","0","test_block","poldrack-single-stim","120","191746","0.0-5.0-106.0","go-nogo","true","0","","true","<div class = centerbox><div  id = stim1></div></div>","32","32","750","","test","go","106","random","","",""
"","-1","-1","1413","0","test_block","poldrack-single-stim","121","193215","0.0-5.0-107.0","go-nogo","true","0","","true","<div class = centerbox><div  id = stim2></div></div>","-1","32","750","","test","nogo","107","random","","",""
"","419","32","1159","0","test_block","poldrack-single-stim","122","194429","0.0-5.0-108.0","go-nogo","true","0","","true","<div class = centerbox><div  id = stim1></div></div>","32","32","750","","test","go","108","random","","",""
"","-1","-1","1186","0","test_block","poldrack-single-stim","123","195673","0.0-5.0-109.0","go-nogo","true","0","","true","<div class = centerbox><div  id = stim2></div></div>","-1","32","750","","test","nogo","109","random","","",""
"","305","32","1013","0","test_block","poldrack-single-stim","124","196732","0.0-5.0-110.0","go-nogo","true","0","","true","<div class = centerbox><div  id = stim1></div></div>","32","32","750","","test","go","110","random","","",""
"","366","32","1221","0","test_block","poldrack-single-stim","125","197992","0.0-5.0-111.0","go-nogo","true","0","","true","<div class = centerbox><div  id = stim1></div></div>","32","32","750","","test","go","111","random","","",""
"","426","32","1456","0","test_block","poldrack-single-stim","126","199503","0.0-5.0-112.0","go-nogo","true","0","","true","<div class = centerbox><div  id = stim1></div></div>","32","32","750","","test","go","112","random","","",""
"","350","32","1435","0","test_block","poldrack-single-stim","127","200989","0.0-5.0-113.0","go-nogo","true","0","","true","<div class = centerbox><div  id = stim1></div></div>","32","32","750","","test","go","113","random","","",""
"","303","32","1372","0","test_block","poldrack-single-stim","128","202413","0.0-5.0-114.0","go-nogo","true","0","","true","<div class = centerbox><div  id = stim1></div></div>","32","32","750","","test","go","114","random","","",""
"","324","32","1133","0","test_block","poldrack-single-stim","129","203609","0.0-5.0-115.0","go-nogo","true","0","","true","<div class = centerbox><div  id = stim1></div></div>","32","32","750","","test","go","115","random","","",""
"","358","32","1306","0","test_block","poldrack-single-stim","130","204964","0.0-5.0-116.0","go-nogo","true","0","","true","<div class = centerbox><div  id = stim1></div></div>","32","32","750","","test","go","116","random","","",""
"","301","32","1433","0","test_block","poldrack-single-stim","131","206445","0.0-5.0-117.0","go-nogo","true","0","","true","<div class = centerbox><div  id = stim1></div></div>","32","32","750","","test","go","117","random","","",""
"","294","32","1116","0","test_block","poldrack-single-stim","132","207605","0.0-5.0-118.0","go-nogo","true","0","","true","<div class = centerbox><div  id = stim1></div></div>","32","32","750","","test","go","118","random","","",""
"","279","32","1442","0","test_block","poldrack-single-stim","133","209107","0.0-5.0-119.0","go-nogo","true","0","","true","<div class = centerbox><div  id = stim1></div></div>","32","32","750","","test","go","119","random","","",""
"","313","32","1045","0","test_block","poldrack-single-stim","134","210205","0.0-5.0-120.0","go-nogo","true","0","","true","<div class = centerbox><div  id = stim1></div></div>","32","32","750","","test","go","120","random","","",""
"","356","32","1308","0","test_block","poldrack-single-stim","135","211567","0.0-5.0-121.0","go-nogo","true","0","","true","<div class = centerbox><div  id = stim1></div></div>","32","32","750","","test","go","121","random","","",""
"","431","32","1214","0","test_block","poldrack-single-stim","136","212838","0.0-5.0-122.0","go-nogo","true","0","","true","<div class = centerbox><div  id = stim1></div></div>","32","32","750","","test","go","122","random","","",""
"","368","32","1360","0","test_block","poldrack-single-stim","137","214257","0.0-5.0-123.0","go-nogo","true","0","","true","<div class = centerbox><div  id = stim1></div></div>","32","32","750","","test","go","123","random","","",""
"","387","32","1229","0","test_block","poldrack-single-stim","138","215538","0.0-5.0-124.0","go-nogo","true","0","","true","<div class = centerbox><div  id = stim1></div></div>","32","32","750","","test","go","124","random","","",""
"","333","32","1144","0","test_block","poldrack-single-stim","139","216739","0.0-5.0-125.0","go-nogo","true","0","","true","<div class = centerbox><div  id = stim1></div></div>","32","32","750","","test","go","125","random","","",""
"","416","32","1272","0","test_block","poldrack-single-stim","140","218064","0.0-5.0-126.0","go-nogo","true","0","","true","<div class = centerbox><div  id = stim1></div></div>","32","32","750","","test","go","126","random","","",""
"","348","32","1417","0","test_block","poldrack-single-stim","141","219531","0.0-5.0-127.0","go-nogo","true","0","","true","<div class = centerbox><div  id = stim1></div></div>","32","32","750","","test","go","127","random","","",""
"","272","32","1130","0","test_block","poldrack-single-stim","142","220712","0.0-5.0-128.0","go-nogo","true","0","","true","<div class = centerbox><div  id = stim1></div></div>","32","32","750","","test","go","128","random","","",""
"","334","32","1070","0","test_block","poldrack-single-stim","143","221831","0.0-5.0-129.0","go-nogo","true","0","","true","<div class = centerbox><div  id = stim1></div></div>","32","32","750","","test","go","129","random","","",""
"","287","32","1287","0","test_block","poldrack-single-stim","144","223177","0.0-5.0-130.0","go-nogo","true","0","","true","<div class = centerbox><div  id = stim1></div></div>","32","32","750","","test","go","130","random","","",""
"","317","32","1300","0","test_block","poldrack-single-stim","145","224536","0.0-5.0-131.0","go-nogo","true","0","","true","<div class = centerbox><div  id = stim1></div></div>","32","32","750","","test","go","131","random","","",""
"","595","32","1365","0","test_block","poldrack-single-stim","146","225954","0.0-5.0-132.0","go-nogo","true","0","","true","<div class = centerbox><div  id = stim1></div></div>","32","32","750","","test","go","132","random","","",""
"","599","32","1253","0","test_block","poldrack-single-stim","147","227263","0.0-5.0-133.0","go-nogo","true","0","","true","<div class = centerbox><div  id = stim1></div></div>","32","32","750","","test","go","133","random","","",""
"","305","32","1295","0","test_block","poldrack-single-stim","148","228614","0.0-5.0-134.0","go-nogo","true","0","","true","<div class = centerbox><div  id = stim1></div></div>","32","32","750","","test","go","134","random","","",""
"","-1","-1","1286","0","test_block","poldrack-single-stim","149","229954","0.0-5.0-135.0","go-nogo","true","0","","true","<div class = centerbox><div  id = stim2></div></div>","-1","32","750","","test","nogo","135","random","","",""
"","346","32","1330","0","test_block","poldrack-single-stim","150","231338","0.0-5.0-136.0","go-nogo","true","0","","true","<div class = centerbox><div  id = stim1></div></div>","32","32","750","","test","go","136","random","","",""
"","271","32","1333","0","test_block","poldrack-single-stim","151","232725","0.0-5.0-137.0","go-nogo","true","0","","true","<div class = centerbox><div  id = stim1></div></div>","32","32","750","","test","go","137","random","","",""
"","-1","-1","1252","0","test_block","poldrack-single-stim","152","234033","0.0-5.0-138.0","go-nogo","true","0","","true","<div class = centerbox><div  id = stim2></div></div>","-1","32","750","","test","nogo","138","random","","",""
"","289","32","1001","0","test_block","poldrack-single-stim","153","235081","0.0-5.0-139.0","go-nogo","true","0","","true","<div class = centerbox><div  id = stim1></div></div>","32","32","750","","test","go","139","random","","",""
"","301","32","1218","0","test_block","poldrack-single-stim","154","236359","0.0-5.0-140.0","go-nogo","true","0","","true","<div class = centerbox><div  id = stim1></div></div>","32","32","750","","test","go","140","random","","",""
"","275","32","1336","0","test_block","poldrack-single-stim","155","237748","0.0-5.0-141.0","go-nogo","true","0","","true","<div class = centerbox><div  id = stim1></div></div>","32","32","750","","test","go","141","random","","",""
"","259","32","1446","0","test_block","poldrack-single-stim","156","239242","0.0-5.0-142.0","go-nogo","true","0","","true","<div class = centerbox><div  id = stim1></div></div>","32","32","750","","test","go","142","random","","",""
"","290","32","1131","0","test_block","poldrack-single-stim","157","240425","0.0-5.0-143.0","go-nogo","true","0","","true","<div class = centerbox><div  id = stim1></div></div>","32","32","750","","test","go","143","random","","",""
"","262","32","1291","0","test_block","poldrack-single-stim","158","241772","0.0-5.0-144.0","go-nogo","true","0","","true","<div class = centerbox><div  id = stim1></div></div>","32","32","750","","test","go","144","random","","",""
"","268","32","1408","0","test_block","poldrack-single-stim","159","243236","0.0-5.0-145.0","go-nogo","true","0","","true","<div class = centerbox><div  id = stim1></div></div>","32","32","750","","test","go","145","random","","",""
"","263","32","1299","0","test_block","poldrack-single-stim","160","244587","0.0-5.0-146.0","go-nogo","true","0","","true","<div class = centerbox><div  id = stim1></div></div>","32","32","750","","test","go","146","random","","",""
"","276","32","1473","0","test_block","poldrack-single-stim","161","246109","0.0-5.0-147.0","go-nogo","true","0","","true","<div class = centerbox><div  id = stim1></div></div>","32","32","750","","test","go","147","random","","",""
"","398","32","1369","0","test_block","poldrack-single-stim","162","247532","0.0-5.0-148.0","go-nogo","true","0","","true","<div class = centerbox><div  id = stim1></div></div>","32","32","750","","test","go","148","random","","",""
"","330","32","1141","0","test_block","poldrack-single-stim","163","248730","0.0-5.0-149.0","go-nogo","true","0","","true","<div class = centerbox><div  id = stim1></div></div>","32","32","750","","test","go","149","random","","",""
"","266","32","1328","0","test_block","poldrack-single-stim","164","250110","0.0-5.0-150.0","go-nogo","true","0","","true","<div class = centerbox><div  id = stim1></div></div>","32","32","750","","test","go","150","random","","",""
"","271","32","1187","0","test_block","poldrack-single-stim","165","251347","0.0-5.0-151.0","go-nogo","true","0","","true","<div class = centerbox><div  id = stim1></div></div>","32","32","750","","test","go","151","random","","",""
"","259","32","1269","0","test_block","poldrack-single-stim","166","252674","0.0-5.0-152.0","go-nogo","true","0","","true","<div class = centerbox><div  id = stim1></div></div>","32","32","750","","test","go","152","random","","",""
"","270","32","1203","0","test_block","poldrack-single-stim","167","253933","0.0-5.0-153.0","go-nogo","true","0","","true","<div class = centerbox><div  id = stim1></div></div>","32","32","750","","test","go","153","random","","",""
"","252","32","1363","0","test_block","poldrack-single-stim","168","255352","0.0-5.0-154.0","go-nogo","true","0","","true","<div class = centerbox><div  id = stim1></div></div>","32","32","750","","test","go","154","random","","",""
"","274","32","1453","0","test_block","poldrack-single-stim","169","256858","0.0-5.0-155.0","go-nogo","true","0","","true","<div class = centerbox><div  id = stim1></div></div>","32","32","750","","test","go","155","random","","",""
"","254","32","1441","0","test_block","poldrack-single-stim","170","258355","0.0-5.0-156.0","go-nogo","true","0","","true","<div class = centerbox><div  id = stim1></div></div>","32","32","750","","test","go","156","random","","",""
"","239","32","1285","0","test_block","poldrack-single-stim","171","259693","0.0-5.0-157.0","go-nogo","true","0","","false","<div class = centerbox><div  id = stim2></div></div>","-1","32","750","","test","nogo","157","random","","",""
"","671","32","1123","0","test_block","poldrack-single-stim","172","260868","0.0-5.0-158.0","go-nogo","true","0","","true","<div class = centerbox><div  id = stim1></div></div>","32","32","750","","test","go","158","random","","",""
"","373","32","1469","0","test_block","poldrack-single-stim","173","262383","0.0-5.0-159.0","go-nogo","true","0","","true","<div class = centerbox><div  id = stim1></div></div>","32","32","750","","test","go","159","random","","",""
"","361","32","1147","0","test_block","poldrack-single-stim","174","263585","0.0-5.0-160.0","go-nogo","true","0","","true","<div class = centerbox><div  id = stim1></div></div>","32","32","750","","test","go","160","random","","",""
"","347","32","1411","0","test_block","poldrack-single-stim","175","265048","0.0-5.0-161.0","go-nogo","true","0","","true","<div class = centerbox><div  id = stim1></div></div>","32","32","750","","test","go","161","random","","",""
"","356","32","1212","0","test_block","poldrack-single-stim","176","266311","0.0-5.0-162.0","go-nogo","true","0","","true","<div class = centerbox><div  id = stim1></div></div>","32","32","750","","test","go","162","random","","",""
"","333","32","1111","0","test_block","poldrack-single-stim","177","267490","0.0-5.0-163.0","go-nogo","true","0","","true","<div class = centerbox><div  id = stim1></div></div>","32","32","750","","test","go","163","random","","",""
"","382","32","1249","0","test_block","poldrack-single-stim","178","268795","0.0-5.0-164.0","go-nogo","true","0","","true","<div class = centerbox><div  id = stim1></div></div>","32","32","750","","test","go","164","random","","",""
"","352","32","1185","0","test_block","poldrack-single-stim","179","270033","0.0-5.0-165.0","go-nogo","true","0","","true","<div class = centerbox><div  id = stim1></div></div>","32","32","750","","test","go","165","random","","",""
"","318","32","1185","0","test_block","poldrack-single-stim","180","271266","0.0-5.0-166.0","go-nogo","true","0","","true","<div class = centerbox><div  id = stim1></div></div>","32","32","750","","test","go","166","random","","",""
"","333","32","1142","0","test_block","poldrack-single-stim","181","272457","0.0-5.0-167.0","go-nogo","true","0","","true","<div class = centerbox><div  id = stim1></div></div>","32","32","750","","test","go","167","random","","",""
"","340","32","1422","0","test_block","poldrack-single-stim","182","273929","0.0-5.0-168.0","go-nogo","true","0","","true","<div class = centerbox><div  id = stim1></div></div>","32","32","750","","test","go","168","random","","",""
"","380","32","1444","0","test_block","poldrack-single-stim","183","275424","0.0-5.0-169.0","go-nogo","true","0","","true","<div class = centerbox><div  id = stim1></div></div>","32","32","750","","test","go","169","random","","",""
"","-1","-1","1454","0","test_block","poldrack-single-stim","184","276932","0.0-5.0-170.0","go-nogo","true","0","","true","<div class = centerbox><div  id = stim2></div></div>","-1","32","750","","test","nogo","170","random","","",""
"","386","32","1209","0","test_block","poldrack-single-stim","185","278198","0.0-5.0-171.0","go-nogo","true","0","","true","<div class = centerbox><div  id = stim1></div></div>","32","32","750","","test","go","171","random","","",""
"","387","32","1249","0","test_block","poldrack-single-stim","186","279493","0.0-5.0-172.0","go-nogo","true","0","","true","<div class = centerbox><div  id = stim1></div></div>","32","32","750","","test","go","172","random","","",""
"","297","32","1056","0","test_block","poldrack-single-stim","187","280608","0.0-5.0-173.0","go-nogo","true","0","","true","<div class = centerbox><div  id = stim1></div></div>","32","32","750","","test","go","173","random","","",""
"","376","32","1338","0","test_block","poldrack-single-stim","188","282090","0.0-5.0-174.0","go-nogo","true","0","","true","<div class = centerbox><div  id = stim1></div></div>","32","32","750","","test","go","174","random","","",""
"","412","32","1487","0","test_block","poldrack-single-stim","189","283601","0.0-5.0-175.0","go-nogo","true","0","","true","<div class = centerbox><div  id = stim1></div></div>","32","32","750","","test","go","175","random","","",""
"","377","32","1417","0","test_block","poldrack-single-stim","190","285080","0.0-5.0-176.0","go-nogo","true","0","","true","<div class = centerbox><div  id = stim1></div></div>","32","32","750","","test","go","176","random","","",""
"","410","32","1189","0","test_block","poldrack-single-stim","191","286323","0.0-5.0-177.0","go-nogo","true","0","","true","<div class = centerbox><div  id = stim1></div></div>","32","32","750","","test","go","177","random","","",""
"","-1","-1","1371","0","test_block","poldrack-single-stim","192","287750","0.0-5.0-178.0","go-nogo","true","0","","true","<div class = centerbox><div  id = stim2></div></div>","-1","32","750","","test","nogo","178","random","","",""
"","343","32","1316","0","test_block","poldrack-single-stim","193","289124","0.0-5.0-179.0","go-nogo","true","0","","true","<div class = centerbox><div  id = stim1></div></div>","32","32","750","","test","go","179","random","","",""
"","331","32","1081","0","test_block","poldrack-single-stim","194","290262","0.0-5.0-180.0","go-nogo","true","0","","true","<div class = centerbox><div  id = stim1></div></div>","32","32","750","","test","go","180","random","","",""
"","305","32","1402","0","test_block","poldrack-single-stim","195","291720","0.0-5.0-181.0","go-nogo","true","0","","true","<div class = centerbox><div  id = stim1></div></div>","32","32","750","","test","go","181","random","","",""
"","432","32","1345","0","test_block","poldrack-single-stim","196","293121","0.0-5.0-182.0","go-nogo","true","0","","true","<div class = centerbox><div  id = stim1></div></div>","32","32","750","","test","go","182","random","","",""
"","374","32","1341","0","test_block","poldrack-single-stim","197","294535","0.0-5.0-183.0","go-nogo","true","0","","true","<div class = centerbox><div  id = stim1></div></div>","32","32","750","","test","go","183","random","","",""
"","314","32","1157","0","test_block","poldrack-single-stim","198","295748","0.0-5.0-184.0","go-nogo","true","0","","true","<div class = centerbox><div  id = stim1></div></div>","32","32","750","","test","go","184","random","","",""
"","318","32","1342","0","test_block","poldrack-single-stim","199","297152","0.0-5.0-185.0","go-nogo","true","0","","true","<div class = centerbox><div  id = stim1></div></div>","32","32","750","","test","go","185","random","","",""
"","268","32","1080","0","test_block","poldrack-single-stim","200","298283","0.0-5.0-186.0","go-nogo","true","0","","true","<div class = centerbox><div  id = stim1></div></div>","32","32","750","","test","go","186","random","","",""
"","276","32","1361","0","test_block","poldrack-single-stim","201","299700","0.0-5.0-187.0","go-nogo","true","0","","true","<div class = centerbox><div  id = stim1></div></div>","32","32","750","","test","go","187","random","","",""
"","293","32","1458","0","test_block","poldrack-single-stim","202","301212","0.0-5.0-188.0","go-nogo","true","0","","true","<div class = centerbox><div  id = stim1></div></div>","32","32","750","","test","go","188","random","","",""
"","306","32","1083","0","test_block","poldrack-single-stim","203","302353","0.0-5.0-189.0","go-nogo","true","0","","true","<div class = centerbox><div  id = stim1></div></div>","32","32","750","","test","go","189","random","","",""
"","296","32","1252","0","test_block","poldrack-single-stim","204","303660","0.0-5.0-190.0","go-nogo","true","0","","true","<div class = centerbox><div  id = stim1></div></div>","32","32","750","","test","go","190","random","","",""
"","288","32","1467","0","test_block","poldrack-single-stim","205","305187","0.0-5.0-191.0","go-nogo","true","0","","true","<div class = centerbox><div  id = stim1></div></div>","32","32","750","","test","go","191","random","","",""
"","300","32","1393","0","test_block","poldrack-single-stim","206","306628","0.0-5.0-192.0","go-nogo","true","0","","true","<div class = centerbox><div  id = stim1></div></div>","32","32","750","","test","go","192","random","","",""
"","276","32","1052","0","test_block","poldrack-single-stim","207","307735","0.0-5.0-193.0","go-nogo","true","0","","true","<div class = centerbox><div  id = stim1></div></div>","32","32","750","","test","go","193","random","","",""
"","289","32","1214","0","test_block","poldrack-single-stim","208","309005","0.0-5.0-194.0","go-nogo","true","0","","false","<div class = centerbox><div  id = stim2></div></div>","-1","32","750","","test","nogo","194","random","","",""
"","411","32","1210","0","test_block","poldrack-single-stim","209","310263","0.0-5.0-195.0","go-nogo","true","0","","true","<div class = centerbox><div  id = stim1></div></div>","32","32","750","","test","go","195","random","","",""
"","326","32","1044","0","test_block","poldrack-single-stim","210","311358","0.0-5.0-196.0","go-nogo","true","0","","true","<div class = centerbox><div  id = stim1></div></div>","32","32","750","","test","go","196","random","","",""
"","-1","-1","1293","0","test_block","poldrack-single-stim","211","312710","0.0-5.0-197.0","go-nogo","true","0","","true","<div class = centerbox><div  id = stim2></div></div>","-1","32","750","","test","nogo","197","random","","",""
"","350","32","1193","0","test_block","poldrack-single-stim","212","313955","0.0-5.0-198.0","go-nogo","true","0","","true","<div class = centerbox><div  id = stim1></div></div>","32","32","750","","test","go","198","random","","",""
"","-1","-1","1126","0","test_block","poldrack-single-stim","213","315130","0.0-5.0-199.0","go-nogo","true","0","","true","<div class = centerbox><div  id = stim2></div></div>","-1","32","750","","test","nogo","199","random","","",""
"","336","32","1045","0","test_block","poldrack-single-stim","214","316228","0.0-5.0-200.0","go-nogo","true","0","","true","<div class = centerbox><div  id = stim1></div></div>","32","32","750","","test","go","200","random","","",""
"","319","32","1443","0","test_block","poldrack-single-stim","215","317723","0.0-5.0-201.0","go-nogo","true","0","","true","<div class = centerbox><div  id = stim1></div></div>","32","32","750","","test","go","201","random","","",""
"","336","32","1382","0","test_block","poldrack-single-stim","216","319150","0.0-5.0-202.0","go-nogo","true","0","","true","<div class = centerbox><div  id = stim1></div></div>","32","32","750","","test","go","202","random","","",""
"","315","32","1276","0","test_block","poldrack-single-stim","217","320480","0.0-5.0-203.0","go-nogo","true","0","","true","<div class = centerbox><div  id = stim1></div></div>","32","32","750","","test","go","203","random","","",""
"","316","32","1096","0","test_block","poldrack-single-stim","218","321629","0.0-5.0-204.0","go-nogo","true","0","","true","<div class = centerbox><div  id = stim1></div></div>","32","32","750","","test","go","204","random","","",""
"","291","32","1055","0","test_block","poldrack-single-stim","219","322739","0.0-5.0-205.0","go-nogo","true","0","","true","<div class = centerbox><div  id = stim1></div></div>","32","32","750","","test","go","205","random","","",""
"","286","32","1066","0","test_block","poldrack-single-stim","220","323860","0.0-5.0-206.0","go-nogo","true","0","","true","<div class = centerbox><div  id = stim1></div></div>","32","32","750","","test","go","206","random","","",""
"","295","32","1041","0","test_block","poldrack-single-stim","221","324963","0.0-5.0-207.0","go-nogo","true","0","","true","<div class = centerbox><div  id = stim1></div></div>","32","32","750","","test","go","207","random","","",""
"","276","32","1211","0","test_block","poldrack-single-stim","222","326222","0.0-5.0-208.0","go-nogo","true","0","","true","<div class = centerbox><div  id = stim1></div></div>","32","32","750","","test","go","208","random","","",""
"","282","32","1477","0","test_block","poldrack-single-stim","223","327747","0.0-5.0-209.0","go-nogo","true","0","","true","<div class = centerbox><div  id = stim1></div></div>","32","32","750","","test","go","209","random","","",""
"","280","32","1463","0","test_block","poldrack-single-stim","224","329262","0.0-5.0-210.0","go-nogo","true","0","","true","<div class = centerbox><div  id = stim1></div></div>","32","32","750","","test","go","210","random","","",""
"","308","32","1183","0","test_block","poldrack-single-stim","225","330498","0.0-5.0-211.0","go-nogo","true","0","","true","<div class = centerbox><div  id = stim1></div></div>","32","32","750","","test","go","211","random","","",""
"","303","32","1170","0","test_block","poldrack-single-stim","226","331723","0.0-5.0-212.0","go-nogo","true","0","","true","<div class = centerbox><div  id = stim1></div></div>","32","32","750","","test","go","212","random","","",""
"","242","32","1110","0","test_block","poldrack-single-stim","227","332884","0.0-5.0-213.0","go-nogo","true","0","","true","<div class = centerbox><div  id = stim1></div></div>","32","32","750","","test","go","213","random","","",""
"","-1","-1","1372","0","test_block","poldrack-single-stim","228","334308","0.0-5.0-214.0","go-nogo","true","0","","true","<div class = centerbox><div  id = stim2></div></div>","-1","32","750","","test","nogo","214","random","","",""
"","383","32","1013","0","test_block","poldrack-single-stim","229","335383","0.0-5.0-215.0","go-nogo","true","0","","true","<div class = centerbox><div  id = stim1></div></div>","32","32","750","","test","go","215","random","","",""
"","357","32","1078","0","test_block","poldrack-single-stim","230","336495","0.0-5.0-216.0","go-nogo","true","0","","true","<div class = centerbox><div  id = stim1></div></div>","32","32","750","","test","go","216","random","","",""
"","351","32","1222","0","test_block","poldrack-single-stim","231","337774","0.0-5.0-217.0","go-nogo","true","0","","true","<div class = centerbox><div  id = stim1></div></div>","32","32","750","","test","go","217","random","","",""
"","349","32","1344","0","test_block","poldrack-single-stim","232","339171","0.0-5.0-218.0","go-nogo","true","0","","true","<div class = centerbox><div  id = stim1></div></div>","32","32","750","","test","go","218","random","","",""
"","370","32","1315","0","test_block","poldrack-single-stim","233","340545","0.0-5.0-219.0","go-nogo","true","0","","true","<div class = centerbox><div  id = stim1></div></div>","32","32","750","","test","go","219","random","","",""
"","378","32","1218","0","test_block","poldrack-single-stim","234","341808","0.0-5.0-220.0","go-nogo","true","0","","true","<div class = centerbox><div  id = stim1></div></div>","32","32","750","","test","go","220","random","","",""
"","358","32","1074","0","test_block","poldrack-single-stim","235","342939","0.0-5.0-221.0","go-nogo","true","0","","true","<div class = centerbox><div  id = stim1></div></div>","32","32","750","","test","go","221","random","","",""
"","324","32","1091","0","test_block","poldrack-single-stim","236","344078","0.0-5.0-222.0","go-nogo","true","0","","true","<div class = centerbox><div  id = stim1></div></div>","32","32","750","","test","go","222","random","","",""
"","297","32","1027","0","test_block","poldrack-single-stim","237","345162","0.0-5.0-223.0","go-nogo","true","0","","true","<div class = centerbox><div  id = stim1></div></div>","32","32","750","","test","go","223","random","","",""
"","317","32","1388","0","test_block","poldrack-single-stim","238","346607","0.0-5.0-224.0","go-nogo","true","0","","true","<div class = centerbox><div  id = stim1></div></div>","32","32","750","","test","go","224","random","","",""
"","332","32","1344","0","test_block","poldrack-single-stim","239","348013","0.0-5.0-225.0","go-nogo","true","0","","true","<div class = centerbox><div  id = stim1></div></div>","32","32","750","","test","go","225","random","","",""
"","348","32","1451","0","test_block","poldrack-single-stim","240","349518","0.0-5.0-226.0","go-nogo","true","0","","true","<div class = centerbox><div  id = stim1></div></div>","32","32","750","","test","go","226","random","","",""
"","401","32","1252","0","test_block","poldrack-single-stim","241","350826","0.0-5.0-227.0","go-nogo","true","0","","true","<div class = centerbox><div  id = stim1></div></div>","32","32","750","","test","go","227","random","","",""
"","405","32","1397","0","test_block","poldrack-single-stim","242","352272","0.0-5.0-228.0","go-nogo","true","0","","true","<div class = centerbox><div  id = stim1></div></div>","32","32","750","","test","go","228","random","","",""
"","358","32","1121","0","test_block","poldrack-single-stim","243","353451","0.0-5.0-229.0","go-nogo","true","0","","true","<div class = centerbox><div  id = stim1></div></div>","32","32","750","","test","go","229","random","","",""
"","320","32","1066","0","test_block","poldrack-single-stim","244","354578","0.0-5.0-230.0","go-nogo","true","0","","true","<div class = centerbox><div  id = stim1></div></div>","32","32","750","","test","go","230","random","","",""
"","309","32","1449","0","test_block","poldrack-single-stim","245","356083","0.0-5.0-231.0","go-nogo","true","0","","true","<div class = centerbox><div  id = stim1></div></div>","32","32","750","","test","go","231","random","","",""
"","-1","-1","1055","0","test_block","poldrack-single-stim","246","357184","0.0-5.0-232.0","go-nogo","true","0","","true","<div class = centerbox><div  id = stim2></div></div>","-1","32","750","","test","nogo","232","random","","",""
"","336","32","1154","0","test_block","poldrack-single-stim","247","358402","0.0-5.0-233.0","go-nogo","true","0","","true","<div class = centerbox><div  id = stim1></div></div>","32","32","750","","test","go","233","random","","",""
"","327","32","1017","0","test_block","poldrack-single-stim","248","359474","0.0-5.0-234.0","go-nogo","true","0","","true","<div class = centerbox><div  id = stim1></div></div>","32","32","750","","test","go","234","random","","",""
"","342","32","1210","0","test_block","poldrack-single-stim","249","360739","0.0-5.0-235.0","go-nogo","true","0","","true","<div class = centerbox><div  id = stim1></div></div>","32","32","750","","test","go","235","random","","",""
"","377","32","1338","0","test_block","poldrack-single-stim","250","362136","0.0-5.0-236.0","go-nogo","true","0","","true","<div class = centerbox><div  id = stim1></div></div>","32","32","750","","test","go","236","random","","",""
"","362","32","1041","0","test_block","poldrack-single-stim","251","363223","0.0-5.0-237.0","go-nogo","true","0","","true","<div class = centerbox><div  id = stim1></div></div>","32","32","750","","test","go","237","random","","",""
"","300","32","1036","0","test_block","poldrack-single-stim","252","364312","0.0-5.0-238.0","go-nogo","true","0","","true","<div class = centerbox><div  id = stim1></div></div>","32","32","750","","test","go","238","random","","",""
"","267","32","1391","0","test_block","poldrack-single-stim","253","365755","0.0-5.0-239.0","go-nogo","true","0","","true","<div class = centerbox><div  id = stim1></div></div>","32","32","750","","test","go","239","random","","",""
"","359","32","1064","0","test_block","poldrack-single-stim","254","366872","0.0-5.0-240.0","go-nogo","true","0","","true","<div class = centerbox><div  id = stim1></div></div>","32","32","750","","test","go","240","random","","",""
"","288","32","1416","0","test_block","poldrack-single-stim","255","368343","0.0-5.0-241.0","go-nogo","true","0","","true","<div class = centerbox><div  id = stim1></div></div>","32","32","750","","test","go","241","random","","",""
"","340","32","1362","0","test_block","poldrack-single-stim","256","369757","0.0-5.0-242.0","go-nogo","true","0","","true","<div class = centerbox><div  id = stim1></div></div>","32","32","750","","test","go","242","random","","",""
"","349","32","1318","0","test_block","poldrack-single-stim","257","371120","0.0-5.0-243.0","go-nogo","true","0","","true","<div class = centerbox><div  id = stim1></div></div>","32","32","750","","test","go","243","random","","",""
"","336","32","1379","0","test_block","poldrack-single-stim","258","372555","0.0-5.0-244.0","go-nogo","true","0","","true","<div class = centerbox><div  id = stim1></div></div>","32","32","750","","test","go","244","random","","",""
"","334","32","1261","0","test_block","poldrack-single-stim","259","373870","0.0-5.0-245.0","go-nogo","true","0","","true","<div class = centerbox><div  id = stim1></div></div>","32","32","750","","test","go","245","random","","",""
"","280","32","1250","0","test_block","poldrack-single-stim","260","375178","0.0-5.0-246.0","go-nogo","true","0","","true","<div class = centerbox><div  id = stim1></div></div>","32","32","750","","test","go","246","random","","",""
"","309","32","1382","0","test_block","poldrack-single-stim","261","376618","0.0-5.0-247.0","go-nogo","true","0","","true","<div class = centerbox><div  id = stim1></div></div>","32","32","750","","test","go","247","random","","",""
"","351","32","1001","0","test_block","poldrack-single-stim","262","377674","0.0-5.0-248.0","go-nogo","true","0","","true","<div class = centerbox><div  id = stim1></div></div>","32","32","750","","test","go","248","random","","",""
"","325","32","1284","0","test_block","poldrack-single-stim","263","379014","0.0-5.0-249.0","go-nogo","true","0","","true","<div class = centerbox><div  id = stim1></div></div>","32","32","750","","test","go","249","random","","",""
"","431","32","1423","0","test_block","poldrack-single-stim","264","380495","0.0-5.0-250.0","go-nogo","true","0","","true","<div class = centerbox><div  id = stim1></div></div>","32","32","750","","test","go","250","random","","",""
"","408","32","1086","0","test_block","poldrack-single-stim","265","381628","0.0-5.0-251.0","go-nogo","true","0","","true","<div class = centerbox><div  id = stim1></div></div>","32","32","750","","test","go","251","random","","",""
"","351","32","1233","0","test_block","poldrack-single-stim","266","382913","0.0-5.0-252.0","go-nogo","true","0","","true","<div class = centerbox><div  id = stim1></div></div>","32","32","750","","test","go","252","random","","",""
"","327","32","1010","0","test_block","poldrack-single-stim","267","383979","0.0-5.0-253.0","go-nogo","true","0","","true","<div class = centerbox><div  id = stim1></div></div>","32","32","750","","test","go","253","random","","",""
"","403","32","1394","0","test_block","poldrack-single-stim","268","385422","0.0-5.0-254.0","go-nogo","true","0","","true","<div class = centerbox><div  id = stim1></div></div>","32","32","750","","test","go","254","random","","",""
"","333","32","1485","0","test_block","poldrack-single-stim","269","386959","0.0-5.0-255.0","go-nogo","true","0","","true","<div class = centerbox><div  id = stim1></div></div>","32","32","750","","test","go","255","random","","",""
"","346","32","1157","0","test_block","poldrack-single-stim","270","388170","0.0-5.0-256.0","go-nogo","true","0","","true","<div class = centerbox><div  id = stim1></div></div>","32","32","750","","test","go","256","random","","",""
"","307","32","1091","0","test_block","poldrack-single-stim","271","389311","0.0-5.0-257.0","go-nogo","true","0","","true","<div class = centerbox><div  id = stim1></div></div>","32","32","750","","test","go","257","random","","",""
"","-1","-1","1146","0","test_block","poldrack-single-stim","272","390513","0.0-5.0-258.0","go-nogo","true","0","","true","<div class = centerbox><div  id = stim2></div></div>","-1","32","750","","test","nogo","258","random","","",""
"","304","32","1100","0","test_block","poldrack-single-stim","273","391666","0.0-5.0-259.0","go-nogo","true","0","","true","<div class = centerbox><div  id = stim1></div></div>","32","32","750","","test","go","259","random","","",""
"","269","32","1328","0","test_block","poldrack-single-stim","274","393048","0.0-5.0-260.0","go-nogo","true","0","","true","<div class = centerbox><div  id = stim1></div></div>","32","32","750","","test","go","260","random","","",""
"","255","32","1014","0","test_block","poldrack-single-stim","275","394103","0.0-5.0-261.0","go-nogo","true","0","","true","<div class = centerbox><div  id = stim1></div></div>","32","32","750","","test","go","261","random","","",""
"","259","32","1206","0","test_block","poldrack-single-stim","276","395361","0.0-5.0-262.0","go-nogo","true","0","","true","<div class = centerbox><div  id = stim1></div></div>","32","32","750","","test","go","262","random","","",""
"","332","32","1088","0","test_block","poldrack-single-stim","277","396508","0.0-5.0-263.0","go-nogo","true","0","","true","<div class = centerbox><div  id = stim1></div></div>","32","32","750","","test","go","263","random","","",""
"","307","32","1456","0","test_block","poldrack-single-stim","278","398019","0.0-5.0-264.0","go-nogo","true","0","","true","<div class = centerbox><div  id = stim1></div></div>","32","32","750","","test","go","264","random","","",""
"","320","32","1268","0","test_block","poldrack-single-stim","279","399339","0.0-5.0-265.0","go-nogo","true","0","","true","<div class = centerbox><div  id = stim1></div></div>","32","32","750","","test","go","265","random","","",""
"","284","32","1405","0","test_block","poldrack-single-stim","280","400799","0.0-5.0-266.0","go-nogo","true","0","","true","<div class = centerbox><div  id = stim1></div></div>","32","32","750","","test","go","266","random","","",""
"","267","32","1191","0","test_block","poldrack-single-stim","281","402043","0.0-5.0-267.0","go-nogo","true","0","","true","<div class = centerbox><div  id = stim1></div></div>","32","32","750","","test","go","267","random","","",""
"","281","32","1034","0","test_block","poldrack-single-stim","282","403136","0.0-5.0-268.0","go-nogo","true","0","","true","<div class = centerbox><div  id = stim1></div></div>","32","32","750","","test","go","268","random","","",""
"","268","32","1416","0","test_block","poldrack-single-stim","283","404603","0.0-5.0-269.0","go-nogo","true","0","","true","<div class = centerbox><div  id = stim1></div></div>","32","32","750","","test","go","269","random","","",""
"","297","32","1207","0","test_block","poldrack-single-stim","284","405869","0.0-5.0-270.0","go-nogo","true","0","","true","<div class = centerbox><div  id = stim1></div></div>","32","32","750","","test","go","270","random","","",""
"","306","32","1248","0","test_block","poldrack-single-stim","285","407173","0.0-5.0-271.0","go-nogo","true","0","","true","<div class = centerbox><div  id = stim1></div></div>","32","32","750","","test","go","271","random","","",""
"","241","32","1194","0","test_block","poldrack-single-stim","286","408408","0.0-5.0-272.0","go-nogo","true","0","","true","<div class = centerbox><div  id = stim1></div></div>","32","32","750","","test","go","272","random","","",""
"","313","32","1432","0","test_block","poldrack-single-stim","287","409894","0.0-5.0-273.0","go-nogo","true","0","","true","<div class = centerbox><div  id = stim1></div></div>","32","32","750","","test","go","273","random","","",""
"","354","32","1044","0","test_block","poldrack-single-stim","288","410993","0.0-5.0-274.0","go-nogo","true","0","","true","<div class = centerbox><div  id = stim1></div></div>","32","32","750","","test","go","274","random","","",""
"","275","32","1012","0","test_block","poldrack-single-stim","289","412055","0.0-5.0-275.0","go-nogo","true","0","","true","<div class = centerbox><div  id = stim1></div></div>","32","32","750","","test","go","275","random","","",""
"","293","32","1438","0","test_block","poldrack-single-stim","290","413544","0.0-5.0-276.0","go-nogo","true","0","","true","<div class = centerbox><div  id = stim1></div></div>","32","32","750","","test","go","276","random","","",""
"","310","32","1418","0","test_block","poldrack-single-stim","291","415011","0.0-5.0-277.0","go-nogo","true","0","","true","<div class = centerbox><div  id = stim1></div></div>","32","32","750","","test","go","277","random","","",""
"","300","32","1276","0","test_block","poldrack-single-stim","292","416342","0.0-5.0-278.0","go-nogo","true","0","","true","<div class = centerbox><div  id = stim1></div></div>","32","32","750","","test","go","278","random","","",""
"","299","32","1364","0","test_block","poldrack-single-stim","293","417769","0.0-5.0-279.0","go-nogo","true","0","","true","<div class = centerbox><div  id = stim1></div></div>","32","32","750","","test","go","279","random","","",""
"","303","32","1116","0","test_block","poldrack-single-stim","294","418939","0.0-5.0-280.0","go-nogo","true","0","","true","<div class = centerbox><div  id = stim1></div></div>","32","32","750","","test","go","280","random","","",""
"","272","32","1123","0","test_block","poldrack-single-stim","295","420121","0.0-5.0-281.0","go-nogo","true","0","","true","<div class = centerbox><div  id = stim1></div></div>","32","32","750","","test","go","281","random","","",""
"","260","32","1052","0","test_block","poldrack-single-stim","296","421230","0.0-5.0-282.0","go-nogo","true","0","","true","<div class = centerbox><div  id = stim1></div></div>","32","32","750","","test","go","282","random","","",""
"","280","32","1131","0","test_block","poldrack-single-stim","297","422409","0.0-5.0-283.0","go-nogo","true","0","","true","<div class = centerbox><div  id = stim1></div></div>","32","32","750","","test","go","283","random","","",""
"","-1","-1","1098","0","test_block","poldrack-single-stim","298","423560","0.0-5.0-284.0","go-nogo","true","0","","true","<div class = centerbox><div  id = stim2></div></div>","-1","32","750","","test","nogo","284","random","","",""
"","316","32","1034","0","test_block","poldrack-single-stim","299","424644","0.0-5.0-285.0","go-nogo","true","0","","true","<div class = centerbox><div  id = stim1></div></div>","32","32","750","","test","go","285","random","","",""
"","317","32","1279","0","test_block","poldrack-single-stim","300","425976","0.0-5.0-286.0","go-nogo","true","0","","true","<div class = centerbox><div  id = stim1></div></div>","32","32","750","","test","go","286","random","","",""
"","295","32","1427","0","test_block","poldrack-single-stim","301","427451","0.0-5.0-287.0","go-nogo","true","0","","true","<div class = centerbox><div  id = stim1></div></div>","32","32","750","","test","go","287","random","","",""
"","302","32","1222","0","test_block","poldrack-single-stim","302","428720","0.0-5.0-288.0","go-nogo","true","0","","true","<div class = centerbox><div  id = stim1></div></div>","32","32","750","","test","go","288","random","","",""
"","275","32","1232","0","test_block","poldrack-single-stim","303","430003","0.0-5.0-289.0","go-nogo","true","0","","true","<div class = centerbox><div  id = stim1></div></div>","32","32","750","","test","go","289","random","","",""
"","268","32","1116","0","test_block","poldrack-single-stim","304","431175","0.0-5.0-290.0","go-nogo","true","0","","true","<div class = centerbox><div  id = stim1></div></div>","32","32","750","","test","go","290","random","","",""
"","284","32","1355","0","test_block","poldrack-single-stim","305","432582","0.0-5.0-291.0","go-nogo","true","0","","true","<div class = centerbox><div  id = stim1></div></div>","32","32","750","","test","go","291","random","","",""
"","268","32","1436","0","test_block","poldrack-single-stim","306","434070","0.0-5.0-292.0","go-nogo","true","0","","true","<div class = centerbox><div  id = stim1></div></div>","32","32","750","","test","go","292","random","","",""
"","324","32","1349","0","test_block","poldrack-single-stim","307","435473","0.0-5.0-293.0","go-nogo","true","0","","true","<div class = centerbox><div  id = stim1></div></div>","32","32","750","","test","go","293","random","","",""
"","290","32","1468","0","test_block","poldrack-single-stim","308","436993","0.0-5.0-294.0","go-nogo","true","0","","true","<div class = centerbox><div  id = stim1></div></div>","32","32","750","","test","go","294","random","","",""
"","287","32","1174","0","test_block","poldrack-single-stim","309","438221","0.0-5.0-295.0","go-nogo","true","0","","true","<div class = centerbox><div  id = stim1></div></div>","32","32","750","","test","go","295","random","","",""
"","305","32","1151","0","test_block","poldrack-single-stim","310","439429","0.0-5.0-296.0","go-nogo","true","0","","true","<div class = centerbox><div  id = stim1></div></div>","32","32","750","","test","go","296","random","","",""
"","252","32","1172","0","test_block","poldrack-single-stim","311","440655","0.0-5.0-297.0","go-nogo","true","0","","true","<div class = centerbox><div  id = stim1></div></div>","32","32","750","","test","go","297","random","","",""
"","73","32","1332","0","test_block","poldrack-single-stim","312","442041","0.0-5.0-298.0","go-nogo","true","0","","false","<div class = centerbox><div  id = stim2></div></div>","-1","32","750","","test","nogo","298","random","","",""
"","625","32","1109","0","test_block","poldrack-single-stim","313","443202","0.0-5.0-299.0","go-nogo","true","0","","true","<div class = centerbox><div  id = stim1></div></div>","32","32","750","","test","go","299","random","","",""
"","311","32","1279","0","test_block","poldrack-single-stim","314","444535","0.0-5.0-300.0","go-nogo","true","0","","true","<div class = centerbox><div  id = stim1></div></div>","32","32","750","","test","go","300","random","","",""
"","285","32","1202","0","test_block","poldrack-single-stim","315","445788","0.0-5.0-301.0","go-nogo","true","0","","true","<div class = centerbox><div  id = stim1></div></div>","32","32","750","","test","go","301","random","","",""
"","284","32","1210","0","test_block","poldrack-single-stim","316","447052","0.0-5.0-302.0","go-nogo","true","0","","true","<div class = centerbox><div  id = stim1></div></div>","32","32","750","","test","go","302","random","","",""
"","289","32","1168","0","test_block","poldrack-single-stim","317","448278","0.0-5.0-303.0","go-nogo","true","0","","true","<div class = centerbox><div  id = stim1></div></div>","32","32","750","","test","go","303","random","","",""
"","232","32","1065","0","test_block","poldrack-single-stim","318","449400","0.0-5.0-304.0","go-nogo","true","0","","true","<div class = centerbox><div  id = stim1></div></div>","32","32","750","","test","go","304","random","","",""
"","226","32","1018","0","test_block","poldrack-single-stim","319","450471","0.0-5.0-305.0","go-nogo","true","0","","true","<div class = centerbox><div  id = stim1></div></div>","32","32","750","","test","go","305","random","","",""
"","315","32","1296","0","test_block","poldrack-single-stim","320","451819","0.0-5.0-306.0","go-nogo","true","0","","false","<div class = centerbox><div  id = stim2></div></div>","-1","32","750","","test","nogo","306","random","","",""
"","599","32","1387","0","test_block","poldrack-single-stim","321","453259","0.0-5.0-307.0","go-nogo","true","0","","true","<div class = centerbox><div  id = stim1></div></div>","32","32","750","","test","go","307","random","","",""
"","336","32","1396","0","test_block","poldrack-single-stim","322","454706","0.0-5.0-308.0","go-nogo","true","0","","true","<div class = centerbox><div  id = stim1></div></div>","32","32","750","","test","go","308","random","","",""
"","271","32","1114","0","test_block","poldrack-single-stim","323","455875","0.0-5.0-309.0","go-nogo","true","0","","true","<div class = centerbox><div  id = stim1></div></div>","32","32","750","","test","go","309","random","","",""
"","282","32","1228","0","test_block","poldrack-single-stim","324","457153","0.0-5.0-310.0","go-nogo","true","0","","true","<div class = centerbox><div  id = stim1></div></div>","32","32","750","","test","go","310","random","","",""
"","262","32","1352","0","test_block","poldrack-single-stim","325","458560","0.0-5.0-311.0","go-nogo","true","0","","true","<div class = centerbox><div  id = stim1></div></div>","32","32","750","","test","go","311","random","","",""
"","242","32","1467","0","test_block","poldrack-single-stim","326","460079","0.0-5.0-312.0","go-nogo","true","0","","true","<div class = centerbox><div  id = stim1></div></div>","32","32","750","","test","go","312","random","","",""
"","328","32","1184","0","test_block","poldrack-single-stim","327","461318","0.0-5.0-313.0","go-nogo","true","0","","true","<div class = centerbox><div  id = stim1></div></div>","32","32","750","","test","go","313","random","","",""
"","375","32","1131","0","test_block","poldrack-single-stim","328","462498","0.0-5.0-314.0","go-nogo","true","0","","true","<div class = centerbox><div  id = stim1></div></div>","32","32","750","","test","go","314","random","","",""
"","316","32","1265","0","test_block","poldrack-single-stim","329","463820","0.0-5.0-315.0","go-nogo","true","0","","true","<div class = centerbox><div  id = stim1></div></div>","32","32","750","","test","go","315","random","","",""
"","358","32","1230","0","test_block","poldrack-single-stim","330","465102","0.0-5.0-316.0","go-nogo","true","0","","true","<div class = centerbox><div  id = stim1></div></div>","32","32","750","","test","go","316","random","","",""
"","332","32","1366","0","test_block","poldrack-single-stim","331","466521","0.0-5.0-317.0","go-nogo","true","0","","true","<div class = centerbox><div  id = stim1></div></div>","32","32","750","","test","go","317","random","","",""
"","273","32","1237","0","test_block","poldrack-single-stim","332","467811","0.0-5.0-318.0","go-nogo","true","0","","true","<div class = centerbox><div  id = stim1></div></div>","32","32","750","","test","go","318","random","","",""
"","262","32","1134","0","test_block","poldrack-single-stim","333","468999","0.0-5.0-319.0","go-nogo","true","0","","true","<div class = centerbox><div  id = stim1></div></div>","32","32","750","","test","go","319","random","","",""
"","267","32","1392","0","test_block","poldrack-single-stim","334","470443","0.0-5.0-320.0","go-nogo","true","0","","true","<div class = centerbox><div  id = stim1></div></div>","32","32","750","","test","go","320","random","","",""
"","252","32","1419","0","test_block","poldrack-single-stim","335","471918","0.0-5.0-321.0","go-nogo","true","0","","true","<div class = centerbox><div  id = stim1></div></div>","32","32","750","","test","go","321","random","","",""
"","251","32","1130","0","test_block","poldrack-single-stim","336","473102","0.0-5.0-322.0","go-nogo","true","0","","true","<div class = centerbox><div  id = stim1></div></div>","32","32","750","","test","go","322","random","","",""
"","258","32","1456","0","test_block","poldrack-single-stim","337","474612","0.0-5.0-323.0","go-nogo","true","0","","true","<div class = centerbox><div  id = stim1></div></div>","32","32","750","","test","go","323","random","","",""
"","284","32","1210","0","test_block","poldrack-single-stim","338","475876","0.0-5.0-324.0","go-nogo","true","0","","true","<div class = centerbox><div  id = stim1></div></div>","32","32","750","","test","go","324","random","","",""
"","294","32","1440","0","test_block","poldrack-single-stim","339","477360","0.0-5.0-325.0","go-nogo","true","0","","true","<div class = centerbox><div  id = stim1></div></div>","32","32","750","","test","go","325","random","","",""
"","300","32","1398","0","test_block","poldrack-single-stim","340","478792","0.0-5.0-326.0","go-nogo","true","0","","true","<div class = centerbox><div  id = stim1></div></div>","32","32","750","","test","go","326","random","","",""
"","271","32","1268","0","test_block","poldrack-single-stim","341","480115","0.0-5.0-327.0","go-nogo","true","0","","true","<div class = centerbox><div  id = stim1></div></div>","32","32","750","","test","go","327","random","","",""
"","273","32","1290","0","test_block","poldrack-single-stim","342","481464","0.0-5.0-328.0","go-nogo","true","0","","true","<div class = centerbox><div  id = stim1></div></div>","32","32","750","","test","go","328","random","","",""
"","291","32","1148","0","test_block","poldrack-single-stim","343","482672","0.0-5.0-329.0","go-nogo","true","0","","true","<div class = centerbox><div  id = stim1></div></div>","32","32","750","","test","go","329","random","","",""
"","270","32","1250","0","test_block","poldrack-single-stim","344","483970","0.0-5.0-330.0","go-nogo","true","0","","true","<div class = centerbox><div  id = stim1></div></div>","32","32","750","","test","go","330","random","","",""
"","-1","-1","1041","0","test_block","poldrack-single-stim","345","485066","0.0-5.0-331.0","go-nogo","true","0","","true","<div class = centerbox><div  id = stim2></div></div>","-1","32","750","","test","nogo","331","random","","",""
"","317","32","1194","0","test_block","poldrack-single-stim","346","486316","0.0-5.0-332.0","go-nogo","true","0","","true","<div class = centerbox><div  id = stim1></div></div>","32","32","750","","test","go","332","random","","",""
"","317","32","1335","0","test_block","poldrack-single-stim","347","487704","0.0-5.0-333.0","go-nogo","true","0","","true","<div class = centerbox><div  id = stim1></div></div>","32","32","750","","test","go","333","random","","",""
"","284","32","1460","0","test_block","poldrack-single-stim","348","489214","0.0-5.0-334.0","go-nogo","true","0","","true","<div class = centerbox><div  id = stim1></div></div>","32","32","750","","test","go","334","random","","",""
"","305","32","1102","0","test_block","poldrack-single-stim","349","490371","0.0-5.0-335.0","go-nogo","true","0","","true","<div class = centerbox><div  id = stim1></div></div>","32","32","750","","test","go","335","random","","",""
"","256","32","1189","0","test_block","poldrack-single-stim","350","491611","0.0-5.0-336.0","go-nogo","true","0","","true","<div class = centerbox><div  id = stim1></div></div>","32","32","750","","test","go","336","random","","",""
"","237","32","1272","0","test_block","poldrack-single-stim","351","492938","0.0-5.0-337.0","go-nogo","true","0","","true","<div class = centerbox><div  id = stim1></div></div>","32","32","750","","test","go","337","random","","",""
"","250","32","1010","0","test_block","poldrack-single-stim","352","494006","0.0-5.0-338.0","go-nogo","true","0","","true","<div class = centerbox><div  id = stim1></div></div>","32","32","750","","test","go","338","random","","",""
"","310","32","1391","0","test_block","poldrack-single-stim","353","495447","0.0-5.0-339.0","go-nogo","true","0","","false","<div class = centerbox><div  id = stim2></div></div>","-1","32","750","","test","nogo","339","random","","",""
"","648","32","1314","0","test_block","poldrack-single-stim","354","496808","0.0-5.0-340.0","go-nogo","true","0","","true","<div class = centerbox><div  id = stim1></div></div>","32","32","750","","test","go","340","random","","",""
"","333","32","1469","0","test_block","poldrack-single-stim","355","498335","0.0-5.0-341.0","go-nogo","true","0","","true","<div class = centerbox><div  id = stim1></div></div>","32","32","750","","test","go","341","random","","",""
"","459","32","1316","0","test_block","poldrack-single-stim","356","499697","0.0-5.0-342.0","go-nogo","true","0","","true","<div class = centerbox><div  id = stim1></div></div>","32","32","750","","test","go","342","random","","",""
"","289","32","1492","0","test_block","poldrack-single-stim","357","501241","0.0-5.0-343.0","go-nogo","true","0","","true","<div class = centerbox><div  id = stim1></div></div>","32","32","750","","test","go","343","random","","",""
"","304","32","1477","0","test_block","poldrack-single-stim","358","502772","0.0-5.0-344.0","go-nogo","true","0","","true","<div class = centerbox><div  id = stim1></div></div>","32","32","750","","test","go","344","random","","",""
"","276","32","1288","0","test_block","poldrack-single-stim","359","504115","0.0-5.0-345.0","go-nogo","true","0","","true","<div class = centerbox><div  id = stim1></div></div>","32","32","750","","test","go","345","random","","",""
"","264","32","1460","0","test_block","poldrack-single-stim","360","505627","0.0-5.0-346.0","go-nogo","true","0","","true","<div class = centerbox><div  id = stim1></div></div>","32","32","750","","test","go","346","random","","",""
"","262","32","1321","0","test_block","poldrack-single-stim","361","506994","0.0-5.0-347.0","go-nogo","true","0","","true","<div class = centerbox><div  id = stim1></div></div>","32","32","750","","test","go","347","random","","",""
"","288","32","1489","0","test_block","poldrack-single-stim","362","508536","0.0-5.0-348.0","go-nogo","true","0","","true","<div class = centerbox><div  id = stim1></div></div>","32","32","750","","test","go","348","random","","",""
"","314","32","1261","0","test_block","poldrack-single-stim","363","509850","0.0-5.0-349.0","go-nogo","true","0","","true","<div class = centerbox><div  id = stim1></div></div>","32","32","750","","test","go","349","random","","",""
"","9371","","","","post task questions","survey-text","364","519279","0.0-7.0","go-nogo","true","0","","","","","","","","","","","","{""Q0"":""Space bar on orange"",""Q1"":""""}","",""
