"text","rt","key_press","block_duration","timing_post_trial","trial_id","trial_type","trial_index","time_elapsed","internal_node_id","exp_id","full_screen","focus_shifts","view_history","correct","stimulus","correct_response","possible_responses","stim_duration","feedback_duration","exp_stage","condition","trial_num","mode","responses","payment_id","credit_var"
"<div class = centerbox><p class = center-block-text>Welcome to the experiment. This task will take around 10 minutes. Press <strong>enter</strong> to begin.</p></div>","3726","13","3726","0","instruction","poldrack-text","0","3728","0.0-0.0-0.0","go-nogo","true","0","","","","","","","","","","","","","",""
"","36919","","","","instruction","poldrack-instructions","1","40647","0.0-0.0-1.0","go-nogo","true","0","[{""page_index"":0,""viewing_time"":36919}]","","","","","","","","","","","","",""
"","561","32","1235","250","practice","poldrack-categorize","2","43896","0.0-1.0-0.0","go-nogo","true","0","","true","<div class = centerbox><div  id = stim2></div></div>","32","32","750","1000","practice","go","0","random","","",""
"","-1","-1","1458","250","practice","poldrack-categorize","3","46617","0.0-1.0-1.0","go-nogo","true","0","","true","<div class = centerbox><div id = stim1></div></div>","-1","32","750","1000","practice","nogo","1","random","","",""
"","-1","-1","1013","250","practice","poldrack-categorize","4","48896","0.0-1.0-2.0","go-nogo","true","0","","true","<div class = centerbox><div id = stim1></div></div>","-1","32","750","1000","practice","nogo","2","random","","",""
"","509","32","1424","250","practice","poldrack-categorize","5","51581","0.0-1.0-3.0","go-nogo","true","0","","true","<div class = centerbox><div  id = stim2></div></div>","32","32","750","1000","practice","go","3","random","","",""
"","984","32","1427","250","practice","poldrack-categorize","6","54267","0.0-1.0-4.0","go-nogo","true","0","","false","<div class = centerbox><div id = stim1></div></div>","-1","32","750","1000","practice","nogo","4","random","","",""
"","551","32","1296","250","practice","poldrack-categorize","7","56828","0.0-1.0-5.0","go-nogo","true","0","","true","<div class = centerbox><div  id = stim2></div></div>","32","32","750","1000","practice","go","5","random","","",""
"","-1","-1","1493","250","practice","poldrack-categorize","8","59588","0.0-1.0-6.0","go-nogo","true","0","","true","<div class = centerbox><div id = stim1></div></div>","-1","32","750","1000","practice","nogo","6","random","","",""
"","662","32","1320","250","practice","poldrack-categorize","9","62168","0.0-1.0-7.0","go-nogo","true","0","","true","<div class = centerbox><div  id = stim2></div></div>","32","32","750","1000","practice","go","7","random","","",""
"","601","32","1458","250","practice","poldrack-categorize","10","64889","0.0-1.0-8.0","go-nogo","true","0","","true","<div class = centerbox><div  id = stim2></div></div>","32","32","750","1000","practice","go","8","random","","",""
"","-1","-1","1382","250","practice","poldrack-categorize","11","67537","0.0-1.0-9.0","go-nogo","true","0","","true","<div class = centerbox><div id = stim1></div></div>","-1","32","750","1000","practice","nogo","9","random","","",""
"","","","","","reset_trial","call-function","12","67793","0.0-3.0","go-nogo","true","0","","","","","","","","","","","","","",""
"<div class = centerbox><p class = block-text>Practice is over, we will now begin the experiment. You will no longer get feedback about your responses.</p><p class = block-text>Remember, if you see the <font color=""blue"">blue</font> square you should <strong> respond by pressing the spacebar as quickly as possible</strong>. If you see the <font color=""orange"">orange</font> square you should <strong> not respond</strong>. Press <strong>enter</strong> to begin.</p></div>","7398","13","7398","1000","test_intro","poldrack-text","13","75192","0.0-4.0","go-nogo","true","0","","","","","","","","","","","","","",""
"","441","32","1330","0","test_block","poldrack-single-stim","14","77529","0.0-5.0-0.0","go-nogo","true","0","","true","<div class = centerbox><div  id = stim2></div></div>","32","32","750","","test","go","0","random","","",""
"","574","32","1283","0","test_block","poldrack-single-stim","15","78874","0.0-5.0-1.0","go-nogo","true","0","","true","<div class = centerbox><div  id = stim2></div></div>","32","32","750","","test","go","1","random","","",""
"","493","32","1202","0","test_block","poldrack-single-stim","16","80109","0.0-5.0-2.0","go-nogo","true","0","","true","<div class = centerbox><div  id = stim2></div></div>","32","32","750","","test","go","2","random","","",""
"","488","32","1444","0","test_block","poldrack-single-stim","17","81592","0.0-5.0-3.0","go-nogo","true","0","","true","<div class = centerbox><div  id = stim2></div></div>","32","32","750","","test","go","3","random","","",""
"","440","32","1097","0","test_block","poldrack-single-stim","18","82727","0.0-5.0-4.0","go-nogo","true","0","","true","<div class = centerbox><div  id = stim2></div></div>","32","32","750","","test","go","4","random","","",""
"","-1","-1","1017","0","test_block","poldrack-single-stim","19","83781","0.0-5.0-5.0","go-nogo","true","0","","true","<div class = centerbox><div  id = stim1></div></div>","-1","32","750","","test","nogo","5","random","","",""
"","446","32","1375","0","test_block","poldrack-single-stim","20","85193","0.0-5.0-6.0","go-nogo","true","0","","true","<div class = centerbox><div  id = stim2></div></div>","32","32","750","","test","go","6","random","","",""
"","495","32","1196","0","test_block","poldrack-single-stim","21","86426","0.0-5.0-7.0","go-nogo","true","0","","true","<div class = centerbox><div  id = stim2></div></div>","32","32","750","","test","go","7","random","","",""
"","-1","-1","1455","0","test_block","poldrack-single-stim","22","87919","0.0-5.0-8.0","go-nogo","true","0","","true","<div class = centerbox><div  id = stim1></div></div>","-1","32","750","","test","nogo","8","random","","",""
"","476","32","1085","0","test_block","poldrack-single-stim","23","89039","0.0-5.0-9.0","go-nogo","true","0","","true","<div class = centerbox><div  id = stim2></div></div>","32","32","750","","test","go","9","random","","",""
"","601","32","1051","0","test_block","poldrack-single-stim","24","90125","0.0-5.0-10.0","go-nogo","true","0","","true","<div class = centerbox><div  id = stim2></div></div>","32","32","750","","test","go","10","random","","",""
"","416","32","1114","0","test_block","poldrack-single-stim","25","91277","0.0-5.0-11.0","go-nogo","true","0","","true","<div class = centerbox><div  id = stim2></div></div>","32","32","750","","test","go","11","random","","",""
"","419","32","1308","0","test_block","poldrack-single-stim","26","92622","0.0-5.0-12.0","go-nogo","true","0","","true","<div class = centerbox><div  id = stim2></div></div>","32","32","750","","test","go","12","random","","",""
"","390","32","1390","0","test_block","poldrack-single-stim","27","94050","0.0-5.0-13.0","go-nogo","true","0","","true","<div class = centerbox><div  id = stim2></div></div>","32","32","750","","test","go","13","random","","",""
"","402","32","1321","0","test_block","poldrack-single-stim","28","95408","0.0-5.0-14.0","go-nogo","true","0","","true","<div class = centerbox><div  id = stim2></div></div>","32","32","750","","test","go","14","random","","",""
"","371","32","1305","0","test_block","poldrack-single-stim","29","96745","0.0-5.0-15.0","go-nogo","true","0","","true","<div class = centerbox><div  id = stim2></div></div>","32","32","750","","test","go","15","random","","",""
"","446","32","1225","0","test_block","poldrack-single-stim","30","98005","0.0-5.0-16.0","go-nogo","true","0","","true","<div class = centerbox><div  id = stim2></div></div>","32","32","750","","test","go","16","random","","",""
"","365","32","1257","0","test_block","poldrack-single-stim","31","99298","0.0-5.0-17.0","go-nogo","true","0","","true","<div class = centerbox><div  id = stim2></div></div>","32","32","750","","test","go","17","random","","",""
"","318","32","1479","0","test_block","poldrack-single-stim","32","100807","0.0-5.0-18.0","go-nogo","true","0","","true","<div class = centerbox><div  id = stim2></div></div>","32","32","750","","test","go","18","random","","",""
"","433","32","1458","0","test_block","poldrack-single-stim","33","102299","0.0-5.0-19.0","go-nogo","true","0","","true","<div class = centerbox><div  id = stim2></div></div>","32","32","750","","test","go","19","random","","",""
"","346","32","1170","0","test_block","poldrack-single-stim","34","103501","0.0-5.0-20.0","go-nogo","true","0","","true","<div class = centerbox><div  id = stim2></div></div>","32","32","750","","test","go","20","random","","",""
"","323","32","1254","0","test_block","poldrack-single-stim","35","104790","0.0-5.0-21.0","go-nogo","true","0","","true","<div class = centerbox><div  id = stim2></div></div>","32","32","750","","test","go","21","random","","",""
"","355","32","1284","0","test_block","poldrack-single-stim","36","106104","0.0-5.0-22.0","go-nogo","true","0","","true","<div class = centerbox><div  id = stim2></div></div>","32","32","750","","test","go","22","random","","",""
"","347","32","1024","0","test_block","poldrack-single-stim","37","107159","0.0-5.0-23.0","go-nogo","true","0","","true","<div class = centerbox><div  id = stim2></div></div>","32","32","750","","test","go","23","random","","",""
"","429","32","1368","0","test_block","poldrack-single-stim","38","108563","0.0-5.0-24.0","go-nogo","true","0","","true","<div class = centerbox><div  id = stim2></div></div>","32","32","750","","test","go","24","random","","",""
"","350","32","1444","0","test_block","poldrack-single-stim","39","110043","0.0-5.0-25.0","go-nogo","true","0","","true","<div class = centerbox><div  id = stim2></div></div>","32","32","750","","test","go","25","random","","",""
"","328","32","1116","0","test_block","poldrack-single-stim","40","111196","0.0-5.0-26.0","go-nogo","true","0","","true","<div class = centerbox><div  id = stim2></div></div>","32","32","750","","test","go","26","random","","",""
"","365","32","1018","0","test_block","poldrack-single-stim","41","112249","0.0-5.0-27.0","go-nogo","true","0","","true","<div class = centerbox><div  id = stim2></div></div>","32","32","750","","test","go","27","random","","",""
"","335","32","1150","0","test_block","poldrack-single-stim","42","113433","0.0-5.0-28.0","go-nogo","true","0","","true","<div class = centerbox><div  id = stim2></div></div>","32","32","750","","test","go","28","random","","",""
"","321","32","1293","0","test_block","poldrack-single-stim","43","114763","0.0-5.0-29.0","go-nogo","true","0","","true","<div class = centerbox><div  id = stim2></div></div>","32","32","750","","test","go","29","random","","",""
"","16","32","1114","0","test_block","poldrack-single-stim","44","115908","0.0-5.0-30.0","go-nogo","true","0","","true","<div class = centerbox><div  id = stim2></div></div>","32","32","750","","test","go","30","random","","",""
"","353","32","1060","0","test_block","poldrack-single-stim","45","116998","0.0-5.0-31.0","go-nogo","true","0","","true","<div class = centerbox><div  id = stim2></div></div>","32","32","750","","test","go","31","random","","",""
"","333","32","1038","0","test_block","poldrack-single-stim","46","118071","0.0-5.0-32.0","go-nogo","true","0","","true","<div class = centerbox><div  id = stim2></div></div>","32","32","750","","test","go","32","random","","",""
"","406","32","1037","0","test_block","poldrack-single-stim","47","119146","0.0-5.0-33.0","go-nogo","true","0","","true","<div class = centerbox><div  id = stim2></div></div>","32","32","750","","test","go","33","random","","",""
"","455","32","1031","0","test_block","poldrack-single-stim","48","120212","0.0-5.0-34.0","go-nogo","true","0","","true","<div class = centerbox><div  id = stim2></div></div>","32","32","750","","test","go","34","random","","",""
"","485","32","1097","0","test_block","poldrack-single-stim","49","121343","0.0-5.0-35.0","go-nogo","true","0","","true","<div class = centerbox><div  id = stim2></div></div>","32","32","750","","test","go","35","random","","",""
"","314","32","1441","0","test_block","poldrack-single-stim","50","122822","0.0-5.0-36.0","go-nogo","true","0","","true","<div class = centerbox><div  id = stim2></div></div>","32","32","750","","test","go","36","random","","",""
"","390","32","1385","0","test_block","poldrack-single-stim","51","124236","0.0-5.0-37.0","go-nogo","true","0","","true","<div class = centerbox><div  id = stim2></div></div>","32","32","750","","test","go","37","random","","",""
"","474","32","1034","0","test_block","poldrack-single-stim","52","125299","0.0-5.0-38.0","go-nogo","true","0","","true","<div class = centerbox><div  id = stim2></div></div>","32","32","750","","test","go","38","random","","",""
"","-1","-1","1299","0","test_block","poldrack-single-stim","53","126633","0.0-5.0-39.0","go-nogo","true","0","","true","<div class = centerbox><div  id = stim1></div></div>","-1","32","750","","test","nogo","39","random","","",""
"","517","32","1216","0","test_block","poldrack-single-stim","54","127884","0.0-5.0-40.0","go-nogo","true","0","","true","<div class = centerbox><div  id = stim2></div></div>","32","32","750","","test","go","40","random","","",""
"","446","32","1099","0","test_block","poldrack-single-stim","55","129018","0.0-5.0-41.0","go-nogo","true","0","","true","<div class = centerbox><div  id = stim2></div></div>","32","32","750","","test","go","41","random","","",""
"","382","32","1421","0","test_block","poldrack-single-stim","56","130472","0.0-5.0-42.0","go-nogo","true","0","","true","<div class = centerbox><div  id = stim2></div></div>","32","32","750","","test","go","42","random","","",""
"","422","32","1211","0","test_block","poldrack-single-stim","57","131716","0.0-5.0-43.0","go-nogo","true","0","","true","<div class = centerbox><div  id = stim2></div></div>","32","32","750","","test","go","43","random","","",""
"","362","32","1119","0","test_block","poldrack-single-stim","58","132869","0.0-5.0-44.0","go-nogo","true","0","","true","<div class = centerbox><div  id = stim2></div></div>","32","32","750","","test","go","44","random","","",""
"","436","32","1101","0","test_block","poldrack-single-stim","59","134000","0.0-5.0-45.0","go-nogo","true","0","","true","<div class = centerbox><div  id = stim2></div></div>","32","32","750","","test","go","45","random","","",""
"","434","32","1332","0","test_block","poldrack-single-stim","60","135366","0.0-5.0-46.0","go-nogo","true","0","","true","<div class = centerbox><div  id = stim2></div></div>","32","32","750","","test","go","46","random","","",""
"","-1","-1","1244","0","test_block","poldrack-single-stim","61","136642","0.0-5.0-47.0","go-nogo","true","0","","true","<div class = centerbox><div  id = stim1></div></div>","-1","32","750","","test","nogo","47","random","","",""
"","427","32","1003","0","test_block","poldrack-single-stim","62","137679","0.0-5.0-48.0","go-nogo","true","0","","true","<div class = centerbox><div  id = stim2></div></div>","32","32","750","","test","go","48","random","","",""
"","414","32","1333","0","test_block","poldrack-single-stim","63","139046","0.0-5.0-49.0","go-nogo","true","0","","true","<div class = centerbox><div  id = stim2></div></div>","32","32","750","","test","go","49","random","","",""
"","419","32","1452","0","test_block","poldrack-single-stim","64","140527","0.0-5.0-50.0","go-nogo","true","0","","true","<div class = centerbox><div  id = stim2></div></div>","32","32","750","","test","go","50","random","","",""
"","403","32","1017","0","test_block","poldrack-single-stim","65","141580","0.0-5.0-51.0","go-nogo","true","0","","true","<div class = centerbox><div  id = stim2></div></div>","32","32","750","","test","go","51","random","","",""
"","406","32","1303","0","test_block","poldrack-single-stim","66","142915","0.0-5.0-52.0","go-nogo","true","0","","true","<div class = centerbox><div  id = stim2></div></div>","32","32","750","","test","go","52","random","","",""
"","407","32","1052","0","test_block","poldrack-single-stim","67","144003","0.0-5.0-53.0","go-nogo","true","0","","true","<div class = centerbox><div  id = stim2></div></div>","32","32","750","","test","go","53","random","","",""
"","489","32","1420","0","test_block","poldrack-single-stim","68","145460","0.0-5.0-54.0","go-nogo","true","0","","true","<div class = centerbox><div  id = stim2></div></div>","32","32","750","","test","go","54","random","","",""
"","402","32","1408","0","test_block","poldrack-single-stim","69","146900","0.0-5.0-55.0","go-nogo","true","0","","true","<div class = centerbox><div  id = stim2></div></div>","32","32","750","","test","go","55","random","","",""
"","418","32","1197","0","test_block","poldrack-single-stim","70","148131","0.0-5.0-56.0","go-nogo","true","0","","true","<div class = centerbox><div  id = stim2></div></div>","32","32","750","","test","go","56","random","","",""
"","515","32","1345","0","test_block","poldrack-single-stim","71","149513","0.0-5.0-57.0","go-nogo","true","0","","true","<div class = centerbox><div  id = stim2></div></div>","32","32","750","","test","go","57","random","","",""
"","406","32","1210","0","test_block","poldrack-single-stim","72","150753","0.0-5.0-58.0","go-nogo","true","0","","true","<div class = centerbox><div  id = stim2></div></div>","32","32","750","","test","go","58","random","","",""
"","419","32","1153","0","test_block","poldrack-single-stim","73","151939","0.0-5.0-59.0","go-nogo","true","0","","true","<div class = centerbox><div  id = stim2></div></div>","32","32","750","","test","go","59","random","","",""
"","456","32","1130","0","test_block","poldrack-single-stim","74","153103","0.0-5.0-60.0","go-nogo","true","0","","true","<div class = centerbox><div  id = stim2></div></div>","32","32","750","","test","go","60","random","","",""
"","-1","-1","1398","0","test_block","poldrack-single-stim","75","154531","0.0-5.0-61.0","go-nogo","true","0","","true","<div class = centerbox><div  id = stim1></div></div>","-1","32","750","","test","nogo","61","random","","",""
"","435","32","1364","0","test_block","poldrack-single-stim","76","155925","0.0-5.0-62.0","go-nogo","true","0","","true","<div class = centerbox><div  id = stim2></div></div>","32","32","750","","test","go","62","random","","",""
"","419","32","1190","0","test_block","poldrack-single-stim","77","157146","0.0-5.0-63.0","go-nogo","true","0","","true","<div class = centerbox><div  id = stim2></div></div>","32","32","750","","test","go","63","random","","",""
"","361","32","1362","0","test_block","poldrack-single-stim","78","158544","0.0-5.0-64.0","go-nogo","true","0","","true","<div class = centerbox><div  id = stim2></div></div>","32","32","750","","test","go","64","random","","",""
"","429","32","1169","0","test_block","poldrack-single-stim","79","159742","0.0-5.0-65.0","go-nogo","true","0","","true","<div class = centerbox><div  id = stim2></div></div>","32","32","750","","test","go","65","random","","",""
"","466","32","1070","0","test_block","poldrack-single-stim","80","160846","0.0-5.0-66.0","go-nogo","true","0","","true","<div class = centerbox><div  id = stim2></div></div>","32","32","750","","test","go","66","random","","",""
"","-1","-1","1284","0","test_block","poldrack-single-stim","81","162162","0.0-5.0-67.0","go-nogo","true","0","","true","<div class = centerbox><div  id = stim1></div></div>","-1","32","750","","test","nogo","67","random","","",""
"","-1","-1","1080","0","test_block","poldrack-single-stim","82","163274","0.0-5.0-68.0","go-nogo","true","0","","true","<div class = centerbox><div  id = stim1></div></div>","-1","32","750","","test","nogo","68","random","","",""
"","642","32","1231","0","test_block","poldrack-single-stim","83","164542","0.0-5.0-69.0","go-nogo","true","0","","true","<div class = centerbox><div  id = stim2></div></div>","32","32","750","","test","go","69","random","","",""
"","624","32","1004","0","test_block","poldrack-single-stim","84","165584","0.0-5.0-70.0","go-nogo","true","0","","true","<div class = centerbox><div  id = stim2></div></div>","32","32","750","","test","go","70","random","","",""
"","650","32","1346","0","test_block","poldrack-single-stim","85","166969","0.0-5.0-71.0","go-nogo","true","0","","true","<div class = centerbox><div  id = stim2></div></div>","32","32","750","","test","go","71","random","","",""
"","516","32","1161","0","test_block","poldrack-single-stim","86","168158","0.0-5.0-72.0","go-nogo","true","0","","true","<div class = centerbox><div  id = stim2></div></div>","32","32","750","","test","go","72","random","","",""
"","520","32","1044","0","test_block","poldrack-single-stim","87","169238","0.0-5.0-73.0","go-nogo","true","0","","true","<div class = centerbox><div  id = stim2></div></div>","32","32","750","","test","go","73","random","","",""
"","526","32","1322","0","test_block","poldrack-single-stim","88","170597","0.0-5.0-74.0","go-nogo","true","0","","true","<div class = centerbox><div  id = stim2></div></div>","32","32","750","","test","go","74","random","","",""
"","415","32","1403","0","test_block","poldrack-single-stim","89","172034","0.0-5.0-75.0","go-nogo","true","0","","true","<div class = centerbox><div  id = stim2></div></div>","32","32","750","","test","go","75","random","","",""
"","349","32","1144","0","test_block","poldrack-single-stim","90","173209","0.0-5.0-76.0","go-nogo","true","0","","true","<div class = centerbox><div  id = stim2></div></div>","32","32","750","","test","go","76","random","","",""
"","369","32","1250","0","test_block","poldrack-single-stim","91","174495","0.0-5.0-77.0","go-nogo","true","0","","true","<div class = centerbox><div  id = stim2></div></div>","32","32","750","","test","go","77","random","","",""
"","301","32","1047","0","test_block","poldrack-single-stim","92","175575","0.0-5.0-78.0","go-nogo","true","0","","false","<div class = centerbox><div  id = stim1></div></div>","-1","32","750","","test","nogo","78","random","","",""
"","657","32","1145","0","test_block","poldrack-single-stim","93","176750","0.0-5.0-79.0","go-nogo","true","0","","true","<div class = centerbox><div  id = stim2></div></div>","32","32","750","","test","go","79","random","","",""
"","464","32","1421","0","test_block","poldrack-single-stim","94","178202","0.0-5.0-80.0","go-nogo","true","0","","true","<div class = centerbox><div  id = stim2></div></div>","32","32","750","","test","go","80","random","","",""
"","438","32","1467","0","test_block","poldrack-single-stim","95","179700","0.0-5.0-81.0","go-nogo","true","0","","true","<div class = centerbox><div  id = stim2></div></div>","32","32","750","","test","go","81","random","","",""
"","432","32","1178","0","test_block","poldrack-single-stim","96","180914","0.0-5.0-82.0","go-nogo","true","0","","true","<div class = centerbox><div  id = stim2></div></div>","32","32","750","","test","go","82","random","","",""
"","-1","-1","1275","0","test_block","poldrack-single-stim","97","182218","0.0-5.0-83.0","go-nogo","true","0","","true","<div class = centerbox><div  id = stim1></div></div>","-1","32","750","","test","nogo","83","random","","",""
"","419","32","1498","0","test_block","poldrack-single-stim","98","183753","0.0-5.0-84.0","go-nogo","true","0","","true","<div class = centerbox><div  id = stim2></div></div>","32","32","750","","test","go","84","random","","",""
"","372","32","1346","0","test_block","poldrack-single-stim","99","185133","0.0-5.0-85.0","go-nogo","true","0","","true","<div class = centerbox><div  id = stim2></div></div>","32","32","750","","test","go","85","random","","",""
"","421","32","1472","0","test_block","poldrack-single-stim","100","186636","0.0-5.0-86.0","go-nogo","true","0","","true","<div class = centerbox><div  id = stim2></div></div>","32","32","750","","test","go","86","random","","",""
"","342","32","1302","0","test_block","poldrack-single-stim","101","187969","0.0-5.0-87.0","go-nogo","true","0","","true","<div class = centerbox><div  id = stim2></div></div>","32","32","750","","test","go","87","random","","",""
"","416","32","1096","0","test_block","poldrack-single-stim","102","189090","0.0-5.0-88.0","go-nogo","true","0","","true","<div class = centerbox><div  id = stim2></div></div>","32","32","750","","test","go","88","random","","",""
"","364","32","1087","0","test_block","poldrack-single-stim","103","190206","0.0-5.0-89.0","go-nogo","true","0","","true","<div class = centerbox><div  id = stim2></div></div>","32","32","750","","test","go","89","random","","",""
"","381","32","1403","0","test_block","poldrack-single-stim","104","191644","0.0-5.0-90.0","go-nogo","true","0","","true","<div class = centerbox><div  id = stim2></div></div>","32","32","750","","test","go","90","random","","",""
"","361","32","1373","0","test_block","poldrack-single-stim","105","193051","0.0-5.0-91.0","go-nogo","true","0","","true","<div class = centerbox><div  id = stim2></div></div>","32","32","750","","test","go","91","random","","",""
"","441","32","1394","0","test_block","poldrack-single-stim","106","194476","0.0-5.0-92.0","go-nogo","true","0","","true","<div class = centerbox><div  id = stim2></div></div>","32","32","750","","test","go","92","random","","",""
"","454","32","1262","0","test_block","poldrack-single-stim","107","195773","0.0-5.0-93.0","go-nogo","true","0","","true","<div class = centerbox><div  id = stim2></div></div>","32","32","750","","test","go","93","random","","",""
"","386","32","1259","0","test_block","poldrack-single-stim","108","197069","0.0-5.0-94.0","go-nogo","true","0","","true","<div class = centerbox><div  id = stim2></div></div>","32","32","750","","test","go","94","random","","",""
"","496","32","1459","0","test_block","poldrack-single-stim","109","198560","0.0-5.0-95.0","go-nogo","true","0","","true","<div class = centerbox><div  id = stim2></div></div>","32","32","750","","test","go","95","random","","",""
"","434","32","1383","0","test_block","poldrack-single-stim","110","199973","0.0-5.0-96.0","go-nogo","true","0","","true","<div class = centerbox><div  id = stim2></div></div>","32","32","750","","test","go","96","random","","",""
"","-1","-1","1157","0","test_block","poldrack-single-stim","111","201155","0.0-5.0-97.0","go-nogo","true","0","","true","<div class = centerbox><div  id = stim1></div></div>","-1","32","750","","test","nogo","97","random","","",""
"","454","32","1064","0","test_block","poldrack-single-stim","112","202252","0.0-5.0-98.0","go-nogo","true","0","","true","<div class = centerbox><div  id = stim2></div></div>","32","32","750","","test","go","98","random","","",""
"","421","32","1055","0","test_block","poldrack-single-stim","113","203344","0.0-5.0-99.0","go-nogo","true","0","","true","<div class = centerbox><div  id = stim2></div></div>","32","32","750","","test","go","99","random","","",""
"","338","32","1212","0","test_block","poldrack-single-stim","114","204586","0.0-5.0-100.0","go-nogo","true","0","","true","<div class = centerbox><div  id = stim2></div></div>","32","32","750","","test","go","100","random","","",""
"","317","32","1231","0","test_block","poldrack-single-stim","115","205851","0.0-5.0-101.0","go-nogo","true","0","","true","<div class = centerbox><div  id = stim2></div></div>","32","32","750","","test","go","101","random","","",""
"","316","32","1010","0","test_block","poldrack-single-stim","116","206893","0.0-5.0-102.0","go-nogo","true","0","","true","<div class = centerbox><div  id = stim2></div></div>","32","32","750","","test","go","102","random","","",""
"","-1","-1","1298","0","test_block","poldrack-single-stim","117","208220","0.0-5.0-103.0","go-nogo","true","0","","true","<div class = centerbox><div  id = stim1></div></div>","-1","32","750","","test","nogo","103","random","","",""
"","407","32","1403","0","test_block","poldrack-single-stim","118","209658","0.0-5.0-104.0","go-nogo","true","0","","true","<div class = centerbox><div  id = stim2></div></div>","32","32","750","","test","go","104","random","","",""
"","365","32","1310","0","test_block","poldrack-single-stim","119","211000","0.0-5.0-105.0","go-nogo","true","0","","true","<div class = centerbox><div  id = stim2></div></div>","32","32","750","","test","go","105","random","","",""
"","383","32","1498","0","test_block","poldrack-single-stim","120","212528","0.0-5.0-106.0","go-nogo","true","0","","true","<div class = centerbox><div  id = stim2></div></div>","32","32","750","","test","go","106","random","","",""
"","355","32","1309","0","test_block","poldrack-single-stim","121","213868","0.0-5.0-107.0","go-nogo","true","0","","true","<div class = centerbox><div  id = stim2></div></div>","32","32","750","","test","go","107","random","","",""
"","522","32","1000","0","test_block","poldrack-single-stim","122","214896","0.0-5.0-108.0","go-nogo","true","0","","true","<div class = centerbox><div  id = stim2></div></div>","32","32","750","","test","go","108","random","","",""
"","492","32","1020","0","test_block","poldrack-single-stim","123","215955","0.0-5.0-109.0","go-nogo","true","0","","true","<div class = centerbox><div  id = stim2></div></div>","32","32","750","","test","go","109","random","","",""
"","446","32","1133","0","test_block","poldrack-single-stim","124","217116","0.0-5.0-110.0","go-nogo","true","0","","true","<div class = centerbox><div  id = stim2></div></div>","32","32","750","","test","go","110","random","","",""
"","465","32","1267","0","test_block","poldrack-single-stim","125","218415","0.0-5.0-111.0","go-nogo","true","0","","true","<div class = centerbox><div  id = stim2></div></div>","32","32","750","","test","go","111","random","","",""
"","-1","-1","1177","0","test_block","poldrack-single-stim","126","219627","0.0-5.0-112.0","go-nogo","true","0","","true","<div class = centerbox><div  id = stim1></div></div>","-1","32","750","","test","nogo","112","random","","",""
"","-1","-1","1278","0","test_block","poldrack-single-stim","127","220940","0.0-5.0-113.0","go-nogo","true","0","","true","<div class = centerbox><div  id = stim1></div></div>","-1","32","750","","test","nogo","113","random","","",""
"","597","32","1280","0","test_block","poldrack-single-stim","128","222258","0.0-5.0-114.0","go-nogo","true","0","","true","<div class = centerbox><div  id = stim2></div></div>","32","32","750","","test","go","114","random","","",""
"","462","32","1188","0","test_block","poldrack-single-stim","129","223476","0.0-5.0-115.0","go-nogo","true","0","","true","<div class = centerbox><div  id = stim2></div></div>","32","32","750","","test","go","115","random","","",""
"","388","32","1407","0","test_block","poldrack-single-stim","130","224912","0.0-5.0-116.0","go-nogo","true","0","","true","<div class = centerbox><div  id = stim2></div></div>","32","32","750","","test","go","116","random","","",""
"","358","32","1187","0","test_block","poldrack-single-stim","131","226134","0.0-5.0-117.0","go-nogo","true","0","","true","<div class = centerbox><div  id = stim2></div></div>","32","32","750","","test","go","117","random","","",""
"","-1","-1","1047","0","test_block","poldrack-single-stim","132","227215","0.0-5.0-118.0","go-nogo","true","0","","true","<div class = centerbox><div  id = stim1></div></div>","-1","32","750","","test","nogo","118","random","","",""
"","397","32","1462","0","test_block","poldrack-single-stim","133","228708","0.0-5.0-119.0","go-nogo","true","0","","true","<div class = centerbox><div  id = stim2></div></div>","32","32","750","","test","go","119","random","","",""
"","346","32","1483","0","test_block","poldrack-single-stim","134","230222","0.0-5.0-120.0","go-nogo","true","0","","true","<div class = centerbox><div  id = stim2></div></div>","32","32","750","","test","go","120","random","","",""
"","364","32","1216","0","test_block","poldrack-single-stim","135","231470","0.0-5.0-121.0","go-nogo","true","0","","false","<div class = centerbox><div  id = stim1></div></div>","-1","32","750","","test","nogo","121","random","","",""
"","498","32","1484","0","test_block","poldrack-single-stim","136","232991","0.0-5.0-122.0","go-nogo","true","0","","true","<div class = centerbox><div  id = stim2></div></div>","32","32","750","","test","go","122","random","","",""
"","378","32","1368","0","test_block","poldrack-single-stim","137","234395","0.0-5.0-123.0","go-nogo","true","0","","true","<div class = centerbox><div  id = stim2></div></div>","32","32","750","","test","go","123","random","","",""
"","409","32","1203","0","test_block","poldrack-single-stim","138","235632","0.0-5.0-124.0","go-nogo","true","0","","true","<div class = centerbox><div  id = stim2></div></div>","32","32","750","","test","go","124","random","","",""
"","367","32","1035","0","test_block","poldrack-single-stim","139","236705","0.0-5.0-125.0","go-nogo","true","0","","true","<div class = centerbox><div  id = stim2></div></div>","32","32","750","","test","go","125","random","","",""
"","364","32","1322","0","test_block","poldrack-single-stim","140","238058","0.0-5.0-126.0","go-nogo","true","0","","true","<div class = centerbox><div  id = stim2></div></div>","32","32","750","","test","go","126","random","","",""
"","344","32","1252","0","test_block","poldrack-single-stim","141","239343","0.0-5.0-127.0","go-nogo","true","0","","true","<div class = centerbox><div  id = stim2></div></div>","32","32","750","","test","go","127","random","","",""
"","486","32","1230","0","test_block","poldrack-single-stim","142","240610","0.0-5.0-128.0","go-nogo","true","0","","true","<div class = centerbox><div  id = stim2></div></div>","32","32","750","","test","go","128","random","","",""
"","394","32","1382","0","test_block","poldrack-single-stim","143","242024","0.0-5.0-129.0","go-nogo","true","0","","true","<div class = centerbox><div  id = stim2></div></div>","32","32","750","","test","go","129","random","","",""
"","363","32","1018","0","test_block","poldrack-single-stim","144","243068","0.0-5.0-130.0","go-nogo","true","0","","true","<div class = centerbox><div  id = stim2></div></div>","32","32","750","","test","go","130","random","","",""
"","438","32","1296","0","test_block","poldrack-single-stim","145","244392","0.0-5.0-131.0","go-nogo","true","0","","true","<div class = centerbox><div  id = stim2></div></div>","32","32","750","","test","go","131","random","","",""
"","428","32","1386","0","test_block","poldrack-single-stim","146","245808","0.0-5.0-132.0","go-nogo","true","0","","true","<div class = centerbox><div  id = stim2></div></div>","32","32","750","","test","go","132","random","","",""
"","380","32","1433","0","test_block","poldrack-single-stim","147","247272","0.0-5.0-133.0","go-nogo","true","0","","true","<div class = centerbox><div  id = stim2></div></div>","32","32","750","","test","go","133","random","","",""
"","569","32","1234","0","test_block","poldrack-single-stim","148","248542","0.0-5.0-134.0","go-nogo","true","0","","true","<div class = centerbox><div  id = stim2></div></div>","32","32","750","","test","go","134","random","","",""
"","552","32","1245","0","test_block","poldrack-single-stim","149","249820","0.0-5.0-135.0","go-nogo","true","0","","true","<div class = centerbox><div  id = stim2></div></div>","32","32","750","","test","go","135","random","","",""
"","383","32","1425","0","test_block","poldrack-single-stim","150","251278","0.0-5.0-136.0","go-nogo","true","0","","true","<div class = centerbox><div  id = stim2></div></div>","32","32","750","","test","go","136","random","","",""
"","405","32","1274","0","test_block","poldrack-single-stim","151","252583","0.0-5.0-137.0","go-nogo","true","0","","true","<div class = centerbox><div  id = stim2></div></div>","32","32","750","","test","go","137","random","","",""
"","400","32","1367","0","test_block","poldrack-single-stim","152","253982","0.0-5.0-138.0","go-nogo","true","0","","true","<div class = centerbox><div  id = stim2></div></div>","32","32","750","","test","go","138","random","","",""
"","401","32","1097","0","test_block","poldrack-single-stim","153","255108","0.0-5.0-139.0","go-nogo","true","0","","true","<div class = centerbox><div  id = stim2></div></div>","32","32","750","","test","go","139","random","","",""
"","385","32","1483","0","test_block","poldrack-single-stim","154","256626","0.0-5.0-140.0","go-nogo","true","0","","true","<div class = centerbox><div  id = stim2></div></div>","32","32","750","","test","go","140","random","","",""
"","513","32","1046","0","test_block","poldrack-single-stim","155","257707","0.0-5.0-141.0","go-nogo","true","0","","true","<div class = centerbox><div  id = stim2></div></div>","32","32","750","","test","go","141","random","","",""
"","627","32","1243","0","test_block","poldrack-single-stim","156","258979","0.0-5.0-142.0","go-nogo","true","0","","true","<div class = centerbox><div  id = stim2></div></div>","32","32","750","","test","go","142","random","","",""
"","469","32","1005","0","test_block","poldrack-single-stim","157","260009","0.0-5.0-143.0","go-nogo","true","0","","true","<div class = centerbox><div  id = stim2></div></div>","32","32","750","","test","go","143","random","","",""
"","703","32","1371","0","test_block","poldrack-single-stim","158","261407","0.0-5.0-144.0","go-nogo","true","0","","true","<div class = centerbox><div  id = stim2></div></div>","32","32","750","","test","go","144","random","","",""
"","517","32","1323","0","test_block","poldrack-single-stim","159","262760","0.0-5.0-145.0","go-nogo","true","0","","true","<div class = centerbox><div  id = stim2></div></div>","32","32","750","","test","go","145","random","","",""
"","604","32","1323","0","test_block","poldrack-single-stim","160","264118","0.0-5.0-146.0","go-nogo","true","0","","true","<div class = centerbox><div  id = stim2></div></div>","32","32","750","","test","go","146","random","","",""
"","528","32","1069","0","test_block","poldrack-single-stim","161","265221","0.0-5.0-147.0","go-nogo","true","0","","true","<div class = centerbox><div  id = stim2></div></div>","32","32","750","","test","go","147","random","","",""
"","505","32","1171","0","test_block","poldrack-single-stim","162","266426","0.0-5.0-148.0","go-nogo","true","0","","true","<div class = centerbox><div  id = stim2></div></div>","32","32","750","","test","go","148","random","","",""
"","413","32","1219","0","test_block","poldrack-single-stim","163","267677","0.0-5.0-149.0","go-nogo","true","0","","true","<div class = centerbox><div  id = stim2></div></div>","32","32","750","","test","go","149","random","","",""
"","513","32","1228","0","test_block","poldrack-single-stim","164","268941","0.0-5.0-150.0","go-nogo","true","0","","true","<div class = centerbox><div  id = stim2></div></div>","32","32","750","","test","go","150","random","","",""
"","558","32","1255","0","test_block","poldrack-single-stim","165","270229","0.0-5.0-151.0","go-nogo","true","0","","true","<div class = centerbox><div  id = stim2></div></div>","32","32","750","","test","go","151","random","","",""
"","516","32","1270","0","test_block","poldrack-single-stim","166","271533","0.0-5.0-152.0","go-nogo","true","0","","true","<div class = centerbox><div  id = stim2></div></div>","32","32","750","","test","go","152","random","","",""
"","430","32","1335","0","test_block","poldrack-single-stim","167","272901","0.0-5.0-153.0","go-nogo","true","0","","true","<div class = centerbox><div  id = stim2></div></div>","32","32","750","","test","go","153","random","","",""
"","388","32","1304","0","test_block","poldrack-single-stim","168","274240","0.0-5.0-154.0","go-nogo","true","0","","true","<div class = centerbox><div  id = stim2></div></div>","32","32","750","","test","go","154","random","","",""
"","396","32","1321","0","test_block","poldrack-single-stim","169","275595","0.0-5.0-155.0","go-nogo","true","0","","true","<div class = centerbox><div  id = stim2></div></div>","32","32","750","","test","go","155","random","","",""
"","373","32","1153","0","test_block","poldrack-single-stim","170","276779","0.0-5.0-156.0","go-nogo","true","0","","true","<div class = centerbox><div  id = stim2></div></div>","32","32","750","","test","go","156","random","","",""
"","332","32","1018","0","test_block","poldrack-single-stim","171","277829","0.0-5.0-157.0","go-nogo","true","0","","true","<div class = centerbox><div  id = stim2></div></div>","32","32","750","","test","go","157","random","","",""
"","403","32","1466","0","test_block","poldrack-single-stim","172","279329","0.0-5.0-158.0","go-nogo","true","0","","true","<div class = centerbox><div  id = stim2></div></div>","32","32","750","","test","go","158","random","","",""
"","466","32","1095","0","test_block","poldrack-single-stim","173","280454","0.0-5.0-159.0","go-nogo","true","0","","true","<div class = centerbox><div  id = stim2></div></div>","32","32","750","","test","go","159","random","","",""
"","610","32","1034","0","test_block","poldrack-single-stim","174","281521","0.0-5.0-160.0","go-nogo","true","0","","true","<div class = centerbox><div  id = stim2></div></div>","32","32","750","","test","go","160","random","","",""
"","-1","-1","1078","0","test_block","poldrack-single-stim","175","282631","0.0-5.0-161.0","go-nogo","true","0","","false","<div class = centerbox><div  id = stim2></div></div>","32","32","750","","test","go","161","random","","",""
"","576","32","1386","0","test_block","poldrack-single-stim","176","284048","0.0-5.0-162.0","go-nogo","true","0","","true","<div class = centerbox><div  id = stim2></div></div>","32","32","750","","test","go","162","random","","",""
"","-1","-1","1485","0","test_block","poldrack-single-stim","177","285568","0.0-5.0-163.0","go-nogo","true","0","","false","<div class = centerbox><div  id = stim2></div></div>","32","32","750","","test","go","163","random","","",""
"","173","32","1061","0","test_block","poldrack-single-stim","178","286664","0.0-5.0-164.0","go-nogo","true","0","","true","<div class = centerbox><div  id = stim2></div></div>","32","32","750","","test","go","164","random","","",""
"","441","32","1425","0","test_block","poldrack-single-stim","179","288122","0.0-5.0-165.0","go-nogo","true","0","","true","<div class = centerbox><div  id = stim2></div></div>","32","32","750","","test","go","165","random","","",""
"","409","32","1347","0","test_block","poldrack-single-stim","180","289504","0.0-5.0-166.0","go-nogo","true","0","","true","<div class = centerbox><div  id = stim2></div></div>","32","32","750","","test","go","166","random","","",""
"","489","32","1077","0","test_block","poldrack-single-stim","181","290613","0.0-5.0-167.0","go-nogo","true","0","","true","<div class = centerbox><div  id = stim2></div></div>","32","32","750","","test","go","167","random","","",""
"","424","32","1181","0","test_block","poldrack-single-stim","182","291829","0.0-5.0-168.0","go-nogo","true","0","","true","<div class = centerbox><div  id = stim2></div></div>","32","32","750","","test","go","168","random","","",""
"","339","32","1407","0","test_block","poldrack-single-stim","183","293266","0.0-5.0-169.0","go-nogo","true","0","","true","<div class = centerbox><div  id = stim2></div></div>","32","32","750","","test","go","169","random","","",""
"","326","32","1320","0","test_block","poldrack-single-stim","184","294619","0.0-5.0-170.0","go-nogo","true","0","","true","<div class = centerbox><div  id = stim2></div></div>","32","32","750","","test","go","170","random","","",""
"","365","32","1122","0","test_block","poldrack-single-stim","185","295773","0.0-5.0-171.0","go-nogo","true","0","","true","<div class = centerbox><div  id = stim2></div></div>","32","32","750","","test","go","171","random","","",""
"","353","32","1121","0","test_block","poldrack-single-stim","186","296923","0.0-5.0-172.0","go-nogo","true","0","","true","<div class = centerbox><div  id = stim2></div></div>","32","32","750","","test","go","172","random","","",""
"","367","32","1126","0","test_block","poldrack-single-stim","187","298083","0.0-5.0-173.0","go-nogo","true","0","","false","<div class = centerbox><div  id = stim1></div></div>","-1","32","750","","test","nogo","173","random","","",""
"","348","32","1166","0","test_block","poldrack-single-stim","188","299280","0.0-5.0-174.0","go-nogo","true","0","","true","<div class = centerbox><div  id = stim2></div></div>","32","32","750","","test","go","174","random","","",""
"","361","32","1404","0","test_block","poldrack-single-stim","189","300714","0.0-5.0-175.0","go-nogo","true","0","","true","<div class = centerbox><div  id = stim2></div></div>","32","32","750","","test","go","175","random","","",""
"","342","32","1265","0","test_block","poldrack-single-stim","190","302013","0.0-5.0-176.0","go-nogo","true","0","","true","<div class = centerbox><div  id = stim2></div></div>","32","32","750","","test","go","176","random","","",""
"","356","32","1392","0","test_block","poldrack-single-stim","191","303429","0.0-5.0-177.0","go-nogo","true","0","","true","<div class = centerbox><div  id = stim2></div></div>","32","32","750","","test","go","177","random","","",""
"","440","32","1294","0","test_block","poldrack-single-stim","192","304753","0.0-5.0-178.0","go-nogo","true","0","","true","<div class = centerbox><div  id = stim2></div></div>","32","32","750","","test","go","178","random","","",""
"","449","32","1287","0","test_block","poldrack-single-stim","193","306071","0.0-5.0-179.0","go-nogo","true","0","","true","<div class = centerbox><div  id = stim2></div></div>","32","32","750","","test","go","179","random","","",""
"","456","32","1188","0","test_block","poldrack-single-stim","194","307284","0.0-5.0-180.0","go-nogo","true","0","","true","<div class = centerbox><div  id = stim2></div></div>","32","32","750","","test","go","180","random","","",""
"","402","32","1306","0","test_block","poldrack-single-stim","195","308623","0.0-5.0-181.0","go-nogo","true","0","","true","<div class = centerbox><div  id = stim2></div></div>","32","32","750","","test","go","181","random","","",""
"","343","32","1060","0","test_block","poldrack-single-stim","196","309712","0.0-5.0-182.0","go-nogo","true","0","","true","<div class = centerbox><div  id = stim2></div></div>","32","32","750","","test","go","182","random","","",""
"","358","32","1452","0","test_block","poldrack-single-stim","197","311192","0.0-5.0-183.0","go-nogo","true","0","","true","<div class = centerbox><div  id = stim2></div></div>","32","32","750","","test","go","183","random","","",""
"","806","32","1154","0","test_block","poldrack-single-stim","198","312381","0.0-5.0-184.0","go-nogo","true","0","","true","<div class = centerbox><div  id = stim2></div></div>","32","32","750","","test","go","184","random","","",""
"","451","32","1035","0","test_block","poldrack-single-stim","199","313451","0.0-5.0-185.0","go-nogo","true","0","","true","<div class = centerbox><div  id = stim2></div></div>","32","32","750","","test","go","185","random","","",""
"","296","32","1161","0","test_block","poldrack-single-stim","200","314646","0.0-5.0-186.0","go-nogo","true","0","","true","<div class = centerbox><div  id = stim2></div></div>","32","32","750","","test","go","186","random","","",""
"","395","32","1406","0","test_block","poldrack-single-stim","201","316086","0.0-5.0-187.0","go-nogo","true","0","","true","<div class = centerbox><div  id = stim2></div></div>","32","32","750","","test","go","187","random","","",""
"","400","32","1468","0","test_block","poldrack-single-stim","202","317589","0.0-5.0-188.0","go-nogo","true","0","","true","<div class = centerbox><div  id = stim2></div></div>","32","32","750","","test","go","188","random","","",""
"","317","32","1375","0","test_block","poldrack-single-stim","203","318990","0.0-5.0-189.0","go-nogo","true","0","","true","<div class = centerbox><div  id = stim2></div></div>","32","32","750","","test","go","189","random","","",""
"","333","32","1406","0","test_block","poldrack-single-stim","204","320422","0.0-5.0-190.0","go-nogo","true","0","","true","<div class = centerbox><div  id = stim2></div></div>","32","32","750","","test","go","190","random","","",""
"","559","32","1369","0","test_block","poldrack-single-stim","205","321820","0.0-5.0-191.0","go-nogo","true","0","","true","<div class = centerbox><div  id = stim2></div></div>","32","32","750","","test","go","191","random","","",""
"","415","32","1251","0","test_block","poldrack-single-stim","206","323104","0.0-5.0-192.0","go-nogo","true","0","","true","<div class = centerbox><div  id = stim2></div></div>","32","32","750","","test","go","192","random","","",""
"","440","32","1158","0","test_block","poldrack-single-stim","207","324293","0.0-5.0-193.0","go-nogo","true","0","","true","<div class = centerbox><div  id = stim2></div></div>","32","32","750","","test","go","193","random","","",""
"","370","32","1191","0","test_block","poldrack-single-stim","208","325520","0.0-5.0-194.0","go-nogo","true","0","","false","<div class = centerbox><div  id = stim1></div></div>","-1","32","750","","test","nogo","194","random","","",""
"","317","32","1067","0","test_block","poldrack-single-stim","209","326623","0.0-5.0-195.0","go-nogo","true","0","","true","<div class = centerbox><div  id = stim2></div></div>","32","32","750","","test","go","195","random","","",""
"","322","32","1020","0","test_block","poldrack-single-stim","210","327678","0.0-5.0-196.0","go-nogo","true","0","","true","<div class = centerbox><div  id = stim2></div></div>","32","32","750","","test","go","196","random","","",""
"","372","32","1423","0","test_block","poldrack-single-stim","211","329135","0.0-5.0-197.0","go-nogo","true","0","","true","<div class = centerbox><div  id = stim2></div></div>","32","32","750","","test","go","197","random","","",""
"","320","32","1087","0","test_block","poldrack-single-stim","212","330258","0.0-5.0-198.0","go-nogo","true","0","","true","<div class = centerbox><div  id = stim2></div></div>","32","32","750","","test","go","198","random","","",""
"","337","32","1052","0","test_block","poldrack-single-stim","213","331342","0.0-5.0-199.0","go-nogo","true","0","","false","<div class = centerbox><div  id = stim1></div></div>","-1","32","750","","test","nogo","199","random","","",""
"","374","32","1491","0","test_block","poldrack-single-stim","214","332863","0.0-5.0-200.0","go-nogo","true","0","","true","<div class = centerbox><div  id = stim2></div></div>","32","32","750","","test","go","200","random","","",""
"","508","32","1052","0","test_block","poldrack-single-stim","215","333947","0.0-5.0-201.0","go-nogo","true","0","","true","<div class = centerbox><div  id = stim2></div></div>","32","32","750","","test","go","201","random","","",""
"","578","32","1430","0","test_block","poldrack-single-stim","216","335408","0.0-5.0-202.0","go-nogo","true","0","","true","<div class = centerbox><div  id = stim2></div></div>","32","32","750","","test","go","202","random","","",""
"","472","32","1376","0","test_block","poldrack-single-stim","217","336815","0.0-5.0-203.0","go-nogo","true","0","","true","<div class = centerbox><div  id = stim2></div></div>","32","32","750","","test","go","203","random","","",""
"","504","32","1005","0","test_block","poldrack-single-stim","218","337855","0.0-5.0-204.0","go-nogo","true","0","","true","<div class = centerbox><div  id = stim2></div></div>","32","32","750","","test","go","204","random","","",""
"","439","32","1216","0","test_block","poldrack-single-stim","219","339103","0.0-5.0-205.0","go-nogo","true","0","","true","<div class = centerbox><div  id = stim2></div></div>","32","32","750","","test","go","205","random","","",""
"","321","32","1461","0","test_block","poldrack-single-stim","220","340598","0.0-5.0-206.0","go-nogo","true","0","","true","<div class = centerbox><div  id = stim2></div></div>","32","32","750","","test","go","206","random","","",""
"","353","32","1419","0","test_block","poldrack-single-stim","221","342047","0.0-5.0-207.0","go-nogo","true","0","","true","<div class = centerbox><div  id = stim2></div></div>","32","32","750","","test","go","207","random","","",""
"","-1","-1","1015","0","test_block","poldrack-single-stim","222","343095","0.0-5.0-208.0","go-nogo","true","0","","true","<div class = centerbox><div  id = stim1></div></div>","-1","32","750","","test","nogo","208","random","","",""
"","-1","-1","1478","0","test_block","poldrack-single-stim","223","344609","0.0-5.0-209.0","go-nogo","true","0","","true","<div class = centerbox><div  id = stim1></div></div>","-1","32","750","","test","nogo","209","random","","",""
"","573","32","1354","0","test_block","poldrack-single-stim","224","345993","0.0-5.0-210.0","go-nogo","true","0","","true","<div class = centerbox><div  id = stim2></div></div>","32","32","750","","test","go","210","random","","",""
"","414","32","1265","0","test_block","poldrack-single-stim","225","347290","0.0-5.0-211.0","go-nogo","true","0","","true","<div class = centerbox><div  id = stim2></div></div>","32","32","750","","test","go","211","random","","",""
"","365","32","1136","0","test_block","poldrack-single-stim","226","348461","0.0-5.0-212.0","go-nogo","true","0","","true","<div class = centerbox><div  id = stim2></div></div>","32","32","750","","test","go","212","random","","",""
"","391","32","1152","0","test_block","poldrack-single-stim","227","349643","0.0-5.0-213.0","go-nogo","true","0","","true","<div class = centerbox><div  id = stim2></div></div>","32","32","750","","test","go","213","random","","",""
"","-1","-1","1331","0","test_block","poldrack-single-stim","228","351006","0.0-5.0-214.0","go-nogo","true","0","","true","<div class = centerbox><div  id = stim1></div></div>","-1","32","750","","test","nogo","214","random","","",""
"","471","32","1126","0","test_block","poldrack-single-stim","229","352164","0.0-5.0-215.0","go-nogo","true","0","","true","<div class = centerbox><div  id = stim2></div></div>","32","32","750","","test","go","215","random","","",""
"","415","32","1421","0","test_block","poldrack-single-stim","230","353619","0.0-5.0-216.0","go-nogo","true","0","","true","<div class = centerbox><div  id = stim2></div></div>","32","32","750","","test","go","216","random","","",""
"","525","32","1403","0","test_block","poldrack-single-stim","231","355050","0.0-5.0-217.0","go-nogo","true","0","","true","<div class = centerbox><div  id = stim2></div></div>","32","32","750","","test","go","217","random","","",""
"","343","32","1330","0","test_block","poldrack-single-stim","232","356409","0.0-5.0-218.0","go-nogo","true","0","","true","<div class = centerbox><div  id = stim2></div></div>","32","32","750","","test","go","218","random","","",""
"","456","32","1210","0","test_block","poldrack-single-stim","233","357652","0.0-5.0-219.0","go-nogo","true","0","","true","<div class = centerbox><div  id = stim2></div></div>","32","32","750","","test","go","219","random","","",""
"","-1","-1","1186","0","test_block","poldrack-single-stim","234","358876","0.0-5.0-220.0","go-nogo","true","0","","true","<div class = centerbox><div  id = stim1></div></div>","-1","32","750","","test","nogo","220","random","","",""
"","-1","-1","1115","0","test_block","poldrack-single-stim","235","360025","0.0-5.0-221.0","go-nogo","true","0","","true","<div class = centerbox><div  id = stim1></div></div>","-1","32","750","","test","nogo","221","random","","",""
"","505","32","1481","0","test_block","poldrack-single-stim","236","361534","0.0-5.0-222.0","go-nogo","true","0","","true","<div class = centerbox><div  id = stim2></div></div>","32","32","750","","test","go","222","random","","",""
"","432","32","1213","0","test_block","poldrack-single-stim","237","362777","0.0-5.0-223.0","go-nogo","true","0","","true","<div class = centerbox><div  id = stim2></div></div>","32","32","750","","test","go","223","random","","",""
"","494","32","1164","0","test_block","poldrack-single-stim","238","363973","0.0-5.0-224.0","go-nogo","true","0","","true","<div class = centerbox><div  id = stim2></div></div>","32","32","750","","test","go","224","random","","",""
"","465","32","1158","0","test_block","poldrack-single-stim","239","365159","0.0-5.0-225.0","go-nogo","true","0","","true","<div class = centerbox><div  id = stim2></div></div>","32","32","750","","test","go","225","random","","",""
"","470","32","1313","0","test_block","poldrack-single-stim","240","366506","0.0-5.0-226.0","go-nogo","true","0","","true","<div class = centerbox><div  id = stim2></div></div>","32","32","750","","test","go","226","random","","",""
"","537","32","1058","0","test_block","poldrack-single-stim","241","367595","0.0-5.0-227.0","go-nogo","true","0","","true","<div class = centerbox><div  id = stim2></div></div>","32","32","750","","test","go","227","random","","",""
"","589","32","1487","0","test_block","poldrack-single-stim","242","369115","0.0-5.0-228.0","go-nogo","true","0","","true","<div class = centerbox><div  id = stim2></div></div>","32","32","750","","test","go","228","random","","",""
"","385","32","1371","0","test_block","poldrack-single-stim","243","370521","0.0-5.0-229.0","go-nogo","true","0","","true","<div class = centerbox><div  id = stim2></div></div>","32","32","750","","test","go","229","random","","",""
"","363","32","1462","0","test_block","poldrack-single-stim","244","372018","0.0-5.0-230.0","go-nogo","true","0","","false","<div class = centerbox><div  id = stim1></div></div>","-1","32","750","","test","nogo","230","random","","",""
"","478","32","1293","0","test_block","poldrack-single-stim","245","373341","0.0-5.0-231.0","go-nogo","true","0","","true","<div class = centerbox><div  id = stim2></div></div>","32","32","750","","test","go","231","random","","",""
"","425","32","1362","0","test_block","poldrack-single-stim","246","374738","0.0-5.0-232.0","go-nogo","true","0","","true","<div class = centerbox><div  id = stim2></div></div>","32","32","750","","test","go","232","random","","",""
"","418","32","1462","0","test_block","poldrack-single-stim","247","376234","0.0-5.0-233.0","go-nogo","true","0","","true","<div class = centerbox><div  id = stim2></div></div>","32","32","750","","test","go","233","random","","",""
"","354","32","1053","0","test_block","poldrack-single-stim","248","377321","0.0-5.0-234.0","go-nogo","true","0","","true","<div class = centerbox><div  id = stim2></div></div>","32","32","750","","test","go","234","random","","",""
"","446","32","1403","0","test_block","poldrack-single-stim","249","378755","0.0-5.0-235.0","go-nogo","true","0","","true","<div class = centerbox><div  id = stim2></div></div>","32","32","750","","test","go","235","random","","",""
"","504","32","1180","0","test_block","poldrack-single-stim","250","379965","0.0-5.0-236.0","go-nogo","true","0","","true","<div class = centerbox><div  id = stim2></div></div>","32","32","750","","test","go","236","random","","",""
"","751","32","1230","0","test_block","poldrack-single-stim","251","381219","0.0-5.0-237.0","go-nogo","true","0","","true","<div class = centerbox><div  id = stim2></div></div>","32","32","750","","test","go","237","random","","",""
"","598","32","1409","0","test_block","poldrack-single-stim","252","382658","0.0-5.0-238.0","go-nogo","true","0","","true","<div class = centerbox><div  id = stim2></div></div>","32","32","750","","test","go","238","random","","",""
"","317","32","1288","0","test_block","poldrack-single-stim","253","383977","0.0-5.0-239.0","go-nogo","true","0","","true","<div class = centerbox><div  id = stim2></div></div>","32","32","750","","test","go","239","random","","",""
"","386","32","1407","0","test_block","poldrack-single-stim","254","385424","0.0-5.0-240.0","go-nogo","true","0","","true","<div class = centerbox><div  id = stim2></div></div>","32","32","750","","test","go","240","random","","",""
"","346","32","1096","0","test_block","poldrack-single-stim","255","386551","0.0-5.0-241.0","go-nogo","true","0","","true","<div class = centerbox><div  id = stim2></div></div>","32","32","750","","test","go","241","random","","",""
"","377","32","1304","0","test_block","poldrack-single-stim","256","387890","0.0-5.0-242.0","go-nogo","true","0","","true","<div class = centerbox><div  id = stim2></div></div>","32","32","750","","test","go","242","random","","",""
"","383","32","1193","0","test_block","poldrack-single-stim","257","389115","0.0-5.0-243.0","go-nogo","true","0","","true","<div class = centerbox><div  id = stim2></div></div>","32","32","750","","test","go","243","random","","",""
"","353","32","1016","0","test_block","poldrack-single-stim","258","390166","0.0-5.0-244.0","go-nogo","true","0","","true","<div class = centerbox><div  id = stim2></div></div>","32","32","750","","test","go","244","random","","",""
"","-1","-1","1353","0","test_block","poldrack-single-stim","259","391552","0.0-5.0-245.0","go-nogo","true","0","","true","<div class = centerbox><div  id = stim1></div></div>","-1","32","750","","test","nogo","245","random","","",""
"","480","32","1314","0","test_block","poldrack-single-stim","260","392897","0.0-5.0-246.0","go-nogo","true","0","","true","<div class = centerbox><div  id = stim2></div></div>","32","32","750","","test","go","246","random","","",""
"","406","32","1027","0","test_block","poldrack-single-stim","261","393956","0.0-5.0-247.0","go-nogo","true","0","","true","<div class = centerbox><div  id = stim2></div></div>","32","32","750","","test","go","247","random","","",""
"","608","32","1018","0","test_block","poldrack-single-stim","262","395001","0.0-5.0-248.0","go-nogo","true","0","","true","<div class = centerbox><div  id = stim2></div></div>","32","32","750","","test","go","248","random","","",""
"","488","32","1235","0","test_block","poldrack-single-stim","263","396267","0.0-5.0-249.0","go-nogo","true","0","","true","<div class = centerbox><div  id = stim2></div></div>","32","32","750","","test","go","249","random","","",""
"","418","32","1345","0","test_block","poldrack-single-stim","264","397648","0.0-5.0-250.0","go-nogo","true","0","","true","<div class = centerbox><div  id = stim2></div></div>","32","32","750","","test","go","250","random","","",""
"","463","32","1002","0","test_block","poldrack-single-stim","265","398681","0.0-5.0-251.0","go-nogo","true","0","","true","<div class = centerbox><div  id = stim2></div></div>","32","32","750","","test","go","251","random","","",""
"","563","32","1356","0","test_block","poldrack-single-stim","266","400069","0.0-5.0-252.0","go-nogo","true","0","","true","<div class = centerbox><div  id = stim2></div></div>","32","32","750","","test","go","252","random","","",""
"","409","32","1302","0","test_block","poldrack-single-stim","267","401404","0.0-5.0-253.0","go-nogo","true","0","","true","<div class = centerbox><div  id = stim2></div></div>","32","32","750","","test","go","253","random","","",""
"","385","32","1191","0","test_block","poldrack-single-stim","268","402623","0.0-5.0-254.0","go-nogo","true","0","","true","<div class = centerbox><div  id = stim2></div></div>","32","32","750","","test","go","254","random","","",""
"","440","32","1320","0","test_block","poldrack-single-stim","269","403977","0.0-5.0-255.0","go-nogo","true","0","","true","<div class = centerbox><div  id = stim2></div></div>","32","32","750","","test","go","255","random","","",""
"","459","32","1162","0","test_block","poldrack-single-stim","270","405173","0.0-5.0-256.0","go-nogo","true","0","","true","<div class = centerbox><div  id = stim2></div></div>","32","32","750","","test","go","256","random","","",""
"","532","32","1497","0","test_block","poldrack-single-stim","271","406711","0.0-5.0-257.0","go-nogo","true","0","","true","<div class = centerbox><div  id = stim2></div></div>","32","32","750","","test","go","257","random","","",""
"","-1","-1","1003","0","test_block","poldrack-single-stim","272","407743","0.0-5.0-258.0","go-nogo","true","0","","true","<div class = centerbox><div  id = stim1></div></div>","-1","32","750","","test","nogo","258","random","","",""
"","480","32","1332","0","test_block","poldrack-single-stim","273","409108","0.0-5.0-259.0","go-nogo","true","0","","true","<div class = centerbox><div  id = stim2></div></div>","32","32","750","","test","go","259","random","","",""
"","457","32","1323","0","test_block","poldrack-single-stim","274","410464","0.0-5.0-260.0","go-nogo","true","0","","true","<div class = centerbox><div  id = stim2></div></div>","32","32","750","","test","go","260","random","","",""
"","611","32","1202","0","test_block","poldrack-single-stim","275","411705","0.0-5.0-261.0","go-nogo","true","0","","true","<div class = centerbox><div  id = stim2></div></div>","32","32","750","","test","go","261","random","","",""
"","543","32","1477","0","test_block","poldrack-single-stim","276","413218","0.0-5.0-262.0","go-nogo","true","0","","true","<div class = centerbox><div  id = stim2></div></div>","32","32","750","","test","go","262","random","","",""
"","628","32","1041","0","test_block","poldrack-single-stim","277","414292","0.0-5.0-263.0","go-nogo","true","0","","true","<div class = centerbox><div  id = stim2></div></div>","32","32","750","","test","go","263","random","","",""
"","550","32","1269","0","test_block","poldrack-single-stim","278","415592","0.0-5.0-264.0","go-nogo","true","0","","true","<div class = centerbox><div  id = stim2></div></div>","32","32","750","","test","go","264","random","","",""
"","-1","-1","1353","0","test_block","poldrack-single-stim","279","416982","0.0-5.0-265.0","go-nogo","true","0","","false","<div class = centerbox><div  id = stim2></div></div>","32","32","750","","test","go","265","random","","",""
"","355","32","1411","0","test_block","poldrack-single-stim","280","418424","0.0-5.0-266.0","go-nogo","true","0","","true","<div class = centerbox><div  id = stim2></div></div>","32","32","750","","test","go","266","random","","",""
"","403","32","1082","0","test_block","poldrack-single-stim","281","419540","0.0-5.0-267.0","go-nogo","true","0","","true","<div class = centerbox><div  id = stim2></div></div>","32","32","750","","test","go","267","random","","",""
"","-1","-1","1390","0","test_block","poldrack-single-stim","282","420957","0.0-5.0-268.0","go-nogo","true","0","","true","<div class = centerbox><div  id = stim1></div></div>","-1","32","750","","test","nogo","268","random","","",""
"","471","32","1024","0","test_block","poldrack-single-stim","283","422008","0.0-5.0-269.0","go-nogo","true","0","","true","<div class = centerbox><div  id = stim2></div></div>","32","32","750","","test","go","269","random","","",""
"","484","32","1368","0","test_block","poldrack-single-stim","284","423411","0.0-5.0-270.0","go-nogo","true","0","","true","<div class = centerbox><div  id = stim2></div></div>","32","32","750","","test","go","270","random","","",""
"","489","32","1168","0","test_block","poldrack-single-stim","285","424610","0.0-5.0-271.0","go-nogo","true","0","","true","<div class = centerbox><div  id = stim2></div></div>","32","32","750","","test","go","271","random","","",""
"","479","32","1366","0","test_block","poldrack-single-stim","286","426011","0.0-5.0-272.0","go-nogo","true","0","","true","<div class = centerbox><div  id = stim2></div></div>","32","32","750","","test","go","272","random","","",""
"","457","32","1476","0","test_block","poldrack-single-stim","287","427520","0.0-5.0-273.0","go-nogo","true","0","","true","<div class = centerbox><div  id = stim2></div></div>","32","32","750","","test","go","273","random","","",""
"","596","32","1314","0","test_block","poldrack-single-stim","288","428862","0.0-5.0-274.0","go-nogo","true","0","","true","<div class = centerbox><div  id = stim2></div></div>","32","32","750","","test","go","274","random","","",""
"","694","32","1072","0","test_block","poldrack-single-stim","289","429964","0.0-5.0-275.0","go-nogo","true","0","","true","<div class = centerbox><div  id = stim2></div></div>","32","32","750","","test","go","275","random","","",""
"","-1","-1","1066","0","test_block","poldrack-single-stim","290","431061","0.0-5.0-276.0","go-nogo","true","0","","false","<div class = centerbox><div  id = stim2></div></div>","32","32","750","","test","go","276","random","","",""
"","-1","-1","1364","0","test_block","poldrack-single-stim","291","432457","0.0-5.0-277.0","go-nogo","true","0","","true","<div class = centerbox><div  id = stim1></div></div>","-1","32","750","","test","nogo","277","random","","",""
"","432","32","1202","0","test_block","poldrack-single-stim","292","433688","0.0-5.0-278.0","go-nogo","true","0","","true","<div class = centerbox><div  id = stim2></div></div>","32","32","750","","test","go","278","random","","",""
"","469","32","1452","0","test_block","poldrack-single-stim","293","435173","0.0-5.0-279.0","go-nogo","true","0","","true","<div class = centerbox><div  id = stim2></div></div>","32","32","750","","test","go","279","random","","",""
"","445","32","1023","0","test_block","poldrack-single-stim","294","436226","0.0-5.0-280.0","go-nogo","true","0","","true","<div class = centerbox><div  id = stim2></div></div>","32","32","750","","test","go","280","random","","",""
"","719","32","1488","0","test_block","poldrack-single-stim","295","437746","0.0-5.0-281.0","go-nogo","true","0","","true","<div class = centerbox><div  id = stim2></div></div>","32","32","750","","test","go","281","random","","",""
"","525","32","1097","0","test_block","poldrack-single-stim","296","438873","0.0-5.0-282.0","go-nogo","true","0","","true","<div class = centerbox><div  id = stim2></div></div>","32","32","750","","test","go","282","random","","",""
"","514","32","1239","0","test_block","poldrack-single-stim","297","440144","0.0-5.0-283.0","go-nogo","true","0","","true","<div class = centerbox><div  id = stim2></div></div>","32","32","750","","test","go","283","random","","",""
"","479","32","1093","0","test_block","poldrack-single-stim","298","441271","0.0-5.0-284.0","go-nogo","true","0","","true","<div class = centerbox><div  id = stim2></div></div>","32","32","750","","test","go","284","random","","",""
"","452","32","1393","0","test_block","poldrack-single-stim","299","442698","0.0-5.0-285.0","go-nogo","true","0","","true","<div class = centerbox><div  id = stim2></div></div>","32","32","750","","test","go","285","random","","",""
"","427","32","1257","0","test_block","poldrack-single-stim","300","443993","0.0-5.0-286.0","go-nogo","true","0","","true","<div class = centerbox><div  id = stim2></div></div>","32","32","750","","test","go","286","random","","",""
"","364","32","1458","0","test_block","poldrack-single-stim","301","445484","0.0-5.0-287.0","go-nogo","true","0","","true","<div class = centerbox><div  id = stim2></div></div>","32","32","750","","test","go","287","random","","",""
"","356","32","1205","0","test_block","poldrack-single-stim","302","446727","0.0-5.0-288.0","go-nogo","true","0","","true","<div class = centerbox><div  id = stim2></div></div>","32","32","750","","test","go","288","random","","",""
"","-1","-1","1345","0","test_block","poldrack-single-stim","303","448103","0.0-5.0-289.0","go-nogo","true","0","","true","<div class = centerbox><div  id = stim1></div></div>","-1","32","750","","test","nogo","289","random","","",""
"","562","32","1339","0","test_block","poldrack-single-stim","304","449472","0.0-5.0-290.0","go-nogo","true","0","","true","<div class = centerbox><div  id = stim2></div></div>","32","32","750","","test","go","290","random","","",""
"","395","32","1071","0","test_block","poldrack-single-stim","305","450578","0.0-5.0-291.0","go-nogo","true","0","","true","<div class = centerbox><div  id = stim2></div></div>","32","32","750","","test","go","291","random","","",""
"","348","32","1196","0","test_block","poldrack-single-stim","306","451807","0.0-5.0-292.0","go-nogo","true","0","","true","<div class = centerbox><div  id = stim2></div></div>","32","32","750","","test","go","292","random","","",""
"","387","32","1063","0","test_block","poldrack-single-stim","307","452899","0.0-5.0-293.0","go-nogo","true","0","","true","<div class = centerbox><div  id = stim2></div></div>","32","32","750","","test","go","293","random","","",""
"","495","32","1348","0","test_block","poldrack-single-stim","308","454283","0.0-5.0-294.0","go-nogo","true","0","","true","<div class = centerbox><div  id = stim2></div></div>","32","32","750","","test","go","294","random","","",""
"","367","32","1025","0","test_block","poldrack-single-stim","309","455342","0.0-5.0-295.0","go-nogo","true","0","","true","<div class = centerbox><div  id = stim2></div></div>","32","32","750","","test","go","295","random","","",""
"","359","32","1110","0","test_block","poldrack-single-stim","310","456481","0.0-5.0-296.0","go-nogo","true","0","","true","<div class = centerbox><div  id = stim2></div></div>","32","32","750","","test","go","296","random","","",""
"","372","32","1098","0","test_block","poldrack-single-stim","311","457610","0.0-5.0-297.0","go-nogo","true","0","","true","<div class = centerbox><div  id = stim2></div></div>","32","32","750","","test","go","297","random","","",""
"","382","32","1120","0","test_block","poldrack-single-stim","312","458760","0.0-5.0-298.0","go-nogo","true","0","","true","<div class = centerbox><div  id = stim2></div></div>","32","32","750","","test","go","298","random","","",""
"","-1","-1","1406","0","test_block","poldrack-single-stim","313","460200","0.0-5.0-299.0","go-nogo","true","0","","true","<div class = centerbox><div  id = stim1></div></div>","-1","32","750","","test","nogo","299","random","","",""
"","366","32","1391","0","test_block","poldrack-single-stim","314","461628","0.0-5.0-300.0","go-nogo","true","0","","true","<div class = centerbox><div  id = stim2></div></div>","32","32","750","","test","go","300","random","","",""
"","415","32","1071","0","test_block","poldrack-single-stim","315","462735","0.0-5.0-301.0","go-nogo","true","0","","true","<div class = centerbox><div  id = stim2></div></div>","32","32","750","","test","go","301","random","","",""
"","592","32","1145","0","test_block","poldrack-single-stim","316","463909","0.0-5.0-302.0","go-nogo","true","0","","true","<div class = centerbox><div  id = stim2></div></div>","32","32","750","","test","go","302","random","","",""
"","475","32","1029","0","test_block","poldrack-single-stim","317","464967","0.0-5.0-303.0","go-nogo","true","0","","true","<div class = centerbox><div  id = stim2></div></div>","32","32","750","","test","go","303","random","","",""
"","591","32","1301","0","test_block","poldrack-single-stim","318","466294","0.0-5.0-304.0","go-nogo","true","0","","true","<div class = centerbox><div  id = stim2></div></div>","32","32","750","","test","go","304","random","","",""
"","857","32","1095","0","test_block","poldrack-single-stim","319","467422","0.0-5.0-305.0","go-nogo","true","0","","true","<div class = centerbox><div  id = stim2></div></div>","32","32","750","","test","go","305","random","","",""
"","456","32","1385","0","test_block","poldrack-single-stim","320","468844","0.0-5.0-306.0","go-nogo","true","0","","true","<div class = centerbox><div  id = stim2></div></div>","32","32","750","","test","go","306","random","","",""
"","369","32","1272","0","test_block","poldrack-single-stim","321","470150","0.0-5.0-307.0","go-nogo","true","0","","true","<div class = centerbox><div  id = stim2></div></div>","32","32","750","","test","go","307","random","","",""
"","413","32","1321","0","test_block","poldrack-single-stim","322","471503","0.0-5.0-308.0","go-nogo","true","0","","true","<div class = centerbox><div  id = stim2></div></div>","32","32","750","","test","go","308","random","","",""
"","521","32","1211","0","test_block","poldrack-single-stim","323","472747","0.0-5.0-309.0","go-nogo","true","0","","true","<div class = centerbox><div  id = stim2></div></div>","32","32","750","","test","go","309","random","","",""
"","735","32","1191","0","test_block","poldrack-single-stim","324","473975","0.0-5.0-310.0","go-nogo","true","0","","true","<div class = centerbox><div  id = stim2></div></div>","32","32","750","","test","go","310","random","","",""
"","407","32","1382","0","test_block","poldrack-single-stim","325","475388","0.0-5.0-311.0","go-nogo","true","0","","true","<div class = centerbox><div  id = stim2></div></div>","32","32","750","","test","go","311","random","","",""
"","504","32","1270","0","test_block","poldrack-single-stim","326","476693","0.0-5.0-312.0","go-nogo","true","0","","true","<div class = centerbox><div  id = stim2></div></div>","32","32","750","","test","go","312","random","","",""
"","-1","-1","1279","0","test_block","poldrack-single-stim","327","478006","0.0-5.0-313.0","go-nogo","true","0","","false","<div class = centerbox><div  id = stim2></div></div>","32","32","750","","test","go","313","random","","",""
"","-1","-1","1320","0","test_block","poldrack-single-stim","328","479362","0.0-5.0-314.0","go-nogo","true","0","","false","<div class = centerbox><div  id = stim2></div></div>","32","32","750","","test","go","314","random","","",""
"","-1","-1","1218","0","test_block","poldrack-single-stim","329","480608","0.0-5.0-315.0","go-nogo","true","0","","true","<div class = centerbox><div  id = stim1></div></div>","-1","32","750","","test","nogo","315","random","","",""
"","-1","-1","1201","0","test_block","poldrack-single-stim","330","481841","0.0-5.0-316.0","go-nogo","true","0","","false","<div class = centerbox><div  id = stim2></div></div>","32","32","750","","test","go","316","random","","",""
"","-1","-1","1188","0","test_block","poldrack-single-stim","331","483060","0.0-5.0-317.0","go-nogo","true","0","","false","<div class = centerbox><div  id = stim2></div></div>","32","32","750","","test","go","317","random","","",""
"","462","32","1151","0","test_block","poldrack-single-stim","332","484244","0.0-5.0-318.0","go-nogo","true","0","","true","<div class = centerbox><div  id = stim2></div></div>","32","32","750","","test","go","318","random","","",""
"","312","32","1353","0","test_block","poldrack-single-stim","333","485635","0.0-5.0-319.0","go-nogo","true","0","","true","<div class = centerbox><div  id = stim2></div></div>","32","32","750","","test","go","319","random","","",""
"","309","32","1414","0","test_block","poldrack-single-stim","334","487083","0.0-5.0-320.0","go-nogo","true","0","","true","<div class = centerbox><div  id = stim2></div></div>","32","32","750","","test","go","320","random","","",""
"","-1","-1","1221","0","test_block","poldrack-single-stim","335","488334","0.0-5.0-321.0","go-nogo","true","0","","true","<div class = centerbox><div  id = stim1></div></div>","-1","32","750","","test","nogo","321","random","","",""
"","416","32","1422","0","test_block","poldrack-single-stim","336","489782","0.0-5.0-322.0","go-nogo","true","0","","true","<div class = centerbox><div  id = stim2></div></div>","32","32","750","","test","go","322","random","","",""
"","275","32","1019","0","test_block","poldrack-single-stim","337","490835","0.0-5.0-323.0","go-nogo","true","0","","true","<div class = centerbox><div  id = stim2></div></div>","32","32","750","","test","go","323","random","","",""
"","443","32","1331","0","test_block","poldrack-single-stim","338","492200","0.0-5.0-324.0","go-nogo","true","0","","true","<div class = centerbox><div  id = stim2></div></div>","32","32","750","","test","go","324","random","","",""
"","339","32","1315","0","test_block","poldrack-single-stim","339","493551","0.0-5.0-325.0","go-nogo","true","0","","true","<div class = centerbox><div  id = stim2></div></div>","32","32","750","","test","go","325","random","","",""
"","415","32","1177","0","test_block","poldrack-single-stim","340","494757","0.0-5.0-326.0","go-nogo","true","0","","true","<div class = centerbox><div  id = stim2></div></div>","32","32","750","","test","go","326","random","","",""
"","594","32","1429","0","test_block","poldrack-single-stim","341","496219","0.0-5.0-327.0","go-nogo","true","0","","true","<div class = centerbox><div  id = stim2></div></div>","32","32","750","","test","go","327","random","","",""
"","-1","-1","1495","0","test_block","poldrack-single-stim","342","497749","0.0-5.0-328.0","go-nogo","true","0","","true","<div class = centerbox><div  id = stim1></div></div>","-1","32","750","","test","nogo","328","random","","",""
"","452","32","1268","0","test_block","poldrack-single-stim","343","499049","0.0-5.0-329.0","go-nogo","true","0","","true","<div class = centerbox><div  id = stim2></div></div>","32","32","750","","test","go","329","random","","",""
"","427","32","1031","0","test_block","poldrack-single-stim","344","500114","0.0-5.0-330.0","go-nogo","true","0","","true","<div class = centerbox><div  id = stim2></div></div>","32","32","750","","test","go","330","random","","",""
"","442","32","1247","0","test_block","poldrack-single-stim","345","501396","0.0-5.0-331.0","go-nogo","true","0","","true","<div class = centerbox><div  id = stim2></div></div>","32","32","750","","test","go","331","random","","",""
"","400","32","1305","0","test_block","poldrack-single-stim","346","502738","0.0-5.0-332.0","go-nogo","true","0","","true","<div class = centerbox><div  id = stim2></div></div>","32","32","750","","test","go","332","random","","",""
"","463","32","1353","0","test_block","poldrack-single-stim","347","504127","0.0-5.0-333.0","go-nogo","true","0","","false","<div class = centerbox><div  id = stim1></div></div>","-1","32","750","","test","nogo","333","random","","",""
"","-1","-1","1159","0","test_block","poldrack-single-stim","348","505319","0.0-5.0-334.0","go-nogo","true","0","","true","<div class = centerbox><div  id = stim1></div></div>","-1","32","750","","test","nogo","334","random","","",""
"","437","32","1093","0","test_block","poldrack-single-stim","349","506448","0.0-5.0-335.0","go-nogo","true","0","","true","<div class = centerbox><div  id = stim2></div></div>","32","32","750","","test","go","335","random","","",""
"","444","32","1425","0","test_block","poldrack-single-stim","350","507907","0.0-5.0-336.0","go-nogo","true","0","","true","<div class = centerbox><div  id = stim2></div></div>","32","32","750","","test","go","336","random","","",""
"","391","32","1447","0","test_block","poldrack-single-stim","351","509385","0.0-5.0-337.0","go-nogo","true","0","","true","<div class = centerbox><div  id = stim2></div></div>","32","32","750","","test","go","337","random","","",""
"","689","32","1454","0","test_block","poldrack-single-stim","352","510867","0.0-5.0-338.0","go-nogo","true","0","","true","<div class = centerbox><div  id = stim2></div></div>","32","32","750","","test","go","338","random","","",""
"","393","32","1128","0","test_block","poldrack-single-stim","353","512026","0.0-5.0-339.0","go-nogo","true","0","","true","<div class = centerbox><div  id = stim2></div></div>","32","32","750","","test","go","339","random","","",""
"","368","32","1283","0","test_block","poldrack-single-stim","354","513340","0.0-5.0-340.0","go-nogo","true","0","","true","<div class = centerbox><div  id = stim2></div></div>","32","32","750","","test","go","340","random","","",""
"","353","32","1258","0","test_block","poldrack-single-stim","355","514632","0.0-5.0-341.0","go-nogo","true","0","","true","<div class = centerbox><div  id = stim2></div></div>","32","32","750","","test","go","341","random","","",""
"","350","32","1288","0","test_block","poldrack-single-stim","356","515953","0.0-5.0-342.0","go-nogo","true","0","","true","<div class = centerbox><div  id = stim2></div></div>","32","32","750","","test","go","342","random","","",""
"","444","32","1106","0","test_block","poldrack-single-stim","357","517090","0.0-5.0-343.0","go-nogo","true","0","","true","<div class = centerbox><div  id = stim2></div></div>","32","32","750","","test","go","343","random","","",""
"","467","32","1096","0","test_block","poldrack-single-stim","358","518216","0.0-5.0-344.0","go-nogo","true","0","","true","<div class = centerbox><div  id = stim2></div></div>","32","32","750","","test","go","344","random","","",""
"","509","32","1153","0","test_block","poldrack-single-stim","359","519401","0.0-5.0-345.0","go-nogo","true","0","","true","<div class = centerbox><div  id = stim2></div></div>","32","32","750","","test","go","345","random","","",""
"","496","32","1108","0","test_block","poldrack-single-stim","360","520540","0.0-5.0-346.0","go-nogo","true","0","","true","<div class = centerbox><div  id = stim2></div></div>","32","32","750","","test","go","346","random","","",""
"","437","32","1456","0","test_block","poldrack-single-stim","361","522027","0.0-5.0-347.0","go-nogo","true","0","","true","<div class = centerbox><div  id = stim2></div></div>","32","32","750","","test","go","347","random","","",""
"","452","32","1184","0","test_block","poldrack-single-stim","362","523239","0.0-5.0-348.0","go-nogo","true","0","","true","<div class = centerbox><div  id = stim2></div></div>","32","32","750","","test","go","348","random","","",""
"","495","32","1395","0","test_block","poldrack-single-stim","363","524666","0.0-5.0-349.0","go-nogo","true","0","","true","<div class = centerbox><div  id = stim2></div></div>","32","32","750","","test","go","349","random","","",""
"","19267","","","","post task questions","survey-text","364","543972","0.0-7.0","go-nogo","true","0","","","","","","","","","","","","{""Q0"":""press the space bar every time a blue square appeared"",""Q1"":""""}","",""
