"text","rt","key_press","block_duration","timing_post_trial","trial_id","trial_type","trial_index","time_elapsed","internal_node_id","exp_id","full_screen","focus_shifts","view_history","correct","stimulus","correct_response","possible_responses","stim_duration","feedback_duration","exp_stage","condition","trial_num","mode","responses","payment_id","credit_var"
"<div class = centerbox><p class = center-block-text>Welcome to the experiment. This task will take around 10 minutes. Press <strong>enter</strong> to begin.</p></div>","5534","13","5534","0","instruction","poldrack-text","0","5537","0.0-0.0-0.0","go-nogo","true","0","","","","","","","","","","","","","",""
"","52951","","","","instruction","poldrack-instructions","1","58488","0.0-0.0-1.0","go-nogo","true","0","[{""page_index"":0,""viewing_time"":52951}]","","","","","","","","","","","","",""
"","-1","-1","1039","250","practice","poldrack-categorize","2","61571","0.0-1.0-0.0","go-nogo","true","0","","true","<div class = centerbox><div id = stim1></div></div>","-1","32","750","1000","practice","nogo","0","random","","",""
"","-1","-1","1120","250","practice","poldrack-categorize","3","63970","0.0-1.0-1.0","go-nogo","true","0","","true","<div class = centerbox><div id = stim1></div></div>","-1","32","750","1000","practice","nogo","1","random","","",""
"","441","32","1089","250","practice","poldrack-categorize","4","66360","0.0-1.0-2.0","go-nogo","true","0","","true","<div class = centerbox><div  id = stim2></div></div>","32","32","750","1000","practice","go","2","random","","",""
"","-1","-1","1011","250","practice","poldrack-categorize","5","68670","0.0-1.0-3.0","go-nogo","true","0","","true","<div class = centerbox><div id = stim1></div></div>","-1","32","750","1000","practice","nogo","3","random","","",""
"","-1","-1","1076","250","practice","poldrack-categorize","6","71030","0.0-1.0-4.0","go-nogo","true","0","","true","<div class = centerbox><div id = stim1></div></div>","-1","32","750","1000","practice","nogo","4","random","","",""
"","484","32","1227","250","practice","poldrack-categorize","7","73531","0.0-1.0-5.0","go-nogo","true","0","","true","<div class = centerbox><div  id = stim2></div></div>","32","32","750","1000","practice","go","5","random","","",""
"","577","32","1064","250","practice","poldrack-categorize","8","75890","0.0-1.0-6.0","go-nogo","true","0","","true","<div class = centerbox><div  id = stim2></div></div>","32","32","750","1000","practice","go","6","random","","",""
"","442","32","1168","250","practice","poldrack-categorize","9","78340","0.0-1.0-7.0","go-nogo","true","0","","true","<div class = centerbox><div  id = stim2></div></div>","32","32","750","1000","practice","go","7","random","","",""
"","-1","-1","1102","250","practice","poldrack-categorize","10","80741","0.0-1.0-8.0","go-nogo","true","0","","true","<div class = centerbox><div id = stim1></div></div>","-1","32","750","1000","practice","nogo","8","random","","",""
"","428","32","1053","250","practice","poldrack-categorize","11","83080","0.0-1.0-9.0","go-nogo","true","0","","true","<div class = centerbox><div  id = stim2></div></div>","32","32","750","1000","practice","go","9","random","","",""
"","","","","","reset_trial","call-function","12","83340","0.0-3.0","go-nogo","true","0","","","","","","","","","","","","","",""
"<div class = centerbox><p class = block-text>Practice is over, we will now begin the experiment. You will no longer get feedback about your responses.</p><p class = block-text>Remember, if you see the <font color=""blue"">blue</font> square you should <strong> respond by pressing the spacebar as quickly as possible</strong>. If you see the <font color=""orange"">orange</font> square you should <strong> not respond</strong>. Press <strong>enter</strong> to begin.</p></div>","24402","13","24402","1000","test_intro","poldrack-text","13","107743","0.0-4.0","go-nogo","true","0","","","","","","","","","","","","","",""
"","432","32","1085","0","test_block","poldrack-single-stim","14","109851","0.0-5.0-0.0","go-nogo","true","0","","true","<div class = centerbox><div  id = stim2></div></div>","32","32","750","","test","go","0","random","","",""
"","446","32","1484","0","test_block","poldrack-single-stim","15","111409","0.0-5.0-1.0","go-nogo","true","0","","true","<div class = centerbox><div  id = stim2></div></div>","32","32","750","","test","go","1","random","","",""
"","509","32","1245","0","test_block","poldrack-single-stim","16","112701","0.0-5.0-2.0","go-nogo","true","0","","true","<div class = centerbox><div  id = stim2></div></div>","32","32","750","","test","go","2","random","","",""
"","468","32","1016","0","test_block","poldrack-single-stim","17","113760","0.0-5.0-3.0","go-nogo","true","0","","true","<div class = centerbox><div  id = stim2></div></div>","32","32","750","","test","go","3","random","","",""
"","495","32","1101","0","test_block","poldrack-single-stim","18","114900","0.0-5.0-4.0","go-nogo","true","0","","true","<div class = centerbox><div  id = stim2></div></div>","32","32","750","","test","go","4","random","","",""
"","476","32","1378","0","test_block","poldrack-single-stim","19","116330","0.0-5.0-5.0","go-nogo","true","0","","true","<div class = centerbox><div  id = stim2></div></div>","32","32","750","","test","go","5","random","","",""
"","487","32","1019","0","test_block","poldrack-single-stim","20","117400","0.0-5.0-6.0","go-nogo","true","0","","true","<div class = centerbox><div  id = stim2></div></div>","32","32","750","","test","go","6","random","","",""
"","589","32","1480","0","test_block","poldrack-single-stim","21","118930","0.0-5.0-7.0","go-nogo","true","0","","true","<div class = centerbox><div  id = stim2></div></div>","32","32","750","","test","go","7","random","","",""
"","546","32","1078","0","test_block","poldrack-single-stim","22","120060","0.0-5.0-8.0","go-nogo","true","0","","true","<div class = centerbox><div  id = stim2></div></div>","32","32","750","","test","go","8","random","","",""
"","519","32","1014","0","test_block","poldrack-single-stim","23","121120","0.0-5.0-9.0","go-nogo","true","0","","true","<div class = centerbox><div  id = stim2></div></div>","32","32","750","","test","go","9","random","","",""
"","601","32","1153","0","test_block","poldrack-single-stim","24","122300","0.0-5.0-10.0","go-nogo","true","0","","true","<div class = centerbox><div  id = stim2></div></div>","32","32","750","","test","go","10","random","","",""
"","480","32","1220","0","test_block","poldrack-single-stim","25","123569","0.0-5.0-11.0","go-nogo","true","0","","true","<div class = centerbox><div  id = stim2></div></div>","32","32","750","","test","go","11","random","","",""
"","471","32","1492","0","test_block","poldrack-single-stim","26","125090","0.0-5.0-12.0","go-nogo","true","0","","true","<div class = centerbox><div  id = stim2></div></div>","32","32","750","","test","go","12","random","","",""
"","503","32","1168","0","test_block","poldrack-single-stim","27","126290","0.0-5.0-13.0","go-nogo","true","0","","true","<div class = centerbox><div  id = stim2></div></div>","32","32","750","","test","go","13","random","","",""
"","487","32","1437","0","test_block","poldrack-single-stim","28","127751","0.0-5.0-14.0","go-nogo","true","0","","true","<div class = centerbox><div  id = stim2></div></div>","32","32","750","","test","go","14","random","","",""
"","450","32","1383","0","test_block","poldrack-single-stim","29","129160","0.0-5.0-15.0","go-nogo","true","0","","true","<div class = centerbox><div  id = stim2></div></div>","32","32","750","","test","go","15","random","","",""
"","448","32","1496","0","test_block","poldrack-single-stim","30","130690","0.0-5.0-16.0","go-nogo","true","0","","true","<div class = centerbox><div  id = stim2></div></div>","32","32","750","","test","go","16","random","","",""
"","504","32","1140","0","test_block","poldrack-single-stim","31","131870","0.0-5.0-17.0","go-nogo","true","0","","true","<div class = centerbox><div  id = stim2></div></div>","32","32","750","","test","go","17","random","","",""
"","494","32","1156","0","test_block","poldrack-single-stim","32","133070","0.0-5.0-18.0","go-nogo","true","0","","true","<div class = centerbox><div  id = stim2></div></div>","32","32","750","","test","go","18","random","","",""
"","508","32","1230","0","test_block","poldrack-single-stim","33","134330","0.0-5.0-19.0","go-nogo","true","0","","true","<div class = centerbox><div  id = stim2></div></div>","32","32","750","","test","go","19","random","","",""
"","541","32","1346","0","test_block","poldrack-single-stim","34","135720","0.0-5.0-20.0","go-nogo","true","0","","true","<div class = centerbox><div  id = stim2></div></div>","32","32","750","","test","go","20","random","","",""
"","545","32","1053","0","test_block","poldrack-single-stim","35","136800","0.0-5.0-21.0","go-nogo","true","0","","true","<div class = centerbox><div  id = stim2></div></div>","32","32","750","","test","go","21","random","","",""
"","555","32","1349","0","test_block","poldrack-single-stim","36","138189","0.0-5.0-22.0","go-nogo","true","0","","true","<div class = centerbox><div  id = stim2></div></div>","32","32","750","","test","go","22","random","","",""
"","494","32","1445","0","test_block","poldrack-single-stim","37","139669","0.0-5.0-23.0","go-nogo","true","0","","true","<div class = centerbox><div  id = stim2></div></div>","32","32","750","","test","go","23","random","","",""
"","482","32","1083","0","test_block","poldrack-single-stim","38","140780","0.0-5.0-24.0","go-nogo","true","0","","true","<div class = centerbox><div  id = stim2></div></div>","32","32","750","","test","go","24","random","","",""
"","558","32","1051","0","test_block","poldrack-single-stim","39","141860","0.0-5.0-25.0","go-nogo","true","0","","true","<div class = centerbox><div  id = stim2></div></div>","32","32","750","","test","go","25","random","","",""
"","647","32","1194","0","test_block","poldrack-single-stim","40","143090","0.0-5.0-26.0","go-nogo","true","0","","true","<div class = centerbox><div  id = stim2></div></div>","32","32","750","","test","go","26","random","","",""
"","617","32","1431","0","test_block","poldrack-single-stim","41","144550","0.0-5.0-27.0","go-nogo","true","0","","true","<div class = centerbox><div  id = stim2></div></div>","32","32","750","","test","go","27","random","","",""
"","531","32","1301","0","test_block","poldrack-single-stim","42","145889","0.0-5.0-28.0","go-nogo","true","0","","true","<div class = centerbox><div  id = stim2></div></div>","32","32","750","","test","go","28","random","","",""
"","378","32","1305","0","test_block","poldrack-single-stim","43","147250","0.0-5.0-29.0","go-nogo","true","0","","true","<div class = centerbox><div  id = stim2></div></div>","32","32","750","","test","go","29","random","","",""
"","394","32","1099","0","test_block","poldrack-single-stim","44","148370","0.0-5.0-30.0","go-nogo","true","0","","true","<div class = centerbox><div  id = stim2></div></div>","32","32","750","","test","go","30","random","","",""
"","455","32","1062","0","test_block","poldrack-single-stim","45","149470","0.0-5.0-31.0","go-nogo","true","0","","true","<div class = centerbox><div  id = stim2></div></div>","32","32","750","","test","go","31","random","","",""
"","680","32","1347","0","test_block","poldrack-single-stim","46","150850","0.0-5.0-32.0","go-nogo","true","0","","true","<div class = centerbox><div  id = stim2></div></div>","32","32","750","","test","go","32","random","","",""
"","-1","-1","1249","0","test_block","poldrack-single-stim","47","152130","0.0-5.0-33.0","go-nogo","true","0","","true","<div class = centerbox><div  id = stim1></div></div>","-1","32","750","","test","nogo","33","random","","",""
"","487","32","1353","0","test_block","poldrack-single-stim","48","153509","0.0-5.0-34.0","go-nogo","true","0","","true","<div class = centerbox><div  id = stim2></div></div>","32","32","750","","test","go","34","random","","",""
"","453","32","1218","0","test_block","poldrack-single-stim","49","154750","0.0-5.0-35.0","go-nogo","true","0","","true","<div class = centerbox><div  id = stim2></div></div>","32","32","750","","test","go","35","random","","",""
"","473","32","1420","0","test_block","poldrack-single-stim","50","156211","0.0-5.0-36.0","go-nogo","true","0","","true","<div class = centerbox><div  id = stim2></div></div>","32","32","750","","test","go","36","random","","",""
"","469","32","1163","0","test_block","poldrack-single-stim","51","157410","0.0-5.0-37.0","go-nogo","true","0","","true","<div class = centerbox><div  id = stim2></div></div>","32","32","750","","test","go","37","random","","",""
"","-1","-1","1044","0","test_block","poldrack-single-stim","52","158490","0.0-5.0-38.0","go-nogo","true","0","","true","<div class = centerbox><div  id = stim1></div></div>","-1","32","750","","test","nogo","38","random","","",""
"","479","32","1158","0","test_block","poldrack-single-stim","53","159670","0.0-5.0-39.0","go-nogo","true","0","","true","<div class = centerbox><div  id = stim2></div></div>","32","32","750","","test","go","39","random","","",""
"","404","32","1413","0","test_block","poldrack-single-stim","54","161120","0.0-5.0-40.0","go-nogo","true","0","","true","<div class = centerbox><div  id = stim2></div></div>","32","32","750","","test","go","40","random","","",""
"","427","32","1115","0","test_block","poldrack-single-stim","55","162260","0.0-5.0-41.0","go-nogo","true","0","","true","<div class = centerbox><div  id = stim2></div></div>","32","32","750","","test","go","41","random","","",""
"","425","32","1058","0","test_block","poldrack-single-stim","56","163371","0.0-5.0-42.0","go-nogo","true","0","","true","<div class = centerbox><div  id = stim2></div></div>","32","32","750","","test","go","42","random","","",""
"","512","32","1384","0","test_block","poldrack-single-stim","57","164781","0.0-5.0-43.0","go-nogo","true","0","","true","<div class = centerbox><div  id = stim2></div></div>","32","32","750","","test","go","43","random","","",""
"","412","32","1273","0","test_block","poldrack-single-stim","58","166090","0.0-5.0-44.0","go-nogo","true","0","","true","<div class = centerbox><div  id = stim2></div></div>","32","32","750","","test","go","44","random","","",""
"","416","32","1438","0","test_block","poldrack-single-stim","59","167560","0.0-5.0-45.0","go-nogo","true","0","","true","<div class = centerbox><div  id = stim2></div></div>","32","32","750","","test","go","45","random","","",""
"","-1","-1","1012","0","test_block","poldrack-single-stim","60","168600","0.0-5.0-46.0","go-nogo","true","0","","true","<div class = centerbox><div  id = stim1></div></div>","-1","32","750","","test","nogo","46","random","","",""
"","438","32","1342","0","test_block","poldrack-single-stim","61","169979","0.0-5.0-47.0","go-nogo","true","0","","true","<div class = centerbox><div  id = stim2></div></div>","32","32","750","","test","go","47","random","","",""
"","446","32","1170","0","test_block","poldrack-single-stim","62","171200","0.0-5.0-48.0","go-nogo","true","0","","true","<div class = centerbox><div  id = stim2></div></div>","32","32","750","","test","go","48","random","","",""
"","491","32","1335","0","test_block","poldrack-single-stim","63","172560","0.0-5.0-49.0","go-nogo","true","0","","true","<div class = centerbox><div  id = stim2></div></div>","32","32","750","","test","go","49","random","","",""
"","476","32","1261","0","test_block","poldrack-single-stim","64","173860","0.0-5.0-50.0","go-nogo","true","0","","true","<div class = centerbox><div  id = stim2></div></div>","32","32","750","","test","go","50","random","","",""
"","501","32","1096","0","test_block","poldrack-single-stim","65","174980","0.0-5.0-51.0","go-nogo","true","0","","true","<div class = centerbox><div  id = stim2></div></div>","32","32","750","","test","go","51","random","","",""
"","550","32","1242","0","test_block","poldrack-single-stim","66","176249","0.0-5.0-52.0","go-nogo","true","0","","true","<div class = centerbox><div  id = stim2></div></div>","32","32","750","","test","go","52","random","","",""
"","481","32","1112","0","test_block","poldrack-single-stim","67","177400","0.0-5.0-53.0","go-nogo","true","0","","true","<div class = centerbox><div  id = stim2></div></div>","32","32","750","","test","go","53","random","","",""
"","613","32","1071","0","test_block","poldrack-single-stim","68","178510","0.0-5.0-54.0","go-nogo","true","0","","true","<div class = centerbox><div  id = stim2></div></div>","32","32","750","","test","go","54","random","","",""
"","637","32","1088","0","test_block","poldrack-single-stim","69","179630","0.0-5.0-55.0","go-nogo","true","0","","true","<div class = centerbox><div  id = stim2></div></div>","32","32","750","","test","go","55","random","","",""
"","535","32","1075","0","test_block","poldrack-single-stim","70","180750","0.0-5.0-56.0","go-nogo","true","0","","true","<div class = centerbox><div  id = stim2></div></div>","32","32","750","","test","go","56","random","","",""
"","574","32","1037","0","test_block","poldrack-single-stim","71","181810","0.0-5.0-57.0","go-nogo","true","0","","true","<div class = centerbox><div  id = stim2></div></div>","32","32","750","","test","go","57","random","","",""
"","682","32","1171","0","test_block","poldrack-single-stim","72","183020","0.0-5.0-58.0","go-nogo","true","0","","true","<div class = centerbox><div  id = stim2></div></div>","32","32","750","","test","go","58","random","","",""
"","672","32","1000","0","test_block","poldrack-single-stim","73","184040","0.0-5.0-59.0","go-nogo","true","0","","true","<div class = centerbox><div  id = stim2></div></div>","32","32","750","","test","go","59","random","","",""
"","627","32","1083","0","test_block","poldrack-single-stim","74","185160","0.0-5.0-60.0","go-nogo","true","0","","true","<div class = centerbox><div  id = stim2></div></div>","32","32","750","","test","go","60","random","","",""
"","643","32","1471","0","test_block","poldrack-single-stim","75","186670","0.0-5.0-61.0","go-nogo","true","0","","true","<div class = centerbox><div  id = stim2></div></div>","32","32","750","","test","go","61","random","","",""
"","622","32","1011","0","test_block","poldrack-single-stim","76","187707","0.0-5.0-62.0","go-nogo","true","0","","true","<div class = centerbox><div  id = stim2></div></div>","32","32","750","","test","go","62","random","","",""
"","800","32","1130","0","test_block","poldrack-single-stim","77","188870","0.0-5.0-63.0","go-nogo","true","0","","true","<div class = centerbox><div  id = stim2></div></div>","32","32","750","","test","go","63","random","","",""
"","774","32","1296","0","test_block","poldrack-single-stim","78","190190","0.0-5.0-64.0","go-nogo","true","0","","true","<div class = centerbox><div  id = stim2></div></div>","32","32","750","","test","go","64","random","","",""
"","670","32","1066","0","test_block","poldrack-single-stim","79","191290","0.0-5.0-65.0","go-nogo","true","0","","true","<div class = centerbox><div  id = stim2></div></div>","32","32","750","","test","go","65","random","","",""
"","658","32","1393","0","test_block","poldrack-single-stim","80","192710","0.0-5.0-66.0","go-nogo","true","0","","true","<div class = centerbox><div  id = stim2></div></div>","32","32","750","","test","go","66","random","","",""
"","627","32","1397","0","test_block","poldrack-single-stim","81","194131","0.0-5.0-67.0","go-nogo","true","0","","true","<div class = centerbox><div  id = stim2></div></div>","32","32","750","","test","go","67","random","","",""
"","549","32","1431","0","test_block","poldrack-single-stim","82","195590","0.0-5.0-68.0","go-nogo","true","0","","true","<div class = centerbox><div  id = stim2></div></div>","32","32","750","","test","go","68","random","","",""
"","-1","-1","1078","0","test_block","poldrack-single-stim","83","196690","0.0-5.0-69.0","go-nogo","true","0","","true","<div class = centerbox><div  id = stim1></div></div>","-1","32","750","","test","nogo","69","random","","",""
"","410","32","1281","0","test_block","poldrack-single-stim","84","197999","0.0-5.0-70.0","go-nogo","true","0","","true","<div class = centerbox><div  id = stim2></div></div>","32","32","750","","test","go","70","random","","",""
"","442","32","1125","0","test_block","poldrack-single-stim","85","199160","0.0-5.0-71.0","go-nogo","true","0","","true","<div class = centerbox><div  id = stim2></div></div>","32","32","750","","test","go","71","random","","",""
"","402","32","1081","0","test_block","poldrack-single-stim","86","200280","0.0-5.0-72.0","go-nogo","true","0","","true","<div class = centerbox><div  id = stim2></div></div>","32","32","750","","test","go","72","random","","",""
"","436","32","1400","0","test_block","poldrack-single-stim","87","201720","0.0-5.0-73.0","go-nogo","true","0","","true","<div class = centerbox><div  id = stim2></div></div>","32","32","750","","test","go","73","random","","",""
"","467","32","1047","0","test_block","poldrack-single-stim","88","202800","0.0-5.0-74.0","go-nogo","true","0","","true","<div class = centerbox><div  id = stim2></div></div>","32","32","750","","test","go","74","random","","",""
"","445","32","1184","0","test_block","poldrack-single-stim","89","204020","0.0-5.0-75.0","go-nogo","true","0","","true","<div class = centerbox><div  id = stim2></div></div>","32","32","750","","test","go","75","random","","",""
"","487","32","1299","0","test_block","poldrack-single-stim","90","205360","0.0-5.0-76.0","go-nogo","true","0","","true","<div class = centerbox><div  id = stim2></div></div>","32","32","750","","test","go","76","random","","",""
"","426","32","1024","0","test_block","poldrack-single-stim","91","206420","0.0-5.0-77.0","go-nogo","true","0","","true","<div class = centerbox><div  id = stim2></div></div>","32","32","750","","test","go","77","random","","",""
"","503","32","1198","0","test_block","poldrack-single-stim","92","207640","0.0-5.0-78.0","go-nogo","true","0","","true","<div class = centerbox><div  id = stim2></div></div>","32","32","750","","test","go","78","random","","",""
"","659","32","1270","0","test_block","poldrack-single-stim","93","208949","0.0-5.0-79.0","go-nogo","true","0","","true","<div class = centerbox><div  id = stim2></div></div>","32","32","750","","test","go","79","random","","",""
"","410","32","1437","0","test_block","poldrack-single-stim","94","210430","0.0-5.0-80.0","go-nogo","true","0","","true","<div class = centerbox><div  id = stim2></div></div>","32","32","750","","test","go","80","random","","",""
"","445","32","1089","0","test_block","poldrack-single-stim","95","211550","0.0-5.0-81.0","go-nogo","true","0","","true","<div class = centerbox><div  id = stim2></div></div>","32","32","750","","test","go","81","random","","",""
"","540","32","1257","0","test_block","poldrack-single-stim","96","212829","0.0-5.0-82.0","go-nogo","true","0","","true","<div class = centerbox><div  id = stim2></div></div>","32","32","750","","test","go","82","random","","",""
"","477","32","1185","0","test_block","poldrack-single-stim","97","214050","0.0-5.0-83.0","go-nogo","true","0","","true","<div class = centerbox><div  id = stim2></div></div>","32","32","750","","test","go","83","random","","",""
"","489","32","1485","0","test_block","poldrack-single-stim","98","215560","0.0-5.0-84.0","go-nogo","true","0","","true","<div class = centerbox><div  id = stim2></div></div>","32","32","750","","test","go","84","random","","",""
"","468","32","1302","0","test_block","poldrack-single-stim","99","216890","0.0-5.0-85.0","go-nogo","true","0","","true","<div class = centerbox><div  id = stim2></div></div>","32","32","750","","test","go","85","random","","",""
"","417","32","1199","0","test_block","poldrack-single-stim","100","218110","0.0-5.0-86.0","go-nogo","true","0","","true","<div class = centerbox><div  id = stim2></div></div>","32","32","750","","test","go","86","random","","",""
"","526","32","1071","0","test_block","poldrack-single-stim","101","219220","0.0-5.0-87.0","go-nogo","true","0","","true","<div class = centerbox><div  id = stim2></div></div>","32","32","750","","test","go","87","random","","",""
"","534","32","1435","0","test_block","poldrack-single-stim","102","220680","0.0-5.0-88.0","go-nogo","true","0","","true","<div class = centerbox><div  id = stim2></div></div>","32","32","750","","test","go","88","random","","",""
"","-1","-1","1387","0","test_block","poldrack-single-stim","103","222090","0.0-5.0-89.0","go-nogo","true","0","","true","<div class = centerbox><div  id = stim1></div></div>","-1","32","750","","test","nogo","89","random","","",""
"","336","32","1319","0","test_block","poldrack-single-stim","104","223440","0.0-5.0-90.0","go-nogo","true","0","","true","<div class = centerbox><div  id = stim2></div></div>","32","32","750","","test","go","90","random","","",""
"","343","32","1495","0","test_block","poldrack-single-stim","105","224960","0.0-5.0-91.0","go-nogo","true","0","","true","<div class = centerbox><div  id = stim2></div></div>","32","32","750","","test","go","91","random","","",""
"","392","32","1405","0","test_block","poldrack-single-stim","106","226392","0.0-5.0-92.0","go-nogo","true","0","","true","<div class = centerbox><div  id = stim2></div></div>","32","32","750","","test","go","92","random","","",""
"","358","32","1244","0","test_block","poldrack-single-stim","107","227669","0.0-5.0-93.0","go-nogo","true","0","","true","<div class = centerbox><div  id = stim2></div></div>","32","32","750","","test","go","93","random","","",""
"","-1","-1","1314","0","test_block","poldrack-single-stim","108","229020","0.0-5.0-94.0","go-nogo","true","0","","true","<div class = centerbox><div  id = stim1></div></div>","-1","32","750","","test","nogo","94","random","","",""
"","335","32","1479","0","test_block","poldrack-single-stim","109","230520","0.0-5.0-95.0","go-nogo","true","0","","true","<div class = centerbox><div  id = stim2></div></div>","32","32","750","","test","go","95","random","","",""
"","356","32","1268","0","test_block","poldrack-single-stim","110","231820","0.0-5.0-96.0","go-nogo","true","0","","true","<div class = centerbox><div  id = stim2></div></div>","32","32","750","","test","go","96","random","","",""
"","376","32","1334","0","test_block","poldrack-single-stim","111","233200","0.0-5.0-97.0","go-nogo","true","0","","true","<div class = centerbox><div  id = stim2></div></div>","32","32","750","","test","go","97","random","","",""
"","396","32","1475","0","test_block","poldrack-single-stim","112","234710","0.0-5.0-98.0","go-nogo","true","0","","true","<div class = centerbox><div  id = stim2></div></div>","32","32","750","","test","go","98","random","","",""
"","440","32","1325","0","test_block","poldrack-single-stim","113","236080","0.0-5.0-99.0","go-nogo","true","0","","true","<div class = centerbox><div  id = stim2></div></div>","32","32","750","","test","go","99","random","","",""
"","346","32","1010","0","test_block","poldrack-single-stim","114","237120","0.0-5.0-100.0","go-nogo","true","0","","true","<div class = centerbox><div  id = stim2></div></div>","32","32","750","","test","go","100","random","","",""
"","555","32","1370","0","test_block","poldrack-single-stim","115","238530","0.0-5.0-101.0","go-nogo","true","0","","true","<div class = centerbox><div  id = stim2></div></div>","32","32","750","","test","go","101","random","","",""
"","410","32","1317","0","test_block","poldrack-single-stim","116","239890","0.0-5.0-102.0","go-nogo","true","0","","true","<div class = centerbox><div  id = stim2></div></div>","32","32","750","","test","go","102","random","","",""
"","409","32","1243","0","test_block","poldrack-single-stim","117","241169","0.0-5.0-103.0","go-nogo","true","0","","true","<div class = centerbox><div  id = stim2></div></div>","32","32","750","","test","go","103","random","","",""
"","427","32","1239","0","test_block","poldrack-single-stim","118","242430","0.0-5.0-104.0","go-nogo","true","0","","true","<div class = centerbox><div  id = stim2></div></div>","32","32","750","","test","go","104","random","","",""
"","445","32","1338","0","test_block","poldrack-single-stim","119","243800","0.0-5.0-105.0","go-nogo","true","0","","true","<div class = centerbox><div  id = stim2></div></div>","32","32","750","","test","go","105","random","","",""
"","407","32","1174","0","test_block","poldrack-single-stim","120","245010","0.0-5.0-106.0","go-nogo","true","0","","true","<div class = centerbox><div  id = stim2></div></div>","32","32","750","","test","go","106","random","","",""
"","570","32","1311","0","test_block","poldrack-single-stim","121","246350","0.0-5.0-107.0","go-nogo","true","0","","true","<div class = centerbox><div  id = stim2></div></div>","32","32","750","","test","go","107","random","","",""
"","-1","-1","1421","0","test_block","poldrack-single-stim","122","247820","0.0-5.0-108.0","go-nogo","true","0","","true","<div class = centerbox><div  id = stim1></div></div>","-1","32","750","","test","nogo","108","random","","",""
"","290","32","1274","0","test_block","poldrack-single-stim","123","249130","0.0-5.0-109.0","go-nogo","true","0","","true","<div class = centerbox><div  id = stim2></div></div>","32","32","750","","test","go","109","random","","",""
"","386","32","1324","0","test_block","poldrack-single-stim","124","250480","0.0-5.0-110.0","go-nogo","true","0","","true","<div class = centerbox><div  id = stim2></div></div>","32","32","750","","test","go","110","random","","",""
"","395","32","1070","0","test_block","poldrack-single-stim","125","251590","0.0-5.0-111.0","go-nogo","true","0","","true","<div class = centerbox><div  id = stim2></div></div>","32","32","750","","test","go","111","random","","",""
"","536","32","1411","0","test_block","poldrack-single-stim","126","253050","0.0-5.0-112.0","go-nogo","true","0","","true","<div class = centerbox><div  id = stim2></div></div>","32","32","750","","test","go","112","random","","",""
"","-1","-1","1435","0","test_block","poldrack-single-stim","127","254529","0.0-5.0-113.0","go-nogo","true","0","","true","<div class = centerbox><div  id = stim1></div></div>","-1","32","750","","test","nogo","113","random","","",""
"","-1","-1","1121","0","test_block","poldrack-single-stim","128","255680","0.0-5.0-114.0","go-nogo","true","0","","true","<div class = centerbox><div  id = stim1></div></div>","-1","32","750","","test","nogo","114","random","","",""
"","411","32","1425","0","test_block","poldrack-single-stim","129","257140","0.0-5.0-115.0","go-nogo","true","0","","true","<div class = centerbox><div  id = stim2></div></div>","32","32","750","","test","go","115","random","","",""
"","487","32","1339","0","test_block","poldrack-single-stim","130","258500","0.0-5.0-116.0","go-nogo","true","0","","true","<div class = centerbox><div  id = stim2></div></div>","32","32","750","","test","go","116","random","","",""
"","390","32","1126","0","test_block","poldrack-single-stim","131","259650","0.0-5.0-117.0","go-nogo","true","0","","true","<div class = centerbox><div  id = stim2></div></div>","32","32","750","","test","go","117","random","","",""
"","489","32","1297","0","test_block","poldrack-single-stim","132","260970","0.0-5.0-118.0","go-nogo","true","0","","true","<div class = centerbox><div  id = stim2></div></div>","32","32","750","","test","go","118","random","","",""
"","467","32","1276","0","test_block","poldrack-single-stim","133","262270","0.0-5.0-119.0","go-nogo","true","0","","true","<div class = centerbox><div  id = stim2></div></div>","32","32","750","","test","go","119","random","","",""
"","402","32","1142","0","test_block","poldrack-single-stim","134","263450","0.0-5.0-120.0","go-nogo","true","0","","true","<div class = centerbox><div  id = stim2></div></div>","32","32","750","","test","go","120","random","","",""
"","448","32","1097","0","test_block","poldrack-single-stim","135","264570","0.0-5.0-121.0","go-nogo","true","0","","true","<div class = centerbox><div  id = stim2></div></div>","32","32","750","","test","go","121","random","","",""
"","448","32","1031","0","test_block","poldrack-single-stim","136","265629","0.0-5.0-122.0","go-nogo","true","0","","true","<div class = centerbox><div  id = stim2></div></div>","32","32","750","","test","go","122","random","","",""
"","573","32","1486","0","test_block","poldrack-single-stim","137","267150","0.0-5.0-123.0","go-nogo","true","0","","true","<div class = centerbox><div  id = stim2></div></div>","32","32","750","","test","go","123","random","","",""
"","448","32","1229","0","test_block","poldrack-single-stim","138","268430","0.0-5.0-124.0","go-nogo","true","0","","true","<div class = centerbox><div  id = stim2></div></div>","32","32","750","","test","go","124","random","","",""
"","364","32","1249","0","test_block","poldrack-single-stim","139","269700","0.0-5.0-125.0","go-nogo","true","0","","true","<div class = centerbox><div  id = stim2></div></div>","32","32","750","","test","go","125","random","","",""
"","374","32","1484","0","test_block","poldrack-single-stim","140","271220","0.0-5.0-126.0","go-nogo","true","0","","true","<div class = centerbox><div  id = stim2></div></div>","32","32","750","","test","go","126","random","","",""
"","375","32","1140","0","test_block","poldrack-single-stim","141","272400","0.0-5.0-127.0","go-nogo","true","0","","true","<div class = centerbox><div  id = stim2></div></div>","32","32","750","","test","go","127","random","","",""
"","428","32","1095","0","test_block","poldrack-single-stim","142","273530","0.0-5.0-128.0","go-nogo","true","0","","true","<div class = centerbox><div  id = stim2></div></div>","32","32","750","","test","go","128","random","","",""
"","564","32","1341","0","test_block","poldrack-single-stim","143","274910","0.0-5.0-129.0","go-nogo","true","0","","true","<div class = centerbox><div  id = stim2></div></div>","32","32","750","","test","go","129","random","","",""
"","-1","-1","1414","0","test_block","poldrack-single-stim","144","276370","0.0-5.0-130.0","go-nogo","true","0","","true","<div class = centerbox><div  id = stim1></div></div>","-1","32","750","","test","nogo","130","random","","",""
"","426","32","1342","0","test_block","poldrack-single-stim","145","277750","0.0-5.0-131.0","go-nogo","true","0","","true","<div class = centerbox><div  id = stim2></div></div>","32","32","750","","test","go","131","random","","",""
"","359","32","1226","0","test_block","poldrack-single-stim","146","279000","0.0-5.0-132.0","go-nogo","true","0","","true","<div class = centerbox><div  id = stim2></div></div>","32","32","750","","test","go","132","random","","",""
"","372","32","1041","0","test_block","poldrack-single-stim","147","280078","0.0-5.0-133.0","go-nogo","true","0","","true","<div class = centerbox><div  id = stim2></div></div>","32","32","750","","test","go","133","random","","",""
"","525","32","1112","0","test_block","poldrack-single-stim","148","281220","0.0-5.0-134.0","go-nogo","true","0","","true","<div class = centerbox><div  id = stim2></div></div>","32","32","750","","test","go","134","random","","",""
"","537","32","1131","0","test_block","poldrack-single-stim","149","282390","0.0-5.0-135.0","go-nogo","true","0","","true","<div class = centerbox><div  id = stim2></div></div>","32","32","750","","test","go","135","random","","",""
"","597","32","1315","0","test_block","poldrack-single-stim","150","283730","0.0-5.0-136.0","go-nogo","true","0","","true","<div class = centerbox><div  id = stim2></div></div>","32","32","750","","test","go","136","random","","",""
"","442","32","1129","0","test_block","poldrack-single-stim","151","284880","0.0-5.0-137.0","go-nogo","true","0","","true","<div class = centerbox><div  id = stim2></div></div>","32","32","750","","test","go","137","random","","",""
"","555","32","1103","0","test_block","poldrack-single-stim","152","286019","0.0-5.0-138.0","go-nogo","true","0","","true","<div class = centerbox><div  id = stim2></div></div>","32","32","750","","test","go","138","random","","",""
"","519","32","1222","0","test_block","poldrack-single-stim","153","287280","0.0-5.0-139.0","go-nogo","true","0","","true","<div class = centerbox><div  id = stim2></div></div>","32","32","750","","test","go","139","random","","",""
"","539","32","1218","0","test_block","poldrack-single-stim","154","288520","0.0-5.0-140.0","go-nogo","true","0","","true","<div class = centerbox><div  id = stim2></div></div>","32","32","750","","test","go","140","random","","",""
"","487","32","1473","0","test_block","poldrack-single-stim","155","290041","0.0-5.0-141.0","go-nogo","true","0","","true","<div class = centerbox><div  id = stim2></div></div>","32","32","750","","test","go","141","random","","",""
"","495","32","1419","0","test_block","poldrack-single-stim","156","291500","0.0-5.0-142.0","go-nogo","true","0","","true","<div class = centerbox><div  id = stim2></div></div>","32","32","750","","test","go","142","random","","",""
"","399","32","1221","0","test_block","poldrack-single-stim","157","292770","0.0-5.0-143.0","go-nogo","true","0","","true","<div class = centerbox><div  id = stim2></div></div>","32","32","750","","test","go","143","random","","",""
"","441","32","1374","0","test_block","poldrack-single-stim","158","294169","0.0-5.0-144.0","go-nogo","true","0","","true","<div class = centerbox><div  id = stim2></div></div>","32","32","750","","test","go","144","random","","",""
"","-1","-1","1069","0","test_block","poldrack-single-stim","159","295270","0.0-5.0-145.0","go-nogo","true","0","","true","<div class = centerbox><div  id = stim1></div></div>","-1","32","750","","test","nogo","145","random","","",""
"","389","32","1305","0","test_block","poldrack-single-stim","160","296600","0.0-5.0-146.0","go-nogo","true","0","","true","<div class = centerbox><div  id = stim2></div></div>","32","32","750","","test","go","146","random","","",""
"","404","32","1216","0","test_block","poldrack-single-stim","161","297839","0.0-5.0-147.0","go-nogo","true","0","","true","<div class = centerbox><div  id = stim2></div></div>","32","32","750","","test","go","147","random","","",""
"","379","32","1047","0","test_block","poldrack-single-stim","162","298910","0.0-5.0-148.0","go-nogo","true","0","","true","<div class = centerbox><div  id = stim2></div></div>","32","32","750","","test","go","148","random","","",""
"","493","32","1034","0","test_block","poldrack-single-stim","163","299980","0.0-5.0-149.0","go-nogo","true","0","","true","<div class = centerbox><div  id = stim2></div></div>","32","32","750","","test","go","149","random","","",""
"","527","32","1068","0","test_block","poldrack-single-stim","164","301079","0.0-5.0-150.0","go-nogo","true","0","","true","<div class = centerbox><div  id = stim2></div></div>","32","32","750","","test","go","150","random","","",""
"","-1","-1","1048","0","test_block","poldrack-single-stim","165","302160","0.0-5.0-151.0","go-nogo","true","0","","true","<div class = centerbox><div  id = stim1></div></div>","-1","32","750","","test","nogo","151","random","","",""
"","443","32","1049","0","test_block","poldrack-single-stim","166","303234","0.0-5.0-152.0","go-nogo","true","0","","true","<div class = centerbox><div  id = stim2></div></div>","32","32","750","","test","go","152","random","","",""
"","-1","-1","1235","0","test_block","poldrack-single-stim","167","304500","0.0-5.0-153.0","go-nogo","true","0","","true","<div class = centerbox><div  id = stim1></div></div>","-1","32","750","","test","nogo","153","random","","",""
"","394","32","1024","0","test_block","poldrack-single-stim","168","305569","0.0-5.0-154.0","go-nogo","true","0","","true","<div class = centerbox><div  id = stim2></div></div>","32","32","750","","test","go","154","random","","",""
"","-1","-1","1144","0","test_block","poldrack-single-stim","169","306750","0.0-5.0-155.0","go-nogo","true","0","","true","<div class = centerbox><div  id = stim1></div></div>","-1","32","750","","test","nogo","155","random","","",""
"","-1","-1","1251","0","test_block","poldrack-single-stim","170","308039","0.0-5.0-156.0","go-nogo","true","0","","true","<div class = centerbox><div  id = stim1></div></div>","-1","32","750","","test","nogo","156","random","","",""
"","391","32","1125","0","test_block","poldrack-single-stim","171","309199","0.0-5.0-157.0","go-nogo","true","0","","true","<div class = centerbox><div  id = stim2></div></div>","32","32","750","","test","go","157","random","","",""
"","412","32","1412","0","test_block","poldrack-single-stim","172","310639","0.0-5.0-158.0","go-nogo","true","0","","true","<div class = centerbox><div  id = stim2></div></div>","32","32","750","","test","go","158","random","","",""
"","428","32","1492","0","test_block","poldrack-single-stim","173","312159","0.0-5.0-159.0","go-nogo","true","0","","true","<div class = centerbox><div  id = stim2></div></div>","32","32","750","","test","go","159","random","","",""
"","348","32","1467","0","test_block","poldrack-single-stim","174","313649","0.0-5.0-160.0","go-nogo","true","0","","true","<div class = centerbox><div  id = stim2></div></div>","32","32","750","","test","go","160","random","","",""
"","344","32","1400","0","test_block","poldrack-single-stim","175","315080","0.0-5.0-161.0","go-nogo","true","0","","true","<div class = centerbox><div  id = stim2></div></div>","32","32","750","","test","go","161","random","","",""
"","-1","-1","1097","0","test_block","poldrack-single-stim","176","316209","0.0-5.0-162.0","go-nogo","true","0","","true","<div class = centerbox><div  id = stim1></div></div>","-1","32","750","","test","nogo","162","random","","",""
"","461","32","1468","0","test_block","poldrack-single-stim","177","317729","0.0-5.0-163.0","go-nogo","true","0","","true","<div class = centerbox><div  id = stim2></div></div>","32","32","750","","test","go","163","random","","",""
"","474","32","1370","0","test_block","poldrack-single-stim","178","319129","0.0-5.0-164.0","go-nogo","true","0","","true","<div class = centerbox><div  id = stim2></div></div>","32","32","750","","test","go","164","random","","",""
"","416","32","1122","0","test_block","poldrack-single-stim","179","320280","0.0-5.0-165.0","go-nogo","true","0","","true","<div class = centerbox><div  id = stim2></div></div>","32","32","750","","test","go","165","random","","",""
"","530","32","1118","0","test_block","poldrack-single-stim","180","321421","0.0-5.0-166.0","go-nogo","true","0","","true","<div class = centerbox><div  id = stim2></div></div>","32","32","750","","test","go","166","random","","",""
"","478","32","1030","0","test_block","poldrack-single-stim","181","322500","0.0-5.0-167.0","go-nogo","true","0","","true","<div class = centerbox><div  id = stim2></div></div>","32","32","750","","test","go","167","random","","",""
"","615","32","1080","0","test_block","poldrack-single-stim","182","323600","0.0-5.0-168.0","go-nogo","true","0","","true","<div class = centerbox><div  id = stim2></div></div>","32","32","750","","test","go","168","random","","",""
"","731","32","1117","0","test_block","poldrack-single-stim","183","324749","0.0-5.0-169.0","go-nogo","true","0","","true","<div class = centerbox><div  id = stim2></div></div>","32","32","750","","test","go","169","random","","",""
"","716","32","1011","0","test_block","poldrack-single-stim","184","325800","0.0-5.0-170.0","go-nogo","true","0","","true","<div class = centerbox><div  id = stim2></div></div>","32","32","750","","test","go","170","random","","",""
"","597","32","1302","0","test_block","poldrack-single-stim","185","327140","0.0-5.0-171.0","go-nogo","true","0","","true","<div class = centerbox><div  id = stim2></div></div>","32","32","750","","test","go","171","random","","",""
"","508","32","1179","0","test_block","poldrack-single-stim","186","328360","0.0-5.0-172.0","go-nogo","true","0","","true","<div class = centerbox><div  id = stim2></div></div>","32","32","750","","test","go","172","random","","",""
"","466","32","1068","0","test_block","poldrack-single-stim","187","329460","0.0-5.0-173.0","go-nogo","true","0","","true","<div class = centerbox><div  id = stim2></div></div>","32","32","750","","test","go","173","random","","",""
"","598","32","1364","0","test_block","poldrack-single-stim","188","330860","0.0-5.0-174.0","go-nogo","true","0","","true","<div class = centerbox><div  id = stim2></div></div>","32","32","750","","test","go","174","random","","",""
"","432","32","1240","0","test_block","poldrack-single-stim","189","332130","0.0-5.0-175.0","go-nogo","true","0","","true","<div class = centerbox><div  id = stim2></div></div>","32","32","750","","test","go","175","random","","",""
"","537","32","1186","0","test_block","poldrack-single-stim","190","333350","0.0-5.0-176.0","go-nogo","true","0","","true","<div class = centerbox><div  id = stim2></div></div>","32","32","750","","test","go","176","random","","",""
"","521","32","1016","0","test_block","poldrack-single-stim","191","334389","0.0-5.0-177.0","go-nogo","true","0","","true","<div class = centerbox><div  id = stim2></div></div>","32","32","750","","test","go","177","random","","",""
"","552","32","1340","0","test_block","poldrack-single-stim","192","335750","0.0-5.0-178.0","go-nogo","true","0","","true","<div class = centerbox><div  id = stim2></div></div>","32","32","750","","test","go","178","random","","",""
"","533","32","1377","0","test_block","poldrack-single-stim","193","337149","0.0-5.0-179.0","go-nogo","true","0","","true","<div class = centerbox><div  id = stim2></div></div>","32","32","750","","test","go","179","random","","",""
"","462","32","1330","0","test_block","poldrack-single-stim","194","338509","0.0-5.0-180.0","go-nogo","true","0","","true","<div class = centerbox><div  id = stim2></div></div>","32","32","750","","test","go","180","random","","",""
"","-1","-1","1078","0","test_block","poldrack-single-stim","195","339620","0.0-5.0-181.0","go-nogo","true","0","","true","<div class = centerbox><div  id = stim1></div></div>","-1","32","750","","test","nogo","181","random","","",""
"","422","32","1244","0","test_block","poldrack-single-stim","196","340900","0.0-5.0-182.0","go-nogo","true","0","","true","<div class = centerbox><div  id = stim2></div></div>","32","32","750","","test","go","182","random","","",""
"","473","32","1071","0","test_block","poldrack-single-stim","197","342000","0.0-5.0-183.0","go-nogo","true","0","","true","<div class = centerbox><div  id = stim2></div></div>","32","32","750","","test","go","183","random","","",""
"","459","32","1033","0","test_block","poldrack-single-stim","198","343060","0.0-5.0-184.0","go-nogo","true","0","","true","<div class = centerbox><div  id = stim2></div></div>","32","32","750","","test","go","184","random","","",""
"","582","32","1004","0","test_block","poldrack-single-stim","199","344100","0.0-5.0-185.0","go-nogo","true","0","","true","<div class = centerbox><div  id = stim2></div></div>","32","32","750","","test","go","185","random","","",""
"","649","32","1216","0","test_block","poldrack-single-stim","200","345349","0.0-5.0-186.0","go-nogo","true","0","","true","<div class = centerbox><div  id = stim2></div></div>","32","32","750","","test","go","186","random","","",""
"","-1","-1","1037","0","test_block","poldrack-single-stim","201","346420","0.0-5.0-187.0","go-nogo","true","0","","true","<div class = centerbox><div  id = stim1></div></div>","-1","32","750","","test","nogo","187","random","","",""
"","441","32","1352","0","test_block","poldrack-single-stim","202","347800","0.0-5.0-188.0","go-nogo","true","0","","true","<div class = centerbox><div  id = stim2></div></div>","32","32","750","","test","go","188","random","","",""
"","483","32","1044","0","test_block","poldrack-single-stim","203","348880","0.0-5.0-189.0","go-nogo","true","0","","true","<div class = centerbox><div  id = stim2></div></div>","32","32","750","","test","go","189","random","","",""
"","476","32","1299","0","test_block","poldrack-single-stim","204","350199","0.0-5.0-190.0","go-nogo","true","0","","true","<div class = centerbox><div  id = stim2></div></div>","32","32","750","","test","go","190","random","","",""
"","458","32","1107","0","test_block","poldrack-single-stim","205","351339","0.0-5.0-191.0","go-nogo","true","0","","true","<div class = centerbox><div  id = stim2></div></div>","32","32","750","","test","go","191","random","","",""
"","463","32","1168","0","test_block","poldrack-single-stim","206","352539","0.0-5.0-192.0","go-nogo","true","0","","true","<div class = centerbox><div  id = stim2></div></div>","32","32","750","","test","go","192","random","","",""
"","481","32","1236","0","test_block","poldrack-single-stim","207","353800","0.0-5.0-193.0","go-nogo","true","0","","true","<div class = centerbox><div  id = stim2></div></div>","32","32","750","","test","go","193","random","","",""
"","452","32","1428","0","test_block","poldrack-single-stim","208","355250","0.0-5.0-194.0","go-nogo","true","0","","true","<div class = centerbox><div  id = stim2></div></div>","32","32","750","","test","go","194","random","","",""
"","475","32","1033","0","test_block","poldrack-single-stim","209","356330","0.0-5.0-195.0","go-nogo","true","0","","true","<div class = centerbox><div  id = stim2></div></div>","32","32","750","","test","go","195","random","","",""
"","594","32","1454","0","test_block","poldrack-single-stim","210","357820","0.0-5.0-196.0","go-nogo","true","0","","true","<div class = centerbox><div  id = stim2></div></div>","32","32","750","","test","go","196","random","","",""
"","467","32","1016","0","test_block","poldrack-single-stim","211","358869","0.0-5.0-197.0","go-nogo","true","0","","true","<div class = centerbox><div  id = stim2></div></div>","32","32","750","","test","go","197","random","","",""
"","501","32","1048","0","test_block","poldrack-single-stim","212","359947","0.0-5.0-198.0","go-nogo","true","0","","true","<div class = centerbox><div  id = stim2></div></div>","32","32","750","","test","go","198","random","","",""
"","526","32","1396","0","test_block","poldrack-single-stim","213","361370","0.0-5.0-199.0","go-nogo","true","0","","true","<div class = centerbox><div  id = stim2></div></div>","32","32","750","","test","go","199","random","","",""
"","432","32","1129","0","test_block","poldrack-single-stim","214","362549","0.0-5.0-200.0","go-nogo","true","0","","true","<div class = centerbox><div  id = stim2></div></div>","32","32","750","","test","go","200","random","","",""
"","502","32","1317","0","test_block","poldrack-single-stim","215","363900","0.0-5.0-201.0","go-nogo","true","0","","true","<div class = centerbox><div  id = stim2></div></div>","32","32","750","","test","go","201","random","","",""
"","433","32","1495","0","test_block","poldrack-single-stim","216","365430","0.0-5.0-202.0","go-nogo","true","0","","true","<div class = centerbox><div  id = stim2></div></div>","32","32","750","","test","go","202","random","","",""
"","405","32","1261","0","test_block","poldrack-single-stim","217","366729","0.0-5.0-203.0","go-nogo","true","0","","true","<div class = centerbox><div  id = stim2></div></div>","32","32","750","","test","go","203","random","","",""
"","400","32","1231","0","test_block","poldrack-single-stim","218","367989","0.0-5.0-204.0","go-nogo","true","0","","true","<div class = centerbox><div  id = stim2></div></div>","32","32","750","","test","go","204","random","","",""
"","503","32","1471","0","test_block","poldrack-single-stim","219","369499","0.0-5.0-205.0","go-nogo","true","0","","true","<div class = centerbox><div  id = stim2></div></div>","32","32","750","","test","go","205","random","","",""
"","383","32","1480","0","test_block","poldrack-single-stim","220","371020","0.0-5.0-206.0","go-nogo","true","0","","true","<div class = centerbox><div  id = stim2></div></div>","32","32","750","","test","go","206","random","","",""
"","368","32","1354","0","test_block","poldrack-single-stim","221","372410","0.0-5.0-207.0","go-nogo","true","0","","true","<div class = centerbox><div  id = stim2></div></div>","32","32","750","","test","go","207","random","","",""
"","403","32","1068","0","test_block","poldrack-single-stim","222","373500","0.0-5.0-208.0","go-nogo","true","0","","true","<div class = centerbox><div  id = stim2></div></div>","32","32","750","","test","go","208","random","","",""
"","-1","-1","1075","0","test_block","poldrack-single-stim","223","374620","0.0-5.0-209.0","go-nogo","true","0","","true","<div class = centerbox><div  id = stim1></div></div>","-1","32","750","","test","nogo","209","random","","",""
"","335","32","1182","0","test_block","poldrack-single-stim","224","375830","0.0-5.0-210.0","go-nogo","true","0","","true","<div class = centerbox><div  id = stim2></div></div>","32","32","750","","test","go","210","random","","",""
"","358","32","1475","0","test_block","poldrack-single-stim","225","377329","0.0-5.0-211.0","go-nogo","true","0","","true","<div class = centerbox><div  id = stim2></div></div>","32","32","750","","test","go","211","random","","",""
"","429","32","1441","0","test_block","poldrack-single-stim","226","378819","0.0-5.0-212.0","go-nogo","true","0","","true","<div class = centerbox><div  id = stim2></div></div>","32","32","750","","test","go","212","random","","",""
"","343","32","1252","0","test_block","poldrack-single-stim","227","380100","0.0-5.0-213.0","go-nogo","true","0","","true","<div class = centerbox><div  id = stim2></div></div>","32","32","750","","test","go","213","random","","",""
"","375","32","1350","0","test_block","poldrack-single-stim","228","381489","0.0-5.0-214.0","go-nogo","true","0","","true","<div class = centerbox><div  id = stim2></div></div>","32","32","750","","test","go","214","random","","",""
"","426","32","1062","0","test_block","poldrack-single-stim","229","382589","0.0-5.0-215.0","go-nogo","true","0","","true","<div class = centerbox><div  id = stim2></div></div>","32","32","750","","test","go","215","random","","",""
"","575","32","1084","0","test_block","poldrack-single-stim","230","383710","0.0-5.0-216.0","go-nogo","true","0","","true","<div class = centerbox><div  id = stim2></div></div>","32","32","750","","test","go","216","random","","",""
"","524","32","1341","0","test_block","poldrack-single-stim","231","385090","0.0-5.0-217.0","go-nogo","true","0","","true","<div class = centerbox><div  id = stim2></div></div>","32","32","750","","test","go","217","random","","",""
"","442","32","1486","0","test_block","poldrack-single-stim","232","386599","0.0-5.0-218.0","go-nogo","true","0","","true","<div class = centerbox><div  id = stim2></div></div>","32","32","750","","test","go","218","random","","",""
"","469","32","1414","0","test_block","poldrack-single-stim","233","388039","0.0-5.0-219.0","go-nogo","true","0","","true","<div class = centerbox><div  id = stim2></div></div>","32","32","750","","test","go","219","random","","",""
"","388","32","1231","0","test_block","poldrack-single-stim","234","389299","0.0-5.0-220.0","go-nogo","true","0","","true","<div class = centerbox><div  id = stim2></div></div>","32","32","750","","test","go","220","random","","",""
"","408","32","1195","0","test_block","poldrack-single-stim","235","390539","0.0-5.0-221.0","go-nogo","true","0","","true","<div class = centerbox><div  id = stim2></div></div>","32","32","750","","test","go","221","random","","",""
"","-1","-1","1202","0","test_block","poldrack-single-stim","236","391779","0.0-5.0-222.0","go-nogo","true","0","","true","<div class = centerbox><div  id = stim1></div></div>","-1","32","750","","test","nogo","222","random","","",""
"","427","32","1246","0","test_block","poldrack-single-stim","237","393059","0.0-5.0-223.0","go-nogo","true","0","","true","<div class = centerbox><div  id = stim2></div></div>","32","32","750","","test","go","223","random","","",""
"","459","32","1322","0","test_block","poldrack-single-stim","238","394410","0.0-5.0-224.0","go-nogo","true","0","","true","<div class = centerbox><div  id = stim2></div></div>","32","32","750","","test","go","224","random","","",""
"","433","32","1433","0","test_block","poldrack-single-stim","239","395870","0.0-5.0-225.0","go-nogo","true","0","","true","<div class = centerbox><div  id = stim2></div></div>","32","32","750","","test","go","225","random","","",""
"","446","32","1440","0","test_block","poldrack-single-stim","240","397349","0.0-5.0-226.0","go-nogo","true","0","","true","<div class = centerbox><div  id = stim2></div></div>","32","32","750","","test","go","226","random","","",""
"","425","32","1350","0","test_block","poldrack-single-stim","241","398750","0.0-5.0-227.0","go-nogo","true","0","","true","<div class = centerbox><div  id = stim2></div></div>","32","32","750","","test","go","227","random","","",""
"","430","32","1476","0","test_block","poldrack-single-stim","242","400250","0.0-5.0-228.0","go-nogo","true","0","","true","<div class = centerbox><div  id = stim2></div></div>","32","32","750","","test","go","228","random","","",""
"","433","32","1126","0","test_block","poldrack-single-stim","243","401400","0.0-5.0-229.0","go-nogo","true","0","","true","<div class = centerbox><div  id = stim2></div></div>","32","32","750","","test","go","229","random","","",""
"","498","32","1071","0","test_block","poldrack-single-stim","244","402499","0.0-5.0-230.0","go-nogo","true","0","","true","<div class = centerbox><div  id = stim2></div></div>","32","32","750","","test","go","230","random","","",""
"","507","32","1325","0","test_block","poldrack-single-stim","245","403870","0.0-5.0-231.0","go-nogo","true","0","","true","<div class = centerbox><div  id = stim2></div></div>","32","32","750","","test","go","231","random","","",""
"","459","32","1486","0","test_block","poldrack-single-stim","246","405389","0.0-5.0-232.0","go-nogo","true","0","","true","<div class = centerbox><div  id = stim2></div></div>","32","32","750","","test","go","232","random","","",""
"","463","32","1292","0","test_block","poldrack-single-stim","247","406729","0.0-5.0-233.0","go-nogo","true","0","","true","<div class = centerbox><div  id = stim2></div></div>","32","32","750","","test","go","233","random","","",""
"","434","32","1188","0","test_block","poldrack-single-stim","248","407959","0.0-5.0-234.0","go-nogo","true","0","","true","<div class = centerbox><div  id = stim2></div></div>","32","32","750","","test","go","234","random","","",""
"","420","32","1180","0","test_block","poldrack-single-stim","249","409170","0.0-5.0-235.0","go-nogo","true","0","","true","<div class = centerbox><div  id = stim2></div></div>","32","32","750","","test","go","235","random","","",""
"","409","32","1454","0","test_block","poldrack-single-stim","250","410659","0.0-5.0-236.0","go-nogo","true","0","","true","<div class = centerbox><div  id = stim2></div></div>","32","32","750","","test","go","236","random","","",""
"","375","32","1053","0","test_block","poldrack-single-stim","251","411749","0.0-5.0-237.0","go-nogo","true","0","","true","<div class = centerbox><div  id = stim2></div></div>","32","32","750","","test","go","237","random","","",""
"","-1","-1","1065","0","test_block","poldrack-single-stim","252","412839","0.0-5.0-238.0","go-nogo","true","0","","true","<div class = centerbox><div  id = stim1></div></div>","-1","32","750","","test","nogo","238","random","","",""
"","-1","-1","1462","0","test_block","poldrack-single-stim","253","414339","0.0-5.0-239.0","go-nogo","true","0","","true","<div class = centerbox><div  id = stim1></div></div>","-1","32","750","","test","nogo","239","random","","",""
"","344","32","1492","0","test_block","poldrack-single-stim","254","415869","0.0-5.0-240.0","go-nogo","true","0","","true","<div class = centerbox><div  id = stim2></div></div>","32","32","750","","test","go","240","random","","",""
"","382","32","1401","0","test_block","poldrack-single-stim","255","417300","0.0-5.0-241.0","go-nogo","true","0","","true","<div class = centerbox><div  id = stim2></div></div>","32","32","750","","test","go","241","random","","",""
"","-1","-1","1212","0","test_block","poldrack-single-stim","256","418540","0.0-5.0-242.0","go-nogo","true","0","","true","<div class = centerbox><div  id = stim1></div></div>","-1","32","750","","test","nogo","242","random","","",""
"","367","32","1326","0","test_block","poldrack-single-stim","257","419899","0.0-5.0-243.0","go-nogo","true","0","","true","<div class = centerbox><div  id = stim2></div></div>","32","32","750","","test","go","243","random","","",""
"","417","32","1107","0","test_block","poldrack-single-stim","258","421039","0.0-5.0-244.0","go-nogo","true","0","","true","<div class = centerbox><div  id = stim2></div></div>","32","32","750","","test","go","244","random","","",""
"","411","32","1400","0","test_block","poldrack-single-stim","259","422469","0.0-5.0-245.0","go-nogo","true","0","","true","<div class = centerbox><div  id = stim2></div></div>","32","32","750","","test","go","245","random","","",""
"","373","32","1092","0","test_block","poldrack-single-stim","260","423590","0.0-5.0-246.0","go-nogo","true","0","","true","<div class = centerbox><div  id = stim2></div></div>","32","32","750","","test","go","246","random","","",""
"","453","32","1354","0","test_block","poldrack-single-stim","261","424970","0.0-5.0-247.0","go-nogo","true","0","","true","<div class = centerbox><div  id = stim2></div></div>","32","32","750","","test","go","247","random","","",""
"","400","32","1426","0","test_block","poldrack-single-stim","262","426429","0.0-5.0-248.0","go-nogo","true","0","","true","<div class = centerbox><div  id = stim2></div></div>","32","32","750","","test","go","248","random","","",""
"","380","32","1074","0","test_block","poldrack-single-stim","263","427530","0.0-5.0-249.0","go-nogo","true","0","","true","<div class = centerbox><div  id = stim2></div></div>","32","32","750","","test","go","249","random","","",""
"","414","32","1439","0","test_block","poldrack-single-stim","264","429010","0.0-5.0-250.0","go-nogo","true","0","","true","<div class = centerbox><div  id = stim2></div></div>","32","32","750","","test","go","250","random","","",""
"","-1","-1","1486","0","test_block","poldrack-single-stim","265","430520","0.0-5.0-251.0","go-nogo","true","0","","true","<div class = centerbox><div  id = stim1></div></div>","-1","32","750","","test","nogo","251","random","","",""
"","482","32","1262","0","test_block","poldrack-single-stim","266","431820","0.0-5.0-252.0","go-nogo","true","0","","true","<div class = centerbox><div  id = stim2></div></div>","32","32","750","","test","go","252","random","","",""
"","447","32","1036","0","test_block","poldrack-single-stim","267","432880","0.0-5.0-253.0","go-nogo","true","0","","true","<div class = centerbox><div  id = stim2></div></div>","32","32","750","","test","go","253","random","","",""
"","445","32","1255","0","test_block","poldrack-single-stim","268","434169","0.0-5.0-254.0","go-nogo","true","0","","true","<div class = centerbox><div  id = stim2></div></div>","32","32","750","","test","go","254","random","","",""
"","464","32","1266","0","test_block","poldrack-single-stim","269","435469","0.0-5.0-255.0","go-nogo","true","0","","true","<div class = centerbox><div  id = stim2></div></div>","32","32","750","","test","go","255","random","","",""
"","399","32","1361","0","test_block","poldrack-single-stim","270","436870","0.0-5.0-256.0","go-nogo","true","0","","true","<div class = centerbox><div  id = stim2></div></div>","32","32","750","","test","go","256","random","","",""
"","406","32","1306","0","test_block","poldrack-single-stim","271","438209","0.0-5.0-257.0","go-nogo","true","0","","true","<div class = centerbox><div  id = stim2></div></div>","32","32","750","","test","go","257","random","","",""
"","395","32","1012","0","test_block","poldrack-single-stim","272","439249","0.0-5.0-258.0","go-nogo","true","0","","true","<div class = centerbox><div  id = stim2></div></div>","32","32","750","","test","go","258","random","","",""
"","490","32","1242","0","test_block","poldrack-single-stim","273","440530","0.0-5.0-259.0","go-nogo","true","0","","true","<div class = centerbox><div  id = stim2></div></div>","32","32","750","","test","go","259","random","","",""
"","441","32","1028","0","test_block","poldrack-single-stim","274","441590","0.0-5.0-260.0","go-nogo","true","0","","true","<div class = centerbox><div  id = stim2></div></div>","32","32","750","","test","go","260","random","","",""
"","500","32","1049","0","test_block","poldrack-single-stim","275","442679","0.0-5.0-261.0","go-nogo","true","0","","true","<div class = centerbox><div  id = stim2></div></div>","32","32","750","","test","go","261","random","","",""
"","597","32","1185","0","test_block","poldrack-single-stim","276","443900","0.0-5.0-262.0","go-nogo","true","0","","true","<div class = centerbox><div  id = stim2></div></div>","32","32","750","","test","go","262","random","","",""
"","434","32","1455","0","test_block","poldrack-single-stim","277","445399","0.0-5.0-263.0","go-nogo","true","0","","true","<div class = centerbox><div  id = stim2></div></div>","32","32","750","","test","go","263","random","","",""
"","435","32","1355","0","test_block","poldrack-single-stim","278","446779","0.0-5.0-264.0","go-nogo","true","0","","true","<div class = centerbox><div  id = stim2></div></div>","32","32","750","","test","go","264","random","","",""
"","402","32","1403","0","test_block","poldrack-single-stim","279","448219","0.0-5.0-265.0","go-nogo","true","0","","true","<div class = centerbox><div  id = stim2></div></div>","32","32","750","","test","go","265","random","","",""
"","415","32","1201","0","test_block","poldrack-single-stim","280","449460","0.0-5.0-266.0","go-nogo","true","0","","true","<div class = centerbox><div  id = stim2></div></div>","32","32","750","","test","go","266","random","","",""
"","443","32","1392","0","test_block","poldrack-single-stim","281","450890","0.0-5.0-267.0","go-nogo","true","0","","true","<div class = centerbox><div  id = stim2></div></div>","32","32","750","","test","go","267","random","","",""
"","419","32","1403","0","test_block","poldrack-single-stim","282","452329","0.0-5.0-268.0","go-nogo","true","0","","true","<div class = centerbox><div  id = stim2></div></div>","32","32","750","","test","go","268","random","","",""
"","432","32","1144","0","test_block","poldrack-single-stim","283","453510","0.0-5.0-269.0","go-nogo","true","0","","true","<div class = centerbox><div  id = stim2></div></div>","32","32","750","","test","go","269","random","","",""
"","517","32","1423","0","test_block","poldrack-single-stim","284","454960","0.0-5.0-270.0","go-nogo","true","0","","true","<div class = centerbox><div  id = stim2></div></div>","32","32","750","","test","go","270","random","","",""
"","395","32","1294","0","test_block","poldrack-single-stim","285","456280","0.0-5.0-271.0","go-nogo","true","0","","true","<div class = centerbox><div  id = stim2></div></div>","32","32","750","","test","go","271","random","","",""
"","-1","-1","1409","0","test_block","poldrack-single-stim","286","457720","0.0-5.0-272.0","go-nogo","true","0","","true","<div class = centerbox><div  id = stim1></div></div>","-1","32","750","","test","nogo","272","random","","",""
"","323","32","1399","0","test_block","poldrack-single-stim","287","459139","0.0-5.0-273.0","go-nogo","true","0","","true","<div class = centerbox><div  id = stim2></div></div>","32","32","750","","test","go","273","random","","",""
"","331","32","1119","0","test_block","poldrack-single-stim","288","460299","0.0-5.0-274.0","go-nogo","true","0","","true","<div class = centerbox><div  id = stim2></div></div>","32","32","750","","test","go","274","random","","",""
"","417","32","1211","0","test_block","poldrack-single-stim","289","461540","0.0-5.0-275.0","go-nogo","true","0","","true","<div class = centerbox><div  id = stim2></div></div>","32","32","750","","test","go","275","random","","",""
"","423","32","1091","0","test_block","poldrack-single-stim","290","462659","0.0-5.0-276.0","go-nogo","true","0","","true","<div class = centerbox><div  id = stim2></div></div>","32","32","750","","test","go","276","random","","",""
"","487","32","1131","0","test_block","poldrack-single-stim","291","463830","0.0-5.0-277.0","go-nogo","true","0","","true","<div class = centerbox><div  id = stim2></div></div>","32","32","750","","test","go","277","random","","",""
"","501","32","1033","0","test_block","poldrack-single-stim","292","464890","0.0-5.0-278.0","go-nogo","true","0","","true","<div class = centerbox><div  id = stim2></div></div>","32","32","750","","test","go","278","random","","",""
"","546","32","1165","0","test_block","poldrack-single-stim","293","466089","0.0-5.0-279.0","go-nogo","true","0","","true","<div class = centerbox><div  id = stim2></div></div>","32","32","750","","test","go","279","random","","",""
"","-1","-1","1414","0","test_block","poldrack-single-stim","294","467529","0.0-5.0-280.0","go-nogo","true","0","","true","<div class = centerbox><div  id = stim1></div></div>","-1","32","750","","test","nogo","280","random","","",""
"","434","32","1065","0","test_block","poldrack-single-stim","295","468629","0.0-5.0-281.0","go-nogo","true","0","","true","<div class = centerbox><div  id = stim2></div></div>","32","32","750","","test","go","281","random","","",""
"","468","32","1428","0","test_block","poldrack-single-stim","296","470089","0.0-5.0-282.0","go-nogo","true","0","","true","<div class = centerbox><div  id = stim2></div></div>","32","32","750","","test","go","282","random","","",""
"","401","32","1230","0","test_block","poldrack-single-stim","297","471340","0.0-5.0-283.0","go-nogo","true","0","","true","<div class = centerbox><div  id = stim2></div></div>","32","32","750","","test","go","283","random","","",""
"","388","32","1201","0","test_block","poldrack-single-stim","298","472580","0.0-5.0-284.0","go-nogo","true","0","","true","<div class = centerbox><div  id = stim2></div></div>","32","32","750","","test","go","284","random","","",""
"","377","32","1077","0","test_block","poldrack-single-stim","299","473679","0.0-5.0-285.0","go-nogo","true","0","","true","<div class = centerbox><div  id = stim2></div></div>","32","32","750","","test","go","285","random","","",""
"","493","32","1232","0","test_block","poldrack-single-stim","300","474949","0.0-5.0-286.0","go-nogo","true","0","","true","<div class = centerbox><div  id = stim2></div></div>","32","32","750","","test","go","286","random","","",""
"","374","32","1485","0","test_block","poldrack-single-stim","301","476470","0.0-5.0-287.0","go-nogo","true","0","","true","<div class = centerbox><div  id = stim2></div></div>","32","32","750","","test","go","287","random","","",""
"","422","32","1094","0","test_block","poldrack-single-stim","302","477589","0.0-5.0-288.0","go-nogo","true","0","","true","<div class = centerbox><div  id = stim2></div></div>","32","32","750","","test","go","288","random","","",""
"","440","32","1128","0","test_block","poldrack-single-stim","303","478750","0.0-5.0-289.0","go-nogo","true","0","","true","<div class = centerbox><div  id = stim2></div></div>","32","32","750","","test","go","289","random","","",""
"","494","32","1208","0","test_block","poldrack-single-stim","304","479990","0.0-5.0-290.0","go-nogo","true","0","","true","<div class = centerbox><div  id = stim2></div></div>","32","32","750","","test","go","290","random","","",""
"","516","32","1403","0","test_block","poldrack-single-stim","305","481449","0.0-5.0-291.0","go-nogo","true","0","","true","<div class = centerbox><div  id = stim2></div></div>","32","32","750","","test","go","291","random","","",""
"","464","32","1237","0","test_block","poldrack-single-stim","306","482719","0.0-5.0-292.0","go-nogo","true","0","","true","<div class = centerbox><div  id = stim2></div></div>","32","32","750","","test","go","292","random","","",""
"","476","32","1397","0","test_block","poldrack-single-stim","307","484139","0.0-5.0-293.0","go-nogo","true","0","","true","<div class = centerbox><div  id = stim2></div></div>","32","32","750","","test","go","293","random","","",""
"","447","32","1477","0","test_block","poldrack-single-stim","308","485639","0.0-5.0-294.0","go-nogo","true","0","","true","<div class = centerbox><div  id = stim2></div></div>","32","32","750","","test","go","294","random","","",""
"","436","32","1037","0","test_block","poldrack-single-stim","309","486699","0.0-5.0-295.0","go-nogo","true","0","","true","<div class = centerbox><div  id = stim2></div></div>","32","32","750","","test","go","295","random","","",""
"","402","32","1116","0","test_block","poldrack-single-stim","310","487849","0.0-5.0-296.0","go-nogo","true","0","","true","<div class = centerbox><div  id = stim2></div></div>","32","32","750","","test","go","296","random","","",""
"","433","32","1120","0","test_block","poldrack-single-stim","311","489010","0.0-5.0-297.0","go-nogo","true","0","","true","<div class = centerbox><div  id = stim2></div></div>","32","32","750","","test","go","297","random","","",""
"","505","32","1266","0","test_block","poldrack-single-stim","312","490330","0.0-5.0-298.0","go-nogo","true","0","","true","<div class = centerbox><div  id = stim2></div></div>","32","32","750","","test","go","298","random","","",""
"","436","32","1017","0","test_block","poldrack-single-stim","313","491389","0.0-5.0-299.0","go-nogo","true","0","","true","<div class = centerbox><div  id = stim2></div></div>","32","32","750","","test","go","299","random","","",""
"","590","32","1139","0","test_block","poldrack-single-stim","314","492559","0.0-5.0-300.0","go-nogo","true","0","","true","<div class = centerbox><div  id = stim2></div></div>","32","32","750","","test","go","300","random","","",""
"","698","32","1156","0","test_block","poldrack-single-stim","315","493750","0.0-5.0-301.0","go-nogo","true","0","","true","<div class = centerbox><div  id = stim2></div></div>","32","32","750","","test","go","301","random","","",""
"","-1","-1","1154","0","test_block","poldrack-single-stim","316","494940","0.0-5.0-302.0","go-nogo","true","0","","true","<div class = centerbox><div  id = stim1></div></div>","-1","32","750","","test","nogo","302","random","","",""
"","479","32","1408","0","test_block","poldrack-single-stim","317","496369","0.0-5.0-303.0","go-nogo","true","0","","true","<div class = centerbox><div  id = stim2></div></div>","32","32","750","","test","go","303","random","","",""
"","453","32","1490","0","test_block","poldrack-single-stim","318","497900","0.0-5.0-304.0","go-nogo","true","0","","true","<div class = centerbox><div  id = stim2></div></div>","32","32","750","","test","go","304","random","","",""
"","445","32","1082","0","test_block","poldrack-single-stim","319","499019","0.0-5.0-305.0","go-nogo","true","0","","true","<div class = centerbox><div  id = stim2></div></div>","32","32","750","","test","go","305","random","","",""
"","576","32","1191","0","test_block","poldrack-single-stim","320","500249","0.0-5.0-306.0","go-nogo","true","0","","true","<div class = centerbox><div  id = stim2></div></div>","32","32","750","","test","go","306","random","","",""
"","402","32","1134","0","test_block","poldrack-single-stim","321","501419","0.0-5.0-307.0","go-nogo","true","0","","true","<div class = centerbox><div  id = stim2></div></div>","32","32","750","","test","go","307","random","","",""
"","479","32","1332","0","test_block","poldrack-single-stim","322","502789","0.0-5.0-308.0","go-nogo","true","0","","true","<div class = centerbox><div  id = stim2></div></div>","32","32","750","","test","go","308","random","","",""
"","392","32","1297","0","test_block","poldrack-single-stim","323","504129","0.0-5.0-309.0","go-nogo","true","0","","true","<div class = centerbox><div  id = stim2></div></div>","32","32","750","","test","go","309","random","","",""
"","-1","-1","1323","0","test_block","poldrack-single-stim","324","505480","0.0-5.0-310.0","go-nogo","true","0","","true","<div class = centerbox><div  id = stim1></div></div>","-1","32","750","","test","nogo","310","random","","",""
"","-1","-1","1122","0","test_block","poldrack-single-stim","325","506630","0.0-5.0-311.0","go-nogo","true","0","","true","<div class = centerbox><div  id = stim1></div></div>","-1","32","750","","test","nogo","311","random","","",""
"","-1","-1","1298","0","test_block","poldrack-single-stim","326","507959","0.0-5.0-312.0","go-nogo","true","0","","true","<div class = centerbox><div  id = stim1></div></div>","-1","32","750","","test","nogo","312","random","","",""
"","-1","-1","1304","0","test_block","poldrack-single-stim","327","509300","0.0-5.0-313.0","go-nogo","true","0","","true","<div class = centerbox><div  id = stim1></div></div>","-1","32","750","","test","nogo","313","random","","",""
"","377","32","1256","0","test_block","poldrack-single-stim","328","510579","0.0-5.0-314.0","go-nogo","true","0","","true","<div class = centerbox><div  id = stim2></div></div>","32","32","750","","test","go","314","random","","",""
"","472","32","1121","0","test_block","poldrack-single-stim","329","511740","0.0-5.0-315.0","go-nogo","true","0","","true","<div class = centerbox><div  id = stim2></div></div>","32","32","750","","test","go","315","random","","",""
"","415","32","1437","0","test_block","poldrack-single-stim","330","513200","0.0-5.0-316.0","go-nogo","true","0","","true","<div class = centerbox><div  id = stim2></div></div>","32","32","750","","test","go","316","random","","",""
"","458","32","1074","0","test_block","poldrack-single-stim","331","514299","0.0-5.0-317.0","go-nogo","true","0","","true","<div class = centerbox><div  id = stim2></div></div>","32","32","750","","test","go","317","random","","",""
"","399","32","1375","0","test_block","poldrack-single-stim","332","515710","0.0-5.0-318.0","go-nogo","true","0","","true","<div class = centerbox><div  id = stim2></div></div>","32","32","750","","test","go","318","random","","",""
"","364","32","1150","0","test_block","poldrack-single-stim","333","516900","0.0-5.0-319.0","go-nogo","true","0","","true","<div class = centerbox><div  id = stim2></div></div>","32","32","750","","test","go","319","random","","",""
"","359","32","1201","0","test_block","poldrack-single-stim","334","518129","0.0-5.0-320.0","go-nogo","true","0","","true","<div class = centerbox><div  id = stim2></div></div>","32","32","750","","test","go","320","random","","",""
"","-1","-1","1440","0","test_block","poldrack-single-stim","335","519610","0.0-5.0-321.0","go-nogo","true","0","","true","<div class = centerbox><div  id = stim1></div></div>","-1","32","750","","test","nogo","321","random","","",""
"","417","32","1417","0","test_block","poldrack-single-stim","336","521049","0.0-5.0-322.0","go-nogo","true","0","","true","<div class = centerbox><div  id = stim2></div></div>","32","32","750","","test","go","322","random","","",""
"","433","32","1056","0","test_block","poldrack-single-stim","337","522130","0.0-5.0-323.0","go-nogo","true","0","","true","<div class = centerbox><div  id = stim2></div></div>","32","32","750","","test","go","323","random","","",""
"","473","32","1283","0","test_block","poldrack-single-stim","338","523449","0.0-5.0-324.0","go-nogo","true","0","","true","<div class = centerbox><div  id = stim2></div></div>","32","32","750","","test","go","324","random","","",""
"","404","32","1458","0","test_block","poldrack-single-stim","339","524949","0.0-5.0-325.0","go-nogo","true","0","","true","<div class = centerbox><div  id = stim2></div></div>","32","32","750","","test","go","325","random","","",""
"","388","32","1332","0","test_block","poldrack-single-stim","340","526319","0.0-5.0-326.0","go-nogo","true","0","","true","<div class = centerbox><div  id = stim2></div></div>","32","32","750","","test","go","326","random","","",""
"","-1","-1","1228","0","test_block","poldrack-single-stim","341","527569","0.0-5.0-327.0","go-nogo","true","0","","true","<div class = centerbox><div  id = stim1></div></div>","-1","32","750","","test","nogo","327","random","","",""
"","490","32","1390","0","test_block","poldrack-single-stim","342","528989","0.0-5.0-328.0","go-nogo","true","0","","true","<div class = centerbox><div  id = stim2></div></div>","32","32","750","","test","go","328","random","","",""
"","465","32","1257","0","test_block","poldrack-single-stim","343","530289","0.0-5.0-329.0","go-nogo","true","0","","true","<div class = centerbox><div  id = stim2></div></div>","32","32","750","","test","go","329","random","","",""
"","393","32","1058","0","test_block","poldrack-single-stim","344","531369","0.0-5.0-330.0","go-nogo","true","0","","true","<div class = centerbox><div  id = stim2></div></div>","32","32","750","","test","go","330","random","","",""
"","451","32","1418","0","test_block","poldrack-single-stim","345","532819","0.0-5.0-331.0","go-nogo","true","0","","true","<div class = centerbox><div  id = stim2></div></div>","32","32","750","","test","go","331","random","","",""
"","508","32","1108","0","test_block","poldrack-single-stim","346","533949","0.0-5.0-332.0","go-nogo","true","0","","true","<div class = centerbox><div  id = stim2></div></div>","32","32","750","","test","go","332","random","","",""
"","479","32","1347","0","test_block","poldrack-single-stim","347","535319","0.0-5.0-333.0","go-nogo","true","0","","true","<div class = centerbox><div  id = stim2></div></div>","32","32","750","","test","go","333","random","","",""
"","434","32","1084","0","test_block","poldrack-single-stim","348","536450","0.0-5.0-334.0","go-nogo","true","0","","true","<div class = centerbox><div  id = stim2></div></div>","32","32","750","","test","go","334","random","","",""
"","-1","-1","1172","0","test_block","poldrack-single-stim","349","537660","0.0-5.0-335.0","go-nogo","true","0","","true","<div class = centerbox><div  id = stim1></div></div>","-1","32","750","","test","nogo","335","random","","",""
"","429","32","1342","0","test_block","poldrack-single-stim","350","539040","0.0-5.0-336.0","go-nogo","true","0","","true","<div class = centerbox><div  id = stim2></div></div>","32","32","750","","test","go","336","random","","",""
"","443","32","1124","0","test_block","poldrack-single-stim","351","540199","0.0-5.0-337.0","go-nogo","true","0","","true","<div class = centerbox><div  id = stim2></div></div>","32","32","750","","test","go","337","random","","",""
"","404","32","1067","0","test_block","poldrack-single-stim","352","541289","0.0-5.0-338.0","go-nogo","true","0","","true","<div class = centerbox><div  id = stim2></div></div>","32","32","750","","test","go","338","random","","",""
"","480","32","1184","0","test_block","poldrack-single-stim","353","542510","0.0-5.0-339.0","go-nogo","true","0","","true","<div class = centerbox><div  id = stim2></div></div>","32","32","750","","test","go","339","random","","",""
"","412","32","1494","0","test_block","poldrack-single-stim","354","544039","0.0-5.0-340.0","go-nogo","true","0","","true","<div class = centerbox><div  id = stim2></div></div>","32","32","750","","test","go","340","random","","",""
"","404","32","1019","0","test_block","poldrack-single-stim","355","545079","0.0-5.0-341.0","go-nogo","true","0","","true","<div class = centerbox><div  id = stim2></div></div>","32","32","750","","test","go","341","random","","",""
"","514","32","1392","0","test_block","poldrack-single-stim","356","546509","0.0-5.0-342.0","go-nogo","true","0","","true","<div class = centerbox><div  id = stim2></div></div>","32","32","750","","test","go","342","random","","",""
"","365","32","1283","0","test_block","poldrack-single-stim","357","547819","0.0-5.0-343.0","go-nogo","true","0","","true","<div class = centerbox><div  id = stim2></div></div>","32","32","750","","test","go","343","random","","",""
"","351","32","1048","0","test_block","poldrack-single-stim","358","548899","0.0-5.0-344.0","go-nogo","true","0","","true","<div class = centerbox><div  id = stim2></div></div>","32","32","750","","test","go","344","random","","",""
"","569","32","1007","0","test_block","poldrack-single-stim","359","549959","0.0-5.0-345.0","go-nogo","true","0","","true","<div class = centerbox><div  id = stim2></div></div>","32","32","750","","test","go","345","random","","",""
"","581","32","1130","0","test_block","poldrack-single-stim","360","551120","0.0-5.0-346.0","go-nogo","true","0","","true","<div class = centerbox><div  id = stim2></div></div>","32","32","750","","test","go","346","random","","",""
"","715","32","1012","0","test_block","poldrack-single-stim","361","552155","0.0-5.0-347.0","go-nogo","true","0","","true","<div class = centerbox><div  id = stim2></div></div>","32","32","750","","test","go","347","random","","",""
"","-1","-1","1459","0","test_block","poldrack-single-stim","362","553649","0.0-5.0-348.0","go-nogo","true","0","","true","<div class = centerbox><div  id = stim1></div></div>","-1","32","750","","test","nogo","348","random","","",""
"","439","32","1281","0","test_block","poldrack-single-stim","363","554969","0.0-5.0-349.0","go-nogo","true","0","","true","<div class = centerbox><div  id = stim2></div></div>","32","32","750","","test","go","349","random","","",""
"","71581","","","","post task questions","survey-text","364","626594","0.0-7.0","go-nogo","true","0","","","","","","","","","","","","{""Q0"":""Click the space bar when I saw the blue squares."",""Q1"":""Interesting. It tested my focus and self control.""}","",""
