"text","rt","key_press","block_duration","timing_post_trial","trial_id","trial_type","trial_index","time_elapsed","internal_node_id","exp_id","full_screen","focus_shifts","view_history","correct","stimulus","correct_response","possible_responses","stim_duration","feedback_duration","exp_stage","condition","trial_num","mode","responses","payment_id","credit_var"
"<div class = centerbox><p class = center-block-text>Welcome to the experiment. This task will take around 10 minutes. Press <strong>enter</strong> to begin.</p></div>","13338","13","13338","0","instruction","poldrack-text","0","13342","0.0-0.0-0.0","go-nogo","true","0","","","","","","","","","","","","","",""
"","24925","","","","instruction","poldrack-instructions","1","38268","0.0-0.0-1.0","go-nogo","true","1","[{""page_index"":0,""viewing_time"":24924}]","","","","","","","","","","","","",""
"","-1","-1","1000","250","practice","poldrack-categorize","2","41284","0.0-1.0-0.0","go-nogo","true","0","","true","<div class = centerbox><div id = stim1></div></div>","-1","32","750","1000","practice","nogo","0","random","","",""
"","-1","-1","1099","250","practice","poldrack-categorize","3","43647","0.0-1.0-1.0","go-nogo","true","0","","true","<div class = centerbox><div id = stim1></div></div>","-1","32","750","1000","practice","nogo","1","random","","",""
"","-1","-1","1162","250","practice","poldrack-categorize","4","46070","0.0-1.0-2.0","go-nogo","true","0","","true","<div class = centerbox><div id = stim1></div></div>","-1","32","750","1000","practice","nogo","2","random","","",""
"","358","32","1014","250","practice","poldrack-categorize","5","48341","0.0-1.0-3.0","go-nogo","true","0","","true","<div class = centerbox><div  id = stim2></div></div>","32","32","750","1000","practice","go","3","random","","",""
"","-1","-1","1337","250","practice","poldrack-categorize","6","50940","0.0-1.0-4.0","go-nogo","true","0","","true","<div class = centerbox><div id = stim1></div></div>","-1","32","750","1000","practice","nogo","4","random","","",""
"","423","32","1173","250","practice","poldrack-categorize","7","53375","0.0-1.0-5.0","go-nogo","true","0","","true","<div class = centerbox><div  id = stim2></div></div>","32","32","750","1000","practice","go","5","random","","",""
"","425","32","1496","250","practice","poldrack-categorize","8","56129","0.0-1.0-6.0","go-nogo","true","0","","true","<div class = centerbox><div  id = stim2></div></div>","32","32","750","1000","practice","go","6","random","","",""
"","-1","-1","1331","250","practice","poldrack-categorize","9","58717","0.0-1.0-7.0","go-nogo","true","0","","true","<div class = centerbox><div id = stim1></div></div>","-1","32","750","1000","practice","nogo","7","random","","",""
"","384","32","1268","250","practice","poldrack-categorize","10","61246","0.0-1.0-8.0","go-nogo","true","0","","true","<div class = centerbox><div  id = stim2></div></div>","32","32","750","1000","practice","go","8","random","","",""
"","401","32","1235","250","practice","poldrack-categorize","11","63741","0.0-1.0-9.0","go-nogo","true","0","","true","<div class = centerbox><div  id = stim2></div></div>","32","32","750","1000","practice","go","9","random","","",""
"","","","","","reset_trial","call-function","12","63996","0.0-3.0","go-nogo","true","0","","","","","","","","","","","","","",""
"<div class = centerbox><p class = block-text>Practice is over, we will now begin the experiment. You will no longer get feedback about your responses.</p><p class = block-text>Remember, if you see the <font color=""blue"">blue</font> square you should <strong> respond by pressing the spacebar as quickly as possible</strong>. If you see the <font color=""orange"">orange</font> square you should <strong> not respond</strong>. Press <strong>enter</strong> to begin.</p></div>","81780","13","81780","1000","test_intro","poldrack-text","13","145778","0.0-4.0","go-nogo","true","1","","","","","","","","","","","","","",""
"","460","32","1339","0","test_block","poldrack-single-stim","14","148125","0.0-5.0-0.0","go-nogo","true","0","","true","<div class = centerbox><div  id = stim2></div></div>","32","32","750","","test","go","0","random","","",""
"","362","32","1421","0","test_block","poldrack-single-stim","15","149680","0.0-5.0-1.0","go-nogo","true","0","","true","<div class = centerbox><div  id = stim2></div></div>","32","32","750","","test","go","1","random","","",""
"","360","32","1192","0","test_block","poldrack-single-stim","16","150934","0.0-5.0-2.0","go-nogo","true","0","","true","<div class = centerbox><div  id = stim2></div></div>","32","32","750","","test","go","2","random","","",""
"","405","32","1249","0","test_block","poldrack-single-stim","17","152241","0.0-5.0-3.0","go-nogo","true","0","","true","<div class = centerbox><div  id = stim2></div></div>","32","32","750","","test","go","3","random","","",""
"","389","32","1283","0","test_block","poldrack-single-stim","18","153591","0.0-5.0-4.0","go-nogo","true","0","","true","<div class = centerbox><div  id = stim2></div></div>","32","32","750","","test","go","4","random","","",""
"","339","32","1490","0","test_block","poldrack-single-stim","19","155152","0.0-5.0-5.0","go-nogo","true","0","","true","<div class = centerbox><div  id = stim2></div></div>","32","32","750","","test","go","5","random","","",""
"","320","32","1153","0","test_block","poldrack-single-stim","20","156371","0.0-5.0-6.0","go-nogo","true","0","","true","<div class = centerbox><div  id = stim2></div></div>","32","32","750","","test","go","6","random","","",""
"","334","32","1176","0","test_block","poldrack-single-stim","21","157606","0.0-5.0-7.0","go-nogo","true","0","","true","<div class = centerbox><div  id = stim2></div></div>","32","32","750","","test","go","7","random","","",""
"","334","32","1204","0","test_block","poldrack-single-stim","22","158864","0.0-5.0-8.0","go-nogo","true","0","","true","<div class = centerbox><div  id = stim2></div></div>","32","32","750","","test","go","8","random","","",""
"","309","32","1268","0","test_block","poldrack-single-stim","23","160190","0.0-5.0-9.0","go-nogo","true","0","","true","<div class = centerbox><div  id = stim2></div></div>","32","32","750","","test","go","9","random","","",""
"","329","32","1423","0","test_block","poldrack-single-stim","24","161700","0.0-5.0-10.0","go-nogo","true","0","","true","<div class = centerbox><div  id = stim2></div></div>","32","32","750","","test","go","10","random","","",""
"","323","32","1286","0","test_block","poldrack-single-stim","25","163036","0.0-5.0-11.0","go-nogo","true","0","","true","<div class = centerbox><div  id = stim2></div></div>","32","32","750","","test","go","11","random","","",""
"","464","32","1372","0","test_block","poldrack-single-stim","26","164470","0.0-5.0-12.0","go-nogo","true","0","","true","<div class = centerbox><div  id = stim2></div></div>","32","32","750","","test","go","12","random","","",""
"","365","32","1186","0","test_block","poldrack-single-stim","27","165707","0.0-5.0-13.0","go-nogo","true","0","","true","<div class = centerbox><div  id = stim2></div></div>","32","32","750","","test","go","13","random","","",""
"","423","32","1473","0","test_block","poldrack-single-stim","28","167246","0.0-5.0-14.0","go-nogo","true","0","","true","<div class = centerbox><div  id = stim2></div></div>","32","32","750","","test","go","14","random","","",""
"","350","32","1210","0","test_block","poldrack-single-stim","29","168514","0.0-5.0-15.0","go-nogo","true","0","","true","<div class = centerbox><div  id = stim2></div></div>","32","32","750","","test","go","15","random","","",""
"","496","32","1412","0","test_block","poldrack-single-stim","30","169976","0.0-5.0-16.0","go-nogo","true","0","","true","<div class = centerbox><div  id = stim2></div></div>","32","32","750","","test","go","16","random","","",""
"","336","32","1254","0","test_block","poldrack-single-stim","31","171295","0.0-5.0-17.0","go-nogo","true","0","","true","<div class = centerbox><div  id = stim2></div></div>","32","32","750","","test","go","17","random","","",""
"","338","32","1324","0","test_block","poldrack-single-stim","32","172670","0.0-5.0-18.0","go-nogo","true","0","","true","<div class = centerbox><div  id = stim2></div></div>","32","32","750","","test","go","18","random","","",""
"","345","32","1039","0","test_block","poldrack-single-stim","33","173758","0.0-5.0-19.0","go-nogo","true","0","","false","<div class = centerbox><div  id = stim1></div></div>","-1","32","750","","test","nogo","19","random","","",""
"","605","32","1100","0","test_block","poldrack-single-stim","34","174906","0.0-5.0-20.0","go-nogo","true","0","","true","<div class = centerbox><div  id = stim2></div></div>","32","32","750","","test","go","20","random","","",""
"","554","32","1048","0","test_block","poldrack-single-stim","35","176009","0.0-5.0-21.0","go-nogo","true","0","","true","<div class = centerbox><div  id = stim2></div></div>","32","32","750","","test","go","21","random","","",""
"","535","32","1163","0","test_block","poldrack-single-stim","36","177226","0.0-5.0-22.0","go-nogo","true","0","","true","<div class = centerbox><div  id = stim2></div></div>","32","32","750","","test","go","22","random","","",""
"","561","32","1113","0","test_block","poldrack-single-stim","37","178386","0.0-5.0-23.0","go-nogo","true","0","","true","<div class = centerbox><div  id = stim2></div></div>","32","32","750","","test","go","23","random","","",""
"","548","32","1326","0","test_block","poldrack-single-stim","38","179765","0.0-5.0-24.0","go-nogo","true","0","","true","<div class = centerbox><div  id = stim2></div></div>","32","32","750","","test","go","24","random","","",""
"","531","32","1429","0","test_block","poldrack-single-stim","39","181240","0.0-5.0-25.0","go-nogo","true","0","","true","<div class = centerbox><div  id = stim2></div></div>","32","32","750","","test","go","25","random","","",""
"","463","32","1466","0","test_block","poldrack-single-stim","40","182768","0.0-5.0-26.0","go-nogo","true","0","","true","<div class = centerbox><div  id = stim2></div></div>","32","32","750","","test","go","26","random","","",""
"","565","32","1468","0","test_block","poldrack-single-stim","41","184286","0.0-5.0-27.0","go-nogo","true","0","","true","<div class = centerbox><div  id = stim2></div></div>","32","32","750","","test","go","27","random","","",""
"","585","32","1063","0","test_block","poldrack-single-stim","42","185397","0.0-5.0-28.0","go-nogo","true","0","","true","<div class = centerbox><div  id = stim2></div></div>","32","32","750","","test","go","28","random","","",""
"","729","32","1011","0","test_block","poldrack-single-stim","43","186458","0.0-5.0-29.0","go-nogo","true","0","","true","<div class = centerbox><div  id = stim2></div></div>","32","32","750","","test","go","29","random","","",""
"","532","32","1059","0","test_block","poldrack-single-stim","44","187567","0.0-5.0-30.0","go-nogo","true","0","","true","<div class = centerbox><div  id = stim2></div></div>","32","32","750","","test","go","30","random","","",""
"","436","32","1372","0","test_block","poldrack-single-stim","45","188987","0.0-5.0-31.0","go-nogo","true","0","","true","<div class = centerbox><div  id = stim2></div></div>","32","32","750","","test","go","31","random","","",""
"","484","32","1090","0","test_block","poldrack-single-stim","46","190125","0.0-5.0-32.0","go-nogo","true","0","","true","<div class = centerbox><div  id = stim2></div></div>","32","32","750","","test","go","32","random","","",""
"","768","32","1309","0","test_block","poldrack-single-stim","47","191479","0.0-5.0-33.0","go-nogo","true","0","","true","<div class = centerbox><div  id = stim2></div></div>","32","32","750","","test","go","33","random","","",""
"","-1","-1","1345","0","test_block","poldrack-single-stim","48","192878","0.0-5.0-34.0","go-nogo","true","0","","false","<div class = centerbox><div  id = stim2></div></div>","32","32","750","","test","go","34","random","","",""
"","356","32","1313","0","test_block","poldrack-single-stim","49","194244","0.0-5.0-35.0","go-nogo","true","0","","true","<div class = centerbox><div  id = stim2></div></div>","32","32","750","","test","go","35","random","","",""
"","352","32","1270","0","test_block","poldrack-single-stim","50","195562","0.0-5.0-36.0","go-nogo","true","0","","true","<div class = centerbox><div  id = stim2></div></div>","32","32","750","","test","go","36","random","","",""
"","359","32","1139","0","test_block","poldrack-single-stim","51","196744","0.0-5.0-37.0","go-nogo","true","0","","true","<div class = centerbox><div  id = stim2></div></div>","32","32","750","","test","go","37","random","","",""
"","-1","-1","1382","0","test_block","poldrack-single-stim","52","198171","0.0-5.0-38.0","go-nogo","true","0","","true","<div class = centerbox><div  id = stim1></div></div>","-1","32","750","","test","nogo","38","random","","",""
"","375","32","1466","0","test_block","poldrack-single-stim","53","199682","0.0-5.0-39.0","go-nogo","true","0","","true","<div class = centerbox><div  id = stim2></div></div>","32","32","750","","test","go","39","random","","",""
"","961","32","1265","0","test_block","poldrack-single-stim","54","200994","0.0-5.0-40.0","go-nogo","true","0","","true","<div class = centerbox><div  id = stim2></div></div>","32","32","750","","test","go","40","random","","",""
"","384","32","1287","0","test_block","poldrack-single-stim","55","202328","0.0-5.0-41.0","go-nogo","true","0","","true","<div class = centerbox><div  id = stim2></div></div>","32","32","750","","test","go","41","random","","",""
"","493","32","1120","0","test_block","poldrack-single-stim","56","203494","0.0-5.0-42.0","go-nogo","true","0","","true","<div class = centerbox><div  id = stim2></div></div>","32","32","750","","test","go","42","random","","",""
"","851","32","1070","0","test_block","poldrack-single-stim","57","204609","0.0-5.0-43.0","go-nogo","true","0","","true","<div class = centerbox><div  id = stim2></div></div>","32","32","750","","test","go","43","random","","",""
"","360","32","1087","0","test_block","poldrack-single-stim","58","205751","0.0-5.0-44.0","go-nogo","true","0","","true","<div class = centerbox><div  id = stim2></div></div>","32","32","750","","test","go","44","random","","",""
"","374","32","1483","0","test_block","poldrack-single-stim","59","207289","0.0-5.0-45.0","go-nogo","true","0","","true","<div class = centerbox><div  id = stim2></div></div>","32","32","750","","test","go","45","random","","",""
"","315","32","1266","0","test_block","poldrack-single-stim","60","208600","0.0-5.0-46.0","go-nogo","true","0","","true","<div class = centerbox><div  id = stim2></div></div>","32","32","750","","test","go","46","random","","",""
"","429","32","1081","0","test_block","poldrack-single-stim","61","209726","0.0-5.0-47.0","go-nogo","true","0","","true","<div class = centerbox><div  id = stim2></div></div>","32","32","750","","test","go","47","random","","",""
"","441","32","1224","0","test_block","poldrack-single-stim","62","210998","0.0-5.0-48.0","go-nogo","true","0","","true","<div class = centerbox><div  id = stim2></div></div>","32","32","750","","test","go","48","random","","",""
"","413","32","1275","0","test_block","poldrack-single-stim","63","212317","0.0-5.0-49.0","go-nogo","true","0","","true","<div class = centerbox><div  id = stim2></div></div>","32","32","750","","test","go","49","random","","",""
"","339","32","1057","0","test_block","poldrack-single-stim","64","213418","0.0-5.0-50.0","go-nogo","true","0","","true","<div class = centerbox><div  id = stim2></div></div>","32","32","750","","test","go","50","random","","",""
"","420","32","1321","0","test_block","poldrack-single-stim","65","214780","0.0-5.0-51.0","go-nogo","true","0","","true","<div class = centerbox><div  id = stim2></div></div>","32","32","750","","test","go","51","random","","",""
"","467","32","1223","0","test_block","poldrack-single-stim","66","216044","0.0-5.0-52.0","go-nogo","true","0","","true","<div class = centerbox><div  id = stim2></div></div>","32","32","750","","test","go","52","random","","",""
"","583","32","1216","0","test_block","poldrack-single-stim","67","217311","0.0-5.0-53.0","go-nogo","true","0","","true","<div class = centerbox><div  id = stim2></div></div>","32","32","750","","test","go","53","random","","",""
"","618","32","1479","0","test_block","poldrack-single-stim","68","218836","0.0-5.0-54.0","go-nogo","true","0","","true","<div class = centerbox><div  id = stim2></div></div>","32","32","750","","test","go","54","random","","",""
"","337","32","1333","0","test_block","poldrack-single-stim","69","220221","0.0-5.0-55.0","go-nogo","true","0","","true","<div class = centerbox><div  id = stim2></div></div>","32","32","750","","test","go","55","random","","",""
"","333","32","1285","0","test_block","poldrack-single-stim","70","221560","0.0-5.0-56.0","go-nogo","true","0","","true","<div class = centerbox><div  id = stim2></div></div>","32","32","750","","test","go","56","random","","",""
"","350","32","1137","0","test_block","poldrack-single-stim","71","222748","0.0-5.0-57.0","go-nogo","true","0","","true","<div class = centerbox><div  id = stim2></div></div>","32","32","750","","test","go","57","random","","",""
"","377","32","1488","0","test_block","poldrack-single-stim","72","224282","0.0-5.0-58.0","go-nogo","true","0","","true","<div class = centerbox><div  id = stim2></div></div>","32","32","750","","test","go","58","random","","",""
"","329","32","1338","0","test_block","poldrack-single-stim","73","225668","0.0-5.0-59.0","go-nogo","true","0","","true","<div class = centerbox><div  id = stim2></div></div>","32","32","750","","test","go","59","random","","",""
"","331","32","1079","0","test_block","poldrack-single-stim","74","226799","0.0-5.0-60.0","go-nogo","true","0","","true","<div class = centerbox><div  id = stim2></div></div>","32","32","750","","test","go","60","random","","",""
"","-1","-1","1254","0","test_block","poldrack-single-stim","75","228098","0.0-5.0-61.0","go-nogo","true","0","","true","<div class = centerbox><div  id = stim1></div></div>","-1","32","750","","test","nogo","61","random","","",""
"","410","32","1435","0","test_block","poldrack-single-stim","76","229583","0.0-5.0-62.0","go-nogo","true","0","","true","<div class = centerbox><div  id = stim2></div></div>","32","32","750","","test","go","62","random","","",""
"","-1","-1","1463","0","test_block","poldrack-single-stim","77","231098","0.0-5.0-63.0","go-nogo","true","0","","true","<div class = centerbox><div  id = stim1></div></div>","-1","32","750","","test","nogo","63","random","","",""
"","367","32","1336","0","test_block","poldrack-single-stim","78","232486","0.0-5.0-64.0","go-nogo","true","0","","true","<div class = centerbox><div  id = stim2></div></div>","32","32","750","","test","go","64","random","","",""
"","470","32","1169","0","test_block","poldrack-single-stim","79","233698","0.0-5.0-65.0","go-nogo","true","0","","true","<div class = centerbox><div  id = stim2></div></div>","32","32","750","","test","go","65","random","","",""
"","738","32","1120","0","test_block","poldrack-single-stim","80","234873","0.0-5.0-66.0","go-nogo","true","0","","true","<div class = centerbox><div  id = stim2></div></div>","32","32","750","","test","go","66","random","","",""
"","393","32","1350","0","test_block","poldrack-single-stim","81","236268","0.0-5.0-67.0","go-nogo","true","0","","true","<div class = centerbox><div  id = stim2></div></div>","32","32","750","","test","go","67","random","","",""
"","329","32","1258","0","test_block","poldrack-single-stim","82","237572","0.0-5.0-68.0","go-nogo","true","0","","true","<div class = centerbox><div  id = stim2></div></div>","32","32","750","","test","go","68","random","","",""
"","406","32","1403","0","test_block","poldrack-single-stim","83","239018","0.0-5.0-69.0","go-nogo","true","0","","true","<div class = centerbox><div  id = stim2></div></div>","32","32","750","","test","go","69","random","","",""
"","321","32","1312","0","test_block","poldrack-single-stim","84","240388","0.0-5.0-70.0","go-nogo","true","0","","true","<div class = centerbox><div  id = stim2></div></div>","32","32","750","","test","go","70","random","","",""
"","319","32","1040","0","test_block","poldrack-single-stim","85","241472","0.0-5.0-71.0","go-nogo","true","0","","true","<div class = centerbox><div  id = stim2></div></div>","32","32","750","","test","go","71","random","","",""
"","-1","-1","1392","0","test_block","poldrack-single-stim","86","242911","0.0-5.0-72.0","go-nogo","true","0","","true","<div class = centerbox><div  id = stim1></div></div>","-1","32","750","","test","nogo","72","random","","",""
"","329","32","1079","0","test_block","poldrack-single-stim","87","244041","0.0-5.0-73.0","go-nogo","true","0","","true","<div class = centerbox><div  id = stim2></div></div>","32","32","750","","test","go","73","random","","",""
"","-1","-1","1369","0","test_block","poldrack-single-stim","88","245455","0.0-5.0-74.0","go-nogo","true","0","","true","<div class = centerbox><div  id = stim1></div></div>","-1","32","750","","test","nogo","74","random","","",""
"","320","32","1378","0","test_block","poldrack-single-stim","89","246880","0.0-5.0-75.0","go-nogo","true","0","","true","<div class = centerbox><div  id = stim2></div></div>","32","32","750","","test","go","75","random","","",""
"","378","32","1313","0","test_block","poldrack-single-stim","90","248243","0.0-5.0-76.0","go-nogo","true","0","","true","<div class = centerbox><div  id = stim2></div></div>","32","32","750","","test","go","76","random","","",""
"","372","32","1130","0","test_block","poldrack-single-stim","91","249430","0.0-5.0-77.0","go-nogo","true","0","","true","<div class = centerbox><div  id = stim2></div></div>","32","32","750","","test","go","77","random","","",""
"","443","32","1252","0","test_block","poldrack-single-stim","92","250733","0.0-5.0-78.0","go-nogo","true","0","","true","<div class = centerbox><div  id = stim2></div></div>","32","32","750","","test","go","78","random","","",""
"","318","32","1249","0","test_block","poldrack-single-stim","93","252042","0.0-5.0-79.0","go-nogo","true","0","","true","<div class = centerbox><div  id = stim2></div></div>","32","32","750","","test","go","79","random","","",""
"","392","32","1114","0","test_block","poldrack-single-stim","94","253218","0.0-5.0-80.0","go-nogo","true","0","","true","<div class = centerbox><div  id = stim2></div></div>","32","32","750","","test","go","80","random","","",""
"","413","32","1376","0","test_block","poldrack-single-stim","95","254639","0.0-5.0-81.0","go-nogo","true","0","","true","<div class = centerbox><div  id = stim2></div></div>","32","32","750","","test","go","81","random","","",""
"","328","32","1073","0","test_block","poldrack-single-stim","96","255765","0.0-5.0-82.0","go-nogo","true","0","","true","<div class = centerbox><div  id = stim2></div></div>","32","32","750","","test","go","82","random","","",""
"","349","32","1060","0","test_block","poldrack-single-stim","97","256878","0.0-5.0-83.0","go-nogo","true","0","","true","<div class = centerbox><div  id = stim2></div></div>","32","32","750","","test","go","83","random","","",""
"","-1","-1","1217","0","test_block","poldrack-single-stim","98","258142","0.0-5.0-84.0","go-nogo","true","0","","true","<div class = centerbox><div  id = stim1></div></div>","-1","32","750","","test","nogo","84","random","","",""
"","367","32","1118","0","test_block","poldrack-single-stim","99","259302","0.0-5.0-85.0","go-nogo","true","0","","true","<div class = centerbox><div  id = stim2></div></div>","32","32","750","","test","go","85","random","","",""
"","289","32","1344","0","test_block","poldrack-single-stim","100","260688","0.0-5.0-86.0","go-nogo","true","0","","true","<div class = centerbox><div  id = stim2></div></div>","32","32","750","","test","go","86","random","","",""
"","383","32","1253","0","test_block","poldrack-single-stim","101","261988","0.0-5.0-87.0","go-nogo","true","0","","true","<div class = centerbox><div  id = stim2></div></div>","32","32","750","","test","go","87","random","","",""
"","397","32","1046","0","test_block","poldrack-single-stim","102","263080","0.0-5.0-88.0","go-nogo","true","0","","true","<div class = centerbox><div  id = stim2></div></div>","32","32","750","","test","go","88","random","","",""
"","376","32","1241","0","test_block","poldrack-single-stim","103","264371","0.0-5.0-89.0","go-nogo","true","0","","true","<div class = centerbox><div  id = stim2></div></div>","32","32","750","","test","go","89","random","","",""
"","323","32","1424","0","test_block","poldrack-single-stim","104","265841","0.0-5.0-90.0","go-nogo","true","0","","true","<div class = centerbox><div  id = stim2></div></div>","32","32","750","","test","go","90","random","","",""
"","307","32","1279","0","test_block","poldrack-single-stim","105","267162","0.0-5.0-91.0","go-nogo","true","0","","true","<div class = centerbox><div  id = stim2></div></div>","32","32","750","","test","go","91","random","","",""
"","323","32","1263","0","test_block","poldrack-single-stim","106","268474","0.0-5.0-92.0","go-nogo","true","0","","true","<div class = centerbox><div  id = stim2></div></div>","32","32","750","","test","go","92","random","","",""
"","324","32","1109","0","test_block","poldrack-single-stim","107","269629","0.0-5.0-93.0","go-nogo","true","0","","true","<div class = centerbox><div  id = stim2></div></div>","32","32","750","","test","go","93","random","","",""
"","325","32","1157","0","test_block","poldrack-single-stim","108","270829","0.0-5.0-94.0","go-nogo","true","0","","true","<div class = centerbox><div  id = stim2></div></div>","32","32","750","","test","go","94","random","","",""
"","304","32","1076","0","test_block","poldrack-single-stim","109","271948","0.0-5.0-95.0","go-nogo","true","0","","true","<div class = centerbox><div  id = stim2></div></div>","32","32","750","","test","go","95","random","","",""
"","323","32","1070","0","test_block","poldrack-single-stim","110","273068","0.0-5.0-96.0","go-nogo","true","0","","true","<div class = centerbox><div  id = stim2></div></div>","32","32","750","","test","go","96","random","","",""
"","335","32","1282","0","test_block","poldrack-single-stim","111","274389","0.0-5.0-97.0","go-nogo","true","0","","true","<div class = centerbox><div  id = stim2></div></div>","32","32","750","","test","go","97","random","","",""
"","333","32","1375","0","test_block","poldrack-single-stim","112","275812","0.0-5.0-98.0","go-nogo","true","0","","true","<div class = centerbox><div  id = stim2></div></div>","32","32","750","","test","go","98","random","","",""
"","381","32","1040","0","test_block","poldrack-single-stim","113","276898","0.0-5.0-99.0","go-nogo","true","0","","true","<div class = centerbox><div  id = stim2></div></div>","32","32","750","","test","go","99","random","","",""
"","562","32","1099","0","test_block","poldrack-single-stim","114","278041","0.0-5.0-100.0","go-nogo","true","0","","true","<div class = centerbox><div  id = stim2></div></div>","32","32","750","","test","go","100","random","","",""
"","531","32","1279","0","test_block","poldrack-single-stim","115","279371","0.0-5.0-101.0","go-nogo","true","0","","true","<div class = centerbox><div  id = stim2></div></div>","32","32","750","","test","go","101","random","","",""
"","358","32","1168","0","test_block","poldrack-single-stim","116","280597","0.0-5.0-102.0","go-nogo","true","0","","true","<div class = centerbox><div  id = stim2></div></div>","32","32","750","","test","go","102","random","","",""
"","349","32","1205","0","test_block","poldrack-single-stim","117","281845","0.0-5.0-103.0","go-nogo","true","0","","true","<div class = centerbox><div  id = stim2></div></div>","32","32","750","","test","go","103","random","","",""
"","401","32","1379","0","test_block","poldrack-single-stim","118","283270","0.0-5.0-104.0","go-nogo","true","0","","true","<div class = centerbox><div  id = stim2></div></div>","32","32","750","","test","go","104","random","","",""
"","-1","-1","1199","0","test_block","poldrack-single-stim","119","284511","0.0-5.0-105.0","go-nogo","true","0","","true","<div class = centerbox><div  id = stim1></div></div>","-1","32","750","","test","nogo","105","random","","",""
"","342","32","1372","0","test_block","poldrack-single-stim","120","285923","0.0-5.0-106.0","go-nogo","true","0","","true","<div class = centerbox><div  id = stim2></div></div>","32","32","750","","test","go","106","random","","",""
"","0","32","1445","0","test_block","poldrack-single-stim","121","287415","0.0-5.0-107.0","go-nogo","true","0","","true","<div class = centerbox><div  id = stim2></div></div>","32","32","750","","test","go","107","random","","",""
"","333","32","1339","0","test_block","poldrack-single-stim","122","288798","0.0-5.0-108.0","go-nogo","true","0","","true","<div class = centerbox><div  id = stim2></div></div>","32","32","750","","test","go","108","random","","",""
"","355","32","1054","0","test_block","poldrack-single-stim","123","289899","0.0-5.0-109.0","go-nogo","true","0","","true","<div class = centerbox><div  id = stim2></div></div>","32","32","750","","test","go","109","random","","",""
"","452","32","1083","0","test_block","poldrack-single-stim","124","291031","0.0-5.0-110.0","go-nogo","true","0","","true","<div class = centerbox><div  id = stim2></div></div>","32","32","750","","test","go","110","random","","",""
"","415","32","1076","0","test_block","poldrack-single-stim","125","292152","0.0-5.0-111.0","go-nogo","true","0","","true","<div class = centerbox><div  id = stim2></div></div>","32","32","750","","test","go","111","random","","",""
"","399","32","1238","0","test_block","poldrack-single-stim","126","293440","0.0-5.0-112.0","go-nogo","true","0","","true","<div class = centerbox><div  id = stim2></div></div>","32","32","750","","test","go","112","random","","",""
"","480","32","1423","0","test_block","poldrack-single-stim","127","294911","0.0-5.0-113.0","go-nogo","true","0","","true","<div class = centerbox><div  id = stim2></div></div>","32","32","750","","test","go","113","random","","",""
"","349","32","1234","0","test_block","poldrack-single-stim","128","296184","0.0-5.0-114.0","go-nogo","true","0","","true","<div class = centerbox><div  id = stim2></div></div>","32","32","750","","test","go","114","random","","",""
"","387","32","1474","0","test_block","poldrack-single-stim","129","297707","0.0-5.0-115.0","go-nogo","true","0","","true","<div class = centerbox><div  id = stim2></div></div>","32","32","750","","test","go","115","random","","",""
"","335","32","1392","0","test_block","poldrack-single-stim","130","299146","0.0-5.0-116.0","go-nogo","true","0","","true","<div class = centerbox><div  id = stim2></div></div>","32","32","750","","test","go","116","random","","",""
"","290","32","1239","0","test_block","poldrack-single-stim","131","300429","0.0-5.0-117.0","go-nogo","true","0","","true","<div class = centerbox><div  id = stim2></div></div>","32","32","750","","test","go","117","random","","",""
"","366","32","1413","0","test_block","poldrack-single-stim","132","301881","0.0-5.0-118.0","go-nogo","true","0","","true","<div class = centerbox><div  id = stim2></div></div>","32","32","750","","test","go","118","random","","",""
"","352","32","1451","0","test_block","poldrack-single-stim","133","303373","0.0-5.0-119.0","go-nogo","true","0","","true","<div class = centerbox><div  id = stim2></div></div>","32","32","750","","test","go","119","random","","",""
"","301","32","1351","0","test_block","poldrack-single-stim","134","304792","0.0-5.0-120.0","go-nogo","true","0","","true","<div class = centerbox><div  id = stim2></div></div>","32","32","750","","test","go","120","random","","",""
"","328","32","1304","0","test_block","poldrack-single-stim","135","306142","0.0-5.0-121.0","go-nogo","true","0","","true","<div class = centerbox><div  id = stim2></div></div>","32","32","750","","test","go","121","random","","",""
"","335","32","1241","0","test_block","poldrack-single-stim","136","307427","0.0-5.0-122.0","go-nogo","true","0","","true","<div class = centerbox><div  id = stim2></div></div>","32","32","750","","test","go","122","random","","",""
"","-1","-1","1106","0","test_block","poldrack-single-stim","137","308580","0.0-5.0-123.0","go-nogo","true","0","","true","<div class = centerbox><div  id = stim1></div></div>","-1","32","750","","test","nogo","123","random","","",""
"","416","32","1146","0","test_block","poldrack-single-stim","138","309766","0.0-5.0-124.0","go-nogo","true","0","","true","<div class = centerbox><div  id = stim2></div></div>","32","32","750","","test","go","124","random","","",""
"","316","32","1046","0","test_block","poldrack-single-stim","139","310862","0.0-5.0-125.0","go-nogo","true","0","","true","<div class = centerbox><div  id = stim2></div></div>","32","32","750","","test","go","125","random","","",""
"","415","32","1333","0","test_block","poldrack-single-stim","140","312237","0.0-5.0-126.0","go-nogo","true","0","","true","<div class = centerbox><div  id = stim2></div></div>","32","32","750","","test","go","126","random","","",""
"","276","32","1207","0","test_block","poldrack-single-stim","141","313489","0.0-5.0-127.0","go-nogo","true","0","","true","<div class = centerbox><div  id = stim2></div></div>","32","32","750","","test","go","127","random","","",""
"","309","32","1068","0","test_block","poldrack-single-stim","142","314603","0.0-5.0-128.0","go-nogo","true","0","","true","<div class = centerbox><div  id = stim2></div></div>","32","32","750","","test","go","128","random","","",""
"","313","32","1450","0","test_block","poldrack-single-stim","143","316102","0.0-5.0-129.0","go-nogo","true","0","","true","<div class = centerbox><div  id = stim2></div></div>","32","32","750","","test","go","129","random","","",""
"","365","32","1313","0","test_block","poldrack-single-stim","144","317462","0.0-5.0-130.0","go-nogo","true","0","","true","<div class = centerbox><div  id = stim2></div></div>","32","32","750","","test","go","130","random","","",""
"","315","32","1446","0","test_block","poldrack-single-stim","145","318955","0.0-5.0-131.0","go-nogo","true","0","","true","<div class = centerbox><div  id = stim2></div></div>","32","32","750","","test","go","131","random","","",""
"","-1","-1","1130","0","test_block","poldrack-single-stim","146","320145","0.0-5.0-132.0","go-nogo","true","0","","true","<div class = centerbox><div  id = stim1></div></div>","-1","32","750","","test","nogo","132","random","","",""
"","424","32","1132","0","test_block","poldrack-single-stim","147","321319","0.0-5.0-133.0","go-nogo","true","0","","true","<div class = centerbox><div  id = stim2></div></div>","32","32","750","","test","go","133","random","","",""
"","710","32","1383","0","test_block","poldrack-single-stim","148","322747","0.0-5.0-134.0","go-nogo","true","0","","true","<div class = centerbox><div  id = stim2></div></div>","32","32","750","","test","go","134","random","","",""
"","-1","-1","1358","0","test_block","poldrack-single-stim","149","324148","0.0-5.0-135.0","go-nogo","true","0","","true","<div class = centerbox><div  id = stim1></div></div>","-1","32","750","","test","nogo","135","random","","",""
"","388","32","1192","0","test_block","poldrack-single-stim","150","325382","0.0-5.0-136.0","go-nogo","true","0","","true","<div class = centerbox><div  id = stim2></div></div>","32","32","750","","test","go","136","random","","",""
"","773","32","1164","0","test_block","poldrack-single-stim","151","326589","0.0-5.0-137.0","go-nogo","true","0","","true","<div class = centerbox><div  id = stim2></div></div>","32","32","750","","test","go","137","random","","",""
"","739","32","1498","0","test_block","poldrack-single-stim","152","328134","0.0-5.0-138.0","go-nogo","true","0","","true","<div class = centerbox><div  id = stim2></div></div>","32","32","750","","test","go","138","random","","",""
"","388","32","1156","0","test_block","poldrack-single-stim","153","329339","0.0-5.0-139.0","go-nogo","true","0","","false","<div class = centerbox><div  id = stim1></div></div>","-1","32","750","","test","nogo","139","random","","",""
"","437","32","1046","0","test_block","poldrack-single-stim","154","330429","0.0-5.0-140.0","go-nogo","true","0","","true","<div class = centerbox><div  id = stim2></div></div>","32","32","750","","test","go","140","random","","",""
"","403","32","1344","0","test_block","poldrack-single-stim","155","331813","0.0-5.0-141.0","go-nogo","true","0","","true","<div class = centerbox><div  id = stim2></div></div>","32","32","750","","test","go","141","random","","",""
"","-1","-1","1345","0","test_block","poldrack-single-stim","156","333202","0.0-5.0-142.0","go-nogo","true","0","","true","<div class = centerbox><div  id = stim1></div></div>","-1","32","750","","test","nogo","142","random","","",""
"","313","32","1157","0","test_block","poldrack-single-stim","157","334404","0.0-5.0-143.0","go-nogo","true","0","","true","<div class = centerbox><div  id = stim2></div></div>","32","32","750","","test","go","143","random","","",""
"","597","32","1026","0","test_block","poldrack-single-stim","158","335477","0.0-5.0-144.0","go-nogo","true","0","","true","<div class = centerbox><div  id = stim2></div></div>","32","32","750","","test","go","144","random","","",""
"","474","32","1069","0","test_block","poldrack-single-stim","159","336589","0.0-5.0-145.0","go-nogo","true","0","","true","<div class = centerbox><div  id = stim2></div></div>","32","32","750","","test","go","145","random","","",""
"","447","32","1177","0","test_block","poldrack-single-stim","160","337808","0.0-5.0-146.0","go-nogo","true","0","","true","<div class = centerbox><div  id = stim2></div></div>","32","32","750","","test","go","146","random","","",""
"","408","32","1412","0","test_block","poldrack-single-stim","161","339265","0.0-5.0-147.0","go-nogo","true","0","","true","<div class = centerbox><div  id = stim2></div></div>","32","32","750","","test","go","147","random","","",""
"","355","32","1224","0","test_block","poldrack-single-stim","162","340536","0.0-5.0-148.0","go-nogo","true","0","","true","<div class = centerbox><div  id = stim2></div></div>","32","32","750","","test","go","148","random","","",""
"","407","32","1388","0","test_block","poldrack-single-stim","163","341965","0.0-5.0-149.0","go-nogo","true","0","","true","<div class = centerbox><div  id = stim2></div></div>","32","32","750","","test","go","149","random","","",""
"","411","32","1416","0","test_block","poldrack-single-stim","164","343428","0.0-5.0-150.0","go-nogo","true","0","","true","<div class = centerbox><div  id = stim2></div></div>","32","32","750","","test","go","150","random","","",""
"","-1","-1","1211","0","test_block","poldrack-single-stim","165","344679","0.0-5.0-151.0","go-nogo","true","0","","true","<div class = centerbox><div  id = stim1></div></div>","-1","32","750","","test","nogo","151","random","","",""
"","-1","-1","1092","0","test_block","poldrack-single-stim","166","345817","0.0-5.0-152.0","go-nogo","true","0","","true","<div class = centerbox><div  id = stim1></div></div>","-1","32","750","","test","nogo","152","random","","",""
"","450","32","1458","0","test_block","poldrack-single-stim","167","347331","0.0-5.0-153.0","go-nogo","true","0","","true","<div class = centerbox><div  id = stim2></div></div>","32","32","750","","test","go","153","random","","",""
"","366","32","1080","0","test_block","poldrack-single-stim","168","348452","0.0-5.0-154.0","go-nogo","true","0","","true","<div class = centerbox><div  id = stim2></div></div>","32","32","750","","test","go","154","random","","",""
"","506","32","1157","0","test_block","poldrack-single-stim","169","349652","0.0-5.0-155.0","go-nogo","true","0","","true","<div class = centerbox><div  id = stim2></div></div>","32","32","750","","test","go","155","random","","",""
"","438","32","1219","0","test_block","poldrack-single-stim","170","350912","0.0-5.0-156.0","go-nogo","true","0","","true","<div class = centerbox><div  id = stim2></div></div>","32","32","750","","test","go","156","random","","",""
"","487","32","1263","0","test_block","poldrack-single-stim","171","352216","0.0-5.0-157.0","go-nogo","true","0","","true","<div class = centerbox><div  id = stim2></div></div>","32","32","750","","test","go","157","random","","",""
"","469","32","1149","0","test_block","poldrack-single-stim","172","353408","0.0-5.0-158.0","go-nogo","true","0","","true","<div class = centerbox><div  id = stim2></div></div>","32","32","750","","test","go","158","random","","",""
"","495","32","1134","0","test_block","poldrack-single-stim","173","354589","0.0-5.0-159.0","go-nogo","true","0","","true","<div class = centerbox><div  id = stim2></div></div>","32","32","750","","test","go","159","random","","",""
"","389","32","1012","0","test_block","poldrack-single-stim","174","355642","0.0-5.0-160.0","go-nogo","true","0","","true","<div class = centerbox><div  id = stim2></div></div>","32","32","750","","test","go","160","random","","",""
"","447","32","1466","0","test_block","poldrack-single-stim","175","357158","0.0-5.0-161.0","go-nogo","true","0","","true","<div class = centerbox><div  id = stim2></div></div>","32","32","750","","test","go","161","random","","",""
"","355","32","1410","0","test_block","poldrack-single-stim","176","358614","0.0-5.0-162.0","go-nogo","true","0","","true","<div class = centerbox><div  id = stim2></div></div>","32","32","750","","test","go","162","random","","",""
"","-1","-1","1233","0","test_block","poldrack-single-stim","177","359917","0.0-5.0-163.0","go-nogo","true","0","","true","<div class = centerbox><div  id = stim1></div></div>","-1","32","750","","test","nogo","163","random","","",""
"","-1","-1","1156","0","test_block","poldrack-single-stim","178","361114","0.0-5.0-164.0","go-nogo","true","0","","true","<div class = centerbox><div  id = stim1></div></div>","-1","32","750","","test","nogo","164","random","","",""
"","385","32","1476","0","test_block","poldrack-single-stim","179","362632","0.0-5.0-165.0","go-nogo","true","0","","true","<div class = centerbox><div  id = stim2></div></div>","32","32","750","","test","go","165","random","","",""
"","338","32","1022","0","test_block","poldrack-single-stim","180","363701","0.0-5.0-166.0","go-nogo","true","0","","true","<div class = centerbox><div  id = stim2></div></div>","32","32","750","","test","go","166","random","","",""
"","-1","-1","1063","0","test_block","poldrack-single-stim","181","364810","0.0-5.0-167.0","go-nogo","true","0","","true","<div class = centerbox><div  id = stim1></div></div>","-1","32","750","","test","nogo","167","random","","",""
"","385","32","1039","0","test_block","poldrack-single-stim","182","365892","0.0-5.0-168.0","go-nogo","true","0","","true","<div class = centerbox><div  id = stim2></div></div>","32","32","750","","test","go","168","random","","",""
"","411","32","1385","0","test_block","poldrack-single-stim","183","367323","0.0-5.0-169.0","go-nogo","true","0","","true","<div class = centerbox><div  id = stim2></div></div>","32","32","750","","test","go","169","random","","",""
"","391","32","1192","0","test_block","poldrack-single-stim","184","368556","0.0-5.0-170.0","go-nogo","true","0","","true","<div class = centerbox><div  id = stim2></div></div>","32","32","750","","test","go","170","random","","",""
"","386","32","1114","0","test_block","poldrack-single-stim","185","369712","0.0-5.0-171.0","go-nogo","true","0","","true","<div class = centerbox><div  id = stim2></div></div>","32","32","750","","test","go","171","random","","",""
"","-1","-1","1299","0","test_block","poldrack-single-stim","186","371058","0.0-5.0-172.0","go-nogo","true","0","","true","<div class = centerbox><div  id = stim1></div></div>","-1","32","750","","test","nogo","172","random","","",""
"","347","32","1056","0","test_block","poldrack-single-stim","187","372160","0.0-5.0-173.0","go-nogo","true","0","","true","<div class = centerbox><div  id = stim2></div></div>","32","32","750","","test","go","173","random","","",""
"","428","32","1486","0","test_block","poldrack-single-stim","188","373689","0.0-5.0-174.0","go-nogo","true","0","","true","<div class = centerbox><div  id = stim2></div></div>","32","32","750","","test","go","174","random","","",""
"","310","32","1358","0","test_block","poldrack-single-stim","189","375093","0.0-5.0-175.0","go-nogo","true","0","","true","<div class = centerbox><div  id = stim2></div></div>","32","32","750","","test","go","175","random","","",""
"","362","32","1245","0","test_block","poldrack-single-stim","190","376389","0.0-5.0-176.0","go-nogo","true","0","","true","<div class = centerbox><div  id = stim2></div></div>","32","32","750","","test","go","176","random","","",""
"","340","32","1392","0","test_block","poldrack-single-stim","191","377820","0.0-5.0-177.0","go-nogo","true","0","","true","<div class = centerbox><div  id = stim2></div></div>","32","32","750","","test","go","177","random","","",""
"","461","32","1063","0","test_block","poldrack-single-stim","192","378923","0.0-5.0-178.0","go-nogo","true","0","","true","<div class = centerbox><div  id = stim2></div></div>","32","32","750","","test","go","178","random","","",""
"","450","32","1473","0","test_block","poldrack-single-stim","193","380446","0.0-5.0-179.0","go-nogo","true","0","","true","<div class = centerbox><div  id = stim2></div></div>","32","32","750","","test","go","179","random","","",""
"","362","32","1470","0","test_block","poldrack-single-stim","194","381959","0.0-5.0-180.0","go-nogo","true","0","","true","<div class = centerbox><div  id = stim2></div></div>","32","32","750","","test","go","180","random","","",""
"","331","32","1407","0","test_block","poldrack-single-stim","195","383409","0.0-5.0-181.0","go-nogo","true","0","","true","<div class = centerbox><div  id = stim2></div></div>","32","32","750","","test","go","181","random","","",""
"","419","32","1162","0","test_block","poldrack-single-stim","196","384613","0.0-5.0-182.0","go-nogo","true","0","","true","<div class = centerbox><div  id = stim2></div></div>","32","32","750","","test","go","182","random","","",""
"","582","32","1420","0","test_block","poldrack-single-stim","197","386081","0.0-5.0-183.0","go-nogo","true","0","","true","<div class = centerbox><div  id = stim2></div></div>","32","32","750","","test","go","183","random","","",""
"","415","32","1004","0","test_block","poldrack-single-stim","198","387142","0.0-5.0-184.0","go-nogo","true","0","","true","<div class = centerbox><div  id = stim2></div></div>","32","32","750","","test","go","184","random","","",""
"","499","32","1312","0","test_block","poldrack-single-stim","199","388498","0.0-5.0-185.0","go-nogo","true","0","","true","<div class = centerbox><div  id = stim2></div></div>","32","32","750","","test","go","185","random","","",""
"","-1","-1","1061","0","test_block","poldrack-single-stim","200","389608","0.0-5.0-186.0","go-nogo","true","0","","true","<div class = centerbox><div  id = stim1></div></div>","-1","32","750","","test","nogo","186","random","","",""
"","532","32","1147","0","test_block","poldrack-single-stim","201","390813","0.0-5.0-187.0","go-nogo","true","0","","true","<div class = centerbox><div  id = stim2></div></div>","32","32","750","","test","go","187","random","","",""
"","770","32","1422","0","test_block","poldrack-single-stim","202","392275","0.0-5.0-188.0","go-nogo","true","0","","true","<div class = centerbox><div  id = stim2></div></div>","32","32","750","","test","go","188","random","","",""
"","532","32","1013","0","test_block","poldrack-single-stim","203","393330","0.0-5.0-189.0","go-nogo","true","0","","true","<div class = centerbox><div  id = stim2></div></div>","32","32","750","","test","go","189","random","","",""
"","426","32","1063","0","test_block","poldrack-single-stim","204","394450","0.0-5.0-190.0","go-nogo","true","0","","true","<div class = centerbox><div  id = stim2></div></div>","32","32","750","","test","go","190","random","","",""
"","565","32","1248","0","test_block","poldrack-single-stim","205","395740","0.0-5.0-191.0","go-nogo","true","0","","true","<div class = centerbox><div  id = stim2></div></div>","32","32","750","","test","go","191","random","","",""
"","347","32","1253","0","test_block","poldrack-single-stim","206","397037","0.0-5.0-192.0","go-nogo","true","0","","true","<div class = centerbox><div  id = stim2></div></div>","32","32","750","","test","go","192","random","","",""
"","338","32","1149","0","test_block","poldrack-single-stim","207","398237","0.0-5.0-193.0","go-nogo","true","0","","true","<div class = centerbox><div  id = stim2></div></div>","32","32","750","","test","go","193","random","","",""
"","325","32","1288","0","test_block","poldrack-single-stim","208","399567","0.0-5.0-194.0","go-nogo","true","0","","true","<div class = centerbox><div  id = stim2></div></div>","32","32","750","","test","go","194","random","","",""
"","392","32","1242","0","test_block","poldrack-single-stim","209","400851","0.0-5.0-195.0","go-nogo","true","0","","true","<div class = centerbox><div  id = stim2></div></div>","32","32","750","","test","go","195","random","","",""
"","426","32","1327","0","test_block","poldrack-single-stim","210","402225","0.0-5.0-196.0","go-nogo","true","0","","true","<div class = centerbox><div  id = stim2></div></div>","32","32","750","","test","go","196","random","","",""
"","380","32","1444","0","test_block","poldrack-single-stim","211","403717","0.0-5.0-197.0","go-nogo","true","0","","true","<div class = centerbox><div  id = stim2></div></div>","32","32","750","","test","go","197","random","","",""
"","100","32","1158","0","test_block","poldrack-single-stim","212","404921","0.0-5.0-198.0","go-nogo","true","0","","true","<div class = centerbox><div  id = stim2></div></div>","32","32","750","","test","go","198","random","","",""
"","-1","-1","1040","0","test_block","poldrack-single-stim","213","406007","0.0-5.0-199.0","go-nogo","true","0","","true","<div class = centerbox><div  id = stim1></div></div>","-1","32","750","","test","nogo","199","random","","",""
"","500","32","1417","0","test_block","poldrack-single-stim","214","407468","0.0-5.0-200.0","go-nogo","true","0","","true","<div class = centerbox><div  id = stim2></div></div>","32","32","750","","test","go","200","random","","",""
"","382","32","1128","0","test_block","poldrack-single-stim","215","408641","0.0-5.0-201.0","go-nogo","true","0","","true","<div class = centerbox><div  id = stim2></div></div>","32","32","750","","test","go","201","random","","",""
"","512","32","1462","0","test_block","poldrack-single-stim","216","410149","0.0-5.0-202.0","go-nogo","true","0","","true","<div class = centerbox><div  id = stim2></div></div>","32","32","750","","test","go","202","random","","",""
"","476","32","1034","0","test_block","poldrack-single-stim","217","411228","0.0-5.0-203.0","go-nogo","true","0","","true","<div class = centerbox><div  id = stim2></div></div>","32","32","750","","test","go","203","random","","",""
"","571","32","1022","0","test_block","poldrack-single-stim","218","412295","0.0-5.0-204.0","go-nogo","true","0","","true","<div class = centerbox><div  id = stim2></div></div>","32","32","750","","test","go","204","random","","",""
"","540","32","1025","0","test_block","poldrack-single-stim","219","413364","0.0-5.0-205.0","go-nogo","true","0","","true","<div class = centerbox><div  id = stim2></div></div>","32","32","750","","test","go","205","random","","",""
"","456","32","1456","0","test_block","poldrack-single-stim","220","414861","0.0-5.0-206.0","go-nogo","true","0","","true","<div class = centerbox><div  id = stim2></div></div>","32","32","750","","test","go","206","random","","",""
"","330","32","1163","0","test_block","poldrack-single-stim","221","416070","0.0-5.0-207.0","go-nogo","true","0","","true","<div class = centerbox><div  id = stim2></div></div>","32","32","750","","test","go","207","random","","",""
"","453","32","1022","0","test_block","poldrack-single-stim","222","417134","0.0-5.0-208.0","go-nogo","true","0","","true","<div class = centerbox><div  id = stim2></div></div>","32","32","750","","test","go","208","random","","",""
"","524","32","1178","0","test_block","poldrack-single-stim","223","418358","0.0-5.0-209.0","go-nogo","true","0","","true","<div class = centerbox><div  id = stim2></div></div>","32","32","750","","test","go","209","random","","",""
"","432","32","1403","0","test_block","poldrack-single-stim","224","419803","0.0-5.0-210.0","go-nogo","true","0","","true","<div class = centerbox><div  id = stim2></div></div>","32","32","750","","test","go","210","random","","",""
"","353","32","1193","0","test_block","poldrack-single-stim","225","421039","0.0-5.0-211.0","go-nogo","true","0","","true","<div class = centerbox><div  id = stim2></div></div>","32","32","750","","test","go","211","random","","",""
"","456","32","1219","0","test_block","poldrack-single-stim","226","422302","0.0-5.0-212.0","go-nogo","true","0","","true","<div class = centerbox><div  id = stim2></div></div>","32","32","750","","test","go","212","random","","",""
"","420","32","1329","0","test_block","poldrack-single-stim","227","423680","0.0-5.0-213.0","go-nogo","true","0","","true","<div class = centerbox><div  id = stim2></div></div>","32","32","750","","test","go","213","random","","",""
"","352","32","1196","0","test_block","poldrack-single-stim","228","424917","0.0-5.0-214.0","go-nogo","true","0","","true","<div class = centerbox><div  id = stim2></div></div>","32","32","750","","test","go","214","random","","",""
"","356","32","1247","0","test_block","poldrack-single-stim","229","426217","0.0-5.0-215.0","go-nogo","true","0","","true","<div class = centerbox><div  id = stim2></div></div>","32","32","750","","test","go","215","random","","",""
"","396","32","1371","0","test_block","poldrack-single-stim","230","427635","0.0-5.0-216.0","go-nogo","true","0","","true","<div class = centerbox><div  id = stim2></div></div>","32","32","750","","test","go","216","random","","",""
"","342","32","1019","0","test_block","poldrack-single-stim","231","428698","0.0-5.0-217.0","go-nogo","true","0","","true","<div class = centerbox><div  id = stim2></div></div>","32","32","750","","test","go","217","random","","",""
"","458","32","1004","0","test_block","poldrack-single-stim","232","429743","0.0-5.0-218.0","go-nogo","true","0","","true","<div class = centerbox><div  id = stim2></div></div>","32","32","750","","test","go","218","random","","",""
"","418","32","1431","0","test_block","poldrack-single-stim","233","431223","0.0-5.0-219.0","go-nogo","true","0","","true","<div class = centerbox><div  id = stim2></div></div>","32","32","750","","test","go","219","random","","",""
"","342","32","1172","0","test_block","poldrack-single-stim","234","432445","0.0-5.0-220.0","go-nogo","true","0","","true","<div class = centerbox><div  id = stim2></div></div>","32","32","750","","test","go","220","random","","",""
"","387","32","1165","0","test_block","poldrack-single-stim","235","433652","0.0-5.0-221.0","go-nogo","true","0","","true","<div class = centerbox><div  id = stim2></div></div>","32","32","750","","test","go","221","random","","",""
"","412","32","1341","0","test_block","poldrack-single-stim","236","435038","0.0-5.0-222.0","go-nogo","true","0","","true","<div class = centerbox><div  id = stim2></div></div>","32","32","750","","test","go","222","random","","",""
"","328","32","1301","0","test_block","poldrack-single-stim","237","436383","0.0-5.0-223.0","go-nogo","true","0","","true","<div class = centerbox><div  id = stim2></div></div>","32","32","750","","test","go","223","random","","",""
"","337","32","1114","0","test_block","poldrack-single-stim","238","437541","0.0-5.0-224.0","go-nogo","true","0","","true","<div class = centerbox><div  id = stim2></div></div>","32","32","750","","test","go","224","random","","",""
"","312","32","1276","0","test_block","poldrack-single-stim","239","438870","0.0-5.0-225.0","go-nogo","true","0","","true","<div class = centerbox><div  id = stim2></div></div>","32","32","750","","test","go","225","random","","",""
"","347","32","1469","0","test_block","poldrack-single-stim","240","440381","0.0-5.0-226.0","go-nogo","true","0","","true","<div class = centerbox><div  id = stim2></div></div>","32","32","750","","test","go","226","random","","",""
"","337","32","1410","0","test_block","poldrack-single-stim","241","441840","0.0-5.0-227.0","go-nogo","true","0","","true","<div class = centerbox><div  id = stim2></div></div>","32","32","750","","test","go","227","random","","",""
"","310","32","1246","0","test_block","poldrack-single-stim","242","443138","0.0-5.0-228.0","go-nogo","true","0","","true","<div class = centerbox><div  id = stim2></div></div>","32","32","750","","test","go","228","random","","",""
"","337","32","1141","0","test_block","poldrack-single-stim","243","444324","0.0-5.0-229.0","go-nogo","true","0","","true","<div class = centerbox><div  id = stim2></div></div>","32","32","750","","test","go","229","random","","",""
"","330","32","1177","0","test_block","poldrack-single-stim","244","445547","0.0-5.0-230.0","go-nogo","true","0","","true","<div class = centerbox><div  id = stim2></div></div>","32","32","750","","test","go","230","random","","",""
"","318","32","1364","0","test_block","poldrack-single-stim","245","446951","0.0-5.0-231.0","go-nogo","true","0","","true","<div class = centerbox><div  id = stim2></div></div>","32","32","750","","test","go","231","random","","",""
"","322","32","1210","0","test_block","poldrack-single-stim","246","448204","0.0-5.0-232.0","go-nogo","true","0","","true","<div class = centerbox><div  id = stim2></div></div>","32","32","750","","test","go","232","random","","",""
"","339","32","1187","0","test_block","poldrack-single-stim","247","449432","0.0-5.0-233.0","go-nogo","true","0","","true","<div class = centerbox><div  id = stim2></div></div>","32","32","750","","test","go","233","random","","",""
"","327","32","1151","0","test_block","poldrack-single-stim","248","450629","0.0-5.0-234.0","go-nogo","true","0","","true","<div class = centerbox><div  id = stim2></div></div>","32","32","750","","test","go","234","random","","",""
"","355","32","1270","0","test_block","poldrack-single-stim","249","451941","0.0-5.0-235.0","go-nogo","true","0","","true","<div class = centerbox><div  id = stim2></div></div>","32","32","750","","test","go","235","random","","",""
"","-1","-1","1308","0","test_block","poldrack-single-stim","250","453295","0.0-5.0-236.0","go-nogo","true","0","","true","<div class = centerbox><div  id = stim1></div></div>","-1","32","750","","test","nogo","236","random","","",""
"","497","32","1279","0","test_block","poldrack-single-stim","251","454616","0.0-5.0-237.0","go-nogo","true","0","","true","<div class = centerbox><div  id = stim2></div></div>","32","32","750","","test","go","237","random","","",""
"","-1","-1","1499","0","test_block","poldrack-single-stim","252","456158","0.0-5.0-238.0","go-nogo","true","0","","true","<div class = centerbox><div  id = stim1></div></div>","-1","32","750","","test","nogo","238","random","","",""
"","346","32","1082","0","test_block","poldrack-single-stim","253","457276","0.0-5.0-239.0","go-nogo","true","0","","true","<div class = centerbox><div  id = stim2></div></div>","32","32","750","","test","go","239","random","","",""
"","401","32","1303","0","test_block","poldrack-single-stim","254","458622","0.0-5.0-240.0","go-nogo","true","0","","true","<div class = centerbox><div  id = stim2></div></div>","32","32","750","","test","go","240","random","","",""
"","340","32","1040","0","test_block","poldrack-single-stim","255","459710","0.0-5.0-241.0","go-nogo","true","0","","true","<div class = centerbox><div  id = stim2></div></div>","32","32","750","","test","go","241","random","","",""
"","490","32","1220","0","test_block","poldrack-single-stim","256","460973","0.0-5.0-242.0","go-nogo","true","0","","true","<div class = centerbox><div  id = stim2></div></div>","32","32","750","","test","go","242","random","","",""
"","379","32","1363","0","test_block","poldrack-single-stim","257","462393","0.0-5.0-243.0","go-nogo","true","0","","true","<div class = centerbox><div  id = stim2></div></div>","32","32","750","","test","go","243","random","","",""
"","338","32","1399","0","test_block","poldrack-single-stim","258","463840","0.0-5.0-244.0","go-nogo","true","0","","true","<div class = centerbox><div  id = stim2></div></div>","32","32","750","","test","go","244","random","","",""
"","341","32","1174","0","test_block","poldrack-single-stim","259","465054","0.0-5.0-245.0","go-nogo","true","0","","true","<div class = centerbox><div  id = stim2></div></div>","32","32","750","","test","go","245","random","","",""
"","381","32","1185","0","test_block","poldrack-single-stim","260","466290","0.0-5.0-246.0","go-nogo","true","0","","true","<div class = centerbox><div  id = stim2></div></div>","32","32","750","","test","go","246","random","","",""
"","414","32","1152","0","test_block","poldrack-single-stim","261","467486","0.0-5.0-247.0","go-nogo","true","0","","true","<div class = centerbox><div  id = stim2></div></div>","32","32","750","","test","go","247","random","","",""
"","347","32","1156","0","test_block","poldrack-single-stim","262","468688","0.0-5.0-248.0","go-nogo","true","0","","true","<div class = centerbox><div  id = stim2></div></div>","32","32","750","","test","go","248","random","","",""
"","371","32","1082","0","test_block","poldrack-single-stim","263","469817","0.0-5.0-249.0","go-nogo","true","0","","true","<div class = centerbox><div  id = stim2></div></div>","32","32","750","","test","go","249","random","","",""
"","339","32","1450","0","test_block","poldrack-single-stim","264","471310","0.0-5.0-250.0","go-nogo","true","0","","true","<div class = centerbox><div  id = stim2></div></div>","32","32","750","","test","go","250","random","","",""
"","440","32","1313","0","test_block","poldrack-single-stim","265","472662","0.0-5.0-251.0","go-nogo","true","0","","true","<div class = centerbox><div  id = stim2></div></div>","32","32","750","","test","go","251","random","","",""
"","340","32","1223","0","test_block","poldrack-single-stim","266","473932","0.0-5.0-252.0","go-nogo","true","0","","true","<div class = centerbox><div  id = stim2></div></div>","32","32","750","","test","go","252","random","","",""
"","-1","-1","1249","0","test_block","poldrack-single-stim","267","475228","0.0-5.0-253.0","go-nogo","true","0","","true","<div class = centerbox><div  id = stim1></div></div>","-1","32","750","","test","nogo","253","random","","",""
"","363","32","1473","0","test_block","poldrack-single-stim","268","476746","0.0-5.0-254.0","go-nogo","true","0","","true","<div class = centerbox><div  id = stim2></div></div>","32","32","750","","test","go","254","random","","",""
"","373","32","1227","0","test_block","poldrack-single-stim","269","478018","0.0-5.0-255.0","go-nogo","true","0","","true","<div class = centerbox><div  id = stim2></div></div>","32","32","750","","test","go","255","random","","",""
"","527","32","1243","0","test_block","poldrack-single-stim","270","479306","0.0-5.0-256.0","go-nogo","true","0","","true","<div class = centerbox><div  id = stim2></div></div>","32","32","750","","test","go","256","random","","",""
"","388","32","1048","0","test_block","poldrack-single-stim","271","480404","0.0-5.0-257.0","go-nogo","true","0","","true","<div class = centerbox><div  id = stim2></div></div>","32","32","750","","test","go","257","random","","",""
"","-1","-1","1107","0","test_block","poldrack-single-stim","272","481556","0.0-5.0-258.0","go-nogo","true","0","","true","<div class = centerbox><div  id = stim1></div></div>","-1","32","750","","test","nogo","258","random","","",""
"","437","32","1191","0","test_block","poldrack-single-stim","273","482798","0.0-5.0-259.0","go-nogo","true","0","","true","<div class = centerbox><div  id = stim2></div></div>","32","32","750","","test","go","259","random","","",""
"","489","32","1370","0","test_block","poldrack-single-stim","274","484213","0.0-5.0-260.0","go-nogo","true","0","","true","<div class = centerbox><div  id = stim2></div></div>","32","32","750","","test","go","260","random","","",""
"","434","32","1152","0","test_block","poldrack-single-stim","275","485406","0.0-5.0-261.0","go-nogo","true","0","","true","<div class = centerbox><div  id = stim2></div></div>","32","32","750","","test","go","261","random","","",""
"","537","32","1208","0","test_block","poldrack-single-stim","276","486654","0.0-5.0-262.0","go-nogo","true","0","","true","<div class = centerbox><div  id = stim2></div></div>","32","32","750","","test","go","262","random","","",""
"","-1","-1","1452","0","test_block","poldrack-single-stim","277","488153","0.0-5.0-263.0","go-nogo","true","0","","true","<div class = centerbox><div  id = stim1></div></div>","-1","32","750","","test","nogo","263","random","","",""
"","385","32","1185","0","test_block","poldrack-single-stim","278","489386","0.0-5.0-264.0","go-nogo","true","0","","true","<div class = centerbox><div  id = stim2></div></div>","32","32","750","","test","go","264","random","","",""
"","-1","-1","1087","0","test_block","poldrack-single-stim","279","490519","0.0-5.0-265.0","go-nogo","true","0","","true","<div class = centerbox><div  id = stim1></div></div>","-1","32","750","","test","nogo","265","random","","",""
"","385","32","1157","0","test_block","poldrack-single-stim","280","491717","0.0-5.0-266.0","go-nogo","true","0","","true","<div class = centerbox><div  id = stim2></div></div>","32","32","750","","test","go","266","random","","",""
"","446","32","1071","0","test_block","poldrack-single-stim","281","492832","0.0-5.0-267.0","go-nogo","true","0","","true","<div class = centerbox><div  id = stim2></div></div>","32","32","750","","test","go","267","random","","",""
"","457","32","1361","0","test_block","poldrack-single-stim","282","494241","0.0-5.0-268.0","go-nogo","true","0","","true","<div class = centerbox><div  id = stim2></div></div>","32","32","750","","test","go","268","random","","",""
"","414","32","1219","0","test_block","poldrack-single-stim","283","495499","0.0-5.0-269.0","go-nogo","true","0","","true","<div class = centerbox><div  id = stim2></div></div>","32","32","750","","test","go","269","random","","",""
"","343","32","1274","0","test_block","poldrack-single-stim","284","496817","0.0-5.0-270.0","go-nogo","true","0","","true","<div class = centerbox><div  id = stim2></div></div>","32","32","750","","test","go","270","random","","",""
"","349","32","1440","0","test_block","poldrack-single-stim","285","498297","0.0-5.0-271.0","go-nogo","true","0","","true","<div class = centerbox><div  id = stim2></div></div>","32","32","750","","test","go","271","random","","",""
"","325","32","1231","0","test_block","poldrack-single-stim","286","499574","0.0-5.0-272.0","go-nogo","true","0","","true","<div class = centerbox><div  id = stim2></div></div>","32","32","750","","test","go","272","random","","",""
"","387","32","1162","0","test_block","poldrack-single-stim","287","500781","0.0-5.0-273.0","go-nogo","true","0","","true","<div class = centerbox><div  id = stim2></div></div>","32","32","750","","test","go","273","random","","",""
"","407","32","1306","0","test_block","poldrack-single-stim","288","502131","0.0-5.0-274.0","go-nogo","true","0","","true","<div class = centerbox><div  id = stim2></div></div>","32","32","750","","test","go","274","random","","",""
"","335","32","1304","0","test_block","poldrack-single-stim","289","503476","0.0-5.0-275.0","go-nogo","true","0","","true","<div class = centerbox><div  id = stim2></div></div>","32","32","750","","test","go","275","random","","",""
"","338","32","1499","0","test_block","poldrack-single-stim","290","505027","0.0-5.0-276.0","go-nogo","true","0","","true","<div class = centerbox><div  id = stim2></div></div>","32","32","750","","test","go","276","random","","",""
"","-1","-1","1245","0","test_block","poldrack-single-stim","291","506323","0.0-5.0-277.0","go-nogo","true","0","","true","<div class = centerbox><div  id = stim1></div></div>","-1","32","750","","test","nogo","277","random","","",""
"","413","32","1400","0","test_block","poldrack-single-stim","292","507766","0.0-5.0-278.0","go-nogo","true","0","","true","<div class = centerbox><div  id = stim2></div></div>","32","32","750","","test","go","278","random","","",""
"","520","32","1487","0","test_block","poldrack-single-stim","293","509306","0.0-5.0-279.0","go-nogo","true","0","","true","<div class = centerbox><div  id = stim2></div></div>","32","32","750","","test","go","279","random","","",""
"","406","32","1326","0","test_block","poldrack-single-stim","294","510677","0.0-5.0-280.0","go-nogo","true","0","","true","<div class = centerbox><div  id = stim2></div></div>","32","32","750","","test","go","280","random","","",""
"","389","32","1298","0","test_block","poldrack-single-stim","295","512022","0.0-5.0-281.0","go-nogo","true","0","","true","<div class = centerbox><div  id = stim2></div></div>","32","32","750","","test","go","281","random","","",""
"","378","32","1381","0","test_block","poldrack-single-stim","296","513459","0.0-5.0-282.0","go-nogo","true","0","","true","<div class = centerbox><div  id = stim2></div></div>","32","32","750","","test","go","282","random","","",""
"","364","32","1040","0","test_block","poldrack-single-stim","297","514544","0.0-5.0-283.0","go-nogo","true","0","","true","<div class = centerbox><div  id = stim2></div></div>","32","32","750","","test","go","283","random","","",""
"","360","32","1328","0","test_block","poldrack-single-stim","298","515920","0.0-5.0-284.0","go-nogo","true","0","","true","<div class = centerbox><div  id = stim2></div></div>","32","32","750","","test","go","284","random","","",""
"","353","32","1334","0","test_block","poldrack-single-stim","299","517296","0.0-5.0-285.0","go-nogo","true","0","","true","<div class = centerbox><div  id = stim2></div></div>","32","32","750","","test","go","285","random","","",""
"","321","32","1308","0","test_block","poldrack-single-stim","300","518655","0.0-5.0-286.0","go-nogo","true","0","","true","<div class = centerbox><div  id = stim2></div></div>","32","32","750","","test","go","286","random","","",""
"","253","32","1153","0","test_block","poldrack-single-stim","301","519857","0.0-5.0-287.0","go-nogo","true","0","","true","<div class = centerbox><div  id = stim2></div></div>","32","32","750","","test","go","287","random","","",""
"","327","32","1100","0","test_block","poldrack-single-stim","302","521007","0.0-5.0-288.0","go-nogo","true","0","","true","<div class = centerbox><div  id = stim2></div></div>","32","32","750","","test","go","288","random","","",""
"","407","32","1277","0","test_block","poldrack-single-stim","303","522329","0.0-5.0-289.0","go-nogo","true","0","","true","<div class = centerbox><div  id = stim2></div></div>","32","32","750","","test","go","289","random","","",""
"","503","32","1367","0","test_block","poldrack-single-stim","304","523743","0.0-5.0-290.0","go-nogo","true","0","","true","<div class = centerbox><div  id = stim2></div></div>","32","32","750","","test","go","290","random","","",""
"","555","32","1414","0","test_block","poldrack-single-stim","305","525198","0.0-5.0-291.0","go-nogo","true","0","","true","<div class = centerbox><div  id = stim2></div></div>","32","32","750","","test","go","291","random","","",""
"","374","32","1142","0","test_block","poldrack-single-stim","306","526384","0.0-5.0-292.0","go-nogo","true","0","","true","<div class = centerbox><div  id = stim2></div></div>","32","32","750","","test","go","292","random","","",""
"","-1","-1","1104","0","test_block","poldrack-single-stim","307","527529","0.0-5.0-293.0","go-nogo","true","0","","true","<div class = centerbox><div  id = stim1></div></div>","-1","32","750","","test","nogo","293","random","","",""
"","373","32","1277","0","test_block","poldrack-single-stim","308","528854","0.0-5.0-294.0","go-nogo","true","0","","true","<div class = centerbox><div  id = stim2></div></div>","32","32","750","","test","go","294","random","","",""
"","359","32","1133","0","test_block","poldrack-single-stim","309","530033","0.0-5.0-295.0","go-nogo","true","0","","true","<div class = centerbox><div  id = stim2></div></div>","32","32","750","","test","go","295","random","","",""
"","439","32","1460","0","test_block","poldrack-single-stim","310","531534","0.0-5.0-296.0","go-nogo","true","0","","true","<div class = centerbox><div  id = stim2></div></div>","32","32","750","","test","go","296","random","","",""
"","403","32","1065","0","test_block","poldrack-single-stim","311","532659","0.0-5.0-297.0","go-nogo","true","0","","true","<div class = centerbox><div  id = stim2></div></div>","32","32","750","","test","go","297","random","","",""
"","492","32","1052","0","test_block","poldrack-single-stim","312","533757","0.0-5.0-298.0","go-nogo","true","0","","true","<div class = centerbox><div  id = stim2></div></div>","32","32","750","","test","go","298","random","","",""
"","376","32","1016","0","test_block","poldrack-single-stim","313","534820","0.0-5.0-299.0","go-nogo","true","0","","true","<div class = centerbox><div  id = stim2></div></div>","32","32","750","","test","go","299","random","","",""
"","428","32","1465","0","test_block","poldrack-single-stim","314","536324","0.0-5.0-300.0","go-nogo","true","0","","true","<div class = centerbox><div  id = stim2></div></div>","32","32","750","","test","go","300","random","","",""
"","389","32","1192","0","test_block","poldrack-single-stim","315","537559","0.0-5.0-301.0","go-nogo","true","0","","true","<div class = centerbox><div  id = stim2></div></div>","32","32","750","","test","go","301","random","","",""
"","447","32","1096","0","test_block","poldrack-single-stim","316","538698","0.0-5.0-302.0","go-nogo","true","0","","true","<div class = centerbox><div  id = stim2></div></div>","32","32","750","","test","go","302","random","","",""
"","391","32","1069","0","test_block","poldrack-single-stim","317","539812","0.0-5.0-303.0","go-nogo","true","0","","true","<div class = centerbox><div  id = stim2></div></div>","32","32","750","","test","go","303","random","","",""
"","-1","-1","1140","0","test_block","poldrack-single-stim","318","540996","0.0-5.0-304.0","go-nogo","true","0","","true","<div class = centerbox><div  id = stim1></div></div>","-1","32","750","","test","nogo","304","random","","",""
"","415","32","1302","0","test_block","poldrack-single-stim","319","542339","0.0-5.0-305.0","go-nogo","true","0","","true","<div class = centerbox><div  id = stim2></div></div>","32","32","750","","test","go","305","random","","",""
"","436","32","1008","0","test_block","poldrack-single-stim","320","543386","0.0-5.0-306.0","go-nogo","true","0","","true","<div class = centerbox><div  id = stim2></div></div>","32","32","750","","test","go","306","random","","",""
"","483","32","1307","0","test_block","poldrack-single-stim","321","544737","0.0-5.0-307.0","go-nogo","true","0","","true","<div class = centerbox><div  id = stim2></div></div>","32","32","750","","test","go","307","random","","",""
"","459","32","1337","0","test_block","poldrack-single-stim","322","546115","0.0-5.0-308.0","go-nogo","true","0","","true","<div class = centerbox><div  id = stim2></div></div>","32","32","750","","test","go","308","random","","",""
"","482","32","1027","0","test_block","poldrack-single-stim","323","547187","0.0-5.0-309.0","go-nogo","true","0","","true","<div class = centerbox><div  id = stim2></div></div>","32","32","750","","test","go","309","random","","",""
"","525","32","1172","0","test_block","poldrack-single-stim","324","548400","0.0-5.0-310.0","go-nogo","true","0","","true","<div class = centerbox><div  id = stim2></div></div>","32","32","750","","test","go","310","random","","",""
"","744","32","1401","0","test_block","poldrack-single-stim","325","549837","0.0-5.0-311.0","go-nogo","true","0","","true","<div class = centerbox><div  id = stim2></div></div>","32","32","750","","test","go","311","random","","",""
"","-1","-1","1448","0","test_block","poldrack-single-stim","326","551327","0.0-5.0-312.0","go-nogo","true","0","","true","<div class = centerbox><div  id = stim1></div></div>","-1","32","750","","test","nogo","312","random","","",""
"","400","32","1312","0","test_block","poldrack-single-stim","327","552678","0.0-5.0-313.0","go-nogo","true","0","","true","<div class = centerbox><div  id = stim2></div></div>","32","32","750","","test","go","313","random","","",""
"","344","32","1006","0","test_block","poldrack-single-stim","328","553724","0.0-5.0-314.0","go-nogo","true","0","","true","<div class = centerbox><div  id = stim2></div></div>","32","32","750","","test","go","314","random","","",""
"","403","32","1298","0","test_block","poldrack-single-stim","329","555064","0.0-5.0-315.0","go-nogo","true","0","","true","<div class = centerbox><div  id = stim2></div></div>","32","32","750","","test","go","315","random","","",""
"","-1","-1","1104","0","test_block","poldrack-single-stim","330","556210","0.0-5.0-316.0","go-nogo","true","0","","true","<div class = centerbox><div  id = stim1></div></div>","-1","32","750","","test","nogo","316","random","","",""
"","342","32","1222","0","test_block","poldrack-single-stim","331","557482","0.0-5.0-317.0","go-nogo","true","0","","true","<div class = centerbox><div  id = stim2></div></div>","32","32","750","","test","go","317","random","","",""
"","468","32","1244","0","test_block","poldrack-single-stim","332","558768","0.0-5.0-318.0","go-nogo","true","0","","true","<div class = centerbox><div  id = stim2></div></div>","32","32","750","","test","go","318","random","","",""
"","434","32","1365","0","test_block","poldrack-single-stim","333","560180","0.0-5.0-319.0","go-nogo","true","0","","true","<div class = centerbox><div  id = stim2></div></div>","32","32","750","","test","go","319","random","","",""
"","507","32","1021","0","test_block","poldrack-single-stim","334","561248","0.0-5.0-320.0","go-nogo","true","0","","true","<div class = centerbox><div  id = stim2></div></div>","32","32","750","","test","go","320","random","","",""
"","557","32","1007","0","test_block","poldrack-single-stim","335","562296","0.0-5.0-321.0","go-nogo","true","0","","true","<div class = centerbox><div  id = stim2></div></div>","32","32","750","","test","go","321","random","","",""
"","760","32","1369","0","test_block","poldrack-single-stim","336","563707","0.0-5.0-322.0","go-nogo","true","0","","true","<div class = centerbox><div  id = stim2></div></div>","32","32","750","","test","go","322","random","","",""
"","550","32","1304","0","test_block","poldrack-single-stim","337","565050","0.0-5.0-323.0","go-nogo","true","0","","true","<div class = centerbox><div  id = stim2></div></div>","32","32","750","","test","go","323","random","","",""
"","-1","-1","1000","0","test_block","poldrack-single-stim","338","566092","0.0-5.0-324.0","go-nogo","true","0","","true","<div class = centerbox><div  id = stim1></div></div>","-1","32","750","","test","nogo","324","random","","",""
"","727","32","1149","0","test_block","poldrack-single-stim","339","567286","0.0-5.0-325.0","go-nogo","true","0","","true","<div class = centerbox><div  id = stim2></div></div>","32","32","750","","test","go","325","random","","",""
"","-1","-1","1182","0","test_block","poldrack-single-stim","340","568510","0.0-5.0-326.0","go-nogo","true","0","","true","<div class = centerbox><div  id = stim1></div></div>","-1","32","750","","test","nogo","326","random","","",""
"","331","32","1138","0","test_block","poldrack-single-stim","341","569692","0.0-5.0-327.0","go-nogo","true","0","","true","<div class = centerbox><div  id = stim2></div></div>","32","32","750","","test","go","327","random","","",""
"","-1","-1","1249","0","test_block","poldrack-single-stim","342","570985","0.0-5.0-328.0","go-nogo","true","0","","true","<div class = centerbox><div  id = stim1></div></div>","-1","32","750","","test","nogo","328","random","","",""
"","371","32","1378","0","test_block","poldrack-single-stim","343","572418","0.0-5.0-329.0","go-nogo","true","0","","true","<div class = centerbox><div  id = stim2></div></div>","32","32","750","","test","go","329","random","","",""
"","448","32","1069","0","test_block","poldrack-single-stim","344","573528","0.0-5.0-330.0","go-nogo","true","0","","true","<div class = centerbox><div  id = stim2></div></div>","32","32","750","","test","go","330","random","","",""
"","397","32","1385","0","test_block","poldrack-single-stim","345","574953","0.0-5.0-331.0","go-nogo","true","0","","true","<div class = centerbox><div  id = stim2></div></div>","32","32","750","","test","go","331","random","","",""
"","445","32","1007","0","test_block","poldrack-single-stim","346","576003","0.0-5.0-332.0","go-nogo","true","0","","true","<div class = centerbox><div  id = stim2></div></div>","32","32","750","","test","go","332","random","","",""
"","424","32","1171","0","test_block","poldrack-single-stim","347","577224","0.0-5.0-333.0","go-nogo","true","0","","true","<div class = centerbox><div  id = stim2></div></div>","32","32","750","","test","go","333","random","","",""
"","359","32","1185","0","test_block","poldrack-single-stim","348","578450","0.0-5.0-334.0","go-nogo","true","0","","true","<div class = centerbox><div  id = stim2></div></div>","32","32","750","","test","go","334","random","","",""
"","365","32","1207","0","test_block","poldrack-single-stim","349","579697","0.0-5.0-335.0","go-nogo","true","0","","true","<div class = centerbox><div  id = stim2></div></div>","32","32","750","","test","go","335","random","","",""
"","321","32","1380","0","test_block","poldrack-single-stim","350","581119","0.0-5.0-336.0","go-nogo","true","0","","true","<div class = centerbox><div  id = stim2></div></div>","32","32","750","","test","go","336","random","","",""
"","324","32","1319","0","test_block","poldrack-single-stim","351","582477","0.0-5.0-337.0","go-nogo","true","0","","true","<div class = centerbox><div  id = stim2></div></div>","32","32","750","","test","go","337","random","","",""
"","330","32","1189","0","test_block","poldrack-single-stim","352","583723","0.0-5.0-338.0","go-nogo","true","0","","true","<div class = centerbox><div  id = stim2></div></div>","32","32","750","","test","go","338","random","","",""
"","305","32","1481","0","test_block","poldrack-single-stim","353","585250","0.0-5.0-339.0","go-nogo","true","0","","true","<div class = centerbox><div  id = stim2></div></div>","32","32","750","","test","go","339","random","","",""
"","308","32","1236","0","test_block","poldrack-single-stim","354","586529","0.0-5.0-340.0","go-nogo","true","0","","true","<div class = centerbox><div  id = stim2></div></div>","32","32","750","","test","go","340","random","","",""
"","675","32","1390","0","test_block","poldrack-single-stim","355","587967","0.0-5.0-341.0","go-nogo","true","0","","true","<div class = centerbox><div  id = stim2></div></div>","32","32","750","","test","go","341","random","","",""
"","686","32","1149","0","test_block","poldrack-single-stim","356","589168","0.0-5.0-342.0","go-nogo","true","0","","true","<div class = centerbox><div  id = stim2></div></div>","32","32","750","","test","go","342","random","","",""
"","515","32","1424","0","test_block","poldrack-single-stim","357","590636","0.0-5.0-343.0","go-nogo","true","0","","true","<div class = centerbox><div  id = stim2></div></div>","32","32","750","","test","go","343","random","","",""
"","318","32","1130","0","test_block","poldrack-single-stim","358","591807","0.0-5.0-344.0","go-nogo","true","0","","true","<div class = centerbox><div  id = stim2></div></div>","32","32","750","","test","go","344","random","","",""
"","328","32","1469","0","test_block","poldrack-single-stim","359","593320","0.0-5.0-345.0","go-nogo","true","0","","true","<div class = centerbox><div  id = stim2></div></div>","32","32","750","","test","go","345","random","","",""
"","295","32","1077","0","test_block","poldrack-single-stim","360","594436","0.0-5.0-346.0","go-nogo","true","0","","true","<div class = centerbox><div  id = stim2></div></div>","32","32","750","","test","go","346","random","","",""
"","490","32","1280","0","test_block","poldrack-single-stim","361","595763","0.0-5.0-347.0","go-nogo","true","0","","true","<div class = centerbox><div  id = stim2></div></div>","32","32","750","","test","go","347","random","","",""
"","322","32","1004","0","test_block","poldrack-single-stim","362","596811","0.0-5.0-348.0","go-nogo","true","0","","true","<div class = centerbox><div  id = stim2></div></div>","32","32","750","","test","go","348","random","","",""
"","457","32","1078","0","test_block","poldrack-single-stim","363","597928","0.0-5.0-349.0","go-nogo","true","0","","true","<div class = centerbox><div  id = stim2></div></div>","32","32","750","","test","go","349","random","","",""
"","71610","","","","post task questions","survey-text","364","669584","0.0-7.0","go-nogo","true","2","","","","","","","","","","","","{""Q0"":""The experiment was based on using the space bar when the blue box appeared, but not using it when the yellow box appeared"",""Q1"":""""}","",""
