"text","rt","key_press","block_duration","timing_post_trial","trial_id","trial_type","trial_index","time_elapsed","internal_node_id","exp_id","full_screen","focus_shifts","view_history","correct","stimulus","correct_response","possible_responses","stim_duration","feedback_duration","exp_stage","condition","trial_num","mode","responses","payment_id","credit_var"
"<div class = centerbox><p class = center-block-text>Welcome to the experiment. This task will take around 10 minutes. Press <strong>enter</strong> to begin.</p></div>","6295","13","6295","0","instruction","poldrack-text","0","6298","0.0-0.0-0.0","go-nogo","true","0","","","","","","","","","","","","","",""
"","6752","","","","instruction","poldrack-instructions","1","13051","0.0-0.0-1.0","go-nogo","true","0","[{""page_index"":0,""viewing_time"":6750}]","","","","","","","","","","","","",""
"","-1","-1","1241","250","practice","poldrack-categorize","2","16304","0.0-1.0-0.0","go-nogo","true","0","","true","<div class = centerbox><div id = stim2></div></div>","-1","32","750","1000","practice","nogo","0","random","","",""
"","-1","-1","1071","250","practice","poldrack-categorize","3","18631","0.0-1.0-1.0","go-nogo","true","0","","true","<div class = centerbox><div id = stim2></div></div>","-1","32","750","1000","practice","nogo","1","random","","",""
"","-1","-1","1312","250","practice","poldrack-categorize","4","21199","0.0-1.0-2.0","go-nogo","true","0","","true","<div class = centerbox><div id = stim2></div></div>","-1","32","750","1000","practice","nogo","2","random","","",""
"","-1","-1","1038","250","practice","poldrack-categorize","5","23493","0.0-1.0-3.0","go-nogo","true","0","","true","<div class = centerbox><div id = stim2></div></div>","-1","32","750","1000","practice","nogo","3","random","","",""
"","313","32","1190","250","practice","poldrack-categorize","6","25938","0.0-1.0-4.0","go-nogo","true","0","","true","<div class = centerbox><div  id = stim1></div></div>","32","32","750","1000","practice","go","4","random","","",""
"","331","32","1096","250","practice","poldrack-categorize","7","28290","0.0-1.0-5.0","go-nogo","true","0","","true","<div class = centerbox><div  id = stim1></div></div>","32","32","750","1000","practice","go","5","random","","",""
"","348","32","1343","250","practice","poldrack-categorize","8","30886","0.0-1.0-6.0","go-nogo","true","0","","true","<div class = centerbox><div  id = stim1></div></div>","32","32","750","1000","practice","go","6","random","","",""
"","319","32","1408","250","practice","poldrack-categorize","9","33548","0.0-1.0-7.0","go-nogo","true","0","","true","<div class = centerbox><div  id = stim1></div></div>","32","32","750","1000","practice","go","7","random","","",""
"","362","32","1155","250","practice","poldrack-categorize","10","35956","0.0-1.0-8.0","go-nogo","true","0","","false","<div class = centerbox><div id = stim2></div></div>","-1","32","750","1000","practice","nogo","8","random","","",""
"","329","32","1330","250","practice","poldrack-categorize","11","38540","0.0-1.0-9.0","go-nogo","true","0","","true","<div class = centerbox><div  id = stim1></div></div>","32","32","750","1000","practice","go","9","random","","",""
"","","","","","reset_trial","call-function","12","38791","0.0-3.0","go-nogo","true","0","","","","","","","","","","","","","",""
"<div class = centerbox><p class = block-text>Practice is over, we will now begin the experiment. You will no longer get feedback about your responses.</p><p class = block-text>Remember, if you see the <font color=""orange"">orange</font> square you should <strong> respond by pressing the spacebar as quickly as possible</strong>. If you see the <font color=""blue"">blue</font> square you should <strong> not respond</strong>. Press <strong>enter</strong> to begin.</p></div>","6392","13","6392","1000","test_intro","poldrack-text","13","45185","0.0-4.0","go-nogo","true","0","","","","","","","","","","","","","",""
"","421","32","1456","0","test_block","poldrack-single-stim","14","47645","0.0-5.0-0.0","go-nogo","true","0","","true","<div class = centerbox><div  id = stim1></div></div>","32","32","750","","test","go","0","random","","",""
"","437","32","1056","0","test_block","poldrack-single-stim","15","48805","0.0-5.0-1.0","go-nogo","true","0","","true","<div class = centerbox><div  id = stim1></div></div>","32","32","750","","test","go","1","random","","",""
"","405","32","1039","0","test_block","poldrack-single-stim","16","49908","0.0-5.0-2.0","go-nogo","true","0","","true","<div class = centerbox><div  id = stim1></div></div>","32","32","750","","test","go","2","random","","",""
"","374","32","1045","0","test_block","poldrack-single-stim","17","51009","0.0-5.0-3.0","go-nogo","true","0","","true","<div class = centerbox><div  id = stim1></div></div>","32","32","750","","test","go","3","random","","",""
"","-1","-1","1416","0","test_block","poldrack-single-stim","18","52485","0.0-5.0-4.0","go-nogo","true","0","","true","<div class = centerbox><div  id = stim2></div></div>","-1","32","750","","test","nogo","4","random","","",""
"","-1","-1","1293","0","test_block","poldrack-single-stim","19","53840","0.0-5.0-5.0","go-nogo","true","0","","true","<div class = centerbox><div  id = stim2></div></div>","-1","32","750","","test","nogo","5","random","","",""
"","414","32","1146","0","test_block","poldrack-single-stim","20","55047","0.0-5.0-6.0","go-nogo","true","0","","true","<div class = centerbox><div  id = stim1></div></div>","32","32","750","","test","go","6","random","","",""
"","436","32","1018","0","test_block","poldrack-single-stim","21","56128","0.0-5.0-7.0","go-nogo","true","0","","true","<div class = centerbox><div  id = stim1></div></div>","32","32","750","","test","go","7","random","","",""
"","400","32","1317","0","test_block","poldrack-single-stim","22","57503","0.0-5.0-8.0","go-nogo","true","0","","true","<div class = centerbox><div  id = stim1></div></div>","32","32","750","","test","go","8","random","","",""
"","392","32","1444","0","test_block","poldrack-single-stim","23","59007","0.0-5.0-9.0","go-nogo","true","0","","true","<div class = centerbox><div  id = stim1></div></div>","32","32","750","","test","go","9","random","","",""
"","401","32","1486","0","test_block","poldrack-single-stim","24","60568","0.0-5.0-10.0","go-nogo","true","0","","true","<div class = centerbox><div  id = stim1></div></div>","32","32","750","","test","go","10","random","","",""
"","372","32","1445","0","test_block","poldrack-single-stim","25","62067","0.0-5.0-11.0","go-nogo","true","0","","true","<div class = centerbox><div  id = stim1></div></div>","32","32","750","","test","go","11","random","","",""
"","323","32","1430","0","test_block","poldrack-single-stim","26","63573","0.0-5.0-12.0","go-nogo","true","0","","true","<div class = centerbox><div  id = stim1></div></div>","32","32","750","","test","go","12","random","","",""
"","323","32","1213","0","test_block","poldrack-single-stim","27","64836","0.0-5.0-13.0","go-nogo","true","0","","true","<div class = centerbox><div  id = stim1></div></div>","32","32","750","","test","go","13","random","","",""
"","332","32","1196","0","test_block","poldrack-single-stim","28","66105","0.0-5.0-14.0","go-nogo","true","0","","true","<div class = centerbox><div  id = stim1></div></div>","32","32","750","","test","go","14","random","","",""
"","350","32","1097","0","test_block","poldrack-single-stim","29","67262","0.0-5.0-15.0","go-nogo","true","0","","true","<div class = centerbox><div  id = stim1></div></div>","32","32","750","","test","go","15","random","","",""
"","370","32","1153","0","test_block","poldrack-single-stim","30","68471","0.0-5.0-16.0","go-nogo","true","0","","true","<div class = centerbox><div  id = stim1></div></div>","32","32","750","","test","go","16","random","","",""
"","477","32","1362","0","test_block","poldrack-single-stim","31","69903","0.0-5.0-17.0","go-nogo","true","0","","true","<div class = centerbox><div  id = stim1></div></div>","32","32","750","","test","go","17","random","","",""
"","313","32","1292","0","test_block","poldrack-single-stim","32","71253","0.0-5.0-18.0","go-nogo","true","0","","false","<div class = centerbox><div  id = stim2></div></div>","-1","32","750","","test","nogo","18","random","","",""
"","382","32","1005","0","test_block","poldrack-single-stim","33","72368","0.0-5.0-19.0","go-nogo","true","0","","true","<div class = centerbox><div  id = stim1></div></div>","32","32","750","","test","go","19","random","","",""
"","452","32","1497","0","test_block","poldrack-single-stim","34","73917","0.0-5.0-20.0","go-nogo","true","0","","true","<div class = centerbox><div  id = stim1></div></div>","32","32","750","","test","go","20","random","","",""
"","475","32","1007","0","test_block","poldrack-single-stim","35","74991","0.0-5.0-21.0","go-nogo","true","0","","true","<div class = centerbox><div  id = stim1></div></div>","32","32","750","","test","go","21","random","","",""
"","445","32","1442","0","test_block","poldrack-single-stim","36","76479","0.0-5.0-22.0","go-nogo","true","0","","true","<div class = centerbox><div  id = stim1></div></div>","32","32","750","","test","go","22","random","","",""
"","318","32","1156","0","test_block","poldrack-single-stim","37","77689","0.0-5.0-23.0","go-nogo","true","0","","true","<div class = centerbox><div  id = stim1></div></div>","32","32","750","","test","go","23","random","","",""
"","285","32","1332","0","test_block","poldrack-single-stim","38","79089","0.0-5.0-24.0","go-nogo","true","0","","true","<div class = centerbox><div  id = stim1></div></div>","32","32","750","","test","go","24","random","","",""
"","320","32","1498","0","test_block","poldrack-single-stim","39","80635","0.0-5.0-25.0","go-nogo","true","0","","true","<div class = centerbox><div  id = stim1></div></div>","32","32","750","","test","go","25","random","","",""
"","408","32","1111","0","test_block","poldrack-single-stim","40","81832","0.0-5.0-26.0","go-nogo","true","0","","true","<div class = centerbox><div  id = stim1></div></div>","32","32","750","","test","go","26","random","","",""
"","588","32","1012","0","test_block","poldrack-single-stim","41","82922","0.0-5.0-27.0","go-nogo","true","0","","true","<div class = centerbox><div  id = stim1></div></div>","32","32","750","","test","go","27","random","","",""
"","517","32","1432","0","test_block","poldrack-single-stim","42","84413","0.0-5.0-28.0","go-nogo","true","0","","true","<div class = centerbox><div  id = stim1></div></div>","32","32","750","","test","go","28","random","","",""
"","340","32","1459","0","test_block","poldrack-single-stim","43","85928","0.0-5.0-29.0","go-nogo","true","0","","true","<div class = centerbox><div  id = stim1></div></div>","32","32","750","","test","go","29","random","","",""
"","323","32","1062","0","test_block","poldrack-single-stim","44","87036","0.0-5.0-30.0","go-nogo","true","0","","true","<div class = centerbox><div  id = stim1></div></div>","32","32","750","","test","go","30","random","","",""
"","402","32","1017","0","test_block","poldrack-single-stim","45","88104","0.0-5.0-31.0","go-nogo","true","0","","true","<div class = centerbox><div  id = stim1></div></div>","32","32","750","","test","go","31","random","","",""
"","388","32","1099","0","test_block","poldrack-single-stim","46","89256","0.0-5.0-32.0","go-nogo","true","0","","true","<div class = centerbox><div  id = stim1></div></div>","32","32","750","","test","go","32","random","","",""
"","336","32","1120","0","test_block","poldrack-single-stim","47","90433","0.0-5.0-33.0","go-nogo","true","0","","true","<div class = centerbox><div  id = stim1></div></div>","32","32","750","","test","go","33","random","","",""
"","402","32","1115","0","test_block","poldrack-single-stim","48","91651","0.0-5.0-34.0","go-nogo","true","0","","true","<div class = centerbox><div  id = stim1></div></div>","32","32","750","","test","go","34","random","","",""
"","-1","-1","1466","0","test_block","poldrack-single-stim","49","93180","0.0-5.0-35.0","go-nogo","true","0","","true","<div class = centerbox><div  id = stim2></div></div>","-1","32","750","","test","nogo","35","random","","",""
"","340","32","1158","0","test_block","poldrack-single-stim","50","94387","0.0-5.0-36.0","go-nogo","true","0","","true","<div class = centerbox><div  id = stim1></div></div>","32","32","750","","test","go","36","random","","",""
"","349","32","1254","0","test_block","poldrack-single-stim","51","95690","0.0-5.0-37.0","go-nogo","true","0","","true","<div class = centerbox><div  id = stim1></div></div>","32","32","750","","test","go","37","random","","",""
"","380","32","1360","0","test_block","poldrack-single-stim","52","97093","0.0-5.0-38.0","go-nogo","true","0","","true","<div class = centerbox><div  id = stim1></div></div>","32","32","750","","test","go","38","random","","",""
"","336","32","1343","0","test_block","poldrack-single-stim","53","98480","0.0-5.0-39.0","go-nogo","true","0","","true","<div class = centerbox><div  id = stim1></div></div>","32","32","750","","test","go","39","random","","",""
"","375","32","1224","0","test_block","poldrack-single-stim","54","99745","0.0-5.0-40.0","go-nogo","true","0","","true","<div class = centerbox><div  id = stim1></div></div>","32","32","750","","test","go","40","random","","",""
"","406","32","1361","0","test_block","poldrack-single-stim","55","101157","0.0-5.0-41.0","go-nogo","true","0","","true","<div class = centerbox><div  id = stim1></div></div>","32","32","750","","test","go","41","random","","",""
"","343","32","1339","0","test_block","poldrack-single-stim","56","102549","0.0-5.0-42.0","go-nogo","true","0","","true","<div class = centerbox><div  id = stim1></div></div>","32","32","750","","test","go","42","random","","",""
"","396","32","1068","0","test_block","poldrack-single-stim","57","103665","0.0-5.0-43.0","go-nogo","true","0","","true","<div class = centerbox><div  id = stim1></div></div>","32","32","750","","test","go","43","random","","",""
"","357","32","1291","0","test_block","poldrack-single-stim","58","105000","0.0-5.0-44.0","go-nogo","true","0","","true","<div class = centerbox><div  id = stim1></div></div>","32","32","750","","test","go","44","random","","",""
"","317","32","1491","0","test_block","poldrack-single-stim","59","106547","0.0-5.0-45.0","go-nogo","true","0","","true","<div class = centerbox><div  id = stim1></div></div>","32","32","750","","test","go","45","random","","",""
"","307","32","1207","0","test_block","poldrack-single-stim","60","107797","0.0-5.0-46.0","go-nogo","true","0","","true","<div class = centerbox><div  id = stim1></div></div>","32","32","750","","test","go","46","random","","",""
"","332","32","1419","0","test_block","poldrack-single-stim","61","109264","0.0-5.0-47.0","go-nogo","true","0","","true","<div class = centerbox><div  id = stim1></div></div>","32","32","750","","test","go","47","random","","",""
"","317","32","1292","0","test_block","poldrack-single-stim","62","110617","0.0-5.0-48.0","go-nogo","true","0","","false","<div class = centerbox><div  id = stim2></div></div>","-1","32","750","","test","nogo","48","random","","",""
"","372","32","1151","0","test_block","poldrack-single-stim","63","111885","0.0-5.0-49.0","go-nogo","true","0","","true","<div class = centerbox><div  id = stim1></div></div>","32","32","750","","test","go","49","random","","",""
"","324","32","1190","0","test_block","poldrack-single-stim","64","113139","0.0-5.0-50.0","go-nogo","true","0","","false","<div class = centerbox><div  id = stim2></div></div>","-1","32","750","","test","nogo","50","random","","",""
"","361","32","1175","0","test_block","poldrack-single-stim","65","114369","0.0-5.0-51.0","go-nogo","true","0","","true","<div class = centerbox><div  id = stim1></div></div>","32","32","750","","test","go","51","random","","",""
"","442","32","1064","0","test_block","poldrack-single-stim","66","115487","0.0-5.0-52.0","go-nogo","true","0","","true","<div class = centerbox><div  id = stim1></div></div>","32","32","750","","test","go","52","random","","",""
"","434","32","1342","0","test_block","poldrack-single-stim","67","116885","0.0-5.0-53.0","go-nogo","true","0","","true","<div class = centerbox><div  id = stim1></div></div>","32","32","750","","test","go","53","random","","",""
"","383","32","1458","0","test_block","poldrack-single-stim","68","118413","0.0-5.0-54.0","go-nogo","true","0","","true","<div class = centerbox><div  id = stim1></div></div>","32","32","750","","test","go","54","random","","",""
"","407","32","1373","0","test_block","poldrack-single-stim","69","119856","0.0-5.0-55.0","go-nogo","true","0","","true","<div class = centerbox><div  id = stim1></div></div>","32","32","750","","test","go","55","random","","",""
"","-1","-1","1312","0","test_block","poldrack-single-stim","70","121230","0.0-5.0-56.0","go-nogo","true","0","","true","<div class = centerbox><div  id = stim2></div></div>","-1","32","750","","test","nogo","56","random","","",""
"","336","32","1092","0","test_block","poldrack-single-stim","71","122382","0.0-5.0-57.0","go-nogo","true","0","","true","<div class = centerbox><div  id = stim1></div></div>","32","32","750","","test","go","57","random","","",""
"","322","32","1450","0","test_block","poldrack-single-stim","72","123883","0.0-5.0-58.0","go-nogo","true","0","","true","<div class = centerbox><div  id = stim1></div></div>","32","32","750","","test","go","58","random","","",""
"","310","32","1050","0","test_block","poldrack-single-stim","73","124990","0.0-5.0-59.0","go-nogo","true","0","","true","<div class = centerbox><div  id = stim1></div></div>","32","32","750","","test","go","59","random","","",""
"","347","32","1058","0","test_block","poldrack-single-stim","74","126104","0.0-5.0-60.0","go-nogo","true","0","","false","<div class = centerbox><div  id = stim2></div></div>","-1","32","750","","test","nogo","60","random","","",""
"","396","32","1369","0","test_block","poldrack-single-stim","75","127583","0.0-5.0-61.0","go-nogo","true","0","","true","<div class = centerbox><div  id = stim1></div></div>","32","32","750","","test","go","61","random","","",""
"","-1","-1","1098","0","test_block","poldrack-single-stim","76","128733","0.0-5.0-62.0","go-nogo","true","0","","true","<div class = centerbox><div  id = stim2></div></div>","-1","32","750","","test","nogo","62","random","","",""
"","389","32","1333","0","test_block","poldrack-single-stim","77","130122","0.0-5.0-63.0","go-nogo","true","0","","true","<div class = centerbox><div  id = stim1></div></div>","32","32","750","","test","go","63","random","","",""
"","391","32","1348","0","test_block","poldrack-single-stim","78","131534","0.0-5.0-64.0","go-nogo","true","0","","true","<div class = centerbox><div  id = stim1></div></div>","32","32","750","","test","go","64","random","","",""
"","407","32","1402","0","test_block","poldrack-single-stim","79","132989","0.0-5.0-65.0","go-nogo","true","0","","true","<div class = centerbox><div  id = stim1></div></div>","32","32","750","","test","go","65","random","","",""
"","339","32","1095","0","test_block","poldrack-single-stim","80","134133","0.0-5.0-66.0","go-nogo","true","0","","true","<div class = centerbox><div  id = stim1></div></div>","32","32","750","","test","go","66","random","","",""
"","702","32","1372","0","test_block","poldrack-single-stim","81","135551","0.0-5.0-67.0","go-nogo","true","0","","true","<div class = centerbox><div  id = stim1></div></div>","32","32","750","","test","go","67","random","","",""
"","399","32","1201","0","test_block","poldrack-single-stim","82","136795","0.0-5.0-68.0","go-nogo","true","0","","true","<div class = centerbox><div  id = stim1></div></div>","32","32","750","","test","go","68","random","","",""
"","486","32","1202","0","test_block","poldrack-single-stim","83","138045","0.0-5.0-69.0","go-nogo","true","0","","true","<div class = centerbox><div  id = stim1></div></div>","32","32","750","","test","go","69","random","","",""
"","392","32","1131","0","test_block","poldrack-single-stim","84","139220","0.0-5.0-70.0","go-nogo","true","0","","true","<div class = centerbox><div  id = stim1></div></div>","32","32","750","","test","go","70","random","","",""
"","340","32","1282","0","test_block","poldrack-single-stim","85","140551","0.0-5.0-71.0","go-nogo","true","0","","true","<div class = centerbox><div  id = stim1></div></div>","32","32","750","","test","go","71","random","","",""
"","389","32","1303","0","test_block","poldrack-single-stim","86","141906","0.0-5.0-72.0","go-nogo","true","0","","true","<div class = centerbox><div  id = stim1></div></div>","32","32","750","","test","go","72","random","","",""
"","352","32","1011","0","test_block","poldrack-single-stim","87","142964","0.0-5.0-73.0","go-nogo","true","0","","true","<div class = centerbox><div  id = stim1></div></div>","32","32","750","","test","go","73","random","","",""
"","394","32","1405","0","test_block","poldrack-single-stim","88","144412","0.0-5.0-74.0","go-nogo","true","0","","true","<div class = centerbox><div  id = stim1></div></div>","32","32","750","","test","go","74","random","","",""
"","411","32","1436","0","test_block","poldrack-single-stim","89","145898","0.0-5.0-75.0","go-nogo","true","0","","true","<div class = centerbox><div  id = stim1></div></div>","32","32","750","","test","go","75","random","","",""
"","353","32","1026","0","test_block","poldrack-single-stim","90","146970","0.0-5.0-76.0","go-nogo","true","0","","true","<div class = centerbox><div  id = stim1></div></div>","32","32","750","","test","go","76","random","","",""
"","397","32","1050","0","test_block","poldrack-single-stim","91","148071","0.0-5.0-77.0","go-nogo","true","0","","true","<div class = centerbox><div  id = stim1></div></div>","32","32","750","","test","go","77","random","","",""
"","436","32","1244","0","test_block","poldrack-single-stim","92","149362","0.0-5.0-78.0","go-nogo","true","0","","true","<div class = centerbox><div  id = stim1></div></div>","32","32","750","","test","go","78","random","","",""
"","320","32","1095","0","test_block","poldrack-single-stim","93","150497","0.0-5.0-79.0","go-nogo","true","0","","true","<div class = centerbox><div  id = stim1></div></div>","32","32","750","","test","go","79","random","","",""
"","287","32","1220","0","test_block","poldrack-single-stim","94","151766","0.0-5.0-80.0","go-nogo","true","0","","true","<div class = centerbox><div  id = stim1></div></div>","32","32","750","","test","go","80","random","","",""
"","309","32","1373","0","test_block","poldrack-single-stim","95","153186","0.0-5.0-81.0","go-nogo","true","0","","true","<div class = centerbox><div  id = stim1></div></div>","32","32","750","","test","go","81","random","","",""
"","347","32","1333","0","test_block","poldrack-single-stim","96","154563","0.0-5.0-82.0","go-nogo","true","0","","true","<div class = centerbox><div  id = stim1></div></div>","32","32","750","","test","go","82","random","","",""
"","-1","-1","1220","0","test_block","poldrack-single-stim","97","155830","0.0-5.0-83.0","go-nogo","true","0","","true","<div class = centerbox><div  id = stim2></div></div>","-1","32","750","","test","nogo","83","random","","",""
"","400","32","1430","0","test_block","poldrack-single-stim","98","157303","0.0-5.0-84.0","go-nogo","true","0","","true","<div class = centerbox><div  id = stim1></div></div>","32","32","750","","test","go","84","random","","",""
"","381","32","1313","0","test_block","poldrack-single-stim","99","158660","0.0-5.0-85.0","go-nogo","true","0","","true","<div class = centerbox><div  id = stim1></div></div>","32","32","750","","test","go","85","random","","",""
"","411","32","1147","0","test_block","poldrack-single-stim","100","159848","0.0-5.0-86.0","go-nogo","true","0","","true","<div class = centerbox><div  id = stim1></div></div>","32","32","750","","test","go","86","random","","",""
"","397","32","1273","0","test_block","poldrack-single-stim","101","161164","0.0-5.0-87.0","go-nogo","true","0","","true","<div class = centerbox><div  id = stim1></div></div>","32","32","750","","test","go","87","random","","",""
"","-1","-1","1494","0","test_block","poldrack-single-stim","102","162700","0.0-5.0-88.0","go-nogo","true","0","","true","<div class = centerbox><div  id = stim2></div></div>","-1","32","750","","test","nogo","88","random","","",""
"","338","32","1228","0","test_block","poldrack-single-stim","103","163970","0.0-5.0-89.0","go-nogo","true","0","","true","<div class = centerbox><div  id = stim1></div></div>","32","32","750","","test","go","89","random","","",""
"","552","32","1296","0","test_block","poldrack-single-stim","104","165313","0.0-5.0-90.0","go-nogo","true","0","","true","<div class = centerbox><div  id = stim1></div></div>","32","32","750","","test","go","90","random","","",""
"","404","32","1331","0","test_block","poldrack-single-stim","105","166688","0.0-5.0-91.0","go-nogo","true","0","","true","<div class = centerbox><div  id = stim1></div></div>","32","32","750","","test","go","91","random","","",""
"","-1","-1","1038","0","test_block","poldrack-single-stim","106","167758","0.0-5.0-92.0","go-nogo","true","0","","false","<div class = centerbox><div  id = stim1></div></div>","32","32","750","","test","go","92","random","","",""
"","341","32","1214","0","test_block","poldrack-single-stim","107","169041","0.0-5.0-93.0","go-nogo","true","0","","true","<div class = centerbox><div  id = stim1></div></div>","32","32","750","","test","go","93","random","","",""
"","435","32","1146","0","test_block","poldrack-single-stim","108","170235","0.0-5.0-94.0","go-nogo","true","0","","true","<div class = centerbox><div  id = stim1></div></div>","32","32","750","","test","go","94","random","","",""
"","-1","-1","1088","0","test_block","poldrack-single-stim","109","171371","0.0-5.0-95.0","go-nogo","true","0","","true","<div class = centerbox><div  id = stim2></div></div>","-1","32","750","","test","nogo","95","random","","",""
"","308","32","1016","0","test_block","poldrack-single-stim","110","172429","0.0-5.0-96.0","go-nogo","true","0","","true","<div class = centerbox><div  id = stim1></div></div>","32","32","750","","test","go","96","random","","",""
"","364","32","1247","0","test_block","poldrack-single-stim","111","173717","0.0-5.0-97.0","go-nogo","true","0","","true","<div class = centerbox><div  id = stim1></div></div>","32","32","750","","test","go","97","random","","",""
"","461","32","1064","0","test_block","poldrack-single-stim","112","174821","0.0-5.0-98.0","go-nogo","true","0","","true","<div class = centerbox><div  id = stim1></div></div>","32","32","750","","test","go","98","random","","",""
"","-1","-1","1182","0","test_block","poldrack-single-stim","113","176050","0.0-5.0-99.0","go-nogo","true","0","","true","<div class = centerbox><div  id = stim2></div></div>","-1","32","750","","test","nogo","99","random","","",""
"","349","32","1062","0","test_block","poldrack-single-stim","114","177154","0.0-5.0-100.0","go-nogo","true","0","","true","<div class = centerbox><div  id = stim1></div></div>","32","32","750","","test","go","100","random","","",""
"","501","32","1234","0","test_block","poldrack-single-stim","115","178439","0.0-5.0-101.0","go-nogo","true","0","","true","<div class = centerbox><div  id = stim1></div></div>","32","32","750","","test","go","101","random","","",""
"","803","32","1246","0","test_block","poldrack-single-stim","116","179757","0.0-5.0-102.0","go-nogo","true","0","","true","<div class = centerbox><div  id = stim1></div></div>","32","32","750","","test","go","102","random","","",""
"","391","32","1477","0","test_block","poldrack-single-stim","117","181281","0.0-5.0-103.0","go-nogo","true","0","","true","<div class = centerbox><div  id = stim1></div></div>","32","32","750","","test","go","103","random","","",""
"","327","32","1331","0","test_block","poldrack-single-stim","118","182654","0.0-5.0-104.0","go-nogo","true","0","","true","<div class = centerbox><div  id = stim1></div></div>","32","32","750","","test","go","104","random","","",""
"","-1","-1","1102","0","test_block","poldrack-single-stim","119","183873","0.0-5.0-105.0","go-nogo","true","0","","true","<div class = centerbox><div  id = stim2></div></div>","-1","32","750","","test","nogo","105","random","","",""
"","318","32","1271","0","test_block","poldrack-single-stim","120","185196","0.0-5.0-106.0","go-nogo","true","0","","true","<div class = centerbox><div  id = stim1></div></div>","32","32","750","","test","go","106","random","","",""
"","378","32","1195","0","test_block","poldrack-single-stim","121","186434","0.0-5.0-107.0","go-nogo","true","0","","true","<div class = centerbox><div  id = stim1></div></div>","32","32","750","","test","go","107","random","","",""
"","519","32","1149","0","test_block","poldrack-single-stim","122","187624","0.0-5.0-108.0","go-nogo","true","0","","true","<div class = centerbox><div  id = stim1></div></div>","32","32","750","","test","go","108","random","","",""
"","409","32","1045","0","test_block","poldrack-single-stim","123","188717","0.0-5.0-109.0","go-nogo","true","0","","true","<div class = centerbox><div  id = stim1></div></div>","32","32","750","","test","go","109","random","","",""
"","368","32","1214","0","test_block","poldrack-single-stim","124","189976","0.0-5.0-110.0","go-nogo","true","0","","true","<div class = centerbox><div  id = stim1></div></div>","32","32","750","","test","go","110","random","","",""
"","366","32","1452","0","test_block","poldrack-single-stim","125","191472","0.0-5.0-111.0","go-nogo","true","0","","true","<div class = centerbox><div  id = stim1></div></div>","32","32","750","","test","go","111","random","","",""
"","455","32","1157","0","test_block","poldrack-single-stim","126","192671","0.0-5.0-112.0","go-nogo","true","0","","true","<div class = centerbox><div  id = stim1></div></div>","32","32","750","","test","go","112","random","","",""
"","442","32","1184","0","test_block","poldrack-single-stim","127","193896","0.0-5.0-113.0","go-nogo","true","0","","true","<div class = centerbox><div  id = stim1></div></div>","32","32","750","","test","go","113","random","","",""
"","399","32","1122","0","test_block","poldrack-single-stim","128","195069","0.0-5.0-114.0","go-nogo","true","0","","true","<div class = centerbox><div  id = stim1></div></div>","32","32","750","","test","go","114","random","","",""
"","352","32","1341","0","test_block","poldrack-single-stim","129","196454","0.0-5.0-115.0","go-nogo","true","0","","true","<div class = centerbox><div  id = stim1></div></div>","32","32","750","","test","go","115","random","","",""
"","382","32","1226","0","test_block","poldrack-single-stim","130","197725","0.0-5.0-116.0","go-nogo","true","0","","true","<div class = centerbox><div  id = stim1></div></div>","32","32","750","","test","go","116","random","","",""
"","446","32","1487","0","test_block","poldrack-single-stim","131","199258","0.0-5.0-117.0","go-nogo","true","0","","true","<div class = centerbox><div  id = stim1></div></div>","32","32","750","","test","go","117","random","","",""
"","321","32","1254","0","test_block","poldrack-single-stim","132","200558","0.0-5.0-118.0","go-nogo","true","0","","true","<div class = centerbox><div  id = stim1></div></div>","32","32","750","","test","go","118","random","","",""
"","305","32","1393","0","test_block","poldrack-single-stim","133","201993","0.0-5.0-119.0","go-nogo","true","0","","true","<div class = centerbox><div  id = stim1></div></div>","32","32","750","","test","go","119","random","","",""
"","341","32","1125","0","test_block","poldrack-single-stim","134","203162","0.0-5.0-120.0","go-nogo","true","0","","true","<div class = centerbox><div  id = stim1></div></div>","32","32","750","","test","go","120","random","","",""
"","386","32","1258","0","test_block","poldrack-single-stim","135","204465","0.0-5.0-121.0","go-nogo","true","0","","true","<div class = centerbox><div  id = stim1></div></div>","32","32","750","","test","go","121","random","","",""
"","306","32","1167","0","test_block","poldrack-single-stim","136","205678","0.0-5.0-122.0","go-nogo","true","0","","true","<div class = centerbox><div  id = stim1></div></div>","32","32","750","","test","go","122","random","","",""
"","510","32","1212","0","test_block","poldrack-single-stim","137","206935","0.0-5.0-123.0","go-nogo","true","0","","true","<div class = centerbox><div  id = stim1></div></div>","32","32","750","","test","go","123","random","","",""
"","508","32","1135","0","test_block","poldrack-single-stim","138","208116","0.0-5.0-124.0","go-nogo","true","0","","true","<div class = centerbox><div  id = stim1></div></div>","32","32","750","","test","go","124","random","","",""
"","562","32","1347","0","test_block","poldrack-single-stim","139","209506","0.0-5.0-125.0","go-nogo","true","0","","true","<div class = centerbox><div  id = stim1></div></div>","32","32","750","","test","go","125","random","","",""
"","311","32","1450","0","test_block","poldrack-single-stim","140","210997","0.0-5.0-126.0","go-nogo","true","0","","true","<div class = centerbox><div  id = stim1></div></div>","32","32","750","","test","go","126","random","","",""
"","321","32","1496","0","test_block","poldrack-single-stim","141","212536","0.0-5.0-127.0","go-nogo","true","0","","true","<div class = centerbox><div  id = stim1></div></div>","32","32","750","","test","go","127","random","","",""
"","338","32","1245","0","test_block","poldrack-single-stim","142","213821","0.0-5.0-128.0","go-nogo","true","0","","true","<div class = centerbox><div  id = stim1></div></div>","32","32","750","","test","go","128","random","","",""
"","369","32","1268","0","test_block","poldrack-single-stim","143","215132","0.0-5.0-129.0","go-nogo","true","0","","true","<div class = centerbox><div  id = stim1></div></div>","32","32","750","","test","go","129","random","","",""
"","287","32","1197","0","test_block","poldrack-single-stim","144","216374","0.0-5.0-130.0","go-nogo","true","0","","true","<div class = centerbox><div  id = stim1></div></div>","32","32","750","","test","go","130","random","","",""
"","280","32","1334","0","test_block","poldrack-single-stim","145","217751","0.0-5.0-131.0","go-nogo","true","0","","true","<div class = centerbox><div  id = stim1></div></div>","32","32","750","","test","go","131","random","","",""
"","166","32","1351","0","test_block","poldrack-single-stim","146","219145","0.0-5.0-132.0","go-nogo","true","0","","true","<div class = centerbox><div  id = stim1></div></div>","32","32","750","","test","go","132","random","","",""
"","308","32","1405","0","test_block","poldrack-single-stim","147","220602","0.0-5.0-133.0","go-nogo","true","0","","true","<div class = centerbox><div  id = stim1></div></div>","32","32","750","","test","go","133","random","","",""
"","309","32","1042","0","test_block","poldrack-single-stim","148","221685","0.0-5.0-134.0","go-nogo","true","0","","true","<div class = centerbox><div  id = stim1></div></div>","32","32","750","","test","go","134","random","","",""
"","335","32","1233","0","test_block","poldrack-single-stim","149","222954","0.0-5.0-135.0","go-nogo","true","0","","false","<div class = centerbox><div  id = stim2></div></div>","-1","32","750","","test","nogo","135","random","","",""
"","-1","-1","1305","0","test_block","poldrack-single-stim","150","224305","0.0-5.0-136.0","go-nogo","true","0","","true","<div class = centerbox><div  id = stim2></div></div>","-1","32","750","","test","nogo","136","random","","",""
"","464","32","1421","0","test_block","poldrack-single-stim","151","225773","0.0-5.0-137.0","go-nogo","true","0","","true","<div class = centerbox><div  id = stim1></div></div>","32","32","750","","test","go","137","random","","",""
"","316","32","1460","0","test_block","poldrack-single-stim","152","227280","0.0-5.0-138.0","go-nogo","true","0","","true","<div class = centerbox><div  id = stim1></div></div>","32","32","750","","test","go","138","random","","",""
"","324","32","1117","0","test_block","poldrack-single-stim","153","228441","0.0-5.0-139.0","go-nogo","true","0","","true","<div class = centerbox><div  id = stim1></div></div>","32","32","750","","test","go","139","random","","",""
"","400","32","1271","0","test_block","poldrack-single-stim","154","229760","0.0-5.0-140.0","go-nogo","true","0","","true","<div class = centerbox><div  id = stim1></div></div>","32","32","750","","test","go","140","random","","",""
"","322","32","1342","0","test_block","poldrack-single-stim","155","231141","0.0-5.0-141.0","go-nogo","true","0","","true","<div class = centerbox><div  id = stim1></div></div>","32","32","750","","test","go","141","random","","",""
"","294","32","1327","0","test_block","poldrack-single-stim","156","232514","0.0-5.0-142.0","go-nogo","true","0","","true","<div class = centerbox><div  id = stim1></div></div>","32","32","750","","test","go","142","random","","",""
"","327","32","1211","0","test_block","poldrack-single-stim","157","233765","0.0-5.0-143.0","go-nogo","true","0","","true","<div class = centerbox><div  id = stim1></div></div>","32","32","750","","test","go","143","random","","",""
"","233","32","1212","0","test_block","poldrack-single-stim","158","235020","0.0-5.0-144.0","go-nogo","true","0","","true","<div class = centerbox><div  id = stim1></div></div>","32","32","750","","test","go","144","random","","",""
"","280","32","1468","0","test_block","poldrack-single-stim","159","236533","0.0-5.0-145.0","go-nogo","true","0","","true","<div class = centerbox><div  id = stim1></div></div>","32","32","750","","test","go","145","random","","",""
"","337","32","1312","0","test_block","poldrack-single-stim","160","237888","0.0-5.0-146.0","go-nogo","true","0","","true","<div class = centerbox><div  id = stim1></div></div>","32","32","750","","test","go","146","random","","",""
"","289","32","1014","0","test_block","poldrack-single-stim","161","238942","0.0-5.0-147.0","go-nogo","true","0","","true","<div class = centerbox><div  id = stim1></div></div>","32","32","750","","test","go","147","random","","",""
"","324","32","1262","0","test_block","poldrack-single-stim","162","240251","0.0-5.0-148.0","go-nogo","true","0","","true","<div class = centerbox><div  id = stim1></div></div>","32","32","750","","test","go","148","random","","",""
"","317","32","1223","0","test_block","poldrack-single-stim","163","241515","0.0-5.0-149.0","go-nogo","true","0","","true","<div class = centerbox><div  id = stim1></div></div>","32","32","750","","test","go","149","random","","",""
"","207","32","1020","0","test_block","poldrack-single-stim","164","242575","0.0-5.0-150.0","go-nogo","true","0","","true","<div class = centerbox><div  id = stim1></div></div>","32","32","750","","test","go","150","random","","",""
"","277","32","1029","0","test_block","poldrack-single-stim","165","243649","0.0-5.0-151.0","go-nogo","true","0","","true","<div class = centerbox><div  id = stim1></div></div>","32","32","750","","test","go","151","random","","",""
"","281","32","1491","0","test_block","poldrack-single-stim","166","245180","0.0-5.0-152.0","go-nogo","true","0","","true","<div class = centerbox><div  id = stim1></div></div>","32","32","750","","test","go","152","random","","",""
"","767","32","1208","0","test_block","poldrack-single-stim","167","246426","0.0-5.0-153.0","go-nogo","true","0","","true","<div class = centerbox><div  id = stim1></div></div>","32","32","750","","test","go","153","random","","",""
"","269","32","1343","0","test_block","poldrack-single-stim","168","247812","0.0-5.0-154.0","go-nogo","true","0","","true","<div class = centerbox><div  id = stim1></div></div>","32","32","750","","test","go","154","random","","",""
"","83","32","1041","0","test_block","poldrack-single-stim","169","248895","0.0-5.0-155.0","go-nogo","true","0","","true","<div class = centerbox><div  id = stim1></div></div>","32","32","750","","test","go","155","random","","",""
"","346","32","1270","0","test_block","poldrack-single-stim","170","250205","0.0-5.0-156.0","go-nogo","true","0","","true","<div class = centerbox><div  id = stim1></div></div>","32","32","750","","test","go","156","random","","",""
"","279","32","1193","0","test_block","poldrack-single-stim","171","251443","0.0-5.0-157.0","go-nogo","true","0","","true","<div class = centerbox><div  id = stim1></div></div>","32","32","750","","test","go","157","random","","",""
"","216","32","1357","0","test_block","poldrack-single-stim","172","252846","0.0-5.0-158.0","go-nogo","true","0","","true","<div class = centerbox><div  id = stim1></div></div>","32","32","750","","test","go","158","random","","",""
"","280","32","1120","0","test_block","poldrack-single-stim","173","254009","0.0-5.0-159.0","go-nogo","true","0","","true","<div class = centerbox><div  id = stim1></div></div>","32","32","750","","test","go","159","random","","",""
"","288","32","1289","0","test_block","poldrack-single-stim","174","255345","0.0-5.0-160.0","go-nogo","true","0","","true","<div class = centerbox><div  id = stim1></div></div>","32","32","750","","test","go","160","random","","",""
"","-1","-1","1170","0","test_block","poldrack-single-stim","175","256568","0.0-5.0-161.0","go-nogo","true","0","","true","<div class = centerbox><div  id = stim2></div></div>","-1","32","750","","test","nogo","161","random","","",""
"","364","32","1196","0","test_block","poldrack-single-stim","176","257808","0.0-5.0-162.0","go-nogo","true","0","","true","<div class = centerbox><div  id = stim1></div></div>","32","32","750","","test","go","162","random","","",""
"","284","32","1112","0","test_block","poldrack-single-stim","177","258988","0.0-5.0-163.0","go-nogo","true","0","","true","<div class = centerbox><div  id = stim1></div></div>","32","32","750","","test","go","163","random","","",""
"","303","32","1206","0","test_block","poldrack-single-stim","178","260239","0.0-5.0-164.0","go-nogo","true","0","","true","<div class = centerbox><div  id = stim1></div></div>","32","32","750","","test","go","164","random","","",""
"","234","32","1457","0","test_block","poldrack-single-stim","179","261735","0.0-5.0-165.0","go-nogo","true","0","","true","<div class = centerbox><div  id = stim1></div></div>","32","32","750","","test","go","165","random","","",""
"","310","32","1121","0","test_block","poldrack-single-stim","180","262900","0.0-5.0-166.0","go-nogo","true","0","","true","<div class = centerbox><div  id = stim1></div></div>","32","32","750","","test","go","166","random","","",""
"","305","32","1274","0","test_block","poldrack-single-stim","181","264217","0.0-5.0-167.0","go-nogo","true","0","","true","<div class = centerbox><div  id = stim1></div></div>","32","32","750","","test","go","167","random","","",""
"","221","32","1055","0","test_block","poldrack-single-stim","182","265314","0.0-5.0-168.0","go-nogo","true","0","","true","<div class = centerbox><div  id = stim1></div></div>","32","32","750","","test","go","168","random","","",""
"","304","32","1235","0","test_block","poldrack-single-stim","183","266594","0.0-5.0-169.0","go-nogo","true","0","","true","<div class = centerbox><div  id = stim1></div></div>","32","32","750","","test","go","169","random","","",""
"","293","32","1079","0","test_block","poldrack-single-stim","184","267713","0.0-5.0-170.0","go-nogo","true","0","","true","<div class = centerbox><div  id = stim1></div></div>","32","32","750","","test","go","170","random","","",""
"","275","32","1130","0","test_block","poldrack-single-stim","185","268887","0.0-5.0-171.0","go-nogo","true","0","","true","<div class = centerbox><div  id = stim1></div></div>","32","32","750","","test","go","171","random","","",""
"","301","32","1366","0","test_block","poldrack-single-stim","186","270306","0.0-5.0-172.0","go-nogo","true","0","","true","<div class = centerbox><div  id = stim1></div></div>","32","32","750","","test","go","172","random","","",""
"","-1","-1","1339","0","test_block","poldrack-single-stim","187","271696","0.0-5.0-173.0","go-nogo","true","0","","true","<div class = centerbox><div  id = stim2></div></div>","-1","32","750","","test","nogo","173","random","","",""
"","287","32","1023","0","test_block","poldrack-single-stim","188","272760","0.0-5.0-174.0","go-nogo","true","0","","true","<div class = centerbox><div  id = stim1></div></div>","32","32","750","","test","go","174","random","","",""
"","413","32","1470","0","test_block","poldrack-single-stim","189","274275","0.0-5.0-175.0","go-nogo","true","0","","true","<div class = centerbox><div  id = stim1></div></div>","32","32","750","","test","go","175","random","","",""
"","45","32","1424","0","test_block","poldrack-single-stim","190","275738","0.0-5.0-176.0","go-nogo","true","0","","true","<div class = centerbox><div  id = stim1></div></div>","32","32","750","","test","go","176","random","","",""
"","302","32","1053","0","test_block","poldrack-single-stim","191","276839","0.0-5.0-177.0","go-nogo","true","0","","true","<div class = centerbox><div  id = stim1></div></div>","32","32","750","","test","go","177","random","","",""
"","326","32","1063","0","test_block","poldrack-single-stim","192","277946","0.0-5.0-178.0","go-nogo","true","0","","true","<div class = centerbox><div  id = stim1></div></div>","32","32","750","","test","go","178","random","","",""
"","312","32","1396","0","test_block","poldrack-single-stim","193","279388","0.0-5.0-179.0","go-nogo","true","0","","true","<div class = centerbox><div  id = stim1></div></div>","32","32","750","","test","go","179","random","","",""
"","311","32","1080","0","test_block","poldrack-single-stim","194","280513","0.0-5.0-180.0","go-nogo","true","0","","true","<div class = centerbox><div  id = stim1></div></div>","32","32","750","","test","go","180","random","","",""
"","262","32","1284","0","test_block","poldrack-single-stim","195","281837","0.0-5.0-181.0","go-nogo","true","0","","true","<div class = centerbox><div  id = stim1></div></div>","32","32","750","","test","go","181","random","","",""
"","277","32","1044","0","test_block","poldrack-single-stim","196","282919","0.0-5.0-182.0","go-nogo","true","0","","true","<div class = centerbox><div  id = stim1></div></div>","32","32","750","","test","go","182","random","","",""
"","232","32","1237","0","test_block","poldrack-single-stim","197","284204","0.0-5.0-183.0","go-nogo","true","0","","false","<div class = centerbox><div  id = stim2></div></div>","-1","32","750","","test","nogo","183","random","","",""
"","317","32","1311","0","test_block","poldrack-single-stim","198","285554","0.0-5.0-184.0","go-nogo","true","0","","true","<div class = centerbox><div  id = stim1></div></div>","32","32","750","","test","go","184","random","","",""
"","348","32","1383","0","test_block","poldrack-single-stim","199","286978","0.0-5.0-185.0","go-nogo","true","0","","true","<div class = centerbox><div  id = stim1></div></div>","32","32","750","","test","go","185","random","","",""
"","265","32","1237","0","test_block","poldrack-single-stim","200","288259","0.0-5.0-186.0","go-nogo","true","0","","true","<div class = centerbox><div  id = stim1></div></div>","32","32","750","","test","go","186","random","","",""
"","354","32","1129","0","test_block","poldrack-single-stim","201","289438","0.0-5.0-187.0","go-nogo","true","0","","true","<div class = centerbox><div  id = stim1></div></div>","32","32","750","","test","go","187","random","","",""
"","701","32","1235","0","test_block","poldrack-single-stim","202","290720","0.0-5.0-188.0","go-nogo","true","0","","true","<div class = centerbox><div  id = stim1></div></div>","32","32","750","","test","go","188","random","","",""
"","299","32","1054","0","test_block","poldrack-single-stim","203","291812","0.0-5.0-189.0","go-nogo","true","0","","true","<div class = centerbox><div  id = stim1></div></div>","32","32","750","","test","go","189","random","","",""
"","289","32","1264","0","test_block","poldrack-single-stim","204","293120","0.0-5.0-190.0","go-nogo","true","0","","true","<div class = centerbox><div  id = stim1></div></div>","32","32","750","","test","go","190","random","","",""
"","258","32","1059","0","test_block","poldrack-single-stim","205","294218","0.0-5.0-191.0","go-nogo","true","0","","true","<div class = centerbox><div  id = stim1></div></div>","32","32","750","","test","go","191","random","","",""
"","270","32","1308","0","test_block","poldrack-single-stim","206","295567","0.0-5.0-192.0","go-nogo","true","0","","true","<div class = centerbox><div  id = stim1></div></div>","32","32","750","","test","go","192","random","","",""
"","270","32","1087","0","test_block","poldrack-single-stim","207","296707","0.0-5.0-193.0","go-nogo","true","0","","true","<div class = centerbox><div  id = stim1></div></div>","32","32","750","","test","go","193","random","","",""
"","235","32","1397","0","test_block","poldrack-single-stim","208","298147","0.0-5.0-194.0","go-nogo","true","0","","true","<div class = centerbox><div  id = stim1></div></div>","32","32","750","","test","go","194","random","","",""
"","230","32","1435","0","test_block","poldrack-single-stim","209","299630","0.0-5.0-195.0","go-nogo","true","0","","true","<div class = centerbox><div  id = stim1></div></div>","32","32","750","","test","go","195","random","","",""
"","98","32","1132","0","test_block","poldrack-single-stim","210","300803","0.0-5.0-196.0","go-nogo","true","0","","true","<div class = centerbox><div  id = stim1></div></div>","32","32","750","","test","go","196","random","","",""
"","262","32","1101","0","test_block","poldrack-single-stim","211","301952","0.0-5.0-197.0","go-nogo","true","0","","true","<div class = centerbox><div  id = stim1></div></div>","32","32","750","","test","go","197","random","","",""
"","267","32","1290","0","test_block","poldrack-single-stim","212","303287","0.0-5.0-198.0","go-nogo","true","0","","true","<div class = centerbox><div  id = stim1></div></div>","32","32","750","","test","go","198","random","","",""
"","307","32","1217","0","test_block","poldrack-single-stim","213","304542","0.0-5.0-199.0","go-nogo","true","0","","false","<div class = centerbox><div  id = stim2></div></div>","-1","32","750","","test","nogo","199","random","","",""
"","329","32","1328","0","test_block","poldrack-single-stim","214","305910","0.0-5.0-200.0","go-nogo","true","0","","true","<div class = centerbox><div  id = stim1></div></div>","32","32","750","","test","go","200","random","","",""
"","328","32","1446","0","test_block","poldrack-single-stim","215","307399","0.0-5.0-201.0","go-nogo","true","0","","true","<div class = centerbox><div  id = stim1></div></div>","32","32","750","","test","go","201","random","","",""
"","170","32","1340","0","test_block","poldrack-single-stim","216","308778","0.0-5.0-202.0","go-nogo","true","0","","true","<div class = centerbox><div  id = stim1></div></div>","32","32","750","","test","go","202","random","","",""
"","263","32","1155","0","test_block","poldrack-single-stim","217","309972","0.0-5.0-203.0","go-nogo","true","0","","true","<div class = centerbox><div  id = stim1></div></div>","32","32","750","","test","go","203","random","","",""
"","275","32","1022","0","test_block","poldrack-single-stim","218","311035","0.0-5.0-204.0","go-nogo","true","0","","true","<div class = centerbox><div  id = stim1></div></div>","32","32","750","","test","go","204","random","","",""
"","297","32","1195","0","test_block","poldrack-single-stim","219","312274","0.0-5.0-205.0","go-nogo","true","0","","true","<div class = centerbox><div  id = stim1></div></div>","32","32","750","","test","go","205","random","","",""
"","298","32","1410","0","test_block","poldrack-single-stim","220","313727","0.0-5.0-206.0","go-nogo","true","0","","true","<div class = centerbox><div  id = stim1></div></div>","32","32","750","","test","go","206","random","","",""
"","205","32","1438","0","test_block","poldrack-single-stim","221","315210","0.0-5.0-207.0","go-nogo","true","0","","true","<div class = centerbox><div  id = stim1></div></div>","32","32","750","","test","go","207","random","","",""
"","-1","-1","1159","0","test_block","poldrack-single-stim","222","316413","0.0-5.0-208.0","go-nogo","true","0","","false","<div class = centerbox><div  id = stim1></div></div>","32","32","750","","test","go","208","random","","",""
"","-1","-1","1471","0","test_block","poldrack-single-stim","223","318643","0.0-5.0-209.0","go-nogo","true","1","","true","<div class = centerbox><div  id = stim2></div></div>","-1","32","750","","test","nogo","209","random","","",""
"","-1","-1","1231","0","test_block","poldrack-single-stim","224","320643","0.0-5.0-210.0","go-nogo","true","0","","false","<div class = centerbox><div  id = stim1></div></div>","32","32","750","","test","go","210","random","","",""
"","-1","-1","1165","0","test_block","poldrack-single-stim","225","321846","0.0-5.0-211.0","go-nogo","true","0","","false","<div class = centerbox><div  id = stim1></div></div>","32","32","750","","test","go","211","random","","",""
"","-1","-1","1387","0","test_block","poldrack-single-stim","226","323276","0.0-5.0-212.0","go-nogo","true","0","","false","<div class = centerbox><div  id = stim1></div></div>","32","32","750","","test","go","212","random","","",""
"","271","32","1396","0","test_block","poldrack-single-stim","227","324758","0.0-5.0-213.0","go-nogo","true","0","","true","<div class = centerbox><div  id = stim1></div></div>","32","32","750","","test","go","213","random","","",""
"","48","32","1020","0","test_block","poldrack-single-stim","228","325828","0.0-5.0-214.0","go-nogo","true","0","","true","<div class = centerbox><div  id = stim1></div></div>","32","32","750","","test","go","214","random","","",""
"","281","32","1255","0","test_block","poldrack-single-stim","229","327135","0.0-5.0-215.0","go-nogo","true","0","","true","<div class = centerbox><div  id = stim1></div></div>","32","32","750","","test","go","215","random","","",""
"","272","32","1163","0","test_block","poldrack-single-stim","230","328340","0.0-5.0-216.0","go-nogo","true","0","","false","<div class = centerbox><div  id = stim2></div></div>","-1","32","750","","test","nogo","216","random","","",""
"","297","32","1432","0","test_block","poldrack-single-stim","231","329814","0.0-5.0-217.0","go-nogo","true","0","","true","<div class = centerbox><div  id = stim1></div></div>","32","32","750","","test","go","217","random","","",""
"","293","32","1394","0","test_block","poldrack-single-stim","232","331252","0.0-5.0-218.0","go-nogo","true","0","","true","<div class = centerbox><div  id = stim1></div></div>","32","32","750","","test","go","218","random","","",""
"","324","32","1002","0","test_block","poldrack-single-stim","233","332302","0.0-5.0-219.0","go-nogo","true","0","","true","<div class = centerbox><div  id = stim1></div></div>","32","32","750","","test","go","219","random","","",""
"","334","32","1184","0","test_block","poldrack-single-stim","234","333529","0.0-5.0-220.0","go-nogo","true","0","","true","<div class = centerbox><div  id = stim1></div></div>","32","32","750","","test","go","220","random","","",""
"","175","32","1322","0","test_block","poldrack-single-stim","235","334890","0.0-5.0-221.0","go-nogo","true","0","","true","<div class = centerbox><div  id = stim1></div></div>","32","32","750","","test","go","221","random","","",""
"","313","32","1087","0","test_block","poldrack-single-stim","236","336021","0.0-5.0-222.0","go-nogo","true","0","","true","<div class = centerbox><div  id = stim1></div></div>","32","32","750","","test","go","222","random","","",""
"","287","32","1238","0","test_block","poldrack-single-stim","237","337303","0.0-5.0-223.0","go-nogo","true","0","","true","<div class = centerbox><div  id = stim1></div></div>","32","32","750","","test","go","223","random","","",""
"","186","32","1408","0","test_block","poldrack-single-stim","238","338749","0.0-5.0-224.0","go-nogo","true","0","","true","<div class = centerbox><div  id = stim1></div></div>","32","32","750","","test","go","224","random","","",""
"","26","32","1194","0","test_block","poldrack-single-stim","239","339994","0.0-5.0-225.0","go-nogo","true","0","","true","<div class = centerbox><div  id = stim1></div></div>","32","32","750","","test","go","225","random","","",""
"","138","32","1142","0","test_block","poldrack-single-stim","240","341179","0.0-5.0-226.0","go-nogo","true","0","","true","<div class = centerbox><div  id = stim1></div></div>","32","32","750","","test","go","226","random","","",""
"","237","32","1322","0","test_block","poldrack-single-stim","241","342540","0.0-5.0-227.0","go-nogo","true","0","","true","<div class = centerbox><div  id = stim1></div></div>","32","32","750","","test","go","227","random","","",""
"","-1","-1","1049","0","test_block","poldrack-single-stim","242","343637","0.0-5.0-228.0","go-nogo","true","0","","false","<div class = centerbox><div  id = stim1></div></div>","32","32","750","","test","go","228","random","","",""
"","-1","-1","1200","0","test_block","poldrack-single-stim","243","344876","0.0-5.0-229.0","go-nogo","true","0","","true","<div class = centerbox><div  id = stim2></div></div>","-1","32","750","","test","nogo","229","random","","",""
"","179","32","1225","0","test_block","poldrack-single-stim","244","346190","0.0-5.0-230.0","go-nogo","true","0","","true","<div class = centerbox><div  id = stim1></div></div>","32","32","750","","test","go","230","random","","",""
"","236","32","1293","0","test_block","poldrack-single-stim","245","347529","0.0-5.0-231.0","go-nogo","true","0","","true","<div class = centerbox><div  id = stim1></div></div>","32","32","750","","test","go","231","random","","",""
"","282","32","1147","0","test_block","poldrack-single-stim","246","348720","0.0-5.0-232.0","go-nogo","true","0","","true","<div class = centerbox><div  id = stim1></div></div>","32","32","750","","test","go","232","random","","",""
"","276","32","1365","0","test_block","poldrack-single-stim","247","350129","0.0-5.0-233.0","go-nogo","true","0","","true","<div class = centerbox><div  id = stim1></div></div>","32","32","750","","test","go","233","random","","",""
"","612","32","1410","0","test_block","poldrack-single-stim","248","351592","0.0-5.0-234.0","go-nogo","true","0","","true","<div class = centerbox><div  id = stim1></div></div>","32","32","750","","test","go","234","random","","",""
"","286","32","1395","0","test_block","poldrack-single-stim","249","353036","0.0-5.0-235.0","go-nogo","true","0","","true","<div class = centerbox><div  id = stim1></div></div>","32","32","750","","test","go","235","random","","",""
"","69","32","1131","0","test_block","poldrack-single-stim","250","354214","0.0-5.0-236.0","go-nogo","true","0","","true","<div class = centerbox><div  id = stim1></div></div>","32","32","750","","test","go","236","random","","",""
"","254","32","1386","0","test_block","poldrack-single-stim","251","355644","0.0-5.0-237.0","go-nogo","true","0","","true","<div class = centerbox><div  id = stim1></div></div>","32","32","750","","test","go","237","random","","",""
"","33","32","1101","0","test_block","poldrack-single-stim","252","356796","0.0-5.0-238.0","go-nogo","true","0","","true","<div class = centerbox><div  id = stim1></div></div>","32","32","750","","test","go","238","random","","",""
"","200","32","1147","0","test_block","poldrack-single-stim","253","357987","0.0-5.0-239.0","go-nogo","true","0","","true","<div class = centerbox><div  id = stim1></div></div>","32","32","750","","test","go","239","random","","",""
"","213","32","1472","0","test_block","poldrack-single-stim","254","359507","0.0-5.0-240.0","go-nogo","true","0","","false","<div class = centerbox><div  id = stim2></div></div>","-1","32","750","","test","nogo","240","random","","",""
"","182","32","1432","0","test_block","poldrack-single-stim","255","360979","0.0-5.0-241.0","go-nogo","true","0","","true","<div class = centerbox><div  id = stim1></div></div>","32","32","750","","test","go","241","random","","",""
"","318","32","1200","0","test_block","poldrack-single-stim","256","362218","0.0-5.0-242.0","go-nogo","true","0","","true","<div class = centerbox><div  id = stim1></div></div>","32","32","750","","test","go","242","random","","",""
"","307","32","1438","0","test_block","poldrack-single-stim","257","363700","0.0-5.0-243.0","go-nogo","true","0","","true","<div class = centerbox><div  id = stim1></div></div>","32","32","750","","test","go","243","random","","",""
"","124","32","1163","0","test_block","poldrack-single-stim","258","364903","0.0-5.0-244.0","go-nogo","true","0","","true","<div class = centerbox><div  id = stim1></div></div>","32","32","750","","test","go","244","random","","",""
"","281","32","1122","0","test_block","poldrack-single-stim","259","366066","0.0-5.0-245.0","go-nogo","true","0","","true","<div class = centerbox><div  id = stim1></div></div>","32","32","750","","test","go","245","random","","",""
"","323","32","1133","0","test_block","poldrack-single-stim","260","367242","0.0-5.0-246.0","go-nogo","true","0","","true","<div class = centerbox><div  id = stim1></div></div>","32","32","750","","test","go","246","random","","",""
"","183","32","1111","0","test_block","poldrack-single-stim","261","368393","0.0-5.0-247.0","go-nogo","true","0","","true","<div class = centerbox><div  id = stim1></div></div>","32","32","750","","test","go","247","random","","",""
"","157","32","1187","0","test_block","poldrack-single-stim","262","369630","0.0-5.0-248.0","go-nogo","true","0","","true","<div class = centerbox><div  id = stim1></div></div>","32","32","750","","test","go","248","random","","",""
"","180","32","1284","0","test_block","poldrack-single-stim","263","370961","0.0-5.0-249.0","go-nogo","true","0","","true","<div class = centerbox><div  id = stim1></div></div>","32","32","750","","test","go","249","random","","",""
"","1312","32","1487","0","test_block","poldrack-single-stim","264","372487","0.0-5.0-250.0","go-nogo","true","0","","false","<div class = centerbox><div  id = stim2></div></div>","-1","32","750","","test","nogo","250","random","","",""
"","428","32","1286","0","test_block","poldrack-single-stim","265","373867","0.0-5.0-251.0","go-nogo","true","0","","true","<div class = centerbox><div  id = stim1></div></div>","32","32","750","","test","go","251","random","","",""
"","283","32","1222","0","test_block","poldrack-single-stim","266","375131","0.0-5.0-252.0","go-nogo","true","0","","true","<div class = centerbox><div  id = stim1></div></div>","32","32","750","","test","go","252","random","","",""
"","220","32","1282","0","test_block","poldrack-single-stim","267","376454","0.0-5.0-253.0","go-nogo","true","0","","true","<div class = centerbox><div  id = stim1></div></div>","32","32","750","","test","go","253","random","","",""
"","351","32","1117","0","test_block","poldrack-single-stim","268","377614","0.0-5.0-254.0","go-nogo","true","0","","true","<div class = centerbox><div  id = stim1></div></div>","32","32","750","","test","go","254","random","","",""
"","282","32","1008","0","test_block","poldrack-single-stim","269","378670","0.0-5.0-255.0","go-nogo","true","0","","true","<div class = centerbox><div  id = stim1></div></div>","32","32","750","","test","go","255","random","","",""
"","538","32","1311","0","test_block","poldrack-single-stim","270","380013","0.0-5.0-256.0","go-nogo","true","0","","true","<div class = centerbox><div  id = stim1></div></div>","32","32","750","","test","go","256","random","","",""
"","301","32","1094","0","test_block","poldrack-single-stim","271","381152","0.0-5.0-257.0","go-nogo","true","0","","true","<div class = centerbox><div  id = stim1></div></div>","32","32","750","","test","go","257","random","","",""
"","283","32","1434","0","test_block","poldrack-single-stim","272","382630","0.0-5.0-258.0","go-nogo","true","0","","true","<div class = centerbox><div  id = stim1></div></div>","32","32","750","","test","go","258","random","","",""
"","286","32","1447","0","test_block","poldrack-single-stim","273","384120","0.0-5.0-259.0","go-nogo","true","0","","true","<div class = centerbox><div  id = stim1></div></div>","32","32","750","","test","go","259","random","","",""
"","469","32","1158","0","test_block","poldrack-single-stim","274","385336","0.0-5.0-260.0","go-nogo","true","0","","true","<div class = centerbox><div  id = stim1></div></div>","32","32","750","","test","go","260","random","","",""
"","289","32","1230","0","test_block","poldrack-single-stim","275","386612","0.0-5.0-261.0","go-nogo","true","0","","true","<div class = centerbox><div  id = stim1></div></div>","32","32","750","","test","go","261","random","","",""
"","342","32","1017","0","test_block","poldrack-single-stim","276","387673","0.0-5.0-262.0","go-nogo","true","0","","true","<div class = centerbox><div  id = stim1></div></div>","32","32","750","","test","go","262","random","","",""
"","308","32","1055","0","test_block","poldrack-single-stim","277","388770","0.0-5.0-263.0","go-nogo","true","0","","true","<div class = centerbox><div  id = stim1></div></div>","32","32","750","","test","go","263","random","","",""
"","290","32","1401","0","test_block","poldrack-single-stim","278","390214","0.0-5.0-264.0","go-nogo","true","0","","true","<div class = centerbox><div  id = stim1></div></div>","32","32","750","","test","go","264","random","","",""
"","304","32","1124","0","test_block","poldrack-single-stim","279","391381","0.0-5.0-265.0","go-nogo","true","0","","true","<div class = centerbox><div  id = stim1></div></div>","32","32","750","","test","go","265","random","","",""
"","303","32","1400","0","test_block","poldrack-single-stim","280","392825","0.0-5.0-266.0","go-nogo","true","0","","true","<div class = centerbox><div  id = stim1></div></div>","32","32","750","","test","go","266","random","","",""
"","173","32","1310","0","test_block","poldrack-single-stim","281","394176","0.0-5.0-267.0","go-nogo","true","0","","true","<div class = centerbox><div  id = stim1></div></div>","32","32","750","","test","go","267","random","","",""
"","-1","-1","1030","0","test_block","poldrack-single-stim","282","395248","0.0-5.0-268.0","go-nogo","true","0","","true","<div class = centerbox><div  id = stim2></div></div>","-1","32","750","","test","nogo","268","random","","",""
"","348","32","1368","0","test_block","poldrack-single-stim","283","396661","0.0-5.0-269.0","go-nogo","true","0","","true","<div class = centerbox><div  id = stim1></div></div>","32","32","750","","test","go","269","random","","",""
"","310","32","1130","0","test_block","poldrack-single-stim","284","397836","0.0-5.0-270.0","go-nogo","true","0","","true","<div class = centerbox><div  id = stim1></div></div>","32","32","750","","test","go","270","random","","",""
"","345","32","1094","0","test_block","poldrack-single-stim","285","398972","0.0-5.0-271.0","go-nogo","true","0","","false","<div class = centerbox><div  id = stim2></div></div>","-1","32","750","","test","nogo","271","random","","",""
"","330","32","1276","0","test_block","poldrack-single-stim","286","400297","0.0-5.0-272.0","go-nogo","true","0","","true","<div class = centerbox><div  id = stim1></div></div>","32","32","750","","test","go","272","random","","",""
"","-1","-1","1460","0","test_block","poldrack-single-stim","287","401798","0.0-5.0-273.0","go-nogo","true","0","","true","<div class = centerbox><div  id = stim2></div></div>","-1","32","750","","test","nogo","273","random","","",""
"","296","32","1303","0","test_block","poldrack-single-stim","288","403142","0.0-5.0-274.0","go-nogo","true","0","","true","<div class = centerbox><div  id = stim1></div></div>","32","32","750","","test","go","274","random","","",""
"","334","32","1252","0","test_block","poldrack-single-stim","289","404437","0.0-5.0-275.0","go-nogo","true","0","","true","<div class = centerbox><div  id = stim1></div></div>","32","32","750","","test","go","275","random","","",""
"","324","32","1270","0","test_block","poldrack-single-stim","290","405753","0.0-5.0-276.0","go-nogo","true","0","","true","<div class = centerbox><div  id = stim1></div></div>","32","32","750","","test","go","276","random","","",""
"","300","32","1483","0","test_block","poldrack-single-stim","291","407278","0.0-5.0-277.0","go-nogo","true","0","","true","<div class = centerbox><div  id = stim1></div></div>","32","32","750","","test","go","277","random","","",""
"","-1","-1","1376","0","test_block","poldrack-single-stim","292","408697","0.0-5.0-278.0","go-nogo","true","0","","true","<div class = centerbox><div  id = stim2></div></div>","-1","32","750","","test","nogo","278","random","","",""
"","257","32","1347","0","test_block","poldrack-single-stim","293","410089","0.0-5.0-279.0","go-nogo","true","0","","true","<div class = centerbox><div  id = stim1></div></div>","32","32","750","","test","go","279","random","","",""
"","339","32","1312","0","test_block","poldrack-single-stim","294","411446","0.0-5.0-280.0","go-nogo","true","0","","true","<div class = centerbox><div  id = stim1></div></div>","32","32","750","","test","go","280","random","","",""
"","302","32","1107","0","test_block","poldrack-single-stim","295","412597","0.0-5.0-281.0","go-nogo","true","0","","true","<div class = centerbox><div  id = stim1></div></div>","32","32","750","","test","go","281","random","","",""
"","305","32","1231","0","test_block","poldrack-single-stim","296","413869","0.0-5.0-282.0","go-nogo","true","0","","true","<div class = centerbox><div  id = stim1></div></div>","32","32","750","","test","go","282","random","","",""
"","328","32","1101","0","test_block","poldrack-single-stim","297","415013","0.0-5.0-283.0","go-nogo","true","0","","true","<div class = centerbox><div  id = stim1></div></div>","32","32","750","","test","go","283","random","","",""
"","354","32","1185","0","test_block","poldrack-single-stim","298","416247","0.0-5.0-284.0","go-nogo","true","0","","false","<div class = centerbox><div  id = stim2></div></div>","-1","32","750","","test","nogo","284","random","","",""
"","284","32","1085","0","test_block","poldrack-single-stim","299","417424","0.0-5.0-285.0","go-nogo","true","0","","true","<div class = centerbox><div  id = stim1></div></div>","32","32","750","","test","go","285","random","","",""
"","314","32","1303","0","test_block","poldrack-single-stim","300","418773","0.0-5.0-286.0","go-nogo","true","0","","true","<div class = centerbox><div  id = stim1></div></div>","32","32","750","","test","go","286","random","","",""
"","303","32","1220","0","test_block","poldrack-single-stim","301","420036","0.0-5.0-287.0","go-nogo","true","0","","true","<div class = centerbox><div  id = stim1></div></div>","32","32","750","","test","go","287","random","","",""
"","-1","-1","1180","0","test_block","poldrack-single-stim","302","421268","0.0-5.0-288.0","go-nogo","true","0","","true","<div class = centerbox><div  id = stim2></div></div>","-1","32","750","","test","nogo","288","random","","",""
"","339","32","1153","0","test_block","poldrack-single-stim","303","422462","0.0-5.0-289.0","go-nogo","true","0","","true","<div class = centerbox><div  id = stim1></div></div>","32","32","750","","test","go","289","random","","",""
"","325","32","1240","0","test_block","poldrack-single-stim","304","423746","0.0-5.0-290.0","go-nogo","true","0","","true","<div class = centerbox><div  id = stim1></div></div>","32","32","750","","test","go","290","random","","",""
"","355","32","1172","0","test_block","poldrack-single-stim","305","424961","0.0-5.0-291.0","go-nogo","true","0","","true","<div class = centerbox><div  id = stim1></div></div>","32","32","750","","test","go","291","random","","",""
"","479","32","1380","0","test_block","poldrack-single-stim","306","426381","0.0-5.0-292.0","go-nogo","true","0","","true","<div class = centerbox><div  id = stim1></div></div>","32","32","750","","test","go","292","random","","",""
"","387","32","1361","0","test_block","poldrack-single-stim","307","427781","0.0-5.0-293.0","go-nogo","true","0","","true","<div class = centerbox><div  id = stim1></div></div>","32","32","750","","test","go","293","random","","",""
"","321","32","1000","0","test_block","poldrack-single-stim","308","428822","0.0-5.0-294.0","go-nogo","true","0","","true","<div class = centerbox><div  id = stim1></div></div>","32","32","750","","test","go","294","random","","",""
"","335","32","1150","0","test_block","poldrack-single-stim","309","430014","0.0-5.0-295.0","go-nogo","true","0","","false","<div class = centerbox><div  id = stim2></div></div>","-1","32","750","","test","nogo","295","random","","",""
"","302","32","1453","0","test_block","poldrack-single-stim","310","431510","0.0-5.0-296.0","go-nogo","true","0","","true","<div class = centerbox><div  id = stim1></div></div>","32","32","750","","test","go","296","random","","",""
"","259","32","1021","0","test_block","poldrack-single-stim","311","432569","0.0-5.0-297.0","go-nogo","true","0","","true","<div class = centerbox><div  id = stim1></div></div>","32","32","750","","test","go","297","random","","",""
"","348","32","1343","0","test_block","poldrack-single-stim","312","433954","0.0-5.0-298.0","go-nogo","true","0","","true","<div class = centerbox><div  id = stim1></div></div>","32","32","750","","test","go","298","random","","",""
"","315","32","1193","0","test_block","poldrack-single-stim","313","435189","0.0-5.0-299.0","go-nogo","true","0","","true","<div class = centerbox><div  id = stim1></div></div>","32","32","750","","test","go","299","random","","",""
"","321","32","1102","0","test_block","poldrack-single-stim","314","436332","0.0-5.0-300.0","go-nogo","true","0","","false","<div class = centerbox><div  id = stim2></div></div>","-1","32","750","","test","nogo","300","random","","",""
"","315","32","1086","0","test_block","poldrack-single-stim","315","437457","0.0-5.0-301.0","go-nogo","true","0","","true","<div class = centerbox><div  id = stim1></div></div>","32","32","750","","test","go","301","random","","",""
"","-1","-1","1471","0","test_block","poldrack-single-stim","316","438972","0.0-5.0-302.0","go-nogo","true","0","","true","<div class = centerbox><div  id = stim2></div></div>","-1","32","750","","test","nogo","302","random","","",""
"","138","32","1339","0","test_block","poldrack-single-stim","317","440352","0.0-5.0-303.0","go-nogo","true","0","","true","<div class = centerbox><div  id = stim1></div></div>","32","32","750","","test","go","303","random","","",""
"","428","32","1113","0","test_block","poldrack-single-stim","318","441508","0.0-5.0-304.0","go-nogo","true","0","","true","<div class = centerbox><div  id = stim1></div></div>","32","32","750","","test","go","304","random","","",""
"","407","32","1041","0","test_block","poldrack-single-stim","319","442592","0.0-5.0-305.0","go-nogo","true","0","","true","<div class = centerbox><div  id = stim1></div></div>","32","32","750","","test","go","305","random","","",""
"","396","32","1402","0","test_block","poldrack-single-stim","320","444037","0.0-5.0-306.0","go-nogo","true","0","","true","<div class = centerbox><div  id = stim1></div></div>","32","32","750","","test","go","306","random","","",""
"","401","32","1266","0","test_block","poldrack-single-stim","321","445343","0.0-5.0-307.0","go-nogo","true","0","","true","<div class = centerbox><div  id = stim1></div></div>","32","32","750","","test","go","307","random","","",""
"","442","32","1232","0","test_block","poldrack-single-stim","322","446629","0.0-5.0-308.0","go-nogo","true","0","","true","<div class = centerbox><div  id = stim1></div></div>","32","32","750","","test","go","308","random","","",""
"","386","32","1235","0","test_block","poldrack-single-stim","323","447969","0.0-5.0-309.0","go-nogo","true","0","","true","<div class = centerbox><div  id = stim1></div></div>","32","32","750","","test","go","309","random","","",""
"","462","32","1015","0","test_block","poldrack-single-stim","324","449025","0.0-5.0-310.0","go-nogo","true","0","","true","<div class = centerbox><div  id = stim1></div></div>","32","32","750","","test","go","310","random","","",""
"","391","32","1477","0","test_block","poldrack-single-stim","325","450541","0.0-5.0-311.0","go-nogo","true","0","","true","<div class = centerbox><div  id = stim1></div></div>","32","32","750","","test","go","311","random","","",""
"","477","32","1465","0","test_block","poldrack-single-stim","326","452051","0.0-5.0-312.0","go-nogo","true","0","","true","<div class = centerbox><div  id = stim1></div></div>","32","32","750","","test","go","312","random","","",""
"","348","32","1393","0","test_block","poldrack-single-stim","327","453484","0.0-5.0-313.0","go-nogo","true","0","","true","<div class = centerbox><div  id = stim1></div></div>","32","32","750","","test","go","313","random","","",""
"","336","32","1432","0","test_block","poldrack-single-stim","328","454959","0.0-5.0-314.0","go-nogo","true","0","","true","<div class = centerbox><div  id = stim1></div></div>","32","32","750","","test","go","314","random","","",""
"","327","32","1016","0","test_block","poldrack-single-stim","329","456016","0.0-5.0-315.0","go-nogo","true","0","","true","<div class = centerbox><div  id = stim1></div></div>","32","32","750","","test","go","315","random","","",""
"","336","32","1073","0","test_block","poldrack-single-stim","330","457127","0.0-5.0-316.0","go-nogo","true","0","","true","<div class = centerbox><div  id = stim1></div></div>","32","32","750","","test","go","316","random","","",""
"","385","32","1087","0","test_block","poldrack-single-stim","331","458252","0.0-5.0-317.0","go-nogo","true","0","","true","<div class = centerbox><div  id = stim1></div></div>","32","32","750","","test","go","317","random","","",""
"","303","32","1053","0","test_block","poldrack-single-stim","332","459348","0.0-5.0-318.0","go-nogo","true","0","","true","<div class = centerbox><div  id = stim1></div></div>","32","32","750","","test","go","318","random","","",""
"","300","32","1205","0","test_block","poldrack-single-stim","333","460591","0.0-5.0-319.0","go-nogo","true","0","","true","<div class = centerbox><div  id = stim1></div></div>","32","32","750","","test","go","319","random","","",""
"","297","32","1301","0","test_block","poldrack-single-stim","334","461930","0.0-5.0-320.0","go-nogo","true","0","","true","<div class = centerbox><div  id = stim1></div></div>","32","32","750","","test","go","320","random","","",""
"","334","32","1373","0","test_block","poldrack-single-stim","335","463350","0.0-5.0-321.0","go-nogo","true","0","","true","<div class = centerbox><div  id = stim1></div></div>","32","32","750","","test","go","321","random","","",""
"","333","32","1396","0","test_block","poldrack-single-stim","336","464789","0.0-5.0-322.0","go-nogo","true","0","","true","<div class = centerbox><div  id = stim1></div></div>","32","32","750","","test","go","322","random","","",""
"","308","32","1349","0","test_block","poldrack-single-stim","337","466183","0.0-5.0-323.0","go-nogo","true","0","","true","<div class = centerbox><div  id = stim1></div></div>","32","32","750","","test","go","323","random","","",""
"","343","32","1452","0","test_block","poldrack-single-stim","338","467675","0.0-5.0-324.0","go-nogo","true","0","","true","<div class = centerbox><div  id = stim1></div></div>","32","32","750","","test","go","324","random","","",""
"","330","32","1360","0","test_block","poldrack-single-stim","339","469084","0.0-5.0-325.0","go-nogo","true","0","","true","<div class = centerbox><div  id = stim1></div></div>","32","32","750","","test","go","325","random","","",""
"","296","32","1043","0","test_block","poldrack-single-stim","340","470168","0.0-5.0-326.0","go-nogo","true","0","","true","<div class = centerbox><div  id = stim1></div></div>","32","32","750","","test","go","326","random","","",""
"","365","32","1376","0","test_block","poldrack-single-stim","341","471586","0.0-5.0-327.0","go-nogo","true","0","","true","<div class = centerbox><div  id = stim1></div></div>","32","32","750","","test","go","327","random","","",""
"","321","32","1492","0","test_block","poldrack-single-stim","342","473123","0.0-5.0-328.0","go-nogo","true","0","","true","<div class = centerbox><div  id = stim1></div></div>","32","32","750","","test","go","328","random","","",""
"","287","32","1267","0","test_block","poldrack-single-stim","343","474435","0.0-5.0-329.0","go-nogo","true","0","","true","<div class = centerbox><div  id = stim1></div></div>","32","32","750","","test","go","329","random","","",""
"","301","32","1308","0","test_block","poldrack-single-stim","344","475782","0.0-5.0-330.0","go-nogo","true","0","","true","<div class = centerbox><div  id = stim1></div></div>","32","32","750","","test","go","330","random","","",""
"","226","32","1242","0","test_block","poldrack-single-stim","345","477063","0.0-5.0-331.0","go-nogo","true","0","","true","<div class = centerbox><div  id = stim1></div></div>","32","32","750","","test","go","331","random","","",""
"","338","32","1238","0","test_block","poldrack-single-stim","346","478348","0.0-5.0-332.0","go-nogo","true","0","","true","<div class = centerbox><div  id = stim1></div></div>","32","32","750","","test","go","332","random","","",""
"","303","32","1287","0","test_block","poldrack-single-stim","347","479679","0.0-5.0-333.0","go-nogo","true","0","","true","<div class = centerbox><div  id = stim1></div></div>","32","32","750","","test","go","333","random","","",""
"","296","32","1044","0","test_block","poldrack-single-stim","348","480763","0.0-5.0-334.0","go-nogo","true","0","","true","<div class = centerbox><div  id = stim1></div></div>","32","32","750","","test","go","334","random","","",""
"","333","32","1289","0","test_block","poldrack-single-stim","349","482091","0.0-5.0-335.0","go-nogo","true","0","","true","<div class = centerbox><div  id = stim1></div></div>","32","32","750","","test","go","335","random","","",""
"","304","32","1314","0","test_block","poldrack-single-stim","350","483449","0.0-5.0-336.0","go-nogo","true","0","","true","<div class = centerbox><div  id = stim1></div></div>","32","32","750","","test","go","336","random","","",""
"","314","32","1421","0","test_block","poldrack-single-stim","351","484914","0.0-5.0-337.0","go-nogo","true","0","","true","<div class = centerbox><div  id = stim1></div></div>","32","32","750","","test","go","337","random","","",""
"","331","32","1259","0","test_block","poldrack-single-stim","352","486215","0.0-5.0-338.0","go-nogo","true","0","","true","<div class = centerbox><div  id = stim1></div></div>","32","32","750","","test","go","338","random","","",""
"","273","32","1293","0","test_block","poldrack-single-stim","353","487555","0.0-5.0-339.0","go-nogo","true","0","","true","<div class = centerbox><div  id = stim1></div></div>","32","32","750","","test","go","339","random","","",""
"","329","32","1070","0","test_block","poldrack-single-stim","354","488667","0.0-5.0-340.0","go-nogo","true","0","","true","<div class = centerbox><div  id = stim1></div></div>","32","32","750","","test","go","340","random","","",""
"","335","32","1187","0","test_block","poldrack-single-stim","355","489906","0.0-5.0-341.0","go-nogo","true","0","","true","<div class = centerbox><div  id = stim1></div></div>","32","32","750","","test","go","341","random","","",""
"","332","32","1191","0","test_block","poldrack-single-stim","356","491138","0.0-5.0-342.0","go-nogo","true","0","","true","<div class = centerbox><div  id = stim1></div></div>","32","32","750","","test","go","342","random","","",""
"","339","32","1049","0","test_block","poldrack-single-stim","357","492236","0.0-5.0-343.0","go-nogo","true","0","","true","<div class = centerbox><div  id = stim1></div></div>","32","32","750","","test","go","343","random","","",""
"","350","32","1033","0","test_block","poldrack-single-stim","358","493299","0.0-5.0-344.0","go-nogo","true","0","","true","<div class = centerbox><div  id = stim1></div></div>","32","32","750","","test","go","344","random","","",""
"","316","32","1444","0","test_block","poldrack-single-stim","359","494783","0.0-5.0-345.0","go-nogo","true","0","","false","<div class = centerbox><div  id = stim2></div></div>","-1","32","750","","test","nogo","345","random","","",""
"","317","32","1218","0","test_block","poldrack-single-stim","360","496044","0.0-5.0-346.0","go-nogo","true","0","","true","<div class = centerbox><div  id = stim1></div></div>","32","32","750","","test","go","346","random","","",""
"","342","32","1150","0","test_block","poldrack-single-stim","361","497239","0.0-5.0-347.0","go-nogo","true","0","","true","<div class = centerbox><div  id = stim1></div></div>","32","32","750","","test","go","347","random","","",""
"","412","32","1150","0","test_block","poldrack-single-stim","362","498425","0.0-5.0-348.0","go-nogo","true","0","","true","<div class = centerbox><div  id = stim1></div></div>","32","32","750","","test","go","348","random","","",""
"","388","32","1388","0","test_block","poldrack-single-stim","363","499855","0.0-5.0-349.0","go-nogo","true","0","","true","<div class = centerbox><div  id = stim1></div></div>","32","32","750","","test","go","349","random","","",""
"","13683","","","","post task questions","survey-text","364","513588","0.0-7.0","go-nogo","true","0","","","","","","","","","","","","{""Q0"":""NICE"",""Q1"":""GOOD""}","",""
