"text","rt","key_press","block_duration","timing_post_trial","trial_id","trial_type","trial_index","time_elapsed","internal_node_id","exp_id","full_screen","focus_shifts","view_history","correct","stimulus","correct_response","possible_responses","stim_duration","feedback_duration","exp_stage","condition","trial_num","mode","responses","payment_id","credit_var"
"<div class = centerbox><p class = center-block-text>Welcome to the experiment. This task will take around 10 minutes. Press <strong>enter</strong> to begin.</p></div>","6286","13","6286","0","instruction","poldrack-text","0","6289","0.0-0.0-0.0","go-nogo","true","0","","","","","","","","","","","","","",""
"","14588","","","","instruction","poldrack-instructions","1","20878","0.0-0.0-1.0","go-nogo","true","0","[{""page_index"":0,""viewing_time"":14587}]","","","","","","","","","","","","",""
"","-1","-1","1349","250","practice","poldrack-categorize","2","24236","0.0-1.0-0.0","go-nogo","true","0","","true","<div class = centerbox><div id = stim1></div></div>","-1","32","750","1000","practice","nogo","0","random","","",""
"","477","32","1178","250","practice","poldrack-categorize","3","26671","0.0-1.0-1.0","go-nogo","true","0","","true","<div class = centerbox><div  id = stim2></div></div>","32","32","750","1000","practice","go","1","random","","",""
"","390","32","1019","250","practice","poldrack-categorize","4","28947","0.0-1.0-2.0","go-nogo","true","0","","true","<div class = centerbox><div  id = stim2></div></div>","32","32","750","1000","practice","go","2","random","","",""
"","330","32","1494","250","practice","poldrack-categorize","5","31696","0.0-1.0-3.0","go-nogo","true","0","","true","<div class = centerbox><div  id = stim2></div></div>","32","32","750","1000","practice","go","3","random","","",""
"","461","32","1325","250","practice","poldrack-categorize","6","34277","0.0-1.0-4.0","go-nogo","true","0","","true","<div class = centerbox><div  id = stim2></div></div>","32","32","750","1000","practice","go","4","random","","",""
"","-1","-1","1048","250","practice","poldrack-categorize","7","36581","0.0-1.0-5.0","go-nogo","true","0","","true","<div class = centerbox><div id = stim1></div></div>","-1","32","750","1000","practice","nogo","5","random","","",""
"","-1","-1","1164","250","practice","poldrack-categorize","8","39002","0.0-1.0-6.0","go-nogo","true","0","","true","<div class = centerbox><div id = stim1></div></div>","-1","32","750","1000","practice","nogo","6","random","","",""
"","418","32","1263","250","practice","poldrack-categorize","9","41522","0.0-1.0-7.0","go-nogo","true","0","","true","<div class = centerbox><div  id = stim2></div></div>","32","32","750","1000","practice","go","7","random","","",""
"","401","32","1351","250","practice","poldrack-categorize","10","44129","0.0-1.0-8.0","go-nogo","true","0","","false","<div class = centerbox><div id = stim1></div></div>","-1","32","750","1000","practice","nogo","8","random","","",""
"","-1","-1","1282","250","practice","poldrack-categorize","11","46667","0.0-1.0-9.0","go-nogo","true","0","","true","<div class = centerbox><div id = stim1></div></div>","-1","32","750","1000","practice","nogo","9","random","","",""
"","","","","","reset_trial","call-function","12","46918","0.0-3.0","go-nogo","true","0","","","","","","","","","","","","","",""
"<div class = centerbox><p class = block-text>Practice is over, we will now begin the experiment. You will no longer get feedback about your responses.</p><p class = block-text>Remember, if you see the <font color=""blue"">blue</font> square you should <strong> respond by pressing the spacebar as quickly as possible</strong>. If you see the <font color=""orange"">orange</font> square you should <strong> not respond</strong>. Press <strong>enter</strong> to begin.</p></div>","6132","13","6132","1000","test_intro","poldrack-text","13","53052","0.0-4.0","go-nogo","true","0","","","","","","","","","","","","","",""
"","460","32","1094","0","test_block","poldrack-single-stim","14","55150","0.0-5.0-0.0","go-nogo","true","0","","true","<div class = centerbox><div  id = stim2></div></div>","32","32","750","","test","go","0","random","","",""
"","474","32","1058","0","test_block","poldrack-single-stim","15","56266","0.0-5.0-1.0","go-nogo","true","0","","true","<div class = centerbox><div  id = stim2></div></div>","32","32","750","","test","go","1","random","","",""
"","427","32","1164","0","test_block","poldrack-single-stim","16","57462","0.0-5.0-2.0","go-nogo","true","0","","true","<div class = centerbox><div  id = stim2></div></div>","32","32","750","","test","go","2","random","","",""
"","376","32","1229","0","test_block","poldrack-single-stim","17","58721","0.0-5.0-3.0","go-nogo","true","0","","true","<div class = centerbox><div  id = stim2></div></div>","32","32","750","","test","go","3","random","","",""
"","335","32","1181","0","test_block","poldrack-single-stim","18","59932","0.0-5.0-4.0","go-nogo","true","0","","true","<div class = centerbox><div  id = stim2></div></div>","32","32","750","","test","go","4","random","","",""
"","334","32","1404","0","test_block","poldrack-single-stim","19","61366","0.0-5.0-5.0","go-nogo","true","0","","true","<div class = centerbox><div  id = stim2></div></div>","32","32","750","","test","go","5","random","","",""
"","419","32","1183","0","test_block","poldrack-single-stim","20","62578","0.0-5.0-6.0","go-nogo","true","0","","true","<div class = centerbox><div  id = stim2></div></div>","32","32","750","","test","go","6","random","","",""
"","364","32","1264","0","test_block","poldrack-single-stim","21","63870","0.0-5.0-7.0","go-nogo","true","0","","true","<div class = centerbox><div  id = stim2></div></div>","32","32","750","","test","go","7","random","","",""
"","-1","-1","1192","0","test_block","poldrack-single-stim","22","65092","0.0-5.0-8.0","go-nogo","true","0","","true","<div class = centerbox><div  id = stim1></div></div>","-1","32","750","","test","nogo","8","random","","",""
"","400","32","1389","0","test_block","poldrack-single-stim","23","66509","0.0-5.0-9.0","go-nogo","true","0","","true","<div class = centerbox><div  id = stim2></div></div>","32","32","750","","test","go","9","random","","",""
"","380","32","1241","0","test_block","poldrack-single-stim","24","67776","0.0-5.0-10.0","go-nogo","true","0","","true","<div class = centerbox><div  id = stim2></div></div>","32","32","750","","test","go","10","random","","",""
"","-1","-1","1125","0","test_block","poldrack-single-stim","25","68939","0.0-5.0-11.0","go-nogo","true","0","","true","<div class = centerbox><div  id = stim1></div></div>","-1","32","750","","test","nogo","11","random","","",""
"","419","32","1394","0","test_block","poldrack-single-stim","26","70359","0.0-5.0-12.0","go-nogo","true","0","","true","<div class = centerbox><div  id = stim2></div></div>","32","32","750","","test","go","12","random","","",""
"","500","32","1463","0","test_block","poldrack-single-stim","27","71846","0.0-5.0-13.0","go-nogo","true","0","","true","<div class = centerbox><div  id = stim2></div></div>","32","32","750","","test","go","13","random","","",""
"","392","32","1285","0","test_block","poldrack-single-stim","28","73155","0.0-5.0-14.0","go-nogo","true","0","","true","<div class = centerbox><div  id = stim2></div></div>","32","32","750","","test","go","14","random","","",""
"","326","32","1277","0","test_block","poldrack-single-stim","29","74457","0.0-5.0-15.0","go-nogo","true","0","","true","<div class = centerbox><div  id = stim2></div></div>","32","32","750","","test","go","15","random","","",""
"","333","32","1412","0","test_block","poldrack-single-stim","30","75893","0.0-5.0-16.0","go-nogo","true","0","","true","<div class = centerbox><div  id = stim2></div></div>","32","32","750","","test","go","16","random","","",""
"","336","32","1352","0","test_block","poldrack-single-stim","31","77269","0.0-5.0-17.0","go-nogo","true","0","","true","<div class = centerbox><div  id = stim2></div></div>","32","32","750","","test","go","17","random","","",""
"","313","32","1136","0","test_block","poldrack-single-stim","32","78430","0.0-5.0-18.0","go-nogo","true","0","","true","<div class = centerbox><div  id = stim2></div></div>","32","32","750","","test","go","18","random","","",""
"","313","32","1153","0","test_block","poldrack-single-stim","33","79607","0.0-5.0-19.0","go-nogo","true","0","","true","<div class = centerbox><div  id = stim2></div></div>","32","32","750","","test","go","19","random","","",""
"","316","32","1337","0","test_block","poldrack-single-stim","34","80969","0.0-5.0-20.0","go-nogo","true","0","","true","<div class = centerbox><div  id = stim2></div></div>","32","32","750","","test","go","20","random","","",""
"","355","32","1055","0","test_block","poldrack-single-stim","35","82047","0.0-5.0-21.0","go-nogo","true","0","","true","<div class = centerbox><div  id = stim2></div></div>","32","32","750","","test","go","21","random","","",""
"","391","32","1076","0","test_block","poldrack-single-stim","36","83150","0.0-5.0-22.0","go-nogo","true","0","","true","<div class = centerbox><div  id = stim2></div></div>","32","32","750","","test","go","22","random","","",""
"","291","32","1453","0","test_block","poldrack-single-stim","37","84628","0.0-5.0-23.0","go-nogo","true","0","","true","<div class = centerbox><div  id = stim2></div></div>","32","32","750","","test","go","23","random","","",""
"","457","32","1456","0","test_block","poldrack-single-stim","38","86107","0.0-5.0-24.0","go-nogo","true","0","","true","<div class = centerbox><div  id = stim2></div></div>","32","32","750","","test","go","24","random","","",""
"","320","32","1043","0","test_block","poldrack-single-stim","39","87173","0.0-5.0-25.0","go-nogo","true","0","","true","<div class = centerbox><div  id = stim2></div></div>","32","32","750","","test","go","25","random","","",""
"","382","32","1126","0","test_block","poldrack-single-stim","40","88322","0.0-5.0-26.0","go-nogo","true","0","","true","<div class = centerbox><div  id = stim2></div></div>","32","32","750","","test","go","26","random","","",""
"","301","32","1093","0","test_block","poldrack-single-stim","41","89440","0.0-5.0-27.0","go-nogo","true","0","","true","<div class = centerbox><div  id = stim2></div></div>","32","32","750","","test","go","27","random","","",""
"","283","32","1475","0","test_block","poldrack-single-stim","42","90941","0.0-5.0-28.0","go-nogo","true","0","","true","<div class = centerbox><div  id = stim2></div></div>","32","32","750","","test","go","28","random","","",""
"","395","32","1105","0","test_block","poldrack-single-stim","43","92071","0.0-5.0-29.0","go-nogo","true","0","","true","<div class = centerbox><div  id = stim2></div></div>","32","32","750","","test","go","29","random","","",""
"","315","32","1114","0","test_block","poldrack-single-stim","44","93211","0.0-5.0-30.0","go-nogo","true","0","","true","<div class = centerbox><div  id = stim2></div></div>","32","32","750","","test","go","30","random","","",""
"","318","32","1295","0","test_block","poldrack-single-stim","45","94534","0.0-5.0-31.0","go-nogo","true","0","","true","<div class = centerbox><div  id = stim2></div></div>","32","32","750","","test","go","31","random","","",""
"","317","32","1274","0","test_block","poldrack-single-stim","46","95832","0.0-5.0-32.0","go-nogo","true","0","","true","<div class = centerbox><div  id = stim2></div></div>","32","32","750","","test","go","32","random","","",""
"","323","32","1258","0","test_block","poldrack-single-stim","47","97113","0.0-5.0-33.0","go-nogo","true","0","","true","<div class = centerbox><div  id = stim2></div></div>","32","32","750","","test","go","33","random","","",""
"","320","32","1364","0","test_block","poldrack-single-stim","48","98500","0.0-5.0-34.0","go-nogo","true","0","","true","<div class = centerbox><div  id = stim2></div></div>","32","32","750","","test","go","34","random","","",""
"","309","32","1489","0","test_block","poldrack-single-stim","49","100012","0.0-5.0-35.0","go-nogo","true","0","","true","<div class = centerbox><div  id = stim2></div></div>","32","32","750","","test","go","35","random","","",""
"","344","32","1399","0","test_block","poldrack-single-stim","50","101437","0.0-5.0-36.0","go-nogo","true","0","","true","<div class = centerbox><div  id = stim2></div></div>","32","32","750","","test","go","36","random","","",""
"","319","32","1375","0","test_block","poldrack-single-stim","51","102838","0.0-5.0-37.0","go-nogo","true","0","","true","<div class = centerbox><div  id = stim2></div></div>","32","32","750","","test","go","37","random","","",""
"","305","32","1327","0","test_block","poldrack-single-stim","52","104188","0.0-5.0-38.0","go-nogo","true","0","","true","<div class = centerbox><div  id = stim2></div></div>","32","32","750","","test","go","38","random","","",""
"","292","32","1226","0","test_block","poldrack-single-stim","53","105438","0.0-5.0-39.0","go-nogo","true","0","","true","<div class = centerbox><div  id = stim2></div></div>","32","32","750","","test","go","39","random","","",""
"","353","32","1449","0","test_block","poldrack-single-stim","54","106912","0.0-5.0-40.0","go-nogo","true","0","","true","<div class = centerbox><div  id = stim2></div></div>","32","32","750","","test","go","40","random","","",""
"","314","32","1335","0","test_block","poldrack-single-stim","55","108271","0.0-5.0-41.0","go-nogo","true","0","","true","<div class = centerbox><div  id = stim2></div></div>","32","32","750","","test","go","41","random","","",""
"","269","32","1058","0","test_block","poldrack-single-stim","56","109351","0.0-5.0-42.0","go-nogo","true","0","","true","<div class = centerbox><div  id = stim2></div></div>","32","32","750","","test","go","42","random","","",""
"","317","32","1446","0","test_block","poldrack-single-stim","57","110819","0.0-5.0-43.0","go-nogo","true","0","","true","<div class = centerbox><div  id = stim2></div></div>","32","32","750","","test","go","43","random","","",""
"","322","32","1014","0","test_block","poldrack-single-stim","58","111869","0.0-5.0-44.0","go-nogo","true","0","","true","<div class = centerbox><div  id = stim2></div></div>","32","32","750","","test","go","44","random","","",""
"","373","32","1017","0","test_block","poldrack-single-stim","59","112912","0.0-5.0-45.0","go-nogo","true","0","","true","<div class = centerbox><div  id = stim2></div></div>","32","32","750","","test","go","45","random","","",""
"","300","32","1443","0","test_block","poldrack-single-stim","60","114378","0.0-5.0-46.0","go-nogo","true","0","","true","<div class = centerbox><div  id = stim2></div></div>","32","32","750","","test","go","46","random","","",""
"","335","32","1163","0","test_block","poldrack-single-stim","61","115567","0.0-5.0-47.0","go-nogo","true","0","","true","<div class = centerbox><div  id = stim2></div></div>","32","32","750","","test","go","47","random","","",""
"","290","32","1429","0","test_block","poldrack-single-stim","62","117021","0.0-5.0-48.0","go-nogo","true","0","","true","<div class = centerbox><div  id = stim2></div></div>","32","32","750","","test","go","48","random","","",""
"","340","32","1358","0","test_block","poldrack-single-stim","63","118402","0.0-5.0-49.0","go-nogo","true","0","","true","<div class = centerbox><div  id = stim2></div></div>","32","32","750","","test","go","49","random","","",""
"","270","32","1282","0","test_block","poldrack-single-stim","64","119708","0.0-5.0-50.0","go-nogo","true","0","","true","<div class = centerbox><div  id = stim2></div></div>","32","32","750","","test","go","50","random","","",""
"","318","32","1475","0","test_block","poldrack-single-stim","65","121207","0.0-5.0-51.0","go-nogo","true","0","","true","<div class = centerbox><div  id = stim2></div></div>","32","32","750","","test","go","51","random","","",""
"","308","32","1022","0","test_block","poldrack-single-stim","66","122251","0.0-5.0-52.0","go-nogo","true","0","","true","<div class = centerbox><div  id = stim2></div></div>","32","32","750","","test","go","52","random","","",""
"","317","32","1459","0","test_block","poldrack-single-stim","67","123735","0.0-5.0-53.0","go-nogo","true","0","","true","<div class = centerbox><div  id = stim2></div></div>","32","32","750","","test","go","53","random","","",""
"","302","32","1295","0","test_block","poldrack-single-stim","68","125056","0.0-5.0-54.0","go-nogo","true","0","","true","<div class = centerbox><div  id = stim2></div></div>","32","32","750","","test","go","54","random","","",""
"","304","32","1153","0","test_block","poldrack-single-stim","69","126232","0.0-5.0-55.0","go-nogo","true","0","","true","<div class = centerbox><div  id = stim2></div></div>","32","32","750","","test","go","55","random","","",""
"","240","32","1031","0","test_block","poldrack-single-stim","70","127286","0.0-5.0-56.0","go-nogo","true","0","","true","<div class = centerbox><div  id = stim2></div></div>","32","32","750","","test","go","56","random","","",""
"","295","32","1220","0","test_block","poldrack-single-stim","71","128529","0.0-5.0-57.0","go-nogo","true","0","","true","<div class = centerbox><div  id = stim2></div></div>","32","32","750","","test","go","57","random","","",""
"","310","32","1151","0","test_block","poldrack-single-stim","72","129704","0.0-5.0-58.0","go-nogo","true","0","","true","<div class = centerbox><div  id = stim2></div></div>","32","32","750","","test","go","58","random","","",""
"","287","32","1006","0","test_block","poldrack-single-stim","73","130737","0.0-5.0-59.0","go-nogo","true","0","","true","<div class = centerbox><div  id = stim2></div></div>","32","32","750","","test","go","59","random","","",""
"","273","32","1315","0","test_block","poldrack-single-stim","74","132077","0.0-5.0-60.0","go-nogo","true","0","","true","<div class = centerbox><div  id = stim2></div></div>","32","32","750","","test","go","60","random","","",""
"","3","32","1094","0","test_block","poldrack-single-stim","75","133195","0.0-5.0-61.0","go-nogo","true","0","","true","<div class = centerbox><div  id = stim2></div></div>","32","32","750","","test","go","61","random","","",""
"","285","32","1095","0","test_block","poldrack-single-stim","76","134312","0.0-5.0-62.0","go-nogo","true","0","","true","<div class = centerbox><div  id = stim2></div></div>","32","32","750","","test","go","62","random","","",""
"","281","32","1272","0","test_block","poldrack-single-stim","77","135607","0.0-5.0-63.0","go-nogo","true","0","","true","<div class = centerbox><div  id = stim2></div></div>","32","32","750","","test","go","63","random","","",""
"","372","32","1137","0","test_block","poldrack-single-stim","78","136767","0.0-5.0-64.0","go-nogo","true","0","","true","<div class = centerbox><div  id = stim2></div></div>","32","32","750","","test","go","64","random","","",""
"","301","32","1307","0","test_block","poldrack-single-stim","79","138096","0.0-5.0-65.0","go-nogo","true","0","","true","<div class = centerbox><div  id = stim2></div></div>","32","32","750","","test","go","65","random","","",""
"","111","32","1219","0","test_block","poldrack-single-stim","80","139338","0.0-5.0-66.0","go-nogo","true","0","","true","<div class = centerbox><div  id = stim2></div></div>","32","32","750","","test","go","66","random","","",""
"","246","32","1055","0","test_block","poldrack-single-stim","81","140417","0.0-5.0-67.0","go-nogo","true","0","","true","<div class = centerbox><div  id = stim2></div></div>","32","32","750","","test","go","67","random","","",""
"","259","32","1163","0","test_block","poldrack-single-stim","82","141602","0.0-5.0-68.0","go-nogo","true","0","","true","<div class = centerbox><div  id = stim2></div></div>","32","32","750","","test","go","68","random","","",""
"","271","32","1226","0","test_block","poldrack-single-stim","83","142852","0.0-5.0-69.0","go-nogo","true","0","","true","<div class = centerbox><div  id = stim2></div></div>","32","32","750","","test","go","69","random","","",""
"","924","32","1471","0","test_block","poldrack-single-stim","84","144344","0.0-5.0-70.0","go-nogo","true","0","","true","<div class = centerbox><div  id = stim2></div></div>","32","32","750","","test","go","70","random","","",""
"","545","32","1419","0","test_block","poldrack-single-stim","85","145785","0.0-5.0-71.0","go-nogo","true","0","","true","<div class = centerbox><div  id = stim2></div></div>","32","32","750","","test","go","71","random","","",""
"","287","32","1030","0","test_block","poldrack-single-stim","86","146840","0.0-5.0-72.0","go-nogo","true","0","","true","<div class = centerbox><div  id = stim2></div></div>","32","32","750","","test","go","72","random","","",""
"","301","32","1402","0","test_block","poldrack-single-stim","87","148264","0.0-5.0-73.0","go-nogo","true","0","","true","<div class = centerbox><div  id = stim2></div></div>","32","32","750","","test","go","73","random","","",""
"","251","32","1237","0","test_block","poldrack-single-stim","88","149523","0.0-5.0-74.0","go-nogo","true","0","","true","<div class = centerbox><div  id = stim2></div></div>","32","32","750","","test","go","74","random","","",""
"","273","32","1106","0","test_block","poldrack-single-stim","89","150655","0.0-5.0-75.0","go-nogo","true","0","","true","<div class = centerbox><div  id = stim2></div></div>","32","32","750","","test","go","75","random","","",""
"","316","32","1202","0","test_block","poldrack-single-stim","90","151879","0.0-5.0-76.0","go-nogo","true","0","","true","<div class = centerbox><div  id = stim2></div></div>","32","32","750","","test","go","76","random","","",""
"","305","32","1171","0","test_block","poldrack-single-stim","91","153075","0.0-5.0-77.0","go-nogo","true","0","","true","<div class = centerbox><div  id = stim2></div></div>","32","32","750","","test","go","77","random","","",""
"","265","32","1278","0","test_block","poldrack-single-stim","92","154376","0.0-5.0-78.0","go-nogo","true","0","","true","<div class = centerbox><div  id = stim2></div></div>","32","32","750","","test","go","78","random","","",""
"","113","32","1191","0","test_block","poldrack-single-stim","93","155590","0.0-5.0-79.0","go-nogo","true","0","","true","<div class = centerbox><div  id = stim2></div></div>","32","32","750","","test","go","79","random","","",""
"","-1","-1","1270","0","test_block","poldrack-single-stim","94","156883","0.0-5.0-80.0","go-nogo","true","0","","true","<div class = centerbox><div  id = stim1></div></div>","-1","32","750","","test","nogo","80","random","","",""
"","279","32","1378","0","test_block","poldrack-single-stim","95","158284","0.0-5.0-81.0","go-nogo","true","0","","true","<div class = centerbox><div  id = stim2></div></div>","32","32","750","","test","go","81","random","","",""
"","352","32","1296","0","test_block","poldrack-single-stim","96","159607","0.0-5.0-82.0","go-nogo","true","0","","true","<div class = centerbox><div  id = stim2></div></div>","32","32","750","","test","go","82","random","","",""
"","311","32","1180","0","test_block","poldrack-single-stim","97","160807","0.0-5.0-83.0","go-nogo","true","0","","true","<div class = centerbox><div  id = stim2></div></div>","32","32","750","","test","go","83","random","","",""
"","317","32","1169","0","test_block","poldrack-single-stim","98","162002","0.0-5.0-84.0","go-nogo","true","0","","true","<div class = centerbox><div  id = stim2></div></div>","32","32","750","","test","go","84","random","","",""
"","316","32","1432","0","test_block","poldrack-single-stim","99","163456","0.0-5.0-85.0","go-nogo","true","0","","true","<div class = centerbox><div  id = stim2></div></div>","32","32","750","","test","go","85","random","","",""
"","307","32","1247","0","test_block","poldrack-single-stim","100","164726","0.0-5.0-86.0","go-nogo","true","0","","true","<div class = centerbox><div  id = stim2></div></div>","32","32","750","","test","go","86","random","","",""
"","278","32","1191","0","test_block","poldrack-single-stim","101","165942","0.0-5.0-87.0","go-nogo","true","0","","true","<div class = centerbox><div  id = stim2></div></div>","32","32","750","","test","go","87","random","","",""
"","289","32","1085","0","test_block","poldrack-single-stim","102","167049","0.0-5.0-88.0","go-nogo","true","0","","true","<div class = centerbox><div  id = stim2></div></div>","32","32","750","","test","go","88","random","","",""
"","311","32","1435","0","test_block","poldrack-single-stim","103","168508","0.0-5.0-89.0","go-nogo","true","0","","true","<div class = centerbox><div  id = stim2></div></div>","32","32","750","","test","go","89","random","","",""
"","454","32","1124","0","test_block","poldrack-single-stim","104","169656","0.0-5.0-90.0","go-nogo","true","0","","true","<div class = centerbox><div  id = stim2></div></div>","32","32","750","","test","go","90","random","","",""
"","325","32","1038","0","test_block","poldrack-single-stim","105","170716","0.0-5.0-91.0","go-nogo","true","0","","true","<div class = centerbox><div  id = stim2></div></div>","32","32","750","","test","go","91","random","","",""
"","285","32","1003","0","test_block","poldrack-single-stim","106","171742","0.0-5.0-92.0","go-nogo","true","0","","true","<div class = centerbox><div  id = stim2></div></div>","32","32","750","","test","go","92","random","","",""
"","307","32","1207","0","test_block","poldrack-single-stim","107","172976","0.0-5.0-93.0","go-nogo","true","0","","true","<div class = centerbox><div  id = stim2></div></div>","32","32","750","","test","go","93","random","","",""
"","308","32","1253","0","test_block","poldrack-single-stim","108","174251","0.0-5.0-94.0","go-nogo","true","0","","true","<div class = centerbox><div  id = stim2></div></div>","32","32","750","","test","go","94","random","","",""
"","302","32","1398","0","test_block","poldrack-single-stim","109","175676","0.0-5.0-95.0","go-nogo","true","0","","true","<div class = centerbox><div  id = stim2></div></div>","32","32","750","","test","go","95","random","","",""
"","296","32","1479","0","test_block","poldrack-single-stim","110","177174","0.0-5.0-96.0","go-nogo","true","0","","true","<div class = centerbox><div  id = stim2></div></div>","32","32","750","","test","go","96","random","","",""
"","322","32","1165","0","test_block","poldrack-single-stim","111","178364","0.0-5.0-97.0","go-nogo","true","0","","true","<div class = centerbox><div  id = stim2></div></div>","32","32","750","","test","go","97","random","","",""
"","278","32","1036","0","test_block","poldrack-single-stim","112","179425","0.0-5.0-98.0","go-nogo","true","0","","false","<div class = centerbox><div  id = stim1></div></div>","-1","32","750","","test","nogo","98","random","","",""
"","513","32","1090","0","test_block","poldrack-single-stim","113","180537","0.0-5.0-99.0","go-nogo","true","0","","true","<div class = centerbox><div  id = stim2></div></div>","32","32","750","","test","go","99","random","","",""
"","315","32","1363","0","test_block","poldrack-single-stim","114","181920","0.0-5.0-100.0","go-nogo","true","0","","true","<div class = centerbox><div  id = stim2></div></div>","32","32","750","","test","go","100","random","","",""
"","309","32","1441","0","test_block","poldrack-single-stim","115","183383","0.0-5.0-101.0","go-nogo","true","0","","true","<div class = centerbox><div  id = stim2></div></div>","32","32","750","","test","go","101","random","","",""
"","310","32","1028","0","test_block","poldrack-single-stim","116","184436","0.0-5.0-102.0","go-nogo","true","0","","true","<div class = centerbox><div  id = stim2></div></div>","32","32","750","","test","go","102","random","","",""
"","325","32","1464","0","test_block","poldrack-single-stim","117","185925","0.0-5.0-103.0","go-nogo","true","0","","true","<div class = centerbox><div  id = stim2></div></div>","32","32","750","","test","go","103","random","","",""
"","342","32","1201","0","test_block","poldrack-single-stim","118","187147","0.0-5.0-104.0","go-nogo","true","0","","true","<div class = centerbox><div  id = stim2></div></div>","32","32","750","","test","go","104","random","","",""
"","326","32","1207","0","test_block","poldrack-single-stim","119","188377","0.0-5.0-105.0","go-nogo","true","0","","true","<div class = centerbox><div  id = stim2></div></div>","32","32","750","","test","go","105","random","","",""
"","300","32","1045","0","test_block","poldrack-single-stim","120","189447","0.0-5.0-106.0","go-nogo","true","0","","true","<div class = centerbox><div  id = stim2></div></div>","32","32","750","","test","go","106","random","","",""
"","330","32","1304","0","test_block","poldrack-single-stim","121","190776","0.0-5.0-107.0","go-nogo","true","0","","true","<div class = centerbox><div  id = stim2></div></div>","32","32","750","","test","go","107","random","","",""
"","332","32","1375","0","test_block","poldrack-single-stim","122","192174","0.0-5.0-108.0","go-nogo","true","0","","true","<div class = centerbox><div  id = stim2></div></div>","32","32","750","","test","go","108","random","","",""
"","316","32","1164","0","test_block","poldrack-single-stim","123","193363","0.0-5.0-109.0","go-nogo","true","0","","true","<div class = centerbox><div  id = stim2></div></div>","32","32","750","","test","go","109","random","","",""
"","322","32","1358","0","test_block","poldrack-single-stim","124","194744","0.0-5.0-110.0","go-nogo","true","0","","true","<div class = centerbox><div  id = stim2></div></div>","32","32","750","","test","go","110","random","","",""
"","317","32","1215","0","test_block","poldrack-single-stim","125","195981","0.0-5.0-111.0","go-nogo","true","0","","true","<div class = centerbox><div  id = stim2></div></div>","32","32","750","","test","go","111","random","","",""
"","298","32","1079","0","test_block","poldrack-single-stim","126","197084","0.0-5.0-112.0","go-nogo","true","0","","true","<div class = centerbox><div  id = stim2></div></div>","32","32","750","","test","go","112","random","","",""
"","359","32","1034","0","test_block","poldrack-single-stim","127","198146","0.0-5.0-113.0","go-nogo","true","0","","true","<div class = centerbox><div  id = stim2></div></div>","32","32","750","","test","go","113","random","","",""
"","346","32","1101","0","test_block","poldrack-single-stim","128","199270","0.0-5.0-114.0","go-nogo","true","0","","true","<div class = centerbox><div  id = stim2></div></div>","32","32","750","","test","go","114","random","","",""
"","322","32","1370","0","test_block","poldrack-single-stim","129","200664","0.0-5.0-115.0","go-nogo","true","0","","true","<div class = centerbox><div  id = stim2></div></div>","32","32","750","","test","go","115","random","","",""
"","406","32","1278","0","test_block","poldrack-single-stim","130","201965","0.0-5.0-116.0","go-nogo","true","0","","true","<div class = centerbox><div  id = stim2></div></div>","32","32","750","","test","go","116","random","","",""
"","367","32","1364","0","test_block","poldrack-single-stim","131","203350","0.0-5.0-117.0","go-nogo","true","0","","true","<div class = centerbox><div  id = stim2></div></div>","32","32","750","","test","go","117","random","","",""
"","376","32","1324","0","test_block","poldrack-single-stim","132","204697","0.0-5.0-118.0","go-nogo","true","0","","true","<div class = centerbox><div  id = stim2></div></div>","32","32","750","","test","go","118","random","","",""
"","297","32","1044","0","test_block","poldrack-single-stim","133","205763","0.0-5.0-119.0","go-nogo","true","0","","true","<div class = centerbox><div  id = stim2></div></div>","32","32","750","","test","go","119","random","","",""
"","327","32","1435","0","test_block","poldrack-single-stim","134","207221","0.0-5.0-120.0","go-nogo","true","0","","true","<div class = centerbox><div  id = stim2></div></div>","32","32","750","","test","go","120","random","","",""
"","364","32","1442","0","test_block","poldrack-single-stim","135","208685","0.0-5.0-121.0","go-nogo","true","0","","true","<div class = centerbox><div  id = stim2></div></div>","32","32","750","","test","go","121","random","","",""
"","320","32","1471","0","test_block","poldrack-single-stim","136","210179","0.0-5.0-122.0","go-nogo","true","0","","true","<div class = centerbox><div  id = stim2></div></div>","32","32","750","","test","go","122","random","","",""
"","321","32","1336","0","test_block","poldrack-single-stim","137","211539","0.0-5.0-123.0","go-nogo","true","0","","true","<div class = centerbox><div  id = stim2></div></div>","32","32","750","","test","go","123","random","","",""
"","276","32","1000","0","test_block","poldrack-single-stim","138","212561","0.0-5.0-124.0","go-nogo","true","0","","true","<div class = centerbox><div  id = stim2></div></div>","32","32","750","","test","go","124","random","","",""
"","348","32","1047","0","test_block","poldrack-single-stim","139","213630","0.0-5.0-125.0","go-nogo","true","0","","true","<div class = centerbox><div  id = stim2></div></div>","32","32","750","","test","go","125","random","","",""
"","330","32","1395","0","test_block","poldrack-single-stim","140","215049","0.0-5.0-126.0","go-nogo","true","0","","true","<div class = centerbox><div  id = stim2></div></div>","32","32","750","","test","go","126","random","","",""
"","345","32","1351","0","test_block","poldrack-single-stim","141","216421","0.0-5.0-127.0","go-nogo","true","0","","true","<div class = centerbox><div  id = stim2></div></div>","32","32","750","","test","go","127","random","","",""
"","-1","-1","1128","0","test_block","poldrack-single-stim","142","217570","0.0-5.0-128.0","go-nogo","true","0","","false","<div class = centerbox><div  id = stim2></div></div>","32","32","750","","test","go","128","random","","",""
"","365","32","1101","0","test_block","poldrack-single-stim","143","218695","0.0-5.0-129.0","go-nogo","true","0","","true","<div class = centerbox><div  id = stim2></div></div>","32","32","750","","test","go","129","random","","",""
"","336","32","1199","0","test_block","poldrack-single-stim","144","219916","0.0-5.0-130.0","go-nogo","true","0","","true","<div class = centerbox><div  id = stim2></div></div>","32","32","750","","test","go","130","random","","",""
"","314","32","1278","0","test_block","poldrack-single-stim","145","221216","0.0-5.0-131.0","go-nogo","true","0","","true","<div class = centerbox><div  id = stim2></div></div>","32","32","750","","test","go","131","random","","",""
"","339","32","1476","0","test_block","poldrack-single-stim","146","222715","0.0-5.0-132.0","go-nogo","true","0","","true","<div class = centerbox><div  id = stim2></div></div>","32","32","750","","test","go","132","random","","",""
"","343","32","1025","0","test_block","poldrack-single-stim","147","223765","0.0-5.0-133.0","go-nogo","true","0","","true","<div class = centerbox><div  id = stim2></div></div>","32","32","750","","test","go","133","random","","",""
"","303","32","1328","0","test_block","poldrack-single-stim","148","225118","0.0-5.0-134.0","go-nogo","true","0","","true","<div class = centerbox><div  id = stim2></div></div>","32","32","750","","test","go","134","random","","",""
"","316","32","1185","0","test_block","poldrack-single-stim","149","226324","0.0-5.0-135.0","go-nogo","true","0","","true","<div class = centerbox><div  id = stim2></div></div>","32","32","750","","test","go","135","random","","",""
"","339","32","1345","0","test_block","poldrack-single-stim","150","227691","0.0-5.0-136.0","go-nogo","true","0","","true","<div class = centerbox><div  id = stim2></div></div>","32","32","750","","test","go","136","random","","",""
"","375","32","1068","0","test_block","poldrack-single-stim","151","228783","0.0-5.0-137.0","go-nogo","true","0","","true","<div class = centerbox><div  id = stim2></div></div>","32","32","750","","test","go","137","random","","",""
"","308","32","1309","0","test_block","poldrack-single-stim","152","230115","0.0-5.0-138.0","go-nogo","true","0","","true","<div class = centerbox><div  id = stim2></div></div>","32","32","750","","test","go","138","random","","",""
"","316","32","1068","0","test_block","poldrack-single-stim","153","231206","0.0-5.0-139.0","go-nogo","true","0","","true","<div class = centerbox><div  id = stim2></div></div>","32","32","750","","test","go","139","random","","",""
"","275","32","1331","0","test_block","poldrack-single-stim","154","232559","0.0-5.0-140.0","go-nogo","true","0","","true","<div class = centerbox><div  id = stim2></div></div>","32","32","750","","test","go","140","random","","",""
"","311","32","1412","0","test_block","poldrack-single-stim","155","233994","0.0-5.0-141.0","go-nogo","true","0","","true","<div class = centerbox><div  id = stim2></div></div>","32","32","750","","test","go","141","random","","",""
"","358","32","1218","0","test_block","poldrack-single-stim","156","235234","0.0-5.0-142.0","go-nogo","true","0","","true","<div class = centerbox><div  id = stim2></div></div>","32","32","750","","test","go","142","random","","",""
"","331","32","1103","0","test_block","poldrack-single-stim","157","236359","0.0-5.0-143.0","go-nogo","true","0","","true","<div class = centerbox><div  id = stim2></div></div>","32","32","750","","test","go","143","random","","",""
"","263","32","1066","0","test_block","poldrack-single-stim","158","237447","0.0-5.0-144.0","go-nogo","true","0","","true","<div class = centerbox><div  id = stim2></div></div>","32","32","750","","test","go","144","random","","",""
"","329","32","1052","0","test_block","poldrack-single-stim","159","238522","0.0-5.0-145.0","go-nogo","true","0","","true","<div class = centerbox><div  id = stim2></div></div>","32","32","750","","test","go","145","random","","",""
"","315","32","1236","0","test_block","poldrack-single-stim","160","239783","0.0-5.0-146.0","go-nogo","true","0","","true","<div class = centerbox><div  id = stim2></div></div>","32","32","750","","test","go","146","random","","",""
"","362","32","1302","0","test_block","poldrack-single-stim","161","241109","0.0-5.0-147.0","go-nogo","true","0","","true","<div class = centerbox><div  id = stim2></div></div>","32","32","750","","test","go","147","random","","",""
"","284","32","1133","0","test_block","poldrack-single-stim","162","242264","0.0-5.0-148.0","go-nogo","true","0","","true","<div class = centerbox><div  id = stim2></div></div>","32","32","750","","test","go","148","random","","",""
"","599","32","1367","0","test_block","poldrack-single-stim","163","243652","0.0-5.0-149.0","go-nogo","true","0","","true","<div class = centerbox><div  id = stim2></div></div>","32","32","750","","test","go","149","random","","",""
"","337","32","1286","0","test_block","poldrack-single-stim","164","244962","0.0-5.0-150.0","go-nogo","true","0","","true","<div class = centerbox><div  id = stim2></div></div>","32","32","750","","test","go","150","random","","",""
"","282","32","1014","0","test_block","poldrack-single-stim","165","245997","0.0-5.0-151.0","go-nogo","true","0","","true","<div class = centerbox><div  id = stim2></div></div>","32","32","750","","test","go","151","random","","",""
"","358","32","1327","0","test_block","poldrack-single-stim","166","247346","0.0-5.0-152.0","go-nogo","true","0","","true","<div class = centerbox><div  id = stim2></div></div>","32","32","750","","test","go","152","random","","",""
"","324","32","1149","0","test_block","poldrack-single-stim","167","248519","0.0-5.0-153.0","go-nogo","true","0","","true","<div class = centerbox><div  id = stim2></div></div>","32","32","750","","test","go","153","random","","",""
"","409","32","1453","0","test_block","poldrack-single-stim","168","249995","0.0-5.0-154.0","go-nogo","true","0","","true","<div class = centerbox><div  id = stim2></div></div>","32","32","750","","test","go","154","random","","",""
"","405","32","1371","0","test_block","poldrack-single-stim","169","251390","0.0-5.0-155.0","go-nogo","true","0","","true","<div class = centerbox><div  id = stim2></div></div>","32","32","750","","test","go","155","random","","",""
"","319","32","1147","0","test_block","poldrack-single-stim","170","252560","0.0-5.0-156.0","go-nogo","true","0","","true","<div class = centerbox><div  id = stim2></div></div>","32","32","750","","test","go","156","random","","",""
"","304","32","1344","0","test_block","poldrack-single-stim","171","253925","0.0-5.0-157.0","go-nogo","true","0","","true","<div class = centerbox><div  id = stim2></div></div>","32","32","750","","test","go","157","random","","",""
"","307","32","1378","0","test_block","poldrack-single-stim","172","255325","0.0-5.0-158.0","go-nogo","true","0","","true","<div class = centerbox><div  id = stim2></div></div>","32","32","750","","test","go","158","random","","",""
"","174","32","1149","0","test_block","poldrack-single-stim","173","256495","0.0-5.0-159.0","go-nogo","true","0","","true","<div class = centerbox><div  id = stim2></div></div>","32","32","750","","test","go","159","random","","",""
"","338","32","1440","0","test_block","poldrack-single-stim","174","257959","0.0-5.0-160.0","go-nogo","true","0","","true","<div class = centerbox><div  id = stim2></div></div>","32","32","750","","test","go","160","random","","",""
"","-1","-1","1208","0","test_block","poldrack-single-stim","175","259189","0.0-5.0-161.0","go-nogo","true","0","","false","<div class = centerbox><div  id = stim2></div></div>","32","32","750","","test","go","161","random","","",""
"","313","32","1327","0","test_block","poldrack-single-stim","176","260538","0.0-5.0-162.0","go-nogo","true","0","","true","<div class = centerbox><div  id = stim2></div></div>","32","32","750","","test","go","162","random","","",""
"","321","32","1066","0","test_block","poldrack-single-stim","177","261629","0.0-5.0-163.0","go-nogo","true","0","","true","<div class = centerbox><div  id = stim2></div></div>","32","32","750","","test","go","163","random","","",""
"","293","32","1079","0","test_block","poldrack-single-stim","178","262731","0.0-5.0-164.0","go-nogo","true","0","","true","<div class = centerbox><div  id = stim2></div></div>","32","32","750","","test","go","164","random","","",""
"","262","32","1393","0","test_block","poldrack-single-stim","179","264149","0.0-5.0-165.0","go-nogo","true","0","","true","<div class = centerbox><div  id = stim2></div></div>","32","32","750","","test","go","165","random","","",""
"","787","32","1319","0","test_block","poldrack-single-stim","180","265488","0.0-5.0-166.0","go-nogo","true","0","","true","<div class = centerbox><div  id = stim2></div></div>","32","32","750","","test","go","166","random","","",""
"","351","32","1110","0","test_block","poldrack-single-stim","181","266618","0.0-5.0-167.0","go-nogo","true","0","","true","<div class = centerbox><div  id = stim2></div></div>","32","32","750","","test","go","167","random","","",""
"","305","32","1334","0","test_block","poldrack-single-stim","182","267975","0.0-5.0-168.0","go-nogo","true","0","","true","<div class = centerbox><div  id = stim2></div></div>","32","32","750","","test","go","168","random","","",""
"","283","32","1366","0","test_block","poldrack-single-stim","183","269362","0.0-5.0-169.0","go-nogo","true","0","","true","<div class = centerbox><div  id = stim2></div></div>","32","32","750","","test","go","169","random","","",""
"","130","32","1397","0","test_block","poldrack-single-stim","184","270782","0.0-5.0-170.0","go-nogo","true","0","","true","<div class = centerbox><div  id = stim2></div></div>","32","32","750","","test","go","170","random","","",""
"","42","32","1142","0","test_block","poldrack-single-stim","185","271946","0.0-5.0-171.0","go-nogo","true","0","","true","<div class = centerbox><div  id = stim2></div></div>","32","32","750","","test","go","171","random","","",""
"","297","32","1002","0","test_block","poldrack-single-stim","186","272972","0.0-5.0-172.0","go-nogo","true","0","","true","<div class = centerbox><div  id = stim2></div></div>","32","32","750","","test","go","172","random","","",""
"","348","32","1449","0","test_block","poldrack-single-stim","187","274443","0.0-5.0-173.0","go-nogo","true","0","","true","<div class = centerbox><div  id = stim2></div></div>","32","32","750","","test","go","173","random","","",""
"","671","32","1243","0","test_block","poldrack-single-stim","188","275708","0.0-5.0-174.0","go-nogo","true","0","","true","<div class = centerbox><div  id = stim2></div></div>","32","32","750","","test","go","174","random","","",""
"","350","32","1061","0","test_block","poldrack-single-stim","189","276792","0.0-5.0-175.0","go-nogo","true","0","","true","<div class = centerbox><div  id = stim2></div></div>","32","32","750","","test","go","175","random","","",""
"","312","32","1171","0","test_block","poldrack-single-stim","190","277986","0.0-5.0-176.0","go-nogo","true","0","","true","<div class = centerbox><div  id = stim2></div></div>","32","32","750","","test","go","176","random","","",""
"","256","32","1223","0","test_block","poldrack-single-stim","191","279231","0.0-5.0-177.0","go-nogo","true","0","","true","<div class = centerbox><div  id = stim2></div></div>","32","32","750","","test","go","177","random","","",""
"","55","32","1404","0","test_block","poldrack-single-stim","192","280660","0.0-5.0-178.0","go-nogo","true","0","","true","<div class = centerbox><div  id = stim2></div></div>","32","32","750","","test","go","178","random","","",""
"","319","32","1318","0","test_block","poldrack-single-stim","193","282004","0.0-5.0-179.0","go-nogo","true","0","","true","<div class = centerbox><div  id = stim2></div></div>","32","32","750","","test","go","179","random","","",""
"","-1","-1","1010","0","test_block","poldrack-single-stim","194","283034","0.0-5.0-180.0","go-nogo","true","0","","false","<div class = centerbox><div  id = stim2></div></div>","32","32","750","","test","go","180","random","","",""
"","525","32","1443","0","test_block","poldrack-single-stim","195","284497","0.0-5.0-181.0","go-nogo","true","0","","true","<div class = centerbox><div  id = stim2></div></div>","32","32","750","","test","go","181","random","","",""
"","275","32","1058","0","test_block","poldrack-single-stim","196","285577","0.0-5.0-182.0","go-nogo","true","0","","true","<div class = centerbox><div  id = stim2></div></div>","32","32","750","","test","go","182","random","","",""
"","313","32","1104","0","test_block","poldrack-single-stim","197","286704","0.0-5.0-183.0","go-nogo","true","0","","true","<div class = centerbox><div  id = stim2></div></div>","32","32","750","","test","go","183","random","","",""
"","330","32","1307","0","test_block","poldrack-single-stim","198","288033","0.0-5.0-184.0","go-nogo","true","0","","true","<div class = centerbox><div  id = stim2></div></div>","32","32","750","","test","go","184","random","","",""
"","380","32","1197","0","test_block","poldrack-single-stim","199","289254","0.0-5.0-185.0","go-nogo","true","0","","true","<div class = centerbox><div  id = stim2></div></div>","32","32","750","","test","go","185","random","","",""
"","336","32","1204","0","test_block","poldrack-single-stim","200","290481","0.0-5.0-186.0","go-nogo","true","0","","true","<div class = centerbox><div  id = stim2></div></div>","32","32","750","","test","go","186","random","","",""
"","312","32","1288","0","test_block","poldrack-single-stim","201","291793","0.0-5.0-187.0","go-nogo","true","0","","true","<div class = centerbox><div  id = stim2></div></div>","32","32","750","","test","go","187","random","","",""
"","329","32","1481","0","test_block","poldrack-single-stim","202","293296","0.0-5.0-188.0","go-nogo","true","0","","true","<div class = centerbox><div  id = stim2></div></div>","32","32","750","","test","go","188","random","","",""
"","285","32","1204","0","test_block","poldrack-single-stim","203","294523","0.0-5.0-189.0","go-nogo","true","0","","true","<div class = centerbox><div  id = stim2></div></div>","32","32","750","","test","go","189","random","","",""
"","337","32","1447","0","test_block","poldrack-single-stim","204","295996","0.0-5.0-190.0","go-nogo","true","0","","true","<div class = centerbox><div  id = stim2></div></div>","32","32","750","","test","go","190","random","","",""
"","200","32","1269","0","test_block","poldrack-single-stim","205","297286","0.0-5.0-191.0","go-nogo","true","0","","true","<div class = centerbox><div  id = stim2></div></div>","32","32","750","","test","go","191","random","","",""
"","257","32","1221","0","test_block","poldrack-single-stim","206","298530","0.0-5.0-192.0","go-nogo","true","0","","true","<div class = centerbox><div  id = stim2></div></div>","32","32","750","","test","go","192","random","","",""
"","332","32","1082","0","test_block","poldrack-single-stim","207","299635","0.0-5.0-193.0","go-nogo","true","0","","true","<div class = centerbox><div  id = stim2></div></div>","32","32","750","","test","go","193","random","","",""
"","306","32","1066","0","test_block","poldrack-single-stim","208","300724","0.0-5.0-194.0","go-nogo","true","0","","true","<div class = centerbox><div  id = stim2></div></div>","32","32","750","","test","go","194","random","","",""
"","263","32","1466","0","test_block","poldrack-single-stim","209","302215","0.0-5.0-195.0","go-nogo","true","0","","true","<div class = centerbox><div  id = stim2></div></div>","32","32","750","","test","go","195","random","","",""
"","293","32","1371","0","test_block","poldrack-single-stim","210","303608","0.0-5.0-196.0","go-nogo","true","0","","true","<div class = centerbox><div  id = stim2></div></div>","32","32","750","","test","go","196","random","","",""
"","105","32","1494","0","test_block","poldrack-single-stim","211","305123","0.0-5.0-197.0","go-nogo","true","0","","true","<div class = centerbox><div  id = stim2></div></div>","32","32","750","","test","go","197","random","","",""
"","305","32","1160","0","test_block","poldrack-single-stim","212","306308","0.0-5.0-198.0","go-nogo","true","0","","true","<div class = centerbox><div  id = stim2></div></div>","32","32","750","","test","go","198","random","","",""
"","289","32","1271","0","test_block","poldrack-single-stim","213","307601","0.0-5.0-199.0","go-nogo","true","0","","true","<div class = centerbox><div  id = stim2></div></div>","32","32","750","","test","go","199","random","","",""
"","306","32","1296","0","test_block","poldrack-single-stim","214","308922","0.0-5.0-200.0","go-nogo","true","0","","true","<div class = centerbox><div  id = stim2></div></div>","32","32","750","","test","go","200","random","","",""
"","265","32","1182","0","test_block","poldrack-single-stim","215","310125","0.0-5.0-201.0","go-nogo","true","0","","true","<div class = centerbox><div  id = stim2></div></div>","32","32","750","","test","go","201","random","","",""
"","301","32","1225","0","test_block","poldrack-single-stim","216","311372","0.0-5.0-202.0","go-nogo","true","0","","true","<div class = centerbox><div  id = stim2></div></div>","32","32","750","","test","go","202","random","","",""
"","171","32","1340","0","test_block","poldrack-single-stim","217","312732","0.0-5.0-203.0","go-nogo","true","0","","true","<div class = centerbox><div  id = stim2></div></div>","32","32","750","","test","go","203","random","","",""
"","247","32","1158","0","test_block","poldrack-single-stim","218","313914","0.0-5.0-204.0","go-nogo","true","0","","true","<div class = centerbox><div  id = stim2></div></div>","32","32","750","","test","go","204","random","","",""
"","301","32","1088","0","test_block","poldrack-single-stim","219","315026","0.0-5.0-205.0","go-nogo","true","0","","true","<div class = centerbox><div  id = stim2></div></div>","32","32","750","","test","go","205","random","","",""
"","225","32","1371","0","test_block","poldrack-single-stim","220","316418","0.0-5.0-206.0","go-nogo","true","0","","true","<div class = centerbox><div  id = stim2></div></div>","32","32","750","","test","go","206","random","","",""
"","249","32","1300","0","test_block","poldrack-single-stim","221","317739","0.0-5.0-207.0","go-nogo","true","0","","true","<div class = centerbox><div  id = stim2></div></div>","32","32","750","","test","go","207","random","","",""
"","263","32","1447","0","test_block","poldrack-single-stim","222","319208","0.0-5.0-208.0","go-nogo","true","0","","true","<div class = centerbox><div  id = stim2></div></div>","32","32","750","","test","go","208","random","","",""
"","229","32","1150","0","test_block","poldrack-single-stim","223","320382","0.0-5.0-209.0","go-nogo","true","0","","true","<div class = centerbox><div  id = stim2></div></div>","32","32","750","","test","go","209","random","","",""
"","315","32","1050","0","test_block","poldrack-single-stim","224","321455","0.0-5.0-210.0","go-nogo","true","0","","true","<div class = centerbox><div  id = stim2></div></div>","32","32","750","","test","go","210","random","","",""
"","356","32","1054","0","test_block","poldrack-single-stim","225","322531","0.0-5.0-211.0","go-nogo","true","0","","true","<div class = centerbox><div  id = stim2></div></div>","32","32","750","","test","go","211","random","","",""
"","306","32","1007","0","test_block","poldrack-single-stim","226","323562","0.0-5.0-212.0","go-nogo","true","0","","true","<div class = centerbox><div  id = stim2></div></div>","32","32","750","","test","go","212","random","","",""
"","369","32","1446","0","test_block","poldrack-single-stim","227","325030","0.0-5.0-213.0","go-nogo","true","0","","true","<div class = centerbox><div  id = stim2></div></div>","32","32","750","","test","go","213","random","","",""
"","295","32","1419","0","test_block","poldrack-single-stim","228","326473","0.0-5.0-214.0","go-nogo","true","0","","true","<div class = centerbox><div  id = stim2></div></div>","32","32","750","","test","go","214","random","","",""
"","49","32","1005","0","test_block","poldrack-single-stim","229","327502","0.0-5.0-215.0","go-nogo","true","0","","true","<div class = centerbox><div  id = stim2></div></div>","32","32","750","","test","go","215","random","","",""
"","345","32","1276","0","test_block","poldrack-single-stim","230","328799","0.0-5.0-216.0","go-nogo","true","0","","true","<div class = centerbox><div  id = stim2></div></div>","32","32","750","","test","go","216","random","","",""
"","296","32","1203","0","test_block","poldrack-single-stim","231","330023","0.0-5.0-217.0","go-nogo","true","0","","true","<div class = centerbox><div  id = stim2></div></div>","32","32","750","","test","go","217","random","","",""
"","317","32","1304","0","test_block","poldrack-single-stim","232","331352","0.0-5.0-218.0","go-nogo","true","0","","true","<div class = centerbox><div  id = stim2></div></div>","32","32","750","","test","go","218","random","","",""
"","298","32","1132","0","test_block","poldrack-single-stim","233","332508","0.0-5.0-219.0","go-nogo","true","0","","true","<div class = centerbox><div  id = stim2></div></div>","32","32","750","","test","go","219","random","","",""
"","328","32","1461","0","test_block","poldrack-single-stim","234","333994","0.0-5.0-220.0","go-nogo","true","0","","true","<div class = centerbox><div  id = stim2></div></div>","32","32","750","","test","go","220","random","","",""
"","299","32","1393","0","test_block","poldrack-single-stim","235","335408","0.0-5.0-221.0","go-nogo","true","0","","true","<div class = centerbox><div  id = stim2></div></div>","32","32","750","","test","go","221","random","","",""
"","249","32","1143","0","test_block","poldrack-single-stim","236","336572","0.0-5.0-222.0","go-nogo","true","0","","true","<div class = centerbox><div  id = stim2></div></div>","32","32","750","","test","go","222","random","","",""
"","293","32","1281","0","test_block","poldrack-single-stim","237","337875","0.0-5.0-223.0","go-nogo","true","0","","true","<div class = centerbox><div  id = stim2></div></div>","32","32","750","","test","go","223","random","","",""
"","201","32","1029","0","test_block","poldrack-single-stim","238","338927","0.0-5.0-224.0","go-nogo","true","0","","true","<div class = centerbox><div  id = stim2></div></div>","32","32","750","","test","go","224","random","","",""
"","323","32","1424","0","test_block","poldrack-single-stim","239","340374","0.0-5.0-225.0","go-nogo","true","0","","true","<div class = centerbox><div  id = stim2></div></div>","32","32","750","","test","go","225","random","","",""
"","303","32","1310","0","test_block","poldrack-single-stim","240","341708","0.0-5.0-226.0","go-nogo","true","0","","true","<div class = centerbox><div  id = stim2></div></div>","32","32","750","","test","go","226","random","","",""
"","268","32","1035","0","test_block","poldrack-single-stim","241","342765","0.0-5.0-227.0","go-nogo","true","0","","true","<div class = centerbox><div  id = stim2></div></div>","32","32","750","","test","go","227","random","","",""
"","353","32","1191","0","test_block","poldrack-single-stim","242","343978","0.0-5.0-228.0","go-nogo","true","0","","true","<div class = centerbox><div  id = stim2></div></div>","32","32","750","","test","go","228","random","","",""
"","289","32","1169","0","test_block","poldrack-single-stim","243","345171","0.0-5.0-229.0","go-nogo","true","0","","true","<div class = centerbox><div  id = stim2></div></div>","32","32","750","","test","go","229","random","","",""
"","256","32","1132","0","test_block","poldrack-single-stim","244","346335","0.0-5.0-230.0","go-nogo","true","0","","true","<div class = centerbox><div  id = stim2></div></div>","32","32","750","","test","go","230","random","","",""
"","213","32","1172","0","test_block","poldrack-single-stim","245","347529","0.0-5.0-231.0","go-nogo","true","0","","true","<div class = centerbox><div  id = stim2></div></div>","32","32","750","","test","go","231","random","","",""
"","290","32","1009","0","test_block","poldrack-single-stim","246","348562","0.0-5.0-232.0","go-nogo","true","0","","true","<div class = centerbox><div  id = stim2></div></div>","32","32","750","","test","go","232","random","","",""
"","308","32","1391","0","test_block","poldrack-single-stim","247","349975","0.0-5.0-233.0","go-nogo","true","0","","true","<div class = centerbox><div  id = stim2></div></div>","32","32","750","","test","go","233","random","","",""
"","254","32","1291","0","test_block","poldrack-single-stim","248","351288","0.0-5.0-234.0","go-nogo","true","0","","true","<div class = centerbox><div  id = stim2></div></div>","32","32","750","","test","go","234","random","","",""
"","327","32","1379","0","test_block","poldrack-single-stim","249","352691","0.0-5.0-235.0","go-nogo","true","0","","true","<div class = centerbox><div  id = stim2></div></div>","32","32","750","","test","go","235","random","","",""
"","246","32","1110","0","test_block","poldrack-single-stim","250","353823","0.0-5.0-236.0","go-nogo","true","0","","true","<div class = centerbox><div  id = stim2></div></div>","32","32","750","","test","go","236","random","","",""
"","281","32","1282","0","test_block","poldrack-single-stim","251","355128","0.0-5.0-237.0","go-nogo","true","0","","true","<div class = centerbox><div  id = stim2></div></div>","32","32","750","","test","go","237","random","","",""
"","199","32","1423","0","test_block","poldrack-single-stim","252","356571","0.0-5.0-238.0","go-nogo","true","0","","true","<div class = centerbox><div  id = stim2></div></div>","32","32","750","","test","go","238","random","","",""
"","915","32","1304","0","test_block","poldrack-single-stim","253","357899","0.0-5.0-239.0","go-nogo","true","0","","true","<div class = centerbox><div  id = stim2></div></div>","32","32","750","","test","go","239","random","","",""
"","326","32","1368","0","test_block","poldrack-single-stim","254","359288","0.0-5.0-240.0","go-nogo","true","0","","true","<div class = centerbox><div  id = stim2></div></div>","32","32","750","","test","go","240","random","","",""
"","280","32","1276","0","test_block","poldrack-single-stim","255","360587","0.0-5.0-241.0","go-nogo","true","0","","true","<div class = centerbox><div  id = stim2></div></div>","32","32","750","","test","go","241","random","","",""
"","260","32","1394","0","test_block","poldrack-single-stim","256","362004","0.0-5.0-242.0","go-nogo","true","0","","true","<div class = centerbox><div  id = stim2></div></div>","32","32","750","","test","go","242","random","","",""
"","315","32","1313","0","test_block","poldrack-single-stim","257","363339","0.0-5.0-243.0","go-nogo","true","0","","true","<div class = centerbox><div  id = stim2></div></div>","32","32","750","","test","go","243","random","","",""
"","314","32","1228","0","test_block","poldrack-single-stim","258","364591","0.0-5.0-244.0","go-nogo","true","0","","true","<div class = centerbox><div  id = stim2></div></div>","32","32","750","","test","go","244","random","","",""
"","317","32","1265","0","test_block","poldrack-single-stim","259","365878","0.0-5.0-245.0","go-nogo","true","0","","true","<div class = centerbox><div  id = stim2></div></div>","32","32","750","","test","go","245","random","","",""
"","304","32","1364","0","test_block","poldrack-single-stim","260","367265","0.0-5.0-246.0","go-nogo","true","0","","true","<div class = centerbox><div  id = stim2></div></div>","32","32","750","","test","go","246","random","","",""
"","132","32","1119","0","test_block","poldrack-single-stim","261","368406","0.0-5.0-247.0","go-nogo","true","0","","true","<div class = centerbox><div  id = stim2></div></div>","32","32","750","","test","go","247","random","","",""
"","314","32","1252","0","test_block","poldrack-single-stim","262","369681","0.0-5.0-248.0","go-nogo","true","0","","true","<div class = centerbox><div  id = stim2></div></div>","32","32","750","","test","go","248","random","","",""
"","308","32","1035","0","test_block","poldrack-single-stim","263","370738","0.0-5.0-249.0","go-nogo","true","0","","true","<div class = centerbox><div  id = stim2></div></div>","32","32","750","","test","go","249","random","","",""
"","308","32","1198","0","test_block","poldrack-single-stim","264","371961","0.0-5.0-250.0","go-nogo","true","0","","true","<div class = centerbox><div  id = stim2></div></div>","32","32","750","","test","go","250","random","","",""
"","262","32","1342","0","test_block","poldrack-single-stim","265","373326","0.0-5.0-251.0","go-nogo","true","0","","true","<div class = centerbox><div  id = stim2></div></div>","32","32","750","","test","go","251","random","","",""
"","317","32","1345","0","test_block","poldrack-single-stim","266","374695","0.0-5.0-252.0","go-nogo","true","0","","true","<div class = centerbox><div  id = stim2></div></div>","32","32","750","","test","go","252","random","","",""
"","276","32","1481","0","test_block","poldrack-single-stim","267","376199","0.0-5.0-253.0","go-nogo","true","0","","true","<div class = centerbox><div  id = stim2></div></div>","32","32","750","","test","go","253","random","","",""
"","655","32","1289","0","test_block","poldrack-single-stim","268","377509","0.0-5.0-254.0","go-nogo","true","0","","true","<div class = centerbox><div  id = stim2></div></div>","32","32","750","","test","go","254","random","","",""
"","322","32","1438","0","test_block","poldrack-single-stim","269","378971","0.0-5.0-255.0","go-nogo","true","0","","true","<div class = centerbox><div  id = stim2></div></div>","32","32","750","","test","go","255","random","","",""
"","69","32","1102","0","test_block","poldrack-single-stim","270","380095","0.0-5.0-256.0","go-nogo","true","0","","true","<div class = centerbox><div  id = stim2></div></div>","32","32","750","","test","go","256","random","","",""
"","323","32","1003","0","test_block","poldrack-single-stim","271","381121","0.0-5.0-257.0","go-nogo","true","0","","true","<div class = centerbox><div  id = stim2></div></div>","32","32","750","","test","go","257","random","","",""
"","350","32","1408","0","test_block","poldrack-single-stim","272","382553","0.0-5.0-258.0","go-nogo","true","0","","true","<div class = centerbox><div  id = stim2></div></div>","32","32","750","","test","go","258","random","","",""
"","349","32","1261","0","test_block","poldrack-single-stim","273","383836","0.0-5.0-259.0","go-nogo","true","0","","true","<div class = centerbox><div  id = stim2></div></div>","32","32","750","","test","go","259","random","","",""
"","316","32","1146","0","test_block","poldrack-single-stim","274","385007","0.0-5.0-260.0","go-nogo","true","0","","true","<div class = centerbox><div  id = stim2></div></div>","32","32","750","","test","go","260","random","","",""
"","293","32","1397","0","test_block","poldrack-single-stim","275","386426","0.0-5.0-261.0","go-nogo","true","0","","true","<div class = centerbox><div  id = stim2></div></div>","32","32","750","","test","go","261","random","","",""
"","313","32","1240","0","test_block","poldrack-single-stim","276","387690","0.0-5.0-262.0","go-nogo","true","0","","true","<div class = centerbox><div  id = stim2></div></div>","32","32","750","","test","go","262","random","","",""
"","290","32","1100","0","test_block","poldrack-single-stim","277","388813","0.0-5.0-263.0","go-nogo","true","0","","true","<div class = centerbox><div  id = stim2></div></div>","32","32","750","","test","go","263","random","","",""
"","298","32","1284","0","test_block","poldrack-single-stim","278","390120","0.0-5.0-264.0","go-nogo","true","0","","true","<div class = centerbox><div  id = stim2></div></div>","32","32","750","","test","go","264","random","","",""
"","275","32","1156","0","test_block","poldrack-single-stim","279","391297","0.0-5.0-265.0","go-nogo","true","0","","true","<div class = centerbox><div  id = stim2></div></div>","32","32","750","","test","go","265","random","","",""
"","264","32","1450","0","test_block","poldrack-single-stim","280","392771","0.0-5.0-266.0","go-nogo","true","0","","true","<div class = centerbox><div  id = stim2></div></div>","32","32","750","","test","go","266","random","","",""
"","315","32","1472","0","test_block","poldrack-single-stim","281","394264","0.0-5.0-267.0","go-nogo","true","0","","true","<div class = centerbox><div  id = stim2></div></div>","32","32","750","","test","go","267","random","","",""
"","286","32","1381","0","test_block","poldrack-single-stim","282","395668","0.0-5.0-268.0","go-nogo","true","0","","true","<div class = centerbox><div  id = stim2></div></div>","32","32","750","","test","go","268","random","","",""
"","271","32","1178","0","test_block","poldrack-single-stim","283","396869","0.0-5.0-269.0","go-nogo","true","0","","true","<div class = centerbox><div  id = stim2></div></div>","32","32","750","","test","go","269","random","","",""
"","321","32","1460","0","test_block","poldrack-single-stim","284","398353","0.0-5.0-270.0","go-nogo","true","0","","true","<div class = centerbox><div  id = stim2></div></div>","32","32","750","","test","go","270","random","","",""
"","160","32","1388","0","test_block","poldrack-single-stim","285","399767","0.0-5.0-271.0","go-nogo","true","0","","true","<div class = centerbox><div  id = stim2></div></div>","32","32","750","","test","go","271","random","","",""
"","278","32","1338","0","test_block","poldrack-single-stim","286","401128","0.0-5.0-272.0","go-nogo","true","0","","true","<div class = centerbox><div  id = stim2></div></div>","32","32","750","","test","go","272","random","","",""
"","316","32","1248","0","test_block","poldrack-single-stim","287","402400","0.0-5.0-273.0","go-nogo","true","0","","true","<div class = centerbox><div  id = stim2></div></div>","32","32","750","","test","go","273","random","","",""
"","292","32","1157","0","test_block","poldrack-single-stim","288","403580","0.0-5.0-274.0","go-nogo","true","0","","true","<div class = centerbox><div  id = stim2></div></div>","32","32","750","","test","go","274","random","","",""
"","263","32","1472","0","test_block","poldrack-single-stim","289","405074","0.0-5.0-275.0","go-nogo","true","0","","true","<div class = centerbox><div  id = stim2></div></div>","32","32","750","","test","go","275","random","","",""
"","310","32","1076","0","test_block","poldrack-single-stim","290","406173","0.0-5.0-276.0","go-nogo","true","0","","true","<div class = centerbox><div  id = stim2></div></div>","32","32","750","","test","go","276","random","","",""
"","297","32","1192","0","test_block","poldrack-single-stim","291","407399","0.0-5.0-277.0","go-nogo","true","0","","true","<div class = centerbox><div  id = stim2></div></div>","32","32","750","","test","go","277","random","","",""
"","299","32","1356","0","test_block","poldrack-single-stim","292","408790","0.0-5.0-278.0","go-nogo","true","0","","true","<div class = centerbox><div  id = stim2></div></div>","32","32","750","","test","go","278","random","","",""
"","12","32","1041","0","test_block","poldrack-single-stim","293","409865","0.0-5.0-279.0","go-nogo","true","0","","true","<div class = centerbox><div  id = stim2></div></div>","32","32","750","","test","go","279","random","","",""
"","311","32","1126","0","test_block","poldrack-single-stim","294","411024","0.0-5.0-280.0","go-nogo","true","0","","true","<div class = centerbox><div  id = stim2></div></div>","32","32","750","","test","go","280","random","","",""
"","312","32","1294","0","test_block","poldrack-single-stim","295","412351","0.0-5.0-281.0","go-nogo","true","0","","true","<div class = centerbox><div  id = stim2></div></div>","32","32","750","","test","go","281","random","","",""
"","285","32","1367","0","test_block","poldrack-single-stim","296","413751","0.0-5.0-282.0","go-nogo","true","0","","true","<div class = centerbox><div  id = stim2></div></div>","32","32","750","","test","go","282","random","","",""
"","350","32","1443","0","test_block","poldrack-single-stim","297","415235","0.0-5.0-283.0","go-nogo","true","0","","true","<div class = centerbox><div  id = stim2></div></div>","32","32","750","","test","go","283","random","","",""
"","297","32","1445","0","test_block","poldrack-single-stim","298","416716","0.0-5.0-284.0","go-nogo","true","0","","true","<div class = centerbox><div  id = stim2></div></div>","32","32","750","","test","go","284","random","","",""
"","301","32","1103","0","test_block","poldrack-single-stim","299","417854","0.0-5.0-285.0","go-nogo","true","0","","true","<div class = centerbox><div  id = stim2></div></div>","32","32","750","","test","go","285","random","","",""
"","468","32","1436","0","test_block","poldrack-single-stim","300","419322","0.0-5.0-286.0","go-nogo","true","0","","true","<div class = centerbox><div  id = stim2></div></div>","32","32","750","","test","go","286","random","","",""
"","150","32","1245","0","test_block","poldrack-single-stim","301","420601","0.0-5.0-287.0","go-nogo","true","0","","true","<div class = centerbox><div  id = stim2></div></div>","32","32","750","","test","go","287","random","","",""
"","315","32","1476","0","test_block","poldrack-single-stim","302","422113","0.0-5.0-288.0","go-nogo","true","0","","true","<div class = centerbox><div  id = stim2></div></div>","32","32","750","","test","go","288","random","","",""
"","195","32","1035","0","test_block","poldrack-single-stim","303","423184","0.0-5.0-289.0","go-nogo","true","0","","true","<div class = centerbox><div  id = stim2></div></div>","32","32","750","","test","go","289","random","","",""
"","337","32","1486","0","test_block","poldrack-single-stim","304","424702","0.0-5.0-290.0","go-nogo","true","0","","true","<div class = centerbox><div  id = stim2></div></div>","32","32","750","","test","go","290","random","","",""
"","273","32","1487","0","test_block","poldrack-single-stim","305","426227","0.0-5.0-291.0","go-nogo","true","0","","true","<div class = centerbox><div  id = stim2></div></div>","32","32","750","","test","go","291","random","","",""
"","259","32","1364","0","test_block","poldrack-single-stim","306","427625","0.0-5.0-292.0","go-nogo","true","0","","true","<div class = centerbox><div  id = stim2></div></div>","32","32","750","","test","go","292","random","","",""
"","366","32","1391","0","test_block","poldrack-single-stim","307","429054","0.0-5.0-293.0","go-nogo","true","0","","true","<div class = centerbox><div  id = stim2></div></div>","32","32","750","","test","go","293","random","","",""
"","295","32","1252","0","test_block","poldrack-single-stim","308","430340","0.0-5.0-294.0","go-nogo","true","0","","true","<div class = centerbox><div  id = stim2></div></div>","32","32","750","","test","go","294","random","","",""
"","320","32","1041","0","test_block","poldrack-single-stim","309","431413","0.0-5.0-295.0","go-nogo","true","0","","true","<div class = centerbox><div  id = stim2></div></div>","32","32","750","","test","go","295","random","","",""
"","379","32","1103","0","test_block","poldrack-single-stim","310","432549","0.0-5.0-296.0","go-nogo","true","0","","true","<div class = centerbox><div  id = stim2></div></div>","32","32","750","","test","go","296","random","","",""
"","324","32","1161","0","test_block","poldrack-single-stim","311","433744","0.0-5.0-297.0","go-nogo","true","0","","true","<div class = centerbox><div  id = stim2></div></div>","32","32","750","","test","go","297","random","","",""
"","285","32","1427","0","test_block","poldrack-single-stim","312","435207","0.0-5.0-298.0","go-nogo","true","0","","true","<div class = centerbox><div  id = stim2></div></div>","32","32","750","","test","go","298","random","","",""
"","333","32","1416","0","test_block","poldrack-single-stim","313","436656","0.0-5.0-299.0","go-nogo","true","0","","true","<div class = centerbox><div  id = stim2></div></div>","32","32","750","","test","go","299","random","","",""
"","327","32","1226","0","test_block","poldrack-single-stim","314","437918","0.0-5.0-300.0","go-nogo","true","0","","true","<div class = centerbox><div  id = stim2></div></div>","32","32","750","","test","go","300","random","","",""
"","319","32","1043","0","test_block","poldrack-single-stim","315","438993","0.0-5.0-301.0","go-nogo","true","0","","true","<div class = centerbox><div  id = stim2></div></div>","32","32","750","","test","go","301","random","","",""
"","339","32","1149","0","test_block","poldrack-single-stim","316","440176","0.0-5.0-302.0","go-nogo","true","0","","true","<div class = centerbox><div  id = stim2></div></div>","32","32","750","","test","go","302","random","","",""
"","315","32","1017","0","test_block","poldrack-single-stim","317","441228","0.0-5.0-303.0","go-nogo","true","0","","true","<div class = centerbox><div  id = stim2></div></div>","32","32","750","","test","go","303","random","","",""
"","309","32","1008","0","test_block","poldrack-single-stim","318","442268","0.0-5.0-304.0","go-nogo","true","0","","true","<div class = centerbox><div  id = stim2></div></div>","32","32","750","","test","go","304","random","","",""
"","321","32","1078","0","test_block","poldrack-single-stim","319","443378","0.0-5.0-305.0","go-nogo","true","0","","true","<div class = centerbox><div  id = stim2></div></div>","32","32","750","","test","go","305","random","","",""
"","303","32","1145","0","test_block","poldrack-single-stim","320","444557","0.0-5.0-306.0","go-nogo","true","0","","true","<div class = centerbox><div  id = stim2></div></div>","32","32","750","","test","go","306","random","","",""
"","174","32","1261","0","test_block","poldrack-single-stim","321","445851","0.0-5.0-307.0","go-nogo","true","0","","true","<div class = centerbox><div  id = stim2></div></div>","32","32","750","","test","go","307","random","","",""
"","64","32","1092","0","test_block","poldrack-single-stim","322","446980","0.0-5.0-308.0","go-nogo","true","0","","true","<div class = centerbox><div  id = stim2></div></div>","32","32","750","","test","go","308","random","","",""
"","242","32","1092","0","test_block","poldrack-single-stim","323","448104","0.0-5.0-309.0","go-nogo","true","0","","true","<div class = centerbox><div  id = stim2></div></div>","32","32","750","","test","go","309","random","","",""
"","290","32","1196","0","test_block","poldrack-single-stim","324","449333","0.0-5.0-310.0","go-nogo","true","0","","true","<div class = centerbox><div  id = stim2></div></div>","32","32","750","","test","go","310","random","","",""
"","244","32","1224","0","test_block","poldrack-single-stim","325","450591","0.0-5.0-311.0","go-nogo","true","0","","true","<div class = centerbox><div  id = stim2></div></div>","32","32","750","","test","go","311","random","","",""
"","286","32","1083","0","test_block","poldrack-single-stim","326","451705","0.0-5.0-312.0","go-nogo","true","0","","true","<div class = centerbox><div  id = stim2></div></div>","32","32","750","","test","go","312","random","","",""
"","377","32","1103","0","test_block","poldrack-single-stim","327","452840","0.0-5.0-313.0","go-nogo","true","0","","true","<div class = centerbox><div  id = stim2></div></div>","32","32","750","","test","go","313","random","","",""
"","-1","-1","1439","0","test_block","poldrack-single-stim","328","454316","0.0-5.0-314.0","go-nogo","true","0","","false","<div class = centerbox><div  id = stim2></div></div>","32","32","750","","test","go","314","random","","",""
"","-1","-1","1185","0","test_block","poldrack-single-stim","329","455533","0.0-5.0-315.0","go-nogo","true","0","","false","<div class = centerbox><div  id = stim2></div></div>","32","32","750","","test","go","315","random","","",""
"","-1","-1","1384","0","test_block","poldrack-single-stim","330","456945","0.0-5.0-316.0","go-nogo","true","0","","false","<div class = centerbox><div  id = stim2></div></div>","32","32","750","","test","go","316","random","","",""
"","-1","-1","1450","0","test_block","poldrack-single-stim","331","458425","0.0-5.0-317.0","go-nogo","true","0","","false","<div class = centerbox><div  id = stim2></div></div>","32","32","750","","test","go","317","random","","",""
"","-1","-1","1011","0","test_block","poldrack-single-stim","332","459465","0.0-5.0-318.0","go-nogo","true","0","","true","<div class = centerbox><div  id = stim1></div></div>","-1","32","750","","test","nogo","318","random","","",""
"","-1","-1","1249","0","test_block","poldrack-single-stim","333","460750","0.0-5.0-319.0","go-nogo","true","0","","true","<div class = centerbox><div  id = stim1></div></div>","-1","32","750","","test","nogo","319","random","","",""
"","-1","-1","1079","0","test_block","poldrack-single-stim","334","461861","0.0-5.0-320.0","go-nogo","true","0","","true","<div class = centerbox><div  id = stim1></div></div>","-1","32","750","","test","nogo","320","random","","",""
"","-1","-1","1267","0","test_block","poldrack-single-stim","335","463160","0.0-5.0-321.0","go-nogo","true","0","","true","<div class = centerbox><div  id = stim1></div></div>","-1","32","750","","test","nogo","321","random","","",""
"","-1","-1","1256","0","test_block","poldrack-single-stim","336","464451","0.0-5.0-322.0","go-nogo","true","0","","true","<div class = centerbox><div  id = stim1></div></div>","-1","32","750","","test","nogo","322","random","","",""
"","-1","-1","1285","0","test_block","poldrack-single-stim","337","465767","0.0-5.0-323.0","go-nogo","true","0","","true","<div class = centerbox><div  id = stim1></div></div>","-1","32","750","","test","nogo","323","random","","",""
"","-1","-1","1385","0","test_block","poldrack-single-stim","338","467187","0.0-5.0-324.0","go-nogo","true","0","","true","<div class = centerbox><div  id = stim1></div></div>","-1","32","750","","test","nogo","324","random","","",""
"","-1","-1","1048","0","test_block","poldrack-single-stim","339","468266","0.0-5.0-325.0","go-nogo","true","0","","true","<div class = centerbox><div  id = stim1></div></div>","-1","32","750","","test","nogo","325","random","","",""
"","-1","-1","1108","0","test_block","poldrack-single-stim","340","469408","0.0-5.0-326.0","go-nogo","true","0","","true","<div class = centerbox><div  id = stim1></div></div>","-1","32","750","","test","nogo","326","random","","",""
"","-1","-1","1106","0","test_block","poldrack-single-stim","341","470551","0.0-5.0-327.0","go-nogo","true","0","","true","<div class = centerbox><div  id = stim1></div></div>","-1","32","750","","test","nogo","327","random","","",""
"","-1","-1","1424","0","test_block","poldrack-single-stim","342","472007","0.0-5.0-328.0","go-nogo","true","0","","true","<div class = centerbox><div  id = stim1></div></div>","-1","32","750","","test","nogo","328","random","","",""
"","-1","-1","1105","0","test_block","poldrack-single-stim","343","473146","0.0-5.0-329.0","go-nogo","true","0","","true","<div class = centerbox><div  id = stim1></div></div>","-1","32","750","","test","nogo","329","random","","",""
"","-1","-1","1069","0","test_block","poldrack-single-stim","344","474246","0.0-5.0-330.0","go-nogo","true","0","","true","<div class = centerbox><div  id = stim1></div></div>","-1","32","750","","test","nogo","330","random","","",""
"","-1","-1","1136","0","test_block","poldrack-single-stim","345","475413","0.0-5.0-331.0","go-nogo","true","0","","true","<div class = centerbox><div  id = stim1></div></div>","-1","32","750","","test","nogo","331","random","","",""
"","-1","-1","1365","0","test_block","poldrack-single-stim","346","476815","0.0-5.0-332.0","go-nogo","true","0","","true","<div class = centerbox><div  id = stim1></div></div>","-1","32","750","","test","nogo","332","random","","",""
"","-1","-1","1211","0","test_block","poldrack-single-stim","347","478059","0.0-5.0-333.0","go-nogo","true","0","","true","<div class = centerbox><div  id = stim1></div></div>","-1","32","750","","test","nogo","333","random","","",""
"","-1","-1","1207","0","test_block","poldrack-single-stim","348","479300","0.0-5.0-334.0","go-nogo","true","0","","true","<div class = centerbox><div  id = stim1></div></div>","-1","32","750","","test","nogo","334","random","","",""
"","-1","-1","1463","0","test_block","poldrack-single-stim","349","480797","0.0-5.0-335.0","go-nogo","true","0","","true","<div class = centerbox><div  id = stim1></div></div>","-1","32","750","","test","nogo","335","random","","",""
"","-1","-1","1463","0","test_block","poldrack-single-stim","350","482292","0.0-5.0-336.0","go-nogo","true","0","","true","<div class = centerbox><div  id = stim1></div></div>","-1","32","750","","test","nogo","336","random","","",""
"","-1","-1","1156","0","test_block","poldrack-single-stim","351","483482","0.0-5.0-337.0","go-nogo","true","0","","true","<div class = centerbox><div  id = stim1></div></div>","-1","32","750","","test","nogo","337","random","","",""
"","-1","-1","1293","0","test_block","poldrack-single-stim","352","484807","0.0-5.0-338.0","go-nogo","true","0","","true","<div class = centerbox><div  id = stim1></div></div>","-1","32","750","","test","nogo","338","random","","",""
"","-1","-1","1406","0","test_block","poldrack-single-stim","353","486244","0.0-5.0-339.0","go-nogo","true","0","","true","<div class = centerbox><div  id = stim1></div></div>","-1","32","750","","test","nogo","339","random","","",""
"","-1","-1","1186","0","test_block","poldrack-single-stim","354","487466","0.0-5.0-340.0","go-nogo","true","0","","true","<div class = centerbox><div  id = stim1></div></div>","-1","32","750","","test","nogo","340","random","","",""
"","-1","-1","1366","0","test_block","poldrack-single-stim","355","488866","0.0-5.0-341.0","go-nogo","true","0","","true","<div class = centerbox><div  id = stim1></div></div>","-1","32","750","","test","nogo","341","random","","",""
"","-1","-1","1033","0","test_block","poldrack-single-stim","356","489931","0.0-5.0-342.0","go-nogo","true","0","","true","<div class = centerbox><div  id = stim1></div></div>","-1","32","750","","test","nogo","342","random","","",""
"","-1","-1","1204","0","test_block","poldrack-single-stim","357","491167","0.0-5.0-343.0","go-nogo","true","0","","true","<div class = centerbox><div  id = stim1></div></div>","-1","32","750","","test","nogo","343","random","","",""
"","-1","-1","1250","0","test_block","poldrack-single-stim","358","492449","0.0-5.0-344.0","go-nogo","true","0","","true","<div class = centerbox><div  id = stim1></div></div>","-1","32","750","","test","nogo","344","random","","",""
"","-1","-1","1194","0","test_block","poldrack-single-stim","359","493678","0.0-5.0-345.0","go-nogo","true","0","","true","<div class = centerbox><div  id = stim1></div></div>","-1","32","750","","test","nogo","345","random","","",""
"","-1","-1","1299","0","test_block","poldrack-single-stim","360","495009","0.0-5.0-346.0","go-nogo","true","0","","true","<div class = centerbox><div  id = stim1></div></div>","-1","32","750","","test","nogo","346","random","","",""
"","-1","-1","1113","0","test_block","poldrack-single-stim","361","496155","0.0-5.0-347.0","go-nogo","true","0","","true","<div class = centerbox><div  id = stim1></div></div>","-1","32","750","","test","nogo","347","random","","",""
"","-1","-1","1147","0","test_block","poldrack-single-stim","362","497339","0.0-5.0-348.0","go-nogo","true","0","","true","<div class = centerbox><div  id = stim1></div></div>","-1","32","750","","test","nogo","348","random","","",""
"","-1","-1","1011","0","test_block","poldrack-single-stim","363","498383","0.0-5.0-349.0","go-nogo","true","0","","false","<div class = centerbox><div  id = stim2></div></div>","32","32","750","","test","go","349","random","","",""
"","78471","","","","post task questions","survey-text","364","576887","0.0-7.0","go-nogo","true","0","","","","","","","","","","","","{""Q0"":""press spacebar when you see blue don’t press when you see orange"",""Q1"":""""}","",""
