"text","rt","key_press","block_duration","timing_post_trial","trial_id","trial_type","trial_index","time_elapsed","internal_node_id","exp_id","full_screen","focus_shifts","view_history","correct","stimulus","correct_response","possible_responses","stim_duration","feedback_duration","exp_stage","condition","trial_num","mode","responses","payment_id","credit_var"
"<div class = centerbox><p class = center-block-text>Welcome to the experiment. This task will take around 10 minutes. Press <strong>enter</strong> to begin.</p></div>","2856","13","2856","0","instruction","poldrack-text","0","2858","0.0-0.0-0.0","go-nogo","true","0","","","","","","","","","","","","","",""
"","7750","","","","instruction","poldrack-instructions","1","10608","0.0-0.0-1.0","go-nogo","true","0","[{""page_index"":0,""viewing_time"":7750}]","","","","","","","","","","","","",""
"","-1","-1","1323","250","practice","poldrack-categorize","2","13936","0.0-1.0-0.0","go-nogo","true","0","","true","<div class = centerbox><div id = stim2></div></div>","-1","32","750","1000","practice","nogo","0","random","","",""
"","483","32","1130","250","practice","poldrack-categorize","3","16320","0.0-1.0-1.0","go-nogo","true","0","","true","<div class = centerbox><div  id = stim1></div></div>","32","32","750","1000","practice","go","1","random","","",""
"","-1","-1","1112","250","practice","poldrack-categorize","4","18686","0.0-1.0-2.0","go-nogo","true","0","","true","<div class = centerbox><div id = stim2></div></div>","-1","32","750","1000","practice","nogo","2","random","","",""
"","-1","-1","1055","250","practice","poldrack-categorize","5","20995","0.0-1.0-3.0","go-nogo","true","0","","true","<div class = centerbox><div id = stim2></div></div>","-1","32","750","1000","practice","nogo","3","random","","",""
"","454","32","1171","250","practice","poldrack-categorize","6","23421","0.0-1.0-4.0","go-nogo","true","0","","true","<div class = centerbox><div  id = stim1></div></div>","32","32","750","1000","practice","go","4","random","","",""
"","436","32","1326","250","practice","poldrack-categorize","7","26001","0.0-1.0-5.0","go-nogo","true","0","","true","<div class = centerbox><div  id = stim1></div></div>","32","32","750","1000","practice","go","5","random","","",""
"","422","32","1364","250","practice","poldrack-categorize","8","28619","0.0-1.0-6.0","go-nogo","true","0","","true","<div class = centerbox><div  id = stim1></div></div>","32","32","750","1000","practice","go","6","random","","",""
"","-1","-1","1018","250","practice","poldrack-categorize","9","30891","0.0-1.0-7.0","go-nogo","true","0","","true","<div class = centerbox><div id = stim2></div></div>","-1","32","750","1000","practice","nogo","7","random","","",""
"","-1","-1","1311","250","practice","poldrack-categorize","10","33457","0.0-1.0-8.0","go-nogo","true","0","","true","<div class = centerbox><div id = stim2></div></div>","-1","32","750","1000","practice","nogo","8","random","","",""
"","323","32","1174","250","practice","poldrack-categorize","11","35884","0.0-1.0-9.0","go-nogo","true","0","","true","<div class = centerbox><div  id = stim1></div></div>","32","32","750","1000","practice","go","9","random","","",""
"","","","","","reset_trial","call-function","12","36136","0.0-3.0","go-nogo","true","0","","","","","","","","","","","","","",""
"<div class = centerbox><p class = block-text>Practice is over, we will now begin the experiment. You will no longer get feedback about your responses.</p><p class = block-text>Remember, if you see the <font color=""orange"">orange</font> square you should <strong> respond by pressing the spacebar as quickly as possible</strong>. If you see the <font color=""blue"">blue</font> square you should <strong> not respond</strong>. Press <strong>enter</strong> to begin.</p></div>","2215","13","2215","1000","test_intro","poldrack-text","13","38351","0.0-4.0","go-nogo","true","0","","","","","","","","","","","","","",""
"","-1","-1","1062","0","test_block","poldrack-single-stim","14","40417","0.0-5.0-0.0","go-nogo","true","0","","true","<div class = centerbox><div  id = stim2></div></div>","-1","32","750","","test","nogo","0","random","","",""
"","443","32","1361","0","test_block","poldrack-single-stim","15","41813","0.0-5.0-1.0","go-nogo","true","0","","true","<div class = centerbox><div  id = stim1></div></div>","32","32","750","","test","go","1","random","","",""
"","401","32","1131","0","test_block","poldrack-single-stim","16","42964","0.0-5.0-2.0","go-nogo","true","0","","true","<div class = centerbox><div  id = stim1></div></div>","32","32","750","","test","go","2","random","","",""
"","366","32","1262","0","test_block","poldrack-single-stim","17","44244","0.0-5.0-3.0","go-nogo","true","0","","true","<div class = centerbox><div  id = stim1></div></div>","32","32","750","","test","go","3","random","","",""
"","323","32","1092","0","test_block","poldrack-single-stim","18","45352","0.0-5.0-4.0","go-nogo","true","0","","true","<div class = centerbox><div  id = stim1></div></div>","32","32","750","","test","go","4","random","","",""
"","307","32","1455","0","test_block","poldrack-single-stim","19","46825","0.0-5.0-5.0","go-nogo","true","0","","true","<div class = centerbox><div  id = stim1></div></div>","32","32","750","","test","go","5","random","","",""
"","342","32","1266","0","test_block","poldrack-single-stim","20","48107","0.0-5.0-6.0","go-nogo","true","0","","true","<div class = centerbox><div  id = stim1></div></div>","32","32","750","","test","go","6","random","","",""
"","320","32","1470","0","test_block","poldrack-single-stim","21","49594","0.0-5.0-7.0","go-nogo","true","0","","true","<div class = centerbox><div  id = stim1></div></div>","32","32","750","","test","go","7","random","","",""
"","329","32","1355","0","test_block","poldrack-single-stim","22","50966","0.0-5.0-8.0","go-nogo","true","0","","true","<div class = centerbox><div  id = stim1></div></div>","32","32","750","","test","go","8","random","","",""
"","308","32","1478","0","test_block","poldrack-single-stim","23","52459","0.0-5.0-9.0","go-nogo","true","0","","true","<div class = centerbox><div  id = stim1></div></div>","32","32","750","","test","go","9","random","","",""
"","277","32","1493","0","test_block","poldrack-single-stim","24","53968","0.0-5.0-10.0","go-nogo","true","0","","true","<div class = centerbox><div  id = stim1></div></div>","32","32","750","","test","go","10","random","","",""
"","322","32","1457","0","test_block","poldrack-single-stim","25","55441","0.0-5.0-11.0","go-nogo","true","0","","true","<div class = centerbox><div  id = stim1></div></div>","32","32","750","","test","go","11","random","","",""
"","290","32","1409","0","test_block","poldrack-single-stim","26","56865","0.0-5.0-12.0","go-nogo","true","0","","true","<div class = centerbox><div  id = stim1></div></div>","32","32","750","","test","go","12","random","","",""
"","295","32","1439","0","test_block","poldrack-single-stim","27","58319","0.0-5.0-13.0","go-nogo","true","0","","true","<div class = centerbox><div  id = stim1></div></div>","32","32","750","","test","go","13","random","","",""
"","280","32","1341","0","test_block","poldrack-single-stim","28","59675","0.0-5.0-14.0","go-nogo","true","0","","true","<div class = centerbox><div  id = stim1></div></div>","32","32","750","","test","go","14","random","","",""
"","315","32","1055","0","test_block","poldrack-single-stim","29","60749","0.0-5.0-15.0","go-nogo","true","0","","true","<div class = centerbox><div  id = stim1></div></div>","32","32","750","","test","go","15","random","","",""
"","371","32","1023","0","test_block","poldrack-single-stim","30","61787","0.0-5.0-16.0","go-nogo","true","0","","true","<div class = centerbox><div  id = stim1></div></div>","32","32","750","","test","go","16","random","","",""
"","322","32","1275","0","test_block","poldrack-single-stim","31","63077","0.0-5.0-17.0","go-nogo","true","0","","true","<div class = centerbox><div  id = stim1></div></div>","32","32","750","","test","go","17","random","","",""
"","304","32","1191","0","test_block","poldrack-single-stim","32","64283","0.0-5.0-18.0","go-nogo","true","0","","true","<div class = centerbox><div  id = stim1></div></div>","32","32","750","","test","go","18","random","","",""
"","314","32","1136","0","test_block","poldrack-single-stim","33","65432","0.0-5.0-19.0","go-nogo","true","0","","true","<div class = centerbox><div  id = stim1></div></div>","32","32","750","","test","go","19","random","","",""
"","289","32","1341","0","test_block","poldrack-single-stim","34","66788","0.0-5.0-20.0","go-nogo","true","0","","true","<div class = centerbox><div  id = stim1></div></div>","32","32","750","","test","go","20","random","","",""
"","285","32","1032","0","test_block","poldrack-single-stim","35","67834","0.0-5.0-21.0","go-nogo","true","0","","true","<div class = centerbox><div  id = stim1></div></div>","32","32","750","","test","go","21","random","","",""
"","283","32","1143","0","test_block","poldrack-single-stim","36","68990","0.0-5.0-22.0","go-nogo","true","0","","true","<div class = centerbox><div  id = stim1></div></div>","32","32","750","","test","go","22","random","","",""
"","241","32","1268","0","test_block","poldrack-single-stim","37","70273","0.0-5.0-23.0","go-nogo","true","0","","true","<div class = centerbox><div  id = stim1></div></div>","32","32","750","","test","go","23","random","","",""
"","116","32","1447","0","test_block","poldrack-single-stim","38","71735","0.0-5.0-24.0","go-nogo","true","0","","true","<div class = centerbox><div  id = stim1></div></div>","32","32","750","","test","go","24","random","","",""
"","804","32","1477","0","test_block","poldrack-single-stim","39","73225","0.0-5.0-25.0","go-nogo","true","0","","true","<div class = centerbox><div  id = stim1></div></div>","32","32","750","","test","go","25","random","","",""
"","470","32","1171","0","test_block","poldrack-single-stim","40","74413","0.0-5.0-26.0","go-nogo","true","0","","true","<div class = centerbox><div  id = stim1></div></div>","32","32","750","","test","go","26","random","","",""
"","423","32","1268","0","test_block","poldrack-single-stim","41","75694","0.0-5.0-27.0","go-nogo","true","0","","true","<div class = centerbox><div  id = stim1></div></div>","32","32","750","","test","go","27","random","","",""
"","795","32","1235","0","test_block","poldrack-single-stim","42","76943","0.0-5.0-28.0","go-nogo","true","0","","true","<div class = centerbox><div  id = stim1></div></div>","32","32","750","","test","go","28","random","","",""
"","389","32","1133","0","test_block","poldrack-single-stim","43","78089","0.0-5.0-29.0","go-nogo","true","0","","true","<div class = centerbox><div  id = stim1></div></div>","32","32","750","","test","go","29","random","","",""
"","334","32","1000","0","test_block","poldrack-single-stim","44","79103","0.0-5.0-30.0","go-nogo","true","0","","true","<div class = centerbox><div  id = stim1></div></div>","32","32","750","","test","go","30","random","","",""
"","320","32","1168","0","test_block","poldrack-single-stim","45","80285","0.0-5.0-31.0","go-nogo","true","0","","true","<div class = centerbox><div  id = stim1></div></div>","32","32","750","","test","go","31","random","","",""
"","446","32","1141","0","test_block","poldrack-single-stim","46","81439","0.0-5.0-32.0","go-nogo","true","0","","true","<div class = centerbox><div  id = stim1></div></div>","32","32","750","","test","go","32","random","","",""
"","323","32","1094","0","test_block","poldrack-single-stim","47","82549","0.0-5.0-33.0","go-nogo","true","0","","true","<div class = centerbox><div  id = stim1></div></div>","32","32","750","","test","go","33","random","","",""
"","341","32","1215","0","test_block","poldrack-single-stim","48","83778","0.0-5.0-34.0","go-nogo","true","0","","true","<div class = centerbox><div  id = stim1></div></div>","32","32","750","","test","go","34","random","","",""
"","313","32","1148","0","test_block","poldrack-single-stim","49","84941","0.0-5.0-35.0","go-nogo","true","0","","true","<div class = centerbox><div  id = stim1></div></div>","32","32","750","","test","go","35","random","","",""
"","716","32","1413","0","test_block","poldrack-single-stim","50","86367","0.0-5.0-36.0","go-nogo","true","0","","true","<div class = centerbox><div  id = stim1></div></div>","32","32","750","","test","go","36","random","","",""
"","570","32","1183","0","test_block","poldrack-single-stim","51","87566","0.0-5.0-37.0","go-nogo","true","0","","true","<div class = centerbox><div  id = stim1></div></div>","32","32","750","","test","go","37","random","","",""
"","1005","32","1407","0","test_block","poldrack-single-stim","52","88986","0.0-5.0-38.0","go-nogo","true","0","","true","<div class = centerbox><div  id = stim1></div></div>","32","32","750","","test","go","38","random","","",""
"","382","32","1361","0","test_block","poldrack-single-stim","53","90362","0.0-5.0-39.0","go-nogo","true","0","","true","<div class = centerbox><div  id = stim1></div></div>","32","32","750","","test","go","39","random","","",""
"","628","32","1014","0","test_block","poldrack-single-stim","54","91388","0.0-5.0-40.0","go-nogo","true","0","","true","<div class = centerbox><div  id = stim1></div></div>","32","32","750","","test","go","40","random","","",""
"","466","32","1169","0","test_block","poldrack-single-stim","55","92572","0.0-5.0-41.0","go-nogo","true","0","","true","<div class = centerbox><div  id = stim1></div></div>","32","32","750","","test","go","41","random","","",""
"","589","32","1391","0","test_block","poldrack-single-stim","56","93976","0.0-5.0-42.0","go-nogo","true","0","","true","<div class = centerbox><div  id = stim1></div></div>","32","32","750","","test","go","42","random","","",""
"","-1","-1","1239","0","test_block","poldrack-single-stim","57","95230","0.0-5.0-43.0","go-nogo","true","0","","false","<div class = centerbox><div  id = stim1></div></div>","32","32","750","","test","go","43","random","","",""
"","654","32","1112","0","test_block","poldrack-single-stim","58","96355","0.0-5.0-44.0","go-nogo","true","0","","true","<div class = centerbox><div  id = stim1></div></div>","32","32","750","","test","go","44","random","","",""
"","-1","-1","1158","0","test_block","poldrack-single-stim","59","97528","0.0-5.0-45.0","go-nogo","true","0","","false","<div class = centerbox><div  id = stim1></div></div>","32","32","750","","test","go","45","random","","",""
"","314","32","1312","0","test_block","poldrack-single-stim","60","98853","0.0-5.0-46.0","go-nogo","true","0","","true","<div class = centerbox><div  id = stim1></div></div>","32","32","750","","test","go","46","random","","",""
"","1147","32","1380","0","test_block","poldrack-single-stim","61","100247","0.0-5.0-47.0","go-nogo","true","0","","true","<div class = centerbox><div  id = stim1></div></div>","32","32","750","","test","go","47","random","","",""
"","484","32","1396","0","test_block","poldrack-single-stim","62","101659","0.0-5.0-48.0","go-nogo","true","0","","true","<div class = centerbox><div  id = stim1></div></div>","32","32","750","","test","go","48","random","","",""
"","333","32","1461","0","test_block","poldrack-single-stim","63","103133","0.0-5.0-49.0","go-nogo","true","0","","true","<div class = centerbox><div  id = stim1></div></div>","32","32","750","","test","go","49","random","","",""
"","310","32","1093","0","test_block","poldrack-single-stim","64","104241","0.0-5.0-50.0","go-nogo","true","0","","true","<div class = centerbox><div  id = stim1></div></div>","32","32","750","","test","go","50","random","","",""
"","326","32","1025","0","test_block","poldrack-single-stim","65","105281","0.0-5.0-51.0","go-nogo","true","0","","true","<div class = centerbox><div  id = stim1></div></div>","32","32","750","","test","go","51","random","","",""
"","336","32","1015","0","test_block","poldrack-single-stim","66","106318","0.0-5.0-52.0","go-nogo","true","0","","true","<div class = centerbox><div  id = stim1></div></div>","32","32","750","","test","go","52","random","","",""
"","297","32","1328","0","test_block","poldrack-single-stim","67","107660","0.0-5.0-53.0","go-nogo","true","0","","true","<div class = centerbox><div  id = stim1></div></div>","32","32","750","","test","go","53","random","","",""
"","318","32","1372","0","test_block","poldrack-single-stim","68","109044","0.0-5.0-54.0","go-nogo","true","0","","true","<div class = centerbox><div  id = stim1></div></div>","32","32","750","","test","go","54","random","","",""
"","282","32","1494","0","test_block","poldrack-single-stim","69","110553","0.0-5.0-55.0","go-nogo","true","0","","true","<div class = centerbox><div  id = stim1></div></div>","32","32","750","","test","go","55","random","","",""
"","305","32","1252","0","test_block","poldrack-single-stim","70","111818","0.0-5.0-56.0","go-nogo","true","0","","true","<div class = centerbox><div  id = stim1></div></div>","32","32","750","","test","go","56","random","","",""
"","310","32","1275","0","test_block","poldrack-single-stim","71","113107","0.0-5.0-57.0","go-nogo","true","0","","true","<div class = centerbox><div  id = stim1></div></div>","32","32","750","","test","go","57","random","","",""
"","350","32","1456","0","test_block","poldrack-single-stim","72","114576","0.0-5.0-58.0","go-nogo","true","0","","true","<div class = centerbox><div  id = stim1></div></div>","32","32","750","","test","go","58","random","","",""
"","330","32","1237","0","test_block","poldrack-single-stim","73","115828","0.0-5.0-59.0","go-nogo","true","0","","true","<div class = centerbox><div  id = stim1></div></div>","32","32","750","","test","go","59","random","","",""
"","306","32","1100","0","test_block","poldrack-single-stim","74","116941","0.0-5.0-60.0","go-nogo","true","0","","true","<div class = centerbox><div  id = stim1></div></div>","32","32","750","","test","go","60","random","","",""
"","305","32","1479","0","test_block","poldrack-single-stim","75","118436","0.0-5.0-61.0","go-nogo","true","0","","true","<div class = centerbox><div  id = stim1></div></div>","32","32","750","","test","go","61","random","","",""
"","320","32","1402","0","test_block","poldrack-single-stim","76","119851","0.0-5.0-62.0","go-nogo","true","0","","true","<div class = centerbox><div  id = stim1></div></div>","32","32","750","","test","go","62","random","","",""
"","332","32","1206","0","test_block","poldrack-single-stim","77","121072","0.0-5.0-63.0","go-nogo","true","0","","true","<div class = centerbox><div  id = stim1></div></div>","32","32","750","","test","go","63","random","","",""
"","338","32","1316","0","test_block","poldrack-single-stim","78","122402","0.0-5.0-64.0","go-nogo","true","0","","true","<div class = centerbox><div  id = stim1></div></div>","32","32","750","","test","go","64","random","","",""
"","414","32","1354","0","test_block","poldrack-single-stim","79","123771","0.0-5.0-65.0","go-nogo","true","0","","true","<div class = centerbox><div  id = stim1></div></div>","32","32","750","","test","go","65","random","","",""
"","317","32","1266","0","test_block","poldrack-single-stim","80","125050","0.0-5.0-66.0","go-nogo","true","0","","true","<div class = centerbox><div  id = stim1></div></div>","32","32","750","","test","go","66","random","","",""
"","340","32","1085","0","test_block","poldrack-single-stim","81","126151","0.0-5.0-67.0","go-nogo","true","0","","true","<div class = centerbox><div  id = stim1></div></div>","32","32","750","","test","go","67","random","","",""
"","311","32","1470","0","test_block","poldrack-single-stim","82","127634","0.0-5.0-68.0","go-nogo","true","0","","true","<div class = centerbox><div  id = stim1></div></div>","32","32","750","","test","go","68","random","","",""
"","301","32","1065","0","test_block","poldrack-single-stim","83","128714","0.0-5.0-69.0","go-nogo","true","0","","true","<div class = centerbox><div  id = stim1></div></div>","32","32","750","","test","go","69","random","","",""
"","313","32","1155","0","test_block","poldrack-single-stim","84","129882","0.0-5.0-70.0","go-nogo","true","0","","true","<div class = centerbox><div  id = stim1></div></div>","32","32","750","","test","go","70","random","","",""
"","269","32","1497","0","test_block","poldrack-single-stim","85","131392","0.0-5.0-71.0","go-nogo","true","0","","true","<div class = centerbox><div  id = stim1></div></div>","32","32","750","","test","go","71","random","","",""
"","301","32","1105","0","test_block","poldrack-single-stim","86","132510","0.0-5.0-72.0","go-nogo","true","0","","true","<div class = centerbox><div  id = stim1></div></div>","32","32","750","","test","go","72","random","","",""
"","353","32","1383","0","test_block","poldrack-single-stim","87","133907","0.0-5.0-73.0","go-nogo","true","0","","true","<div class = centerbox><div  id = stim1></div></div>","32","32","750","","test","go","73","random","","",""
"","317","32","1444","0","test_block","poldrack-single-stim","88","135364","0.0-5.0-74.0","go-nogo","true","0","","true","<div class = centerbox><div  id = stim1></div></div>","32","32","750","","test","go","74","random","","",""
"","763","32","1310","0","test_block","poldrack-single-stim","89","136687","0.0-5.0-75.0","go-nogo","true","0","","true","<div class = centerbox><div  id = stim1></div></div>","32","32","750","","test","go","75","random","","",""
"","360","32","1155","0","test_block","poldrack-single-stim","90","137856","0.0-5.0-76.0","go-nogo","true","0","","true","<div class = centerbox><div  id = stim1></div></div>","32","32","750","","test","go","76","random","","",""
"","306","32","1197","0","test_block","poldrack-single-stim","91","139066","0.0-5.0-77.0","go-nogo","true","0","","true","<div class = centerbox><div  id = stim1></div></div>","32","32","750","","test","go","77","random","","",""
"","377","32","1181","0","test_block","poldrack-single-stim","92","140262","0.0-5.0-78.0","go-nogo","true","0","","true","<div class = centerbox><div  id = stim1></div></div>","32","32","750","","test","go","78","random","","",""
"","320","32","1069","0","test_block","poldrack-single-stim","93","141343","0.0-5.0-79.0","go-nogo","true","0","","true","<div class = centerbox><div  id = stim1></div></div>","32","32","750","","test","go","79","random","","",""
"","316","32","1319","0","test_block","poldrack-single-stim","94","142678","0.0-5.0-80.0","go-nogo","true","0","","true","<div class = centerbox><div  id = stim1></div></div>","32","32","750","","test","go","80","random","","",""
"","289","32","1131","0","test_block","poldrack-single-stim","95","143822","0.0-5.0-81.0","go-nogo","true","0","","true","<div class = centerbox><div  id = stim1></div></div>","32","32","750","","test","go","81","random","","",""
"","246","32","1112","0","test_block","poldrack-single-stim","96","144947","0.0-5.0-82.0","go-nogo","true","0","","true","<div class = centerbox><div  id = stim1></div></div>","32","32","750","","test","go","82","random","","",""
"","359","32","1195","0","test_block","poldrack-single-stim","97","146154","0.0-5.0-83.0","go-nogo","true","0","","true","<div class = centerbox><div  id = stim1></div></div>","32","32","750","","test","go","83","random","","",""
"","276","32","1436","0","test_block","poldrack-single-stim","98","147604","0.0-5.0-84.0","go-nogo","true","0","","true","<div class = centerbox><div  id = stim1></div></div>","32","32","750","","test","go","84","random","","",""
"","493","32","1165","0","test_block","poldrack-single-stim","99","148783","0.0-5.0-85.0","go-nogo","true","0","","true","<div class = centerbox><div  id = stim1></div></div>","32","32","750","","test","go","85","random","","",""
"","314","32","1050","0","test_block","poldrack-single-stim","100","149846","0.0-5.0-86.0","go-nogo","true","0","","true","<div class = centerbox><div  id = stim1></div></div>","32","32","750","","test","go","86","random","","",""
"","308","32","1216","0","test_block","poldrack-single-stim","101","151074","0.0-5.0-87.0","go-nogo","true","0","","true","<div class = centerbox><div  id = stim1></div></div>","32","32","750","","test","go","87","random","","",""
"","296","32","1101","0","test_block","poldrack-single-stim","102","152188","0.0-5.0-88.0","go-nogo","true","0","","true","<div class = centerbox><div  id = stim1></div></div>","32","32","750","","test","go","88","random","","",""
"","316","32","1106","0","test_block","poldrack-single-stim","103","153309","0.0-5.0-89.0","go-nogo","true","0","","true","<div class = centerbox><div  id = stim1></div></div>","32","32","750","","test","go","89","random","","",""
"","312","32","1395","0","test_block","poldrack-single-stim","104","154716","0.0-5.0-90.0","go-nogo","true","0","","true","<div class = centerbox><div  id = stim1></div></div>","32","32","750","","test","go","90","random","","",""
"","331","32","1076","0","test_block","poldrack-single-stim","105","155807","0.0-5.0-91.0","go-nogo","true","0","","true","<div class = centerbox><div  id = stim1></div></div>","32","32","750","","test","go","91","random","","",""
"","344","32","1058","0","test_block","poldrack-single-stim","106","156878","0.0-5.0-92.0","go-nogo","true","0","","true","<div class = centerbox><div  id = stim1></div></div>","32","32","750","","test","go","92","random","","",""
"","363","32","1043","0","test_block","poldrack-single-stim","107","157936","0.0-5.0-93.0","go-nogo","true","0","","true","<div class = centerbox><div  id = stim1></div></div>","32","32","750","","test","go","93","random","","",""
"","353","32","1490","0","test_block","poldrack-single-stim","108","159439","0.0-5.0-94.0","go-nogo","true","0","","true","<div class = centerbox><div  id = stim1></div></div>","32","32","750","","test","go","94","random","","",""
"","311","32","1357","0","test_block","poldrack-single-stim","109","160809","0.0-5.0-95.0","go-nogo","true","0","","true","<div class = centerbox><div  id = stim1></div></div>","32","32","750","","test","go","95","random","","",""
"","292","32","1270","0","test_block","poldrack-single-stim","110","162092","0.0-5.0-96.0","go-nogo","true","0","","true","<div class = centerbox><div  id = stim1></div></div>","32","32","750","","test","go","96","random","","",""
"","312","32","1241","0","test_block","poldrack-single-stim","111","163348","0.0-5.0-97.0","go-nogo","true","0","","true","<div class = centerbox><div  id = stim1></div></div>","32","32","750","","test","go","97","random","","",""
"","364","32","1266","0","test_block","poldrack-single-stim","112","164627","0.0-5.0-98.0","go-nogo","true","0","","true","<div class = centerbox><div  id = stim1></div></div>","32","32","750","","test","go","98","random","","",""
"","399","32","1188","0","test_block","poldrack-single-stim","113","165829","0.0-5.0-99.0","go-nogo","true","0","","true","<div class = centerbox><div  id = stim1></div></div>","32","32","750","","test","go","99","random","","",""
"","268","32","1450","0","test_block","poldrack-single-stim","114","167292","0.0-5.0-100.0","go-nogo","true","0","","true","<div class = centerbox><div  id = stim1></div></div>","32","32","750","","test","go","100","random","","",""
"","301","32","1285","0","test_block","poldrack-single-stim","115","168591","0.0-5.0-101.0","go-nogo","true","0","","true","<div class = centerbox><div  id = stim1></div></div>","32","32","750","","test","go","101","random","","",""
"","330","32","1436","0","test_block","poldrack-single-stim","116","170040","0.0-5.0-102.0","go-nogo","true","0","","true","<div class = centerbox><div  id = stim1></div></div>","32","32","750","","test","go","102","random","","",""
"","285","32","1366","0","test_block","poldrack-single-stim","117","171421","0.0-5.0-103.0","go-nogo","true","0","","true","<div class = centerbox><div  id = stim1></div></div>","32","32","750","","test","go","103","random","","",""
"","279","32","1211","0","test_block","poldrack-single-stim","118","172644","0.0-5.0-104.0","go-nogo","true","0","","true","<div class = centerbox><div  id = stim1></div></div>","32","32","750","","test","go","104","random","","",""
"","313","32","1052","0","test_block","poldrack-single-stim","119","173710","0.0-5.0-105.0","go-nogo","true","0","","true","<div class = centerbox><div  id = stim1></div></div>","32","32","750","","test","go","105","random","","",""
"","374","32","1492","0","test_block","poldrack-single-stim","120","175217","0.0-5.0-106.0","go-nogo","true","0","","true","<div class = centerbox><div  id = stim1></div></div>","32","32","750","","test","go","106","random","","",""
"","353","32","1054","0","test_block","poldrack-single-stim","121","176283","0.0-5.0-107.0","go-nogo","true","0","","true","<div class = centerbox><div  id = stim1></div></div>","32","32","750","","test","go","107","random","","",""
"","400","32","1350","0","test_block","poldrack-single-stim","122","177646","0.0-5.0-108.0","go-nogo","true","0","","true","<div class = centerbox><div  id = stim1></div></div>","32","32","750","","test","go","108","random","","",""
"","397","32","1117","0","test_block","poldrack-single-stim","123","178777","0.0-5.0-109.0","go-nogo","true","0","","true","<div class = centerbox><div  id = stim1></div></div>","32","32","750","","test","go","109","random","","",""
"","606","32","1092","0","test_block","poldrack-single-stim","124","179882","0.0-5.0-110.0","go-nogo","true","0","","true","<div class = centerbox><div  id = stim1></div></div>","32","32","750","","test","go","110","random","","",""
"","536","32","1033","0","test_block","poldrack-single-stim","125","180927","0.0-5.0-111.0","go-nogo","true","0","","true","<div class = centerbox><div  id = stim1></div></div>","32","32","750","","test","go","111","random","","",""
"","636","32","1334","0","test_block","poldrack-single-stim","126","182276","0.0-5.0-112.0","go-nogo","true","0","","true","<div class = centerbox><div  id = stim1></div></div>","32","32","750","","test","go","112","random","","",""
"","393","32","1448","0","test_block","poldrack-single-stim","127","183737","0.0-5.0-113.0","go-nogo","true","0","","true","<div class = centerbox><div  id = stim1></div></div>","32","32","750","","test","go","113","random","","",""
"","517","32","1431","0","test_block","poldrack-single-stim","128","185181","0.0-5.0-114.0","go-nogo","true","0","","true","<div class = centerbox><div  id = stim1></div></div>","32","32","750","","test","go","114","random","","",""
"","355","32","1109","0","test_block","poldrack-single-stim","129","186303","0.0-5.0-115.0","go-nogo","true","0","","true","<div class = centerbox><div  id = stim1></div></div>","32","32","750","","test","go","115","random","","",""
"","346","32","1482","0","test_block","poldrack-single-stim","130","187798","0.0-5.0-116.0","go-nogo","true","0","","true","<div class = centerbox><div  id = stim1></div></div>","32","32","750","","test","go","116","random","","",""
"","0","32","1233","0","test_block","poldrack-single-stim","131","189043","0.0-5.0-117.0","go-nogo","true","0","","true","<div class = centerbox><div  id = stim1></div></div>","32","32","750","","test","go","117","random","","",""
"","374","32","1087","0","test_block","poldrack-single-stim","132","190144","0.0-5.0-118.0","go-nogo","true","0","","true","<div class = centerbox><div  id = stim1></div></div>","32","32","750","","test","go","118","random","","",""
"","333","32","1150","0","test_block","poldrack-single-stim","133","191308","0.0-5.0-119.0","go-nogo","true","0","","true","<div class = centerbox><div  id = stim1></div></div>","32","32","750","","test","go","119","random","","",""
"","349","32","1459","0","test_block","poldrack-single-stim","134","192780","0.0-5.0-120.0","go-nogo","true","0","","true","<div class = centerbox><div  id = stim1></div></div>","32","32","750","","test","go","120","random","","",""
"","329","32","1330","0","test_block","poldrack-single-stim","135","194122","0.0-5.0-121.0","go-nogo","true","0","","true","<div class = centerbox><div  id = stim1></div></div>","32","32","750","","test","go","121","random","","",""
"","357","32","1100","0","test_block","poldrack-single-stim","136","195236","0.0-5.0-122.0","go-nogo","true","0","","true","<div class = centerbox><div  id = stim1></div></div>","32","32","750","","test","go","122","random","","",""
"","-1","-1","1437","0","test_block","poldrack-single-stim","137","196686","0.0-5.0-123.0","go-nogo","true","0","","false","<div class = centerbox><div  id = stim1></div></div>","32","32","750","","test","go","123","random","","",""
"","347","32","1161","0","test_block","poldrack-single-stim","138","197861","0.0-5.0-124.0","go-nogo","true","0","","true","<div class = centerbox><div  id = stim1></div></div>","32","32","750","","test","go","124","random","","",""
"","344","32","1065","0","test_block","poldrack-single-stim","139","198938","0.0-5.0-125.0","go-nogo","true","0","","true","<div class = centerbox><div  id = stim1></div></div>","32","32","750","","test","go","125","random","","",""
"","289","32","1157","0","test_block","poldrack-single-stim","140","200109","0.0-5.0-126.0","go-nogo","true","0","","true","<div class = centerbox><div  id = stim1></div></div>","32","32","750","","test","go","126","random","","",""
"","279","32","1222","0","test_block","poldrack-single-stim","141","201345","0.0-5.0-127.0","go-nogo","true","0","","true","<div class = centerbox><div  id = stim1></div></div>","32","32","750","","test","go","127","random","","",""
"","122","32","1328","0","test_block","poldrack-single-stim","142","202685","0.0-5.0-128.0","go-nogo","true","0","","true","<div class = centerbox><div  id = stim1></div></div>","32","32","750","","test","go","128","random","","",""
"","480","32","1339","0","test_block","poldrack-single-stim","143","204037","0.0-5.0-129.0","go-nogo","true","0","","true","<div class = centerbox><div  id = stim1></div></div>","32","32","750","","test","go","129","random","","",""
"","320","32","1460","0","test_block","poldrack-single-stim","144","205510","0.0-5.0-130.0","go-nogo","true","0","","true","<div class = centerbox><div  id = stim1></div></div>","32","32","750","","test","go","130","random","","",""
"","322","32","1090","0","test_block","poldrack-single-stim","145","206614","0.0-5.0-131.0","go-nogo","true","0","","true","<div class = centerbox><div  id = stim1></div></div>","32","32","750","","test","go","131","random","","",""
"","331","32","1485","0","test_block","poldrack-single-stim","146","208113","0.0-5.0-132.0","go-nogo","true","0","","true","<div class = centerbox><div  id = stim1></div></div>","32","32","750","","test","go","132","random","","",""
"","331","32","1153","0","test_block","poldrack-single-stim","147","209278","0.0-5.0-133.0","go-nogo","true","0","","true","<div class = centerbox><div  id = stim1></div></div>","32","32","750","","test","go","133","random","","",""
"","356","32","1221","0","test_block","poldrack-single-stim","148","210513","0.0-5.0-134.0","go-nogo","true","0","","true","<div class = centerbox><div  id = stim1></div></div>","32","32","750","","test","go","134","random","","",""
"","293","32","1418","0","test_block","poldrack-single-stim","149","211942","0.0-5.0-135.0","go-nogo","true","0","","true","<div class = centerbox><div  id = stim1></div></div>","32","32","750","","test","go","135","random","","",""
"","301","32","1480","0","test_block","poldrack-single-stim","150","213436","0.0-5.0-136.0","go-nogo","true","0","","true","<div class = centerbox><div  id = stim1></div></div>","32","32","750","","test","go","136","random","","",""
"","306","32","1052","0","test_block","poldrack-single-stim","151","214501","0.0-5.0-137.0","go-nogo","true","0","","true","<div class = centerbox><div  id = stim1></div></div>","32","32","750","","test","go","137","random","","",""
"","342","32","1143","0","test_block","poldrack-single-stim","152","215657","0.0-5.0-138.0","go-nogo","true","0","","true","<div class = centerbox><div  id = stim1></div></div>","32","32","750","","test","go","138","random","","",""
"","289","32","1010","0","test_block","poldrack-single-stim","153","216680","0.0-5.0-139.0","go-nogo","true","0","","true","<div class = centerbox><div  id = stim1></div></div>","32","32","750","","test","go","139","random","","",""
"","281","32","1194","0","test_block","poldrack-single-stim","154","217886","0.0-5.0-140.0","go-nogo","true","0","","true","<div class = centerbox><div  id = stim1></div></div>","32","32","750","","test","go","140","random","","",""
"","174","32","1007","0","test_block","poldrack-single-stim","155","218907","0.0-5.0-141.0","go-nogo","true","0","","true","<div class = centerbox><div  id = stim1></div></div>","32","32","750","","test","go","141","random","","",""
"","56","32","1387","0","test_block","poldrack-single-stim","156","220306","0.0-5.0-142.0","go-nogo","true","0","","true","<div class = centerbox><div  id = stim1></div></div>","32","32","750","","test","go","142","random","","",""
"","577","32","1485","0","test_block","poldrack-single-stim","157","221805","0.0-5.0-143.0","go-nogo","true","0","","true","<div class = centerbox><div  id = stim1></div></div>","32","32","750","","test","go","143","random","","",""
"","307","32","1046","0","test_block","poldrack-single-stim","158","222863","0.0-5.0-144.0","go-nogo","true","0","","true","<div class = centerbox><div  id = stim1></div></div>","32","32","750","","test","go","144","random","","",""
"","349","32","1185","0","test_block","poldrack-single-stim","159","224062","0.0-5.0-145.0","go-nogo","true","0","","true","<div class = centerbox><div  id = stim1></div></div>","32","32","750","","test","go","145","random","","",""
"","176","32","1499","0","test_block","poldrack-single-stim","160","225573","0.0-5.0-146.0","go-nogo","true","0","","true","<div class = centerbox><div  id = stim1></div></div>","32","32","750","","test","go","146","random","","",""
"","317","32","1322","0","test_block","poldrack-single-stim","161","226909","0.0-5.0-147.0","go-nogo","true","0","","true","<div class = centerbox><div  id = stim1></div></div>","32","32","750","","test","go","147","random","","",""
"","265","32","1139","0","test_block","poldrack-single-stim","162","228060","0.0-5.0-148.0","go-nogo","true","0","","true","<div class = centerbox><div  id = stim1></div></div>","32","32","750","","test","go","148","random","","",""
"","316","32","1327","0","test_block","poldrack-single-stim","163","229401","0.0-5.0-149.0","go-nogo","true","0","","true","<div class = centerbox><div  id = stim1></div></div>","32","32","750","","test","go","149","random","","",""
"","293","32","1407","0","test_block","poldrack-single-stim","164","230821","0.0-5.0-150.0","go-nogo","true","0","","true","<div class = centerbox><div  id = stim1></div></div>","32","32","750","","test","go","150","random","","",""
"","334","32","1485","0","test_block","poldrack-single-stim","165","232320","0.0-5.0-151.0","go-nogo","true","0","","true","<div class = centerbox><div  id = stim1></div></div>","32","32","750","","test","go","151","random","","",""
"","311","32","1427","0","test_block","poldrack-single-stim","166","233760","0.0-5.0-152.0","go-nogo","true","0","","true","<div class = centerbox><div  id = stim1></div></div>","32","32","750","","test","go","152","random","","",""
"","377","32","1284","0","test_block","poldrack-single-stim","167","235058","0.0-5.0-153.0","go-nogo","true","0","","true","<div class = centerbox><div  id = stim1></div></div>","32","32","750","","test","go","153","random","","",""
"","338","32","1073","0","test_block","poldrack-single-stim","168","236145","0.0-5.0-154.0","go-nogo","true","0","","true","<div class = centerbox><div  id = stim1></div></div>","32","32","750","","test","go","154","random","","",""
"","377","32","1207","0","test_block","poldrack-single-stim","169","237366","0.0-5.0-155.0","go-nogo","true","0","","true","<div class = centerbox><div  id = stim1></div></div>","32","32","750","","test","go","155","random","","",""
"","292","32","1305","0","test_block","poldrack-single-stim","170","238683","0.0-5.0-156.0","go-nogo","true","0","","true","<div class = centerbox><div  id = stim1></div></div>","32","32","750","","test","go","156","random","","",""
"","404","32","1301","0","test_block","poldrack-single-stim","171","239998","0.0-5.0-157.0","go-nogo","true","0","","true","<div class = centerbox><div  id = stim1></div></div>","32","32","750","","test","go","157","random","","",""
"","260","32","1162","0","test_block","poldrack-single-stim","172","241172","0.0-5.0-158.0","go-nogo","true","0","","true","<div class = centerbox><div  id = stim1></div></div>","32","32","750","","test","go","158","random","","",""
"","176","32","1099","0","test_block","poldrack-single-stim","173","242284","0.0-5.0-159.0","go-nogo","true","0","","true","<div class = centerbox><div  id = stim1></div></div>","32","32","750","","test","go","159","random","","",""
"","280","32","1104","0","test_block","poldrack-single-stim","174","243401","0.0-5.0-160.0","go-nogo","true","0","","true","<div class = centerbox><div  id = stim1></div></div>","32","32","750","","test","go","160","random","","",""
"","399","32","1385","0","test_block","poldrack-single-stim","175","244800","0.0-5.0-161.0","go-nogo","true","0","","true","<div class = centerbox><div  id = stim1></div></div>","32","32","750","","test","go","161","random","","",""
"","340","32","1271","0","test_block","poldrack-single-stim","176","246084","0.0-5.0-162.0","go-nogo","true","0","","true","<div class = centerbox><div  id = stim1></div></div>","32","32","750","","test","go","162","random","","",""
"","327","32","1183","0","test_block","poldrack-single-stim","177","247281","0.0-5.0-163.0","go-nogo","true","0","","true","<div class = centerbox><div  id = stim1></div></div>","32","32","750","","test","go","163","random","","",""
"","323","32","1447","0","test_block","poldrack-single-stim","178","248740","0.0-5.0-164.0","go-nogo","true","0","","true","<div class = centerbox><div  id = stim1></div></div>","32","32","750","","test","go","164","random","","",""
"","335","32","1386","0","test_block","poldrack-single-stim","179","250141","0.0-5.0-165.0","go-nogo","true","0","","true","<div class = centerbox><div  id = stim1></div></div>","32","32","750","","test","go","165","random","","",""
"","376","32","1346","0","test_block","poldrack-single-stim","180","251500","0.0-5.0-166.0","go-nogo","true","0","","true","<div class = centerbox><div  id = stim1></div></div>","32","32","750","","test","go","166","random","","",""
"","299","32","1108","0","test_block","poldrack-single-stim","181","252623","0.0-5.0-167.0","go-nogo","true","0","","true","<div class = centerbox><div  id = stim1></div></div>","32","32","750","","test","go","167","random","","",""
"","324","32","1203","0","test_block","poldrack-single-stim","182","253839","0.0-5.0-168.0","go-nogo","true","0","","true","<div class = centerbox><div  id = stim1></div></div>","32","32","750","","test","go","168","random","","",""
"","300","32","1103","0","test_block","poldrack-single-stim","183","254957","0.0-5.0-169.0","go-nogo","true","0","","true","<div class = centerbox><div  id = stim1></div></div>","32","32","750","","test","go","169","random","","",""
"","331","32","1111","0","test_block","poldrack-single-stim","184","256080","0.0-5.0-170.0","go-nogo","true","0","","true","<div class = centerbox><div  id = stim1></div></div>","32","32","750","","test","go","170","random","","",""
"","286","32","1290","0","test_block","poldrack-single-stim","185","257385","0.0-5.0-171.0","go-nogo","true","0","","true","<div class = centerbox><div  id = stim1></div></div>","32","32","750","","test","go","171","random","","",""
"","75","32","1273","0","test_block","poldrack-single-stim","186","258670","0.0-5.0-172.0","go-nogo","true","0","","true","<div class = centerbox><div  id = stim1></div></div>","32","32","750","","test","go","172","random","","",""
"","103","32","1125","0","test_block","poldrack-single-stim","187","259810","0.0-5.0-173.0","go-nogo","true","0","","true","<div class = centerbox><div  id = stim1></div></div>","32","32","750","","test","go","173","random","","",""
"","248","32","1356","0","test_block","poldrack-single-stim","188","261178","0.0-5.0-174.0","go-nogo","true","0","","true","<div class = centerbox><div  id = stim1></div></div>","32","32","750","","test","go","174","random","","",""
"","295","32","1359","0","test_block","poldrack-single-stim","189","262552","0.0-5.0-175.0","go-nogo","true","0","","true","<div class = centerbox><div  id = stim1></div></div>","32","32","750","","test","go","175","random","","",""
"","262","32","1274","0","test_block","poldrack-single-stim","190","263839","0.0-5.0-176.0","go-nogo","true","0","","true","<div class = centerbox><div  id = stim1></div></div>","32","32","750","","test","go","176","random","","",""
"","289","32","1110","0","test_block","poldrack-single-stim","191","264964","0.0-5.0-177.0","go-nogo","true","0","","true","<div class = centerbox><div  id = stim1></div></div>","32","32","750","","test","go","177","random","","",""
"","348","32","1070","0","test_block","poldrack-single-stim","192","266046","0.0-5.0-178.0","go-nogo","true","0","","true","<div class = centerbox><div  id = stim1></div></div>","32","32","750","","test","go","178","random","","",""
"","344","32","1368","0","test_block","poldrack-single-stim","193","267428","0.0-5.0-179.0","go-nogo","true","0","","true","<div class = centerbox><div  id = stim1></div></div>","32","32","750","","test","go","179","random","","",""
"","326","32","1391","0","test_block","poldrack-single-stim","194","268832","0.0-5.0-180.0","go-nogo","true","0","","true","<div class = centerbox><div  id = stim1></div></div>","32","32","750","","test","go","180","random","","",""
"","382","32","1254","0","test_block","poldrack-single-stim","195","270100","0.0-5.0-181.0","go-nogo","true","0","","true","<div class = centerbox><div  id = stim1></div></div>","32","32","750","","test","go","181","random","","",""
"","331","32","1254","0","test_block","poldrack-single-stim","196","271366","0.0-5.0-182.0","go-nogo","true","0","","true","<div class = centerbox><div  id = stim1></div></div>","32","32","750","","test","go","182","random","","",""
"","728","32","1067","0","test_block","poldrack-single-stim","197","272447","0.0-5.0-183.0","go-nogo","true","0","","true","<div class = centerbox><div  id = stim1></div></div>","32","32","750","","test","go","183","random","","",""
"","1122","32","1434","0","test_block","poldrack-single-stim","198","273895","0.0-5.0-184.0","go-nogo","true","0","","true","<div class = centerbox><div  id = stim1></div></div>","32","32","750","","test","go","184","random","","",""
"","-1","-1","1186","0","test_block","poldrack-single-stim","199","275094","0.0-5.0-185.0","go-nogo","true","0","","false","<div class = centerbox><div  id = stim1></div></div>","32","32","750","","test","go","185","random","","",""
"","175","32","1454","0","test_block","poldrack-single-stim","200","276560","0.0-5.0-186.0","go-nogo","true","0","","true","<div class = centerbox><div  id = stim1></div></div>","32","32","750","","test","go","186","random","","",""
"","270","32","1332","0","test_block","poldrack-single-stim","201","277907","0.0-5.0-187.0","go-nogo","true","0","","true","<div class = centerbox><div  id = stim1></div></div>","32","32","750","","test","go","187","random","","",""
"","95","32","1223","0","test_block","poldrack-single-stim","202","279143","0.0-5.0-188.0","go-nogo","true","0","","true","<div class = centerbox><div  id = stim1></div></div>","32","32","750","","test","go","188","random","","",""
"","614","32","1317","0","test_block","poldrack-single-stim","203","280474","0.0-5.0-189.0","go-nogo","true","0","","true","<div class = centerbox><div  id = stim1></div></div>","32","32","750","","test","go","189","random","","",""
"","848","32","1207","0","test_block","poldrack-single-stim","204","281693","0.0-5.0-190.0","go-nogo","true","0","","true","<div class = centerbox><div  id = stim1></div></div>","32","32","750","","test","go","190","random","","",""
"","461","32","1107","0","test_block","poldrack-single-stim","205","282812","0.0-5.0-191.0","go-nogo","true","0","","true","<div class = centerbox><div  id = stim1></div></div>","32","32","750","","test","go","191","random","","",""
"","330","32","1224","0","test_block","poldrack-single-stim","206","284050","0.0-5.0-192.0","go-nogo","true","0","","true","<div class = centerbox><div  id = stim1></div></div>","32","32","750","","test","go","192","random","","",""
"","308","32","1312","0","test_block","poldrack-single-stim","207","285375","0.0-5.0-193.0","go-nogo","true","0","","true","<div class = centerbox><div  id = stim1></div></div>","32","32","750","","test","go","193","random","","",""
"","354","32","1159","0","test_block","poldrack-single-stim","208","286548","0.0-5.0-194.0","go-nogo","true","0","","true","<div class = centerbox><div  id = stim1></div></div>","32","32","750","","test","go","194","random","","",""
"","309","32","1186","0","test_block","poldrack-single-stim","209","287746","0.0-5.0-195.0","go-nogo","true","0","","true","<div class = centerbox><div  id = stim1></div></div>","32","32","750","","test","go","195","random","","",""
"","462","32","1137","0","test_block","poldrack-single-stim","210","288896","0.0-5.0-196.0","go-nogo","true","0","","true","<div class = centerbox><div  id = stim1></div></div>","32","32","750","","test","go","196","random","","",""
"","571","32","1306","0","test_block","poldrack-single-stim","211","290214","0.0-5.0-197.0","go-nogo","true","0","","true","<div class = centerbox><div  id = stim1></div></div>","32","32","750","","test","go","197","random","","",""
"","412","32","1159","0","test_block","poldrack-single-stim","212","291385","0.0-5.0-198.0","go-nogo","true","0","","true","<div class = centerbox><div  id = stim1></div></div>","32","32","750","","test","go","198","random","","",""
"","354","32","1157","0","test_block","poldrack-single-stim","213","292554","0.0-5.0-199.0","go-nogo","true","0","","true","<div class = centerbox><div  id = stim1></div></div>","32","32","750","","test","go","199","random","","",""
"","389","32","1195","0","test_block","poldrack-single-stim","214","293762","0.0-5.0-200.0","go-nogo","true","0","","true","<div class = centerbox><div  id = stim1></div></div>","32","32","750","","test","go","200","random","","",""
"","361","32","1137","0","test_block","poldrack-single-stim","215","294913","0.0-5.0-201.0","go-nogo","true","0","","true","<div class = centerbox><div  id = stim1></div></div>","32","32","750","","test","go","201","random","","",""
"","315","32","1085","0","test_block","poldrack-single-stim","216","296009","0.0-5.0-202.0","go-nogo","true","0","","true","<div class = centerbox><div  id = stim1></div></div>","32","32","750","","test","go","202","random","","",""
"","343","32","1046","0","test_block","poldrack-single-stim","217","297067","0.0-5.0-203.0","go-nogo","true","0","","true","<div class = centerbox><div  id = stim1></div></div>","32","32","750","","test","go","203","random","","",""
"","340","32","1111","0","test_block","poldrack-single-stim","218","298193","0.0-5.0-204.0","go-nogo","true","0","","true","<div class = centerbox><div  id = stim1></div></div>","32","32","750","","test","go","204","random","","",""
"","320","32","1042","0","test_block","poldrack-single-stim","219","299247","0.0-5.0-205.0","go-nogo","true","0","","true","<div class = centerbox><div  id = stim1></div></div>","32","32","750","","test","go","205","random","","",""
"","377","32","1299","0","test_block","poldrack-single-stim","220","300560","0.0-5.0-206.0","go-nogo","true","0","","true","<div class = centerbox><div  id = stim1></div></div>","32","32","750","","test","go","206","random","","",""
"","325","32","1499","0","test_block","poldrack-single-stim","221","302071","0.0-5.0-207.0","go-nogo","true","0","","true","<div class = centerbox><div  id = stim1></div></div>","32","32","750","","test","go","207","random","","",""
"","196","32","1496","0","test_block","poldrack-single-stim","222","303581","0.0-5.0-208.0","go-nogo","true","0","","true","<div class = centerbox><div  id = stim1></div></div>","32","32","750","","test","go","208","random","","",""
"","61","32","1385","0","test_block","poldrack-single-stim","223","304980","0.0-5.0-209.0","go-nogo","true","0","","true","<div class = centerbox><div  id = stim1></div></div>","32","32","750","","test","go","209","random","","",""
"","90","32","1480","0","test_block","poldrack-single-stim","224","306473","0.0-5.0-210.0","go-nogo","true","0","","true","<div class = centerbox><div  id = stim1></div></div>","32","32","750","","test","go","210","random","","",""
"","904","32","1089","0","test_block","poldrack-single-stim","225","307574","0.0-5.0-211.0","go-nogo","true","0","","true","<div class = centerbox><div  id = stim1></div></div>","32","32","750","","test","go","211","random","","",""
"","421","32","1344","0","test_block","poldrack-single-stim","226","308930","0.0-5.0-212.0","go-nogo","true","0","","true","<div class = centerbox><div  id = stim1></div></div>","32","32","750","","test","go","212","random","","",""
"","336","32","1251","0","test_block","poldrack-single-stim","227","310194","0.0-5.0-213.0","go-nogo","true","0","","true","<div class = centerbox><div  id = stim1></div></div>","32","32","750","","test","go","213","random","","",""
"","321","32","1344","0","test_block","poldrack-single-stim","228","311551","0.0-5.0-214.0","go-nogo","true","0","","true","<div class = centerbox><div  id = stim1></div></div>","32","32","750","","test","go","214","random","","",""
"","336","32","1389","0","test_block","poldrack-single-stim","229","312955","0.0-5.0-215.0","go-nogo","true","0","","true","<div class = centerbox><div  id = stim1></div></div>","32","32","750","","test","go","215","random","","",""
"","294","32","1106","0","test_block","poldrack-single-stim","230","314073","0.0-5.0-216.0","go-nogo","true","0","","true","<div class = centerbox><div  id = stim1></div></div>","32","32","750","","test","go","216","random","","",""
"","358","32","1378","0","test_block","poldrack-single-stim","231","315464","0.0-5.0-217.0","go-nogo","true","0","","true","<div class = centerbox><div  id = stim1></div></div>","32","32","750","","test","go","217","random","","",""
"","303","32","1367","0","test_block","poldrack-single-stim","232","316845","0.0-5.0-218.0","go-nogo","true","0","","true","<div class = centerbox><div  id = stim1></div></div>","32","32","750","","test","go","218","random","","",""
"","320","32","1279","0","test_block","poldrack-single-stim","233","318137","0.0-5.0-219.0","go-nogo","true","0","","true","<div class = centerbox><div  id = stim1></div></div>","32","32","750","","test","go","219","random","","",""
"","307","32","1057","0","test_block","poldrack-single-stim","234","319209","0.0-5.0-220.0","go-nogo","true","0","","true","<div class = centerbox><div  id = stim1></div></div>","32","32","750","","test","go","220","random","","",""
"","317","32","1137","0","test_block","poldrack-single-stim","235","320359","0.0-5.0-221.0","go-nogo","true","0","","true","<div class = centerbox><div  id = stim1></div></div>","32","32","750","","test","go","221","random","","",""
"","349","32","1109","0","test_block","poldrack-single-stim","236","321481","0.0-5.0-222.0","go-nogo","true","0","","true","<div class = centerbox><div  id = stim1></div></div>","32","32","750","","test","go","222","random","","",""
"","307","32","1489","0","test_block","poldrack-single-stim","237","322982","0.0-5.0-223.0","go-nogo","true","0","","true","<div class = centerbox><div  id = stim1></div></div>","32","32","750","","test","go","223","random","","",""
"","527","32","1086","0","test_block","poldrack-single-stim","238","324079","0.0-5.0-224.0","go-nogo","true","0","","true","<div class = centerbox><div  id = stim1></div></div>","32","32","750","","test","go","224","random","","",""
"","340","32","1276","0","test_block","poldrack-single-stim","239","325370","0.0-5.0-225.0","go-nogo","true","0","","true","<div class = centerbox><div  id = stim1></div></div>","32","32","750","","test","go","225","random","","",""
"","333","32","1143","0","test_block","poldrack-single-stim","240","326525","0.0-5.0-226.0","go-nogo","true","0","","true","<div class = centerbox><div  id = stim1></div></div>","32","32","750","","test","go","226","random","","",""
"","427","32","1071","0","test_block","poldrack-single-stim","241","327609","0.0-5.0-227.0","go-nogo","true","0","","true","<div class = centerbox><div  id = stim1></div></div>","32","32","750","","test","go","227","random","","",""
"","377","32","1141","0","test_block","poldrack-single-stim","242","328764","0.0-5.0-228.0","go-nogo","true","0","","true","<div class = centerbox><div  id = stim1></div></div>","32","32","750","","test","go","228","random","","",""
"","282","32","1309","0","test_block","poldrack-single-stim","243","330084","0.0-5.0-229.0","go-nogo","true","0","","true","<div class = centerbox><div  id = stim1></div></div>","32","32","750","","test","go","229","random","","",""
"","310","32","1468","0","test_block","poldrack-single-stim","244","331566","0.0-5.0-230.0","go-nogo","true","0","","true","<div class = centerbox><div  id = stim1></div></div>","32","32","750","","test","go","230","random","","",""
"","347","32","1060","0","test_block","poldrack-single-stim","245","332637","0.0-5.0-231.0","go-nogo","true","0","","true","<div class = centerbox><div  id = stim1></div></div>","32","32","750","","test","go","231","random","","",""
"","321","32","1184","0","test_block","poldrack-single-stim","246","333836","0.0-5.0-232.0","go-nogo","true","0","","true","<div class = centerbox><div  id = stim1></div></div>","32","32","750","","test","go","232","random","","",""
"","373","32","1248","0","test_block","poldrack-single-stim","247","335095","0.0-5.0-233.0","go-nogo","true","0","","true","<div class = centerbox><div  id = stim1></div></div>","32","32","750","","test","go","233","random","","",""
"","304","32","1246","0","test_block","poldrack-single-stim","248","336354","0.0-5.0-234.0","go-nogo","true","0","","true","<div class = centerbox><div  id = stim1></div></div>","32","32","750","","test","go","234","random","","",""
"","295","32","1393","0","test_block","poldrack-single-stim","249","337760","0.0-5.0-235.0","go-nogo","true","0","","true","<div class = centerbox><div  id = stim1></div></div>","32","32","750","","test","go","235","random","","",""
"","286","32","1233","0","test_block","poldrack-single-stim","250","339006","0.0-5.0-236.0","go-nogo","true","0","","true","<div class = centerbox><div  id = stim1></div></div>","32","32","750","","test","go","236","random","","",""
"","310","32","1419","0","test_block","poldrack-single-stim","251","340437","0.0-5.0-237.0","go-nogo","true","0","","true","<div class = centerbox><div  id = stim1></div></div>","32","32","750","","test","go","237","random","","",""
"","285","32","1374","0","test_block","poldrack-single-stim","252","341824","0.0-5.0-238.0","go-nogo","true","0","","true","<div class = centerbox><div  id = stim1></div></div>","32","32","750","","test","go","238","random","","",""
"","292","32","1284","0","test_block","poldrack-single-stim","253","343122","0.0-5.0-239.0","go-nogo","true","0","","true","<div class = centerbox><div  id = stim1></div></div>","32","32","750","","test","go","239","random","","",""
"","267","32","1140","0","test_block","poldrack-single-stim","254","344274","0.0-5.0-240.0","go-nogo","true","0","","true","<div class = centerbox><div  id = stim1></div></div>","32","32","750","","test","go","240","random","","",""
"","285","32","1458","0","test_block","poldrack-single-stim","255","345744","0.0-5.0-241.0","go-nogo","true","0","","true","<div class = centerbox><div  id = stim1></div></div>","32","32","750","","test","go","241","random","","",""
"","444","32","1332","0","test_block","poldrack-single-stim","256","347090","0.0-5.0-242.0","go-nogo","true","0","","true","<div class = centerbox><div  id = stim1></div></div>","32","32","750","","test","go","242","random","","",""
"","304","32","1146","0","test_block","poldrack-single-stim","257","348249","0.0-5.0-243.0","go-nogo","true","0","","true","<div class = centerbox><div  id = stim1></div></div>","32","32","750","","test","go","243","random","","",""
"","337","32","1103","0","test_block","poldrack-single-stim","258","349364","0.0-5.0-244.0","go-nogo","true","0","","true","<div class = centerbox><div  id = stim1></div></div>","32","32","750","","test","go","244","random","","",""
"","346","32","1255","0","test_block","poldrack-single-stim","259","350632","0.0-5.0-245.0","go-nogo","true","0","","true","<div class = centerbox><div  id = stim1></div></div>","32","32","750","","test","go","245","random","","",""
"","360","32","1151","0","test_block","poldrack-single-stim","260","351797","0.0-5.0-246.0","go-nogo","true","0","","true","<div class = centerbox><div  id = stim1></div></div>","32","32","750","","test","go","246","random","","",""
"","367","32","1152","0","test_block","poldrack-single-stim","261","352961","0.0-5.0-247.0","go-nogo","true","0","","true","<div class = centerbox><div  id = stim1></div></div>","32","32","750","","test","go","247","random","","",""
"","339","32","1281","0","test_block","poldrack-single-stim","262","354256","0.0-5.0-248.0","go-nogo","true","0","","true","<div class = centerbox><div  id = stim1></div></div>","32","32","750","","test","go","248","random","","",""
"","304","32","1130","0","test_block","poldrack-single-stim","263","355398","0.0-5.0-249.0","go-nogo","true","0","","true","<div class = centerbox><div  id = stim1></div></div>","32","32","750","","test","go","249","random","","",""
"","332","32","1412","0","test_block","poldrack-single-stim","264","356824","0.0-5.0-250.0","go-nogo","true","0","","true","<div class = centerbox><div  id = stim1></div></div>","32","32","750","","test","go","250","random","","",""
"","312","32","1197","0","test_block","poldrack-single-stim","265","358034","0.0-5.0-251.0","go-nogo","true","0","","true","<div class = centerbox><div  id = stim1></div></div>","32","32","750","","test","go","251","random","","",""
"","273","32","1454","0","test_block","poldrack-single-stim","266","359500","0.0-5.0-252.0","go-nogo","true","0","","true","<div class = centerbox><div  id = stim1></div></div>","32","32","750","","test","go","252","random","","",""
"","31","32","1221","0","test_block","poldrack-single-stim","267","360735","0.0-5.0-253.0","go-nogo","true","0","","true","<div class = centerbox><div  id = stim1></div></div>","32","32","750","","test","go","253","random","","",""
"","541","32","1314","0","test_block","poldrack-single-stim","268","362063","0.0-5.0-254.0","go-nogo","true","0","","true","<div class = centerbox><div  id = stim1></div></div>","32","32","750","","test","go","254","random","","",""
"","372","32","1425","0","test_block","poldrack-single-stim","269","363500","0.0-5.0-255.0","go-nogo","true","0","","true","<div class = centerbox><div  id = stim1></div></div>","32","32","750","","test","go","255","random","","",""
"","296","32","1036","0","test_block","poldrack-single-stim","270","364548","0.0-5.0-256.0","go-nogo","true","0","","true","<div class = centerbox><div  id = stim1></div></div>","32","32","750","","test","go","256","random","","",""
"","385","32","1047","0","test_block","poldrack-single-stim","271","365607","0.0-5.0-257.0","go-nogo","true","0","","true","<div class = centerbox><div  id = stim1></div></div>","32","32","750","","test","go","257","random","","",""
"","302","32","1370","0","test_block","poldrack-single-stim","272","366992","0.0-5.0-258.0","go-nogo","true","0","","true","<div class = centerbox><div  id = stim1></div></div>","32","32","750","","test","go","258","random","","",""
"","293","32","1241","0","test_block","poldrack-single-stim","273","368246","0.0-5.0-259.0","go-nogo","true","0","","true","<div class = centerbox><div  id = stim1></div></div>","32","32","750","","test","go","259","random","","",""
"","286","32","1051","0","test_block","poldrack-single-stim","274","369310","0.0-5.0-260.0","go-nogo","true","0","","true","<div class = centerbox><div  id = stim1></div></div>","32","32","750","","test","go","260","random","","",""
"","325","32","1142","0","test_block","poldrack-single-stim","275","370465","0.0-5.0-261.0","go-nogo","true","0","","true","<div class = centerbox><div  id = stim1></div></div>","32","32","750","","test","go","261","random","","",""
"","294","32","1236","0","test_block","poldrack-single-stim","276","371715","0.0-5.0-262.0","go-nogo","true","0","","true","<div class = centerbox><div  id = stim1></div></div>","32","32","750","","test","go","262","random","","",""
"","294","32","1162","0","test_block","poldrack-single-stim","277","372890","0.0-5.0-263.0","go-nogo","true","0","","true","<div class = centerbox><div  id = stim1></div></div>","32","32","750","","test","go","263","random","","",""
"","289","32","1047","0","test_block","poldrack-single-stim","278","373949","0.0-5.0-264.0","go-nogo","true","0","","true","<div class = centerbox><div  id = stim1></div></div>","32","32","750","","test","go","264","random","","",""
"","320","32","1261","0","test_block","poldrack-single-stim","279","375223","0.0-5.0-265.0","go-nogo","true","0","","true","<div class = centerbox><div  id = stim1></div></div>","32","32","750","","test","go","265","random","","",""
"","284","32","1322","0","test_block","poldrack-single-stim","280","376558","0.0-5.0-266.0","go-nogo","true","0","","true","<div class = centerbox><div  id = stim1></div></div>","32","32","750","","test","go","266","random","","",""
"","322","32","1115","0","test_block","poldrack-single-stim","281","377685","0.0-5.0-267.0","go-nogo","true","0","","true","<div class = centerbox><div  id = stim1></div></div>","32","32","750","","test","go","267","random","","",""
"","296","32","1195","0","test_block","poldrack-single-stim","282","378894","0.0-5.0-268.0","go-nogo","true","0","","true","<div class = centerbox><div  id = stim1></div></div>","32","32","750","","test","go","268","random","","",""
"","338","32","1140","0","test_block","poldrack-single-stim","283","380046","0.0-5.0-269.0","go-nogo","true","0","","true","<div class = centerbox><div  id = stim1></div></div>","32","32","750","","test","go","269","random","","",""
"","296","32","1444","0","test_block","poldrack-single-stim","284","381505","0.0-5.0-270.0","go-nogo","true","0","","true","<div class = centerbox><div  id = stim1></div></div>","32","32","750","","test","go","270","random","","",""
"","291","32","1485","0","test_block","poldrack-single-stim","285","383003","0.0-5.0-271.0","go-nogo","true","0","","true","<div class = centerbox><div  id = stim1></div></div>","32","32","750","","test","go","271","random","","",""
"","478","32","1387","0","test_block","poldrack-single-stim","286","384405","0.0-5.0-272.0","go-nogo","true","0","","true","<div class = centerbox><div  id = stim1></div></div>","32","32","750","","test","go","272","random","","",""
"","306","32","1294","0","test_block","poldrack-single-stim","287","385711","0.0-5.0-273.0","go-nogo","true","0","","true","<div class = centerbox><div  id = stim1></div></div>","32","32","750","","test","go","273","random","","",""
"","44","32","1367","0","test_block","poldrack-single-stim","288","387093","0.0-5.0-274.0","go-nogo","true","0","","true","<div class = centerbox><div  id = stim1></div></div>","32","32","750","","test","go","274","random","","",""
"","431","32","1028","0","test_block","poldrack-single-stim","289","388133","0.0-5.0-275.0","go-nogo","true","0","","true","<div class = centerbox><div  id = stim1></div></div>","32","32","750","","test","go","275","random","","",""
"","839","32","1196","0","test_block","poldrack-single-stim","290","389344","0.0-5.0-276.0","go-nogo","true","0","","true","<div class = centerbox><div  id = stim1></div></div>","32","32","750","","test","go","276","random","","",""
"","530","32","1064","0","test_block","poldrack-single-stim","291","390420","0.0-5.0-277.0","go-nogo","true","0","","true","<div class = centerbox><div  id = stim1></div></div>","32","32","750","","test","go","277","random","","",""
"","499","32","1479","0","test_block","poldrack-single-stim","292","391913","0.0-5.0-278.0","go-nogo","true","0","","true","<div class = centerbox><div  id = stim1></div></div>","32","32","750","","test","go","278","random","","",""
"","301","32","1272","0","test_block","poldrack-single-stim","293","393196","0.0-5.0-279.0","go-nogo","true","0","","true","<div class = centerbox><div  id = stim1></div></div>","32","32","750","","test","go","279","random","","",""
"","289","32","1016","0","test_block","poldrack-single-stim","294","394225","0.0-5.0-280.0","go-nogo","true","0","","true","<div class = centerbox><div  id = stim1></div></div>","32","32","750","","test","go","280","random","","",""
"","520","32","1490","0","test_block","poldrack-single-stim","295","395728","0.0-5.0-281.0","go-nogo","true","0","","true","<div class = centerbox><div  id = stim1></div></div>","32","32","750","","test","go","281","random","","",""
"","287","32","1419","0","test_block","poldrack-single-stim","296","397162","0.0-5.0-282.0","go-nogo","true","0","","true","<div class = centerbox><div  id = stim1></div></div>","32","32","750","","test","go","282","random","","",""
"","306","32","1342","0","test_block","poldrack-single-stim","297","398515","0.0-5.0-283.0","go-nogo","true","0","","true","<div class = centerbox><div  id = stim1></div></div>","32","32","750","","test","go","283","random","","",""
"","324","32","1239","0","test_block","poldrack-single-stim","298","399768","0.0-5.0-284.0","go-nogo","true","0","","true","<div class = centerbox><div  id = stim1></div></div>","32","32","750","","test","go","284","random","","",""
"","310","32","1254","0","test_block","poldrack-single-stim","299","401035","0.0-5.0-285.0","go-nogo","true","0","","true","<div class = centerbox><div  id = stim1></div></div>","32","32","750","","test","go","285","random","","",""
"","312","32","1312","0","test_block","poldrack-single-stim","300","402361","0.0-5.0-286.0","go-nogo","true","0","","true","<div class = centerbox><div  id = stim1></div></div>","32","32","750","","test","go","286","random","","",""
"","350","32","1366","0","test_block","poldrack-single-stim","301","403740","0.0-5.0-287.0","go-nogo","true","0","","true","<div class = centerbox><div  id = stim1></div></div>","32","32","750","","test","go","287","random","","",""
"","330","32","1146","0","test_block","poldrack-single-stim","302","404900","0.0-5.0-288.0","go-nogo","true","0","","true","<div class = centerbox><div  id = stim1></div></div>","32","32","750","","test","go","288","random","","",""
"","365","32","1120","0","test_block","poldrack-single-stim","303","406032","0.0-5.0-289.0","go-nogo","true","0","","true","<div class = centerbox><div  id = stim1></div></div>","32","32","750","","test","go","289","random","","",""
"","334","32","1192","0","test_block","poldrack-single-stim","304","407236","0.0-5.0-290.0","go-nogo","true","0","","true","<div class = centerbox><div  id = stim1></div></div>","32","32","750","","test","go","290","random","","",""
"","301","32","1467","0","test_block","poldrack-single-stim","305","408716","0.0-5.0-291.0","go-nogo","true","0","","true","<div class = centerbox><div  id = stim1></div></div>","32","32","750","","test","go","291","random","","",""
"","294","32","1228","0","test_block","poldrack-single-stim","306","409958","0.0-5.0-292.0","go-nogo","true","0","","true","<div class = centerbox><div  id = stim1></div></div>","32","32","750","","test","go","292","random","","",""
"","335","32","1087","0","test_block","poldrack-single-stim","307","411057","0.0-5.0-293.0","go-nogo","true","0","","true","<div class = centerbox><div  id = stim1></div></div>","32","32","750","","test","go","293","random","","",""
"","426","32","1014","0","test_block","poldrack-single-stim","308","412085","0.0-5.0-294.0","go-nogo","true","0","","true","<div class = centerbox><div  id = stim1></div></div>","32","32","750","","test","go","294","random","","",""
"","490","32","1317","0","test_block","poldrack-single-stim","309","413416","0.0-5.0-295.0","go-nogo","true","0","","true","<div class = centerbox><div  id = stim1></div></div>","32","32","750","","test","go","295","random","","",""
"","307","32","1010","0","test_block","poldrack-single-stim","310","414440","0.0-5.0-296.0","go-nogo","true","0","","true","<div class = centerbox><div  id = stim1></div></div>","32","32","750","","test","go","296","random","","",""
"","320","32","1155","0","test_block","poldrack-single-stim","311","415608","0.0-5.0-297.0","go-nogo","true","0","","true","<div class = centerbox><div  id = stim1></div></div>","32","32","750","","test","go","297","random","","",""
"","366","32","1293","0","test_block","poldrack-single-stim","312","416915","0.0-5.0-298.0","go-nogo","true","0","","true","<div class = centerbox><div  id = stim1></div></div>","32","32","750","","test","go","298","random","","",""
"","331","32","1325","0","test_block","poldrack-single-stim","313","418251","0.0-5.0-299.0","go-nogo","true","0","","true","<div class = centerbox><div  id = stim1></div></div>","32","32","750","","test","go","299","random","","",""
"","321","32","1403","0","test_block","poldrack-single-stim","314","419668","0.0-5.0-300.0","go-nogo","true","0","","true","<div class = centerbox><div  id = stim1></div></div>","32","32","750","","test","go","300","random","","",""
"","256","32","1104","0","test_block","poldrack-single-stim","315","420784","0.0-5.0-301.0","go-nogo","true","0","","true","<div class = centerbox><div  id = stim1></div></div>","32","32","750","","test","go","301","random","","",""
"","341","32","1288","0","test_block","poldrack-single-stim","316","422087","0.0-5.0-302.0","go-nogo","true","0","","true","<div class = centerbox><div  id = stim1></div></div>","32","32","750","","test","go","302","random","","",""
"","300","32","1150","0","test_block","poldrack-single-stim","317","423249","0.0-5.0-303.0","go-nogo","true","0","","true","<div class = centerbox><div  id = stim1></div></div>","32","32","750","","test","go","303","random","","",""
"","149","32","1000","0","test_block","poldrack-single-stim","318","424263","0.0-5.0-304.0","go-nogo","true","0","","true","<div class = centerbox><div  id = stim1></div></div>","32","32","750","","test","go","304","random","","",""
"","588","32","1369","0","test_block","poldrack-single-stim","319","425645","0.0-5.0-305.0","go-nogo","true","0","","true","<div class = centerbox><div  id = stim1></div></div>","32","32","750","","test","go","305","random","","",""
"","701","32","1180","0","test_block","poldrack-single-stim","320","426839","0.0-5.0-306.0","go-nogo","true","0","","true","<div class = centerbox><div  id = stim1></div></div>","32","32","750","","test","go","306","random","","",""
"","330","32","1421","0","test_block","poldrack-single-stim","321","428272","0.0-5.0-307.0","go-nogo","true","0","","true","<div class = centerbox><div  id = stim1></div></div>","32","32","750","","test","go","307","random","","",""
"","335","32","1253","0","test_block","poldrack-single-stim","322","429539","0.0-5.0-308.0","go-nogo","true","0","","true","<div class = centerbox><div  id = stim1></div></div>","32","32","750","","test","go","308","random","","",""
"","317","32","1098","0","test_block","poldrack-single-stim","323","430650","0.0-5.0-309.0","go-nogo","true","0","","true","<div class = centerbox><div  id = stim1></div></div>","32","32","750","","test","go","309","random","","",""
"","342","32","1169","0","test_block","poldrack-single-stim","324","431833","0.0-5.0-310.0","go-nogo","true","0","","true","<div class = centerbox><div  id = stim1></div></div>","32","32","750","","test","go","310","random","","",""
"","400","32","1079","0","test_block","poldrack-single-stim","325","432924","0.0-5.0-311.0","go-nogo","true","0","","true","<div class = centerbox><div  id = stim1></div></div>","32","32","750","","test","go","311","random","","",""
"","431","32","1153","0","test_block","poldrack-single-stim","326","434091","0.0-5.0-312.0","go-nogo","true","0","","true","<div class = centerbox><div  id = stim1></div></div>","32","32","750","","test","go","312","random","","",""
"","346","32","1443","0","test_block","poldrack-single-stim","327","435546","0.0-5.0-313.0","go-nogo","true","0","","true","<div class = centerbox><div  id = stim1></div></div>","32","32","750","","test","go","313","random","","",""
"","274","32","1268","0","test_block","poldrack-single-stim","328","436826","0.0-5.0-314.0","go-nogo","true","0","","true","<div class = centerbox><div  id = stim1></div></div>","32","32","750","","test","go","314","random","","",""
"","-1","-1","1395","0","test_block","poldrack-single-stim","329","438234","0.0-5.0-315.0","go-nogo","true","0","","true","<div class = centerbox><div  id = stim2></div></div>","-1","32","750","","test","nogo","315","random","","",""
"","-1","-1","1055","0","test_block","poldrack-single-stim","330","439303","0.0-5.0-316.0","go-nogo","true","0","","true","<div class = centerbox><div  id = stim2></div></div>","-1","32","750","","test","nogo","316","random","","",""
"","-1","-1","1463","0","test_block","poldrack-single-stim","331","440778","0.0-5.0-317.0","go-nogo","true","0","","true","<div class = centerbox><div  id = stim2></div></div>","-1","32","750","","test","nogo","317","random","","",""
"","-1","-1","1327","0","test_block","poldrack-single-stim","332","442119","0.0-5.0-318.0","go-nogo","true","0","","true","<div class = centerbox><div  id = stim2></div></div>","-1","32","750","","test","nogo","318","random","","",""
"","-1","-1","1491","0","test_block","poldrack-single-stim","333","443623","0.0-5.0-319.0","go-nogo","true","0","","true","<div class = centerbox><div  id = stim2></div></div>","-1","32","750","","test","nogo","319","random","","",""
"","-1","-1","1458","0","test_block","poldrack-single-stim","334","445094","0.0-5.0-320.0","go-nogo","true","0","","true","<div class = centerbox><div  id = stim2></div></div>","-1","32","750","","test","nogo","320","random","","",""
"","-1","-1","1228","0","test_block","poldrack-single-stim","335","446336","0.0-5.0-321.0","go-nogo","true","0","","true","<div class = centerbox><div  id = stim2></div></div>","-1","32","750","","test","nogo","321","random","","",""
"","-1","-1","1046","0","test_block","poldrack-single-stim","336","447396","0.0-5.0-322.0","go-nogo","true","0","","true","<div class = centerbox><div  id = stim2></div></div>","-1","32","750","","test","nogo","322","random","","",""
"","-1","-1","1191","0","test_block","poldrack-single-stim","337","448599","0.0-5.0-323.0","go-nogo","true","0","","true","<div class = centerbox><div  id = stim2></div></div>","-1","32","750","","test","nogo","323","random","","",""
"","-1","-1","1263","0","test_block","poldrack-single-stim","338","449876","0.0-5.0-324.0","go-nogo","true","0","","true","<div class = centerbox><div  id = stim2></div></div>","-1","32","750","","test","nogo","324","random","","",""
"","-1","-1","1239","0","test_block","poldrack-single-stim","339","451128","0.0-5.0-325.0","go-nogo","true","0","","true","<div class = centerbox><div  id = stim2></div></div>","-1","32","750","","test","nogo","325","random","","",""
"","-1","-1","1048","0","test_block","poldrack-single-stim","340","452190","0.0-5.0-326.0","go-nogo","true","0","","true","<div class = centerbox><div  id = stim2></div></div>","-1","32","750","","test","nogo","326","random","","",""
"","-1","-1","1019","0","test_block","poldrack-single-stim","341","453222","0.0-5.0-327.0","go-nogo","true","0","","true","<div class = centerbox><div  id = stim2></div></div>","-1","32","750","","test","nogo","327","random","","",""
"","-1","-1","1351","0","test_block","poldrack-single-stim","342","454587","0.0-5.0-328.0","go-nogo","true","0","","true","<div class = centerbox><div  id = stim2></div></div>","-1","32","750","","test","nogo","328","random","","",""
"","-1","-1","1248","0","test_block","poldrack-single-stim","343","455849","0.0-5.0-329.0","go-nogo","true","0","","true","<div class = centerbox><div  id = stim2></div></div>","-1","32","750","","test","nogo","329","random","","",""
"","-1","-1","1136","0","test_block","poldrack-single-stim","344","456998","0.0-5.0-330.0","go-nogo","true","0","","true","<div class = centerbox><div  id = stim2></div></div>","-1","32","750","","test","nogo","330","random","","",""
"","-1","-1","1077","0","test_block","poldrack-single-stim","345","458088","0.0-5.0-331.0","go-nogo","true","0","","true","<div class = centerbox><div  id = stim2></div></div>","-1","32","750","","test","nogo","331","random","","",""
"","-1","-1","1142","0","test_block","poldrack-single-stim","346","459242","0.0-5.0-332.0","go-nogo","true","0","","true","<div class = centerbox><div  id = stim2></div></div>","-1","32","750","","test","nogo","332","random","","",""
"","-1","-1","1478","0","test_block","poldrack-single-stim","347","460734","0.0-5.0-333.0","go-nogo","true","0","","true","<div class = centerbox><div  id = stim2></div></div>","-1","32","750","","test","nogo","333","random","","",""
"","-1","-1","1385","0","test_block","poldrack-single-stim","348","462131","0.0-5.0-334.0","go-nogo","true","0","","true","<div class = centerbox><div  id = stim2></div></div>","-1","32","750","","test","nogo","334","random","","",""
"","-1","-1","1454","0","test_block","poldrack-single-stim","349","463600","0.0-5.0-335.0","go-nogo","true","0","","true","<div class = centerbox><div  id = stim2></div></div>","-1","32","750","","test","nogo","335","random","","",""
"","-1","-1","1444","0","test_block","poldrack-single-stim","350","465057","0.0-5.0-336.0","go-nogo","true","0","","true","<div class = centerbox><div  id = stim2></div></div>","-1","32","750","","test","nogo","336","random","","",""
"","-1","-1","1326","0","test_block","poldrack-single-stim","351","466397","0.0-5.0-337.0","go-nogo","true","0","","true","<div class = centerbox><div  id = stim2></div></div>","-1","32","750","","test","nogo","337","random","","",""
"","-1","-1","1176","0","test_block","poldrack-single-stim","352","467584","0.0-5.0-338.0","go-nogo","true","0","","true","<div class = centerbox><div  id = stim2></div></div>","-1","32","750","","test","nogo","338","random","","",""
"","-1","-1","1453","0","test_block","poldrack-single-stim","353","469050","0.0-5.0-339.0","go-nogo","true","0","","true","<div class = centerbox><div  id = stim2></div></div>","-1","32","750","","test","nogo","339","random","","",""
"","-1","-1","1124","0","test_block","poldrack-single-stim","354","470186","0.0-5.0-340.0","go-nogo","true","0","","true","<div class = centerbox><div  id = stim2></div></div>","-1","32","750","","test","nogo","340","random","","",""
"","-1","-1","1336","0","test_block","poldrack-single-stim","355","471536","0.0-5.0-341.0","go-nogo","true","0","","true","<div class = centerbox><div  id = stim2></div></div>","-1","32","750","","test","nogo","341","random","","",""
"","-1","-1","1129","0","test_block","poldrack-single-stim","356","472678","0.0-5.0-342.0","go-nogo","true","0","","true","<div class = centerbox><div  id = stim2></div></div>","-1","32","750","","test","nogo","342","random","","",""
"","-1","-1","1230","0","test_block","poldrack-single-stim","357","473921","0.0-5.0-343.0","go-nogo","true","0","","true","<div class = centerbox><div  id = stim2></div></div>","-1","32","750","","test","nogo","343","random","","",""
"","-1","-1","1037","0","test_block","poldrack-single-stim","358","474970","0.0-5.0-344.0","go-nogo","true","0","","true","<div class = centerbox><div  id = stim2></div></div>","-1","32","750","","test","nogo","344","random","","",""
"","-1","-1","1030","0","test_block","poldrack-single-stim","359","476014","0.0-5.0-345.0","go-nogo","true","0","","true","<div class = centerbox><div  id = stim2></div></div>","-1","32","750","","test","nogo","345","random","","",""
"","-1","-1","1382","0","test_block","poldrack-single-stim","360","477408","0.0-5.0-346.0","go-nogo","true","0","","true","<div class = centerbox><div  id = stim2></div></div>","-1","32","750","","test","nogo","346","random","","",""
"","-1","-1","1208","0","test_block","poldrack-single-stim","361","478631","0.0-5.0-347.0","go-nogo","true","0","","true","<div class = centerbox><div  id = stim2></div></div>","-1","32","750","","test","nogo","347","random","","",""
"","-1","-1","1424","0","test_block","poldrack-single-stim","362","480069","0.0-5.0-348.0","go-nogo","true","0","","true","<div class = centerbox><div  id = stim2></div></div>","-1","32","750","","test","nogo","348","random","","",""
"","-1","-1","1154","0","test_block","poldrack-single-stim","363","481236","0.0-5.0-349.0","go-nogo","true","0","","true","<div class = centerbox><div  id = stim2></div></div>","-1","32","750","","test","nogo","349","random","","",""
"","18709","","","","post task questions","survey-text","364","499960","0.0-7.0","go-nogo","true","0","","","","","","","","","","","","{""Q0"":""Hit the Orange Quadrats with Spacebar"",""Q1"":""""}","",""
