"text","rt","key_press","block_duration","timing_post_trial","trial_id","trial_type","trial_index","time_elapsed","internal_node_id","exp_id","full_screen","focus_shifts","view_history","correct","stimulus","correct_response","possible_responses","stim_duration","feedback_duration","exp_stage","condition","trial_num","mode","responses","payment_id","credit_var"
"<div class = centerbox><p class = center-block-text>Welcome to the experiment. This task will take around 10 minutes. Press <strong>enter</strong> to begin.</p></div>","3314","13","3314","0","instruction","poldrack-text","0","3316","0.0-0.0-0.0","go-nogo","true","0","","","","","","","","","","","","","",""
"","4827","","","","instruction","poldrack-instructions","1","8145","0.0-0.0-1.0","go-nogo","true","0","[{""page_index"":0,""viewing_time"":4826}]","","","","","","","","","","","","",""
"","-1","-1","1382","250","practice","poldrack-categorize","2","11535","0.0-1.0-0.0","go-nogo","true","0","","true","<div class = centerbox><div id = stim1></div></div>","-1","32","750","1000","practice","nogo","0","random","","",""
"","-1","-1","1274","250","practice","poldrack-categorize","3","14060","0.0-1.0-1.0","go-nogo","true","0","","false","<div class = centerbox><div  id = stim2></div></div>","32","32","750","1000","practice","go","1","random","","",""
"","619","32","1148","250","practice","poldrack-categorize","4","16461","0.0-1.0-2.0","go-nogo","true","0","","false","<div class = centerbox><div id = stim1></div></div>","-1","32","750","1000","practice","nogo","2","random","","",""
"","-1","-1","1410","250","practice","poldrack-categorize","5","19122","0.0-1.0-3.0","go-nogo","true","0","","true","<div class = centerbox><div id = stim1></div></div>","-1","32","750","1000","practice","nogo","3","random","","",""
"","532","32","1342","250","practice","poldrack-categorize","6","21718","0.0-1.0-4.0","go-nogo","true","0","","true","<div class = centerbox><div  id = stim2></div></div>","32","32","750","1000","practice","go","4","random","","",""
"","-1","-1","1147","250","practice","poldrack-categorize","7","24124","0.0-1.0-5.0","go-nogo","true","0","","true","<div class = centerbox><div id = stim1></div></div>","-1","32","750","1000","practice","nogo","5","random","","",""
"","-1","-1","1265","250","practice","poldrack-categorize","8","26645","0.0-1.0-6.0","go-nogo","true","0","","true","<div class = centerbox><div id = stim1></div></div>","-1","32","750","1000","practice","nogo","6","random","","",""
"","515","32","1339","250","practice","poldrack-categorize","9","29251","0.0-1.0-7.0","go-nogo","true","0","","true","<div class = centerbox><div  id = stim2></div></div>","32","32","750","1000","practice","go","7","random","","",""
"","628","32","1060","250","practice","poldrack-categorize","10","31561","0.0-1.0-8.0","go-nogo","true","0","","true","<div class = centerbox><div  id = stim2></div></div>","32","32","750","1000","practice","go","8","random","","",""
"","-1","-1","1087","250","practice","poldrack-categorize","11","33899","0.0-1.0-9.0","go-nogo","true","0","","false","<div class = centerbox><div  id = stim2></div></div>","32","32","750","1000","practice","go","9","random","","",""
"","","","","","reset_trial","call-function","12","34150","0.0-3.0","go-nogo","true","0","","","","","","","","","","","","","",""
"<div class = centerbox><p class = block-text>Practice is over, we will now begin the experiment. You will no longer get feedback about your responses.</p><p class = block-text>Remember, if you see the <font color=""blue"">blue</font> square you should <strong> respond by pressing the spacebar as quickly as possible</strong>. If you see the <font color=""orange"">orange</font> square you should <strong> not respond</strong>. Press <strong>enter</strong> to begin.</p></div>","3393","13","3393","1000","test_intro","poldrack-text","13","37545","0.0-4.0","go-nogo","true","0","","","","","","","","","","","","","",""
"","925","32","1056","0","test_block","poldrack-single-stim","14","39603","0.0-5.0-0.0","go-nogo","true","0","","true","<div class = centerbox><div  id = stim2></div></div>","32","32","750","","test","go","0","random","","",""
"","507","32","1404","0","test_block","poldrack-single-stim","15","41081","0.0-5.0-1.0","go-nogo","true","0","","true","<div class = centerbox><div  id = stim2></div></div>","32","32","750","","test","go","1","random","","",""
"","211","32","1328","0","test_block","poldrack-single-stim","16","42431","0.0-5.0-2.0","go-nogo","true","0","","true","<div class = centerbox><div  id = stim2></div></div>","32","32","750","","test","go","2","random","","",""
"","123","32","1281","0","test_block","poldrack-single-stim","17","43726","0.0-5.0-3.0","go-nogo","true","0","","true","<div class = centerbox><div  id = stim2></div></div>","32","32","750","","test","go","3","random","","",""
"","212","32","1011","0","test_block","poldrack-single-stim","18","44751","0.0-5.0-4.0","go-nogo","true","0","","true","<div class = centerbox><div  id = stim2></div></div>","32","32","750","","test","go","4","random","","",""
"","1","32","1427","0","test_block","poldrack-single-stim","19","46191","0.0-5.0-5.0","go-nogo","true","0","","true","<div class = centerbox><div  id = stim2></div></div>","32","32","750","","test","go","5","random","","",""
"","363","32","1188","0","test_block","poldrack-single-stim","20","47424","0.0-5.0-6.0","go-nogo","true","0","","true","<div class = centerbox><div  id = stim2></div></div>","32","32","750","","test","go","6","random","","",""
"","300","32","1328","0","test_block","poldrack-single-stim","21","48764","0.0-5.0-7.0","go-nogo","true","0","","false","<div class = centerbox><div  id = stim1></div></div>","-1","32","750","","test","nogo","7","random","","",""
"","926","32","1301","0","test_block","poldrack-single-stim","22","50079","0.0-5.0-8.0","go-nogo","true","0","","true","<div class = centerbox><div  id = stim2></div></div>","32","32","750","","test","go","8","random","","",""
"","463","32","1291","0","test_block","poldrack-single-stim","23","51395","0.0-5.0-9.0","go-nogo","true","0","","true","<div class = centerbox><div  id = stim2></div></div>","32","32","750","","test","go","9","random","","",""
"","697","32","1050","0","test_block","poldrack-single-stim","24","52457","0.0-5.0-10.0","go-nogo","true","0","","true","<div class = centerbox><div  id = stim2></div></div>","32","32","750","","test","go","10","random","","",""
"","-1","-1","1179","0","test_block","poldrack-single-stim","25","53654","0.0-5.0-11.0","go-nogo","true","0","","true","<div class = centerbox><div  id = stim1></div></div>","-1","32","750","","test","nogo","11","random","","",""
"","307","32","1332","0","test_block","poldrack-single-stim","26","55009","0.0-5.0-12.0","go-nogo","true","0","","true","<div class = centerbox><div  id = stim2></div></div>","32","32","750","","test","go","12","random","","",""
"","1254","32","1258","0","test_block","poldrack-single-stim","27","56283","0.0-5.0-13.0","go-nogo","true","0","","false","<div class = centerbox><div  id = stim1></div></div>","-1","32","750","","test","nogo","13","random","","",""
"","-1","-1","1255","0","test_block","poldrack-single-stim","28","57547","0.0-5.0-14.0","go-nogo","true","0","","false","<div class = centerbox><div  id = stim2></div></div>","32","32","750","","test","go","14","random","","",""
"","592","32","1278","0","test_block","poldrack-single-stim","29","58847","0.0-5.0-15.0","go-nogo","true","0","","true","<div class = centerbox><div  id = stim2></div></div>","32","32","750","","test","go","15","random","","",""
"","-1","-1","1406","0","test_block","poldrack-single-stim","30","60268","0.0-5.0-16.0","go-nogo","true","0","","false","<div class = centerbox><div  id = stim2></div></div>","32","32","750","","test","go","16","random","","",""
"","417","32","1337","0","test_block","poldrack-single-stim","31","61615","0.0-5.0-17.0","go-nogo","true","0","","true","<div class = centerbox><div  id = stim2></div></div>","32","32","750","","test","go","17","random","","",""
"","334","32","1465","0","test_block","poldrack-single-stim","32","63092","0.0-5.0-18.0","go-nogo","true","0","","true","<div class = centerbox><div  id = stim2></div></div>","32","32","750","","test","go","18","random","","",""
"","1161","32","1261","0","test_block","poldrack-single-stim","33","64363","0.0-5.0-19.0","go-nogo","true","0","","true","<div class = centerbox><div  id = stim2></div></div>","32","32","750","","test","go","19","random","","",""
"","-1","-1","1171","0","test_block","poldrack-single-stim","34","65543","0.0-5.0-20.0","go-nogo","true","0","","false","<div class = centerbox><div  id = stim2></div></div>","32","32","750","","test","go","20","random","","",""
"","164","32","1085","0","test_block","poldrack-single-stim","35","66640","0.0-5.0-21.0","go-nogo","true","0","","true","<div class = centerbox><div  id = stim2></div></div>","32","32","750","","test","go","21","random","","",""
"","448","32","1065","0","test_block","poldrack-single-stim","36","67711","0.0-5.0-22.0","go-nogo","true","0","","true","<div class = centerbox><div  id = stim2></div></div>","32","32","750","","test","go","22","random","","",""
"","1005","32","1131","0","test_block","poldrack-single-stim","37","68852","0.0-5.0-23.0","go-nogo","true","0","","true","<div class = centerbox><div  id = stim2></div></div>","32","32","750","","test","go","23","random","","",""
"","-1","-1","1331","0","test_block","poldrack-single-stim","38","70193","0.0-5.0-24.0","go-nogo","true","0","","false","<div class = centerbox><div  id = stim2></div></div>","32","32","750","","test","go","24","random","","",""
"","318","32","1083","0","test_block","poldrack-single-stim","39","71283","0.0-5.0-25.0","go-nogo","true","0","","true","<div class = centerbox><div  id = stim2></div></div>","32","32","750","","test","go","25","random","","",""
"","-1","-1","1428","0","test_block","poldrack-single-stim","40","72720","0.0-5.0-26.0","go-nogo","true","0","","false","<div class = centerbox><div  id = stim2></div></div>","32","32","750","","test","go","26","random","","",""
"","261","32","1041","0","test_block","poldrack-single-stim","41","73770","0.0-5.0-27.0","go-nogo","true","0","","true","<div class = centerbox><div  id = stim2></div></div>","32","32","750","","test","go","27","random","","",""
"","-1","-1","1195","0","test_block","poldrack-single-stim","42","74975","0.0-5.0-28.0","go-nogo","true","0","","false","<div class = centerbox><div  id = stim2></div></div>","32","32","750","","test","go","28","random","","",""
"","376","32","1309","0","test_block","poldrack-single-stim","43","76291","0.0-5.0-29.0","go-nogo","true","0","","true","<div class = centerbox><div  id = stim2></div></div>","32","32","750","","test","go","29","random","","",""
"","1038","32","1477","0","test_block","poldrack-single-stim","44","77783","0.0-5.0-30.0","go-nogo","true","0","","true","<div class = centerbox><div  id = stim2></div></div>","32","32","750","","test","go","30","random","","",""
"","-1","-1","1070","0","test_block","poldrack-single-stim","45","78859","0.0-5.0-31.0","go-nogo","true","0","","false","<div class = centerbox><div  id = stim2></div></div>","32","32","750","","test","go","31","random","","",""
"","378","32","1411","0","test_block","poldrack-single-stim","46","80278","0.0-5.0-32.0","go-nogo","true","0","","true","<div class = centerbox><div  id = stim2></div></div>","32","32","750","","test","go","32","random","","",""
"","899","32","1294","0","test_block","poldrack-single-stim","47","81584","0.0-5.0-33.0","go-nogo","true","0","","true","<div class = centerbox><div  id = stim2></div></div>","32","32","750","","test","go","33","random","","",""
"","955","32","1068","0","test_block","poldrack-single-stim","48","82687","0.0-5.0-34.0","go-nogo","true","0","","true","<div class = centerbox><div  id = stim2></div></div>","32","32","750","","test","go","34","random","","",""
"","-1","-1","1113","0","test_block","poldrack-single-stim","49","83811","0.0-5.0-35.0","go-nogo","true","0","","false","<div class = centerbox><div  id = stim2></div></div>","32","32","750","","test","go","35","random","","",""
"","152","32","1361","0","test_block","poldrack-single-stim","50","85183","0.0-5.0-36.0","go-nogo","true","0","","true","<div class = centerbox><div  id = stim2></div></div>","32","32","750","","test","go","36","random","","",""
"","85","32","1239","0","test_block","poldrack-single-stim","51","86432","0.0-5.0-37.0","go-nogo","true","0","","true","<div class = centerbox><div  id = stim2></div></div>","32","32","750","","test","go","37","random","","",""
"","103","32","1326","0","test_block","poldrack-single-stim","52","87765","0.0-5.0-38.0","go-nogo","true","0","","true","<div class = centerbox><div  id = stim2></div></div>","32","32","750","","test","go","38","random","","",""
"","36","32","1371","0","test_block","poldrack-single-stim","53","89160","0.0-5.0-39.0","go-nogo","true","0","","true","<div class = centerbox><div  id = stim2></div></div>","32","32","750","","test","go","39","random","","",""
"","-1","-1","1061","0","test_block","poldrack-single-stim","54","90232","0.0-5.0-40.0","go-nogo","true","0","","false","<div class = centerbox><div  id = stim2></div></div>","32","32","750","","test","go","40","random","","",""
"","13","32","1021","0","test_block","poldrack-single-stim","55","91303","0.0-5.0-41.0","go-nogo","true","0","","true","<div class = centerbox><div  id = stim2></div></div>","32","32","750","","test","go","41","random","","",""
"","285","32","1377","0","test_block","poldrack-single-stim","56","92688","0.0-5.0-42.0","go-nogo","true","0","","true","<div class = centerbox><div  id = stim2></div></div>","32","32","750","","test","go","42","random","","",""
"","235","32","1372","0","test_block","poldrack-single-stim","57","94076","0.0-5.0-43.0","go-nogo","true","0","","true","<div class = centerbox><div  id = stim2></div></div>","32","32","750","","test","go","43","random","","",""
"","159","32","1438","0","test_block","poldrack-single-stim","58","95521","0.0-5.0-44.0","go-nogo","true","0","","true","<div class = centerbox><div  id = stim2></div></div>","32","32","750","","test","go","44","random","","",""
"","1","32","1313","0","test_block","poldrack-single-stim","59","96853","0.0-5.0-45.0","go-nogo","true","0","","true","<div class = centerbox><div  id = stim2></div></div>","32","32","750","","test","go","45","random","","",""
"","252","32","1059","0","test_block","poldrack-single-stim","60","97921","0.0-5.0-46.0","go-nogo","true","0","","true","<div class = centerbox><div  id = stim2></div></div>","32","32","750","","test","go","46","random","","",""
"","427","32","1333","0","test_block","poldrack-single-stim","61","99261","0.0-5.0-47.0","go-nogo","true","0","","true","<div class = centerbox><div  id = stim2></div></div>","32","32","750","","test","go","47","random","","",""
"","303","32","1126","0","test_block","poldrack-single-stim","62","100393","0.0-5.0-48.0","go-nogo","true","0","","true","<div class = centerbox><div  id = stim2></div></div>","32","32","750","","test","go","48","random","","",""
"","368","32","1422","0","test_block","poldrack-single-stim","63","101825","0.0-5.0-49.0","go-nogo","true","0","","false","<div class = centerbox><div  id = stim1></div></div>","-1","32","750","","test","nogo","49","random","","",""
"","824","32","1108","0","test_block","poldrack-single-stim","64","102958","0.0-5.0-50.0","go-nogo","true","0","","true","<div class = centerbox><div  id = stim2></div></div>","32","32","750","","test","go","50","random","","",""
"","-1","-1","1365","0","test_block","poldrack-single-stim","65","104329","0.0-5.0-51.0","go-nogo","true","0","","false","<div class = centerbox><div  id = stim2></div></div>","32","32","750","","test","go","51","random","","",""
"","739","32","1416","0","test_block","poldrack-single-stim","66","105752","0.0-5.0-52.0","go-nogo","true","0","","true","<div class = centerbox><div  id = stim2></div></div>","32","32","750","","test","go","52","random","","",""
"","1324","32","1477","0","test_block","poldrack-single-stim","67","107235","0.0-5.0-53.0","go-nogo","true","0","","true","<div class = centerbox><div  id = stim2></div></div>","32","32","750","","test","go","53","random","","",""
"","368","32","1224","0","test_block","poldrack-single-stim","68","108491","0.0-5.0-54.0","go-nogo","true","0","","true","<div class = centerbox><div  id = stim2></div></div>","32","32","750","","test","go","54","random","","",""
"","1091","32","1466","0","test_block","poldrack-single-stim","69","109977","0.0-5.0-55.0","go-nogo","true","0","","true","<div class = centerbox><div  id = stim2></div></div>","32","32","750","","test","go","55","random","","",""
"","315","32","1455","0","test_block","poldrack-single-stim","70","111439","0.0-5.0-56.0","go-nogo","true","0","","true","<div class = centerbox><div  id = stim2></div></div>","32","32","750","","test","go","56","random","","",""
"","317","32","1369","0","test_block","poldrack-single-stim","71","112854","0.0-5.0-57.0","go-nogo","true","0","","true","<div class = centerbox><div  id = stim2></div></div>","32","32","750","","test","go","57","random","","",""
"","-1","-1","1008","0","test_block","poldrack-single-stim","72","113868","0.0-5.0-58.0","go-nogo","true","0","","false","<div class = centerbox><div  id = stim2></div></div>","32","32","750","","test","go","58","random","","",""
"","368","32","1203","0","test_block","poldrack-single-stim","73","115078","0.0-5.0-59.0","go-nogo","true","0","","true","<div class = centerbox><div  id = stim2></div></div>","32","32","750","","test","go","59","random","","",""
"","1245","32","1467","0","test_block","poldrack-single-stim","74","116552","0.0-5.0-60.0","go-nogo","true","0","","true","<div class = centerbox><div  id = stim2></div></div>","32","32","750","","test","go","60","random","","",""
"","-1","-1","1108","0","test_block","poldrack-single-stim","75","117667","0.0-5.0-61.0","go-nogo","true","0","","false","<div class = centerbox><div  id = stim2></div></div>","32","32","750","","test","go","61","random","","",""
"","955","32","1436","0","test_block","poldrack-single-stim","76","119114","0.0-5.0-62.0","go-nogo","true","0","","false","<div class = centerbox><div  id = stim1></div></div>","-1","32","750","","test","nogo","62","random","","",""
"","-1","-1","1152","0","test_block","poldrack-single-stim","77","120274","0.0-5.0-63.0","go-nogo","true","0","","false","<div class = centerbox><div  id = stim2></div></div>","32","32","750","","test","go","63","random","","",""
"","410","32","1121","0","test_block","poldrack-single-stim","78","121423","0.0-5.0-64.0","go-nogo","true","0","","true","<div class = centerbox><div  id = stim2></div></div>","32","32","750","","test","go","64","random","","",""
"","836","32","1281","0","test_block","poldrack-single-stim","79","122710","0.0-5.0-65.0","go-nogo","true","0","","true","<div class = centerbox><div  id = stim2></div></div>","32","32","750","","test","go","65","random","","",""
"","820","32","1374","0","test_block","poldrack-single-stim","80","124092","0.0-5.0-66.0","go-nogo","true","0","","true","<div class = centerbox><div  id = stim2></div></div>","32","32","750","","test","go","66","random","","",""
"","-1","-1","1180","0","test_block","poldrack-single-stim","81","125278","0.0-5.0-67.0","go-nogo","true","0","","false","<div class = centerbox><div  id = stim2></div></div>","32","32","750","","test","go","67","random","","",""
"","1341","32","1476","0","test_block","poldrack-single-stim","82","126761","0.0-5.0-68.0","go-nogo","true","0","","true","<div class = centerbox><div  id = stim2></div></div>","32","32","750","","test","go","68","random","","",""
"","943","32","1215","0","test_block","poldrack-single-stim","83","127985","0.0-5.0-69.0","go-nogo","true","0","","true","<div class = centerbox><div  id = stim2></div></div>","32","32","750","","test","go","69","random","","",""
"","514","32","1470","0","test_block","poldrack-single-stim","84","129479","0.0-5.0-70.0","go-nogo","true","0","","true","<div class = centerbox><div  id = stim2></div></div>","32","32","750","","test","go","70","random","","",""
"","601","32","1036","0","test_block","poldrack-single-stim","85","130523","0.0-5.0-71.0","go-nogo","true","0","","true","<div class = centerbox><div  id = stim2></div></div>","32","32","750","","test","go","71","random","","",""
"","615","32","1041","0","test_block","poldrack-single-stim","86","131569","0.0-5.0-72.0","go-nogo","true","0","","true","<div class = centerbox><div  id = stim2></div></div>","32","32","750","","test","go","72","random","","",""
"","802","32","1394","0","test_block","poldrack-single-stim","87","132968","0.0-5.0-73.0","go-nogo","true","0","","true","<div class = centerbox><div  id = stim2></div></div>","32","32","750","","test","go","73","random","","",""
"","746","32","1399","0","test_block","poldrack-single-stim","88","134373","0.0-5.0-74.0","go-nogo","true","0","","true","<div class = centerbox><div  id = stim2></div></div>","32","32","750","","test","go","74","random","","",""
"","374","32","1261","0","test_block","poldrack-single-stim","89","135640","0.0-5.0-75.0","go-nogo","true","0","","true","<div class = centerbox><div  id = stim2></div></div>","32","32","750","","test","go","75","random","","",""
"","76","32","1150","0","test_block","poldrack-single-stim","90","136795","0.0-5.0-76.0","go-nogo","true","0","","false","<div class = centerbox><div  id = stim1></div></div>","-1","32","750","","test","nogo","76","random","","",""
"","275","32","1246","0","test_block","poldrack-single-stim","91","138084","0.0-5.0-77.0","go-nogo","true","0","","true","<div class = centerbox><div  id = stim2></div></div>","32","32","750","","test","go","77","random","","",""
"","145","32","1251","0","test_block","poldrack-single-stim","92","139342","0.0-5.0-78.0","go-nogo","true","0","","false","<div class = centerbox><div  id = stim1></div></div>","-1","32","750","","test","nogo","78","random","","",""
"","-1","-1","1150","0","test_block","poldrack-single-stim","93","140500","0.0-5.0-79.0","go-nogo","true","0","","false","<div class = centerbox><div  id = stim2></div></div>","32","32","750","","test","go","79","random","","",""
"","342","32","1302","0","test_block","poldrack-single-stim","94","141809","0.0-5.0-80.0","go-nogo","true","0","","true","<div class = centerbox><div  id = stim2></div></div>","32","32","750","","test","go","80","random","","",""
"","712","32","1078","0","test_block","poldrack-single-stim","95","142893","0.0-5.0-81.0","go-nogo","true","0","","true","<div class = centerbox><div  id = stim2></div></div>","32","32","750","","test","go","81","random","","",""
"","-1","-1","1013","0","test_block","poldrack-single-stim","96","143914","0.0-5.0-82.0","go-nogo","true","0","","false","<div class = centerbox><div  id = stim2></div></div>","32","32","750","","test","go","82","random","","",""
"","920","32","1195","0","test_block","poldrack-single-stim","97","145115","0.0-5.0-83.0","go-nogo","true","0","","false","<div class = centerbox><div  id = stim1></div></div>","-1","32","750","","test","nogo","83","random","","",""
"","-1","-1","1117","0","test_block","poldrack-single-stim","98","146238","0.0-5.0-84.0","go-nogo","true","0","","false","<div class = centerbox><div  id = stim2></div></div>","32","32","750","","test","go","84","random","","",""
"","11","32","1411","0","test_block","poldrack-single-stim","99","147655","0.0-5.0-85.0","go-nogo","true","0","","true","<div class = centerbox><div  id = stim2></div></div>","32","32","750","","test","go","85","random","","",""
"","891","32","1149","0","test_block","poldrack-single-stim","100","148809","0.0-5.0-86.0","go-nogo","true","0","","true","<div class = centerbox><div  id = stim2></div></div>","32","32","750","","test","go","86","random","","",""
"","-1","-1","1427","0","test_block","poldrack-single-stim","101","150243","0.0-5.0-87.0","go-nogo","true","0","","false","<div class = centerbox><div  id = stim2></div></div>","32","32","750","","test","go","87","random","","",""
"","303","32","1255","0","test_block","poldrack-single-stim","102","151504","0.0-5.0-88.0","go-nogo","true","0","","true","<div class = centerbox><div  id = stim2></div></div>","32","32","750","","test","go","88","random","","",""
"","382","32","1259","0","test_block","poldrack-single-stim","103","152795","0.0-5.0-89.0","go-nogo","true","0","","true","<div class = centerbox><div  id = stim2></div></div>","32","32","750","","test","go","89","random","","",""
"","398","32","1042","0","test_block","poldrack-single-stim","104","153843","0.0-5.0-90.0","go-nogo","true","0","","true","<div class = centerbox><div  id = stim2></div></div>","32","32","750","","test","go","90","random","","",""
"","-1","-1","1353","0","test_block","poldrack-single-stim","105","155202","0.0-5.0-91.0","go-nogo","true","0","","false","<div class = centerbox><div  id = stim2></div></div>","32","32","750","","test","go","91","random","","",""
"","5","32","1347","0","test_block","poldrack-single-stim","106","156564","0.0-5.0-92.0","go-nogo","true","0","","true","<div class = centerbox><div  id = stim2></div></div>","32","32","750","","test","go","92","random","","",""
"","184","32","1316","0","test_block","poldrack-single-stim","107","157910","0.0-5.0-93.0","go-nogo","true","0","","true","<div class = centerbox><div  id = stim2></div></div>","32","32","750","","test","go","93","random","","",""
"","439","32","1313","0","test_block","poldrack-single-stim","108","159231","0.0-5.0-94.0","go-nogo","true","0","","true","<div class = centerbox><div  id = stim2></div></div>","32","32","750","","test","go","94","random","","",""
"","594","32","1338","0","test_block","poldrack-single-stim","109","160574","0.0-5.0-95.0","go-nogo","true","0","","true","<div class = centerbox><div  id = stim2></div></div>","32","32","750","","test","go","95","random","","",""
"","387","32","1144","0","test_block","poldrack-single-stim","110","161725","0.0-5.0-96.0","go-nogo","true","0","","true","<div class = centerbox><div  id = stim2></div></div>","32","32","750","","test","go","96","random","","",""
"","572","32","1208","0","test_block","poldrack-single-stim","111","162937","0.0-5.0-97.0","go-nogo","true","0","","true","<div class = centerbox><div  id = stim2></div></div>","32","32","750","","test","go","97","random","","",""
"","638","32","1491","0","test_block","poldrack-single-stim","112","164444","0.0-5.0-98.0","go-nogo","true","0","","true","<div class = centerbox><div  id = stim2></div></div>","32","32","750","","test","go","98","random","","",""
"","-1","-1","1265","0","test_block","poldrack-single-stim","113","165715","0.0-5.0-99.0","go-nogo","true","0","","true","<div class = centerbox><div  id = stim1></div></div>","-1","32","750","","test","nogo","99","random","","",""
"","969","32","1053","0","test_block","poldrack-single-stim","114","166776","0.0-5.0-100.0","go-nogo","true","0","","true","<div class = centerbox><div  id = stim2></div></div>","32","32","750","","test","go","100","random","","",""
"","671","32","1421","0","test_block","poldrack-single-stim","115","168212","0.0-5.0-101.0","go-nogo","true","0","","true","<div class = centerbox><div  id = stim2></div></div>","32","32","750","","test","go","101","random","","",""
"","-1","-1","1346","0","test_block","poldrack-single-stim","116","169563","0.0-5.0-102.0","go-nogo","true","0","","true","<div class = centerbox><div  id = stim1></div></div>","-1","32","750","","test","nogo","102","random","","",""
"","885","32","1203","0","test_block","poldrack-single-stim","117","170771","0.0-5.0-103.0","go-nogo","true","0","","true","<div class = centerbox><div  id = stim2></div></div>","32","32","750","","test","go","103","random","","",""
"","884","32","1011","0","test_block","poldrack-single-stim","118","171788","0.0-5.0-104.0","go-nogo","true","0","","true","<div class = centerbox><div  id = stim2></div></div>","32","32","750","","test","go","104","random","","",""
"","-1","-1","1335","0","test_block","poldrack-single-stim","119","173129","0.0-5.0-105.0","go-nogo","true","0","","true","<div class = centerbox><div  id = stim1></div></div>","-1","32","750","","test","nogo","105","random","","",""
"","-1","-1","1074","0","test_block","poldrack-single-stim","120","174209","0.0-5.0-106.0","go-nogo","true","0","","false","<div class = centerbox><div  id = stim2></div></div>","32","32","750","","test","go","106","random","","",""
"","374","32","1399","0","test_block","poldrack-single-stim","121","175613","0.0-5.0-107.0","go-nogo","true","0","","true","<div class = centerbox><div  id = stim2></div></div>","32","32","750","","test","go","107","random","","",""
"","295","32","1195","0","test_block","poldrack-single-stim","122","176816","0.0-5.0-108.0","go-nogo","true","0","","true","<div class = centerbox><div  id = stim2></div></div>","32","32","750","","test","go","108","random","","",""
"","263","32","1188","0","test_block","poldrack-single-stim","123","178011","0.0-5.0-109.0","go-nogo","true","0","","true","<div class = centerbox><div  id = stim2></div></div>","32","32","750","","test","go","109","random","","",""
"","394","32","1368","0","test_block","poldrack-single-stim","124","179411","0.0-5.0-110.0","go-nogo","true","0","","true","<div class = centerbox><div  id = stim2></div></div>","32","32","750","","test","go","110","random","","",""
"","332","32","1096","0","test_block","poldrack-single-stim","125","180514","0.0-5.0-111.0","go-nogo","true","0","","true","<div class = centerbox><div  id = stim2></div></div>","32","32","750","","test","go","111","random","","",""
"","389","32","1255","0","test_block","poldrack-single-stim","126","181783","0.0-5.0-112.0","go-nogo","true","0","","true","<div class = centerbox><div  id = stim2></div></div>","32","32","750","","test","go","112","random","","",""
"","400","32","1029","0","test_block","poldrack-single-stim","127","182817","0.0-5.0-113.0","go-nogo","true","0","","true","<div class = centerbox><div  id = stim2></div></div>","32","32","750","","test","go","113","random","","",""
"","492","32","1097","0","test_block","poldrack-single-stim","128","183921","0.0-5.0-114.0","go-nogo","true","0","","true","<div class = centerbox><div  id = stim2></div></div>","32","32","750","","test","go","114","random","","",""
"","-1","-1","1360","0","test_block","poldrack-single-stim","129","185288","0.0-5.0-115.0","go-nogo","true","0","","true","<div class = centerbox><div  id = stim1></div></div>","-1","32","750","","test","nogo","115","random","","",""
"","661","32","1456","0","test_block","poldrack-single-stim","130","186751","0.0-5.0-116.0","go-nogo","true","0","","true","<div class = centerbox><div  id = stim2></div></div>","32","32","750","","test","go","116","random","","",""
"","-1","-1","1359","0","test_block","poldrack-single-stim","131","188114","0.0-5.0-117.0","go-nogo","true","0","","false","<div class = centerbox><div  id = stim2></div></div>","32","32","750","","test","go","117","random","","",""
"","402","32","1363","0","test_block","poldrack-single-stim","132","189483","0.0-5.0-118.0","go-nogo","true","0","","false","<div class = centerbox><div  id = stim1></div></div>","-1","32","750","","test","nogo","118","random","","",""
"","-1","-1","1209","0","test_block","poldrack-single-stim","133","190699","0.0-5.0-119.0","go-nogo","true","0","","false","<div class = centerbox><div  id = stim2></div></div>","32","32","750","","test","go","119","random","","",""
"","-1","-1","1013","0","test_block","poldrack-single-stim","134","191718","0.0-5.0-120.0","go-nogo","true","0","","false","<div class = centerbox><div  id = stim2></div></div>","32","32","750","","test","go","120","random","","",""
"","345","32","1058","0","test_block","poldrack-single-stim","135","192784","0.0-5.0-121.0","go-nogo","true","0","","true","<div class = centerbox><div  id = stim2></div></div>","32","32","750","","test","go","121","random","","",""
"","300","32","1391","0","test_block","poldrack-single-stim","136","194183","0.0-5.0-122.0","go-nogo","true","0","","true","<div class = centerbox><div  id = stim2></div></div>","32","32","750","","test","go","122","random","","",""
"","566","32","1287","0","test_block","poldrack-single-stim","137","195476","0.0-5.0-123.0","go-nogo","true","0","","true","<div class = centerbox><div  id = stim2></div></div>","32","32","750","","test","go","123","random","","",""
"","421","32","1317","0","test_block","poldrack-single-stim","138","196797","0.0-5.0-124.0","go-nogo","true","0","","true","<div class = centerbox><div  id = stim2></div></div>","32","32","750","","test","go","124","random","","",""
"","-1","-1","1344","0","test_block","poldrack-single-stim","139","198149","0.0-5.0-125.0","go-nogo","true","0","","false","<div class = centerbox><div  id = stim2></div></div>","32","32","750","","test","go","125","random","","",""
"","870","32","1045","0","test_block","poldrack-single-stim","140","199202","0.0-5.0-126.0","go-nogo","true","0","","true","<div class = centerbox><div  id = stim2></div></div>","32","32","750","","test","go","126","random","","",""
"","1021","32","1384","0","test_block","poldrack-single-stim","141","200590","0.0-5.0-127.0","go-nogo","true","0","","true","<div class = centerbox><div  id = stim2></div></div>","32","32","750","","test","go","127","random","","",""
"","526","32","1301","0","test_block","poldrack-single-stim","142","201898","0.0-5.0-128.0","go-nogo","true","0","","true","<div class = centerbox><div  id = stim2></div></div>","32","32","750","","test","go","128","random","","",""
"","-1","-1","1448","0","test_block","poldrack-single-stim","143","203355","0.0-5.0-129.0","go-nogo","true","0","","false","<div class = centerbox><div  id = stim2></div></div>","32","32","750","","test","go","129","random","","",""
"","403","32","1385","0","test_block","poldrack-single-stim","144","204747","0.0-5.0-130.0","go-nogo","true","0","","true","<div class = centerbox><div  id = stim2></div></div>","32","32","750","","test","go","130","random","","",""
"","80","32","1232","0","test_block","poldrack-single-stim","145","205986","0.0-5.0-131.0","go-nogo","true","0","","true","<div class = centerbox><div  id = stim2></div></div>","32","32","750","","test","go","131","random","","",""
"","171","32","1234","0","test_block","poldrack-single-stim","146","207225","0.0-5.0-132.0","go-nogo","true","0","","true","<div class = centerbox><div  id = stim2></div></div>","32","32","750","","test","go","132","random","","",""
"","-1","-1","1335","0","test_block","poldrack-single-stim","147","208583","0.0-5.0-133.0","go-nogo","true","0","","false","<div class = centerbox><div  id = stim2></div></div>","32","32","750","","test","go","133","random","","",""
"","139","32","1412","0","test_block","poldrack-single-stim","148","210004","0.0-5.0-134.0","go-nogo","true","0","","true","<div class = centerbox><div  id = stim2></div></div>","32","32","750","","test","go","134","random","","",""
"","976","32","1264","0","test_block","poldrack-single-stim","149","211274","0.0-5.0-135.0","go-nogo","true","0","","true","<div class = centerbox><div  id = stim2></div></div>","32","32","750","","test","go","135","random","","",""
"","672","32","1269","0","test_block","poldrack-single-stim","150","212552","0.0-5.0-136.0","go-nogo","true","0","","true","<div class = centerbox><div  id = stim2></div></div>","32","32","750","","test","go","136","random","","",""
"","267","32","1099","0","test_block","poldrack-single-stim","151","213656","0.0-5.0-137.0","go-nogo","true","0","","true","<div class = centerbox><div  id = stim2></div></div>","32","32","750","","test","go","137","random","","",""
"","308","32","1097","0","test_block","poldrack-single-stim","152","214760","0.0-5.0-138.0","go-nogo","true","0","","true","<div class = centerbox><div  id = stim2></div></div>","32","32","750","","test","go","138","random","","",""
"","392","32","1334","0","test_block","poldrack-single-stim","153","216135","0.0-5.0-139.0","go-nogo","true","0","","true","<div class = centerbox><div  id = stim2></div></div>","32","32","750","","test","go","139","random","","",""
"","228","32","1222","0","test_block","poldrack-single-stim","154","217362","0.0-5.0-140.0","go-nogo","true","0","","true","<div class = centerbox><div  id = stim2></div></div>","32","32","750","","test","go","140","random","","",""
"","-1","-1","1049","0","test_block","poldrack-single-stim","155","218416","0.0-5.0-141.0","go-nogo","true","0","","true","<div class = centerbox><div  id = stim1></div></div>","-1","32","750","","test","nogo","141","random","","",""
"","596","32","1375","0","test_block","poldrack-single-stim","156","219796","0.0-5.0-142.0","go-nogo","true","0","","true","<div class = centerbox><div  id = stim2></div></div>","32","32","750","","test","go","142","random","","",""
"","-1","-1","1078","0","test_block","poldrack-single-stim","157","220883","0.0-5.0-143.0","go-nogo","true","0","","false","<div class = centerbox><div  id = stim2></div></div>","32","32","750","","test","go","143","random","","",""
"","321","32","1099","0","test_block","poldrack-single-stim","158","222007","0.0-5.0-144.0","go-nogo","true","0","","true","<div class = centerbox><div  id = stim2></div></div>","32","32","750","","test","go","144","random","","",""
"","-1","-1","1403","0","test_block","poldrack-single-stim","159","223416","0.0-5.0-145.0","go-nogo","true","0","","false","<div class = centerbox><div  id = stim2></div></div>","32","32","750","","test","go","145","random","","",""
"","354","32","1004","0","test_block","poldrack-single-stim","160","224427","0.0-5.0-146.0","go-nogo","true","0","","true","<div class = centerbox><div  id = stim2></div></div>","32","32","750","","test","go","146","random","","",""
"","457","32","1481","0","test_block","poldrack-single-stim","161","225913","0.0-5.0-147.0","go-nogo","true","0","","false","<div class = centerbox><div  id = stim1></div></div>","-1","32","750","","test","nogo","147","random","","",""
"","882","32","1298","0","test_block","poldrack-single-stim","162","227218","0.0-5.0-148.0","go-nogo","true","0","","true","<div class = centerbox><div  id = stim2></div></div>","32","32","750","","test","go","148","random","","",""
"","817","32","1128","0","test_block","poldrack-single-stim","163","228351","0.0-5.0-149.0","go-nogo","true","0","","false","<div class = centerbox><div  id = stim1></div></div>","-1","32","750","","test","nogo","149","random","","",""
"","-1","-1","1190","0","test_block","poldrack-single-stim","164","229547","0.0-5.0-150.0","go-nogo","true","0","","false","<div class = centerbox><div  id = stim2></div></div>","32","32","750","","test","go","150","random","","",""
"","262","32","1246","0","test_block","poldrack-single-stim","165","230805","0.0-5.0-151.0","go-nogo","true","0","","true","<div class = centerbox><div  id = stim2></div></div>","32","32","750","","test","go","151","random","","",""
"","546","32","1252","0","test_block","poldrack-single-stim","166","232066","0.0-5.0-152.0","go-nogo","true","0","","true","<div class = centerbox><div  id = stim2></div></div>","32","32","750","","test","go","152","random","","",""
"","419","32","1314","0","test_block","poldrack-single-stim","167","233391","0.0-5.0-153.0","go-nogo","true","0","","false","<div class = centerbox><div  id = stim1></div></div>","-1","32","750","","test","nogo","153","random","","",""
"","-1","-1","1264","0","test_block","poldrack-single-stim","168","234660","0.0-5.0-154.0","go-nogo","true","0","","false","<div class = centerbox><div  id = stim2></div></div>","32","32","750","","test","go","154","random","","",""
"","492","32","1478","0","test_block","poldrack-single-stim","169","236145","0.0-5.0-155.0","go-nogo","true","0","","true","<div class = centerbox><div  id = stim2></div></div>","32","32","750","","test","go","155","random","","",""
"","520","32","1203","0","test_block","poldrack-single-stim","170","237354","0.0-5.0-156.0","go-nogo","true","0","","true","<div class = centerbox><div  id = stim2></div></div>","32","32","750","","test","go","156","random","","",""
"","328","32","1348","0","test_block","poldrack-single-stim","171","238711","0.0-5.0-157.0","go-nogo","true","0","","true","<div class = centerbox><div  id = stim2></div></div>","32","32","750","","test","go","157","random","","",""
"","-1","-1","1155","0","test_block","poldrack-single-stim","172","239873","0.0-5.0-158.0","go-nogo","true","0","","false","<div class = centerbox><div  id = stim2></div></div>","32","32","750","","test","go","158","random","","",""
"","-1","-1","1212","0","test_block","poldrack-single-stim","173","241090","0.0-5.0-159.0","go-nogo","true","0","","false","<div class = centerbox><div  id = stim2></div></div>","32","32","750","","test","go","159","random","","",""
"","1","32","1468","0","test_block","poldrack-single-stim","174","242580","0.0-5.0-160.0","go-nogo","true","0","","true","<div class = centerbox><div  id = stim2></div></div>","32","32","750","","test","go","160","random","","",""
"","640","32","1023","0","test_block","poldrack-single-stim","175","243647","0.0-5.0-161.0","go-nogo","true","0","","true","<div class = centerbox><div  id = stim2></div></div>","32","32","750","","test","go","161","random","","",""
"","-1","-1","1375","0","test_block","poldrack-single-stim","176","245028","0.0-5.0-162.0","go-nogo","true","0","","false","<div class = centerbox><div  id = stim2></div></div>","32","32","750","","test","go","162","random","","",""
"","284","32","1398","0","test_block","poldrack-single-stim","177","246457","0.0-5.0-163.0","go-nogo","true","0","","true","<div class = centerbox><div  id = stim2></div></div>","32","32","750","","test","go","163","random","","",""
"","272","32","1390","0","test_block","poldrack-single-stim","178","247853","0.0-5.0-164.0","go-nogo","true","0","","true","<div class = centerbox><div  id = stim2></div></div>","32","32","750","","test","go","164","random","","",""
"","298","32","1090","0","test_block","poldrack-single-stim","179","248962","0.0-5.0-165.0","go-nogo","true","0","","true","<div class = centerbox><div  id = stim2></div></div>","32","32","750","","test","go","165","random","","",""
"","629","32","1165","0","test_block","poldrack-single-stim","180","250134","0.0-5.0-166.0","go-nogo","true","0","","true","<div class = centerbox><div  id = stim2></div></div>","32","32","750","","test","go","166","random","","",""
"","594","32","1337","0","test_block","poldrack-single-stim","181","251477","0.0-5.0-167.0","go-nogo","true","0","","true","<div class = centerbox><div  id = stim2></div></div>","32","32","750","","test","go","167","random","","",""
"","324","32","1177","0","test_block","poldrack-single-stim","182","252659","0.0-5.0-168.0","go-nogo","true","0","","true","<div class = centerbox><div  id = stim2></div></div>","32","32","750","","test","go","168","random","","",""
"","317","32","1211","0","test_block","poldrack-single-stim","183","253885","0.0-5.0-169.0","go-nogo","true","0","","true","<div class = centerbox><div  id = stim2></div></div>","32","32","750","","test","go","169","random","","",""
"","347","32","1291","0","test_block","poldrack-single-stim","184","255188","0.0-5.0-170.0","go-nogo","true","0","","true","<div class = centerbox><div  id = stim2></div></div>","32","32","750","","test","go","170","random","","",""
"","-1","-1","1359","0","test_block","poldrack-single-stim","185","256554","0.0-5.0-171.0","go-nogo","true","0","","true","<div class = centerbox><div  id = stim1></div></div>","-1","32","750","","test","nogo","171","random","","",""
"","473","32","1151","0","test_block","poldrack-single-stim","186","257710","0.0-5.0-172.0","go-nogo","true","0","","true","<div class = centerbox><div  id = stim2></div></div>","32","32","750","","test","go","172","random","","",""
"","1113","32","1475","0","test_block","poldrack-single-stim","187","259201","0.0-5.0-173.0","go-nogo","true","0","","true","<div class = centerbox><div  id = stim2></div></div>","32","32","750","","test","go","173","random","","",""
"","655","32","1250","0","test_block","poldrack-single-stim","188","260458","0.0-5.0-174.0","go-nogo","true","0","","true","<div class = centerbox><div  id = stim2></div></div>","32","32","750","","test","go","174","random","","",""
"","820","32","1096","0","test_block","poldrack-single-stim","189","261562","0.0-5.0-175.0","go-nogo","true","0","","true","<div class = centerbox><div  id = stim2></div></div>","32","32","750","","test","go","175","random","","",""
"","425","32","1470","0","test_block","poldrack-single-stim","190","263039","0.0-5.0-176.0","go-nogo","true","0","","true","<div class = centerbox><div  id = stim2></div></div>","32","32","750","","test","go","176","random","","",""
"","74","32","1220","0","test_block","poldrack-single-stim","191","264263","0.0-5.0-177.0","go-nogo","true","0","","false","<div class = centerbox><div  id = stim1></div></div>","-1","32","750","","test","nogo","177","random","","",""
"","988","32","1063","0","test_block","poldrack-single-stim","192","265344","0.0-5.0-178.0","go-nogo","true","0","","true","<div class = centerbox><div  id = stim2></div></div>","32","32","750","","test","go","178","random","","",""
"","1200","32","1378","0","test_block","poldrack-single-stim","193","266728","0.0-5.0-179.0","go-nogo","true","0","","false","<div class = centerbox><div  id = stim1></div></div>","-1","32","750","","test","nogo","179","random","","",""
"","925","32","1292","0","test_block","poldrack-single-stim","194","268027","0.0-5.0-180.0","go-nogo","true","0","","true","<div class = centerbox><div  id = stim2></div></div>","32","32","750","","test","go","180","random","","",""
"","941","32","1439","0","test_block","poldrack-single-stim","195","269472","0.0-5.0-181.0","go-nogo","true","0","","true","<div class = centerbox><div  id = stim2></div></div>","32","32","750","","test","go","181","random","","",""
"","608","32","1473","0","test_block","poldrack-single-stim","196","270951","0.0-5.0-182.0","go-nogo","true","0","","true","<div class = centerbox><div  id = stim2></div></div>","32","32","750","","test","go","182","random","","",""
"","188","32","1463","0","test_block","poldrack-single-stim","197","272463","0.0-5.0-183.0","go-nogo","true","0","","true","<div class = centerbox><div  id = stim2></div></div>","32","32","750","","test","go","183","random","","",""
"","9","32","1200","0","test_block","poldrack-single-stim","198","273667","0.0-5.0-184.0","go-nogo","true","0","","true","<div class = centerbox><div  id = stim2></div></div>","32","32","750","","test","go","184","random","","",""
"","68","32","1490","0","test_block","poldrack-single-stim","199","275162","0.0-5.0-185.0","go-nogo","true","0","","true","<div class = centerbox><div  id = stim2></div></div>","32","32","750","","test","go","185","random","","",""
"","-1","-1","1312","0","test_block","poldrack-single-stim","200","276479","0.0-5.0-186.0","go-nogo","true","0","","false","<div class = centerbox><div  id = stim2></div></div>","32","32","750","","test","go","186","random","","",""
"","960","32","1283","0","test_block","poldrack-single-stim","201","277768","0.0-5.0-187.0","go-nogo","true","0","","true","<div class = centerbox><div  id = stim2></div></div>","32","32","750","","test","go","187","random","","",""
"","-1","-1","1308","0","test_block","poldrack-single-stim","202","279081","0.0-5.0-188.0","go-nogo","true","0","","false","<div class = centerbox><div  id = stim2></div></div>","32","32","750","","test","go","188","random","","",""
"","359","32","1005","0","test_block","poldrack-single-stim","203","280091","0.0-5.0-189.0","go-nogo","true","0","","true","<div class = centerbox><div  id = stim2></div></div>","32","32","750","","test","go","189","random","","",""
"","-1","-1","1266","0","test_block","poldrack-single-stim","204","281364","0.0-5.0-190.0","go-nogo","true","0","","false","<div class = centerbox><div  id = stim2></div></div>","32","32","750","","test","go","190","random","","",""
"","0","32","1123","0","test_block","poldrack-single-stim","205","282499","0.0-5.0-191.0","go-nogo","true","0","","true","<div class = centerbox><div  id = stim2></div></div>","32","32","750","","test","go","191","random","","",""
"","747","32","1495","0","test_block","poldrack-single-stim","206","284000","0.0-5.0-192.0","go-nogo","true","0","","false","<div class = centerbox><div  id = stim1></div></div>","-1","32","750","","test","nogo","192","random","","",""
"","872","32","1241","0","test_block","poldrack-single-stim","207","285246","0.0-5.0-193.0","go-nogo","true","0","","true","<div class = centerbox><div  id = stim2></div></div>","32","32","750","","test","go","193","random","","",""
"","-1","-1","1027","0","test_block","poldrack-single-stim","208","286277","0.0-5.0-194.0","go-nogo","true","0","","false","<div class = centerbox><div  id = stim2></div></div>","32","32","750","","test","go","194","random","","",""
"","-1","-1","1287","0","test_block","poldrack-single-stim","209","287572","0.0-5.0-195.0","go-nogo","true","0","","false","<div class = centerbox><div  id = stim2></div></div>","32","32","750","","test","go","195","random","","",""
"","274","32","1331","0","test_block","poldrack-single-stim","210","288911","0.0-5.0-196.0","go-nogo","true","0","","true","<div class = centerbox><div  id = stim2></div></div>","32","32","750","","test","go","196","random","","",""
"","566","32","1422","0","test_block","poldrack-single-stim","211","290340","0.0-5.0-197.0","go-nogo","true","0","","true","<div class = centerbox><div  id = stim2></div></div>","32","32","750","","test","go","197","random","","",""
"","412","32","1325","0","test_block","poldrack-single-stim","212","291669","0.0-5.0-198.0","go-nogo","true","0","","true","<div class = centerbox><div  id = stim2></div></div>","32","32","750","","test","go","198","random","","",""
"","322","32","1241","0","test_block","poldrack-single-stim","213","292927","0.0-5.0-199.0","go-nogo","true","0","","true","<div class = centerbox><div  id = stim2></div></div>","32","32","750","","test","go","199","random","","",""
"","-1","-1","1047","0","test_block","poldrack-single-stim","214","293980","0.0-5.0-200.0","go-nogo","true","0","","false","<div class = centerbox><div  id = stim2></div></div>","32","32","750","","test","go","200","random","","",""
"","298","32","1313","0","test_block","poldrack-single-stim","215","295299","0.0-5.0-201.0","go-nogo","true","0","","true","<div class = centerbox><div  id = stim2></div></div>","32","32","750","","test","go","201","random","","",""
"","158","32","1370","0","test_block","poldrack-single-stim","216","296680","0.0-5.0-202.0","go-nogo","true","0","","true","<div class = centerbox><div  id = stim2></div></div>","32","32","750","","test","go","202","random","","",""
"","1215","32","1333","0","test_block","poldrack-single-stim","217","298018","0.0-5.0-203.0","go-nogo","true","0","","true","<div class = centerbox><div  id = stim2></div></div>","32","32","750","","test","go","203","random","","",""
"","-1","-1","1313","0","test_block","poldrack-single-stim","218","299337","0.0-5.0-204.0","go-nogo","true","0","","false","<div class = centerbox><div  id = stim2></div></div>","32","32","750","","test","go","204","random","","",""
"","340","32","1278","0","test_block","poldrack-single-stim","219","300621","0.0-5.0-205.0","go-nogo","true","0","","true","<div class = centerbox><div  id = stim2></div></div>","32","32","750","","test","go","205","random","","",""
"","721","32","1184","0","test_block","poldrack-single-stim","220","301810","0.0-5.0-206.0","go-nogo","true","0","","true","<div class = centerbox><div  id = stim2></div></div>","32","32","750","","test","go","206","random","","",""
"","822","32","1404","0","test_block","poldrack-single-stim","221","303259","0.0-5.0-207.0","go-nogo","true","0","","true","<div class = centerbox><div  id = stim2></div></div>","32","32","750","","test","go","207","random","","",""
"","780","32","1157","0","test_block","poldrack-single-stim","222","304422","0.0-5.0-208.0","go-nogo","true","0","","true","<div class = centerbox><div  id = stim2></div></div>","32","32","750","","test","go","208","random","","",""
"","-1","-1","1280","0","test_block","poldrack-single-stim","223","305706","0.0-5.0-209.0","go-nogo","true","0","","false","<div class = centerbox><div  id = stim2></div></div>","32","32","750","","test","go","209","random","","",""
"","915","32","1082","0","test_block","poldrack-single-stim","224","306795","0.0-5.0-210.0","go-nogo","true","0","","true","<div class = centerbox><div  id = stim2></div></div>","32","32","750","","test","go","210","random","","",""
"","1020","32","1292","0","test_block","poldrack-single-stim","225","308091","0.0-5.0-211.0","go-nogo","true","0","","false","<div class = centerbox><div  id = stim1></div></div>","-1","32","750","","test","nogo","211","random","","",""
"","-1","-1","1197","0","test_block","poldrack-single-stim","226","309294","0.0-5.0-212.0","go-nogo","true","0","","false","<div class = centerbox><div  id = stim2></div></div>","32","32","750","","test","go","212","random","","",""
"","798","32","1458","0","test_block","poldrack-single-stim","227","310775","0.0-5.0-213.0","go-nogo","true","0","","true","<div class = centerbox><div  id = stim2></div></div>","32","32","750","","test","go","213","random","","",""
"","-1","-1","1207","0","test_block","poldrack-single-stim","228","311988","0.0-5.0-214.0","go-nogo","true","0","","false","<div class = centerbox><div  id = stim2></div></div>","32","32","750","","test","go","214","random","","",""
"","-1","-1","1455","0","test_block","poldrack-single-stim","229","313454","0.0-5.0-215.0","go-nogo","true","0","","false","<div class = centerbox><div  id = stim2></div></div>","32","32","750","","test","go","215","random","","",""
"","-1","-1","1370","0","test_block","poldrack-single-stim","230","314840","0.0-5.0-216.0","go-nogo","true","0","","false","<div class = centerbox><div  id = stim2></div></div>","32","32","750","","test","go","216","random","","",""
"","720","32","1108","0","test_block","poldrack-single-stim","231","315958","0.0-5.0-217.0","go-nogo","true","0","","true","<div class = centerbox><div  id = stim2></div></div>","32","32","750","","test","go","217","random","","",""
"","855","32","1367","0","test_block","poldrack-single-stim","232","317330","0.0-5.0-218.0","go-nogo","true","0","","false","<div class = centerbox><div  id = stim1></div></div>","-1","32","750","","test","nogo","218","random","","",""
"","-1","-1","1420","0","test_block","poldrack-single-stim","233","318775","0.0-5.0-219.0","go-nogo","true","0","","true","<div class = centerbox><div  id = stim1></div></div>","-1","32","750","","test","nogo","219","random","","",""
"","-1","-1","1019","0","test_block","poldrack-single-stim","234","319805","0.0-5.0-220.0","go-nogo","true","0","","false","<div class = centerbox><div  id = stim2></div></div>","32","32","750","","test","go","220","random","","",""
"","871","32","1005","0","test_block","poldrack-single-stim","235","320815","0.0-5.0-221.0","go-nogo","true","0","","true","<div class = centerbox><div  id = stim2></div></div>","32","32","750","","test","go","221","random","","",""
"","515","32","1483","0","test_block","poldrack-single-stim","236","322306","0.0-5.0-222.0","go-nogo","true","0","","true","<div class = centerbox><div  id = stim2></div></div>","32","32","750","","test","go","222","random","","",""
"","-1","-1","1254","0","test_block","poldrack-single-stim","237","323564","0.0-5.0-223.0","go-nogo","true","0","","false","<div class = centerbox><div  id = stim2></div></div>","32","32","750","","test","go","223","random","","",""
"","294","32","1266","0","test_block","poldrack-single-stim","238","324839","0.0-5.0-224.0","go-nogo","true","0","","false","<div class = centerbox><div  id = stim1></div></div>","-1","32","750","","test","nogo","224","random","","",""
"","748","32","1227","0","test_block","poldrack-single-stim","239","326073","0.0-5.0-225.0","go-nogo","true","0","","true","<div class = centerbox><div  id = stim2></div></div>","32","32","750","","test","go","225","random","","",""
"","460","32","1223","0","test_block","poldrack-single-stim","240","327305","0.0-5.0-226.0","go-nogo","true","0","","true","<div class = centerbox><div  id = stim2></div></div>","32","32","750","","test","go","226","random","","",""
"","-1","-1","1275","0","test_block","poldrack-single-stim","241","328586","0.0-5.0-227.0","go-nogo","true","0","","false","<div class = centerbox><div  id = stim2></div></div>","32","32","750","","test","go","227","random","","",""
"","490","32","1258","0","test_block","poldrack-single-stim","242","329850","0.0-5.0-228.0","go-nogo","true","0","","true","<div class = centerbox><div  id = stim2></div></div>","32","32","750","","test","go","228","random","","",""
"","338","32","1251","0","test_block","poldrack-single-stim","243","331106","0.0-5.0-229.0","go-nogo","true","0","","true","<div class = centerbox><div  id = stim2></div></div>","32","32","750","","test","go","229","random","","",""
"","585","32","1389","0","test_block","poldrack-single-stim","244","332501","0.0-5.0-230.0","go-nogo","true","0","","false","<div class = centerbox><div  id = stim1></div></div>","-1","32","750","","test","nogo","230","random","","",""
"","620","32","1114","0","test_block","poldrack-single-stim","245","333622","0.0-5.0-231.0","go-nogo","true","0","","true","<div class = centerbox><div  id = stim2></div></div>","32","32","750","","test","go","231","random","","",""
"","597","32","1464","0","test_block","poldrack-single-stim","246","335093","0.0-5.0-232.0","go-nogo","true","0","","true","<div class = centerbox><div  id = stim2></div></div>","32","32","750","","test","go","232","random","","",""
"","718","32","1261","0","test_block","poldrack-single-stim","247","336360","0.0-5.0-233.0","go-nogo","true","0","","true","<div class = centerbox><div  id = stim2></div></div>","32","32","750","","test","go","233","random","","",""
"","378","32","1435","0","test_block","poldrack-single-stim","248","337800","0.0-5.0-234.0","go-nogo","true","0","","true","<div class = centerbox><div  id = stim2></div></div>","32","32","750","","test","go","234","random","","",""
"","-1","-1","1202","0","test_block","poldrack-single-stim","249","339010","0.0-5.0-235.0","go-nogo","true","0","","false","<div class = centerbox><div  id = stim2></div></div>","32","32","750","","test","go","235","random","","",""
"","893","32","1085","0","test_block","poldrack-single-stim","250","340102","0.0-5.0-236.0","go-nogo","true","0","","true","<div class = centerbox><div  id = stim2></div></div>","32","32","750","","test","go","236","random","","",""
"","524","32","1453","0","test_block","poldrack-single-stim","251","341560","0.0-5.0-237.0","go-nogo","true","0","","true","<div class = centerbox><div  id = stim2></div></div>","32","32","750","","test","go","237","random","","",""
"","-1","-1","1124","0","test_block","poldrack-single-stim","252","342688","0.0-5.0-238.0","go-nogo","true","0","","false","<div class = centerbox><div  id = stim2></div></div>","32","32","750","","test","go","238","random","","",""
"","160","32","1288","0","test_block","poldrack-single-stim","253","344008","0.0-5.0-239.0","go-nogo","true","0","","true","<div class = centerbox><div  id = stim2></div></div>","32","32","750","","test","go","239","random","","",""
"","-1","-1","1309","0","test_block","poldrack-single-stim","254","345326","0.0-5.0-240.0","go-nogo","true","0","","false","<div class = centerbox><div  id = stim2></div></div>","32","32","750","","test","go","240","random","","",""
"","-1","-1","1098","0","test_block","poldrack-single-stim","255","346431","0.0-5.0-241.0","go-nogo","true","0","","true","<div class = centerbox><div  id = stim1></div></div>","-1","32","750","","test","nogo","241","random","","",""
"","-1","-1","1440","0","test_block","poldrack-single-stim","256","347880","0.0-5.0-242.0","go-nogo","true","0","","true","<div class = centerbox><div  id = stim1></div></div>","-1","32","750","","test","nogo","242","random","","",""
"","-1","-1","1371","0","test_block","poldrack-single-stim","257","349257","0.0-5.0-243.0","go-nogo","true","0","","false","<div class = centerbox><div  id = stim2></div></div>","32","32","750","","test","go","243","random","","",""
"","1159","32","1467","0","test_block","poldrack-single-stim","258","350734","0.0-5.0-244.0","go-nogo","true","0","","true","<div class = centerbox><div  id = stim2></div></div>","32","32","750","","test","go","244","random","","",""
"","287","32","1406","0","test_block","poldrack-single-stim","259","352149","0.0-5.0-245.0","go-nogo","true","0","","true","<div class = centerbox><div  id = stim2></div></div>","32","32","750","","test","go","245","random","","",""
"","181","32","1474","0","test_block","poldrack-single-stim","260","353628","0.0-5.0-246.0","go-nogo","true","0","","true","<div class = centerbox><div  id = stim2></div></div>","32","32","750","","test","go","246","random","","",""
"","76","32","1085","0","test_block","poldrack-single-stim","261","354721","0.0-5.0-247.0","go-nogo","true","0","","true","<div class = centerbox><div  id = stim2></div></div>","32","32","750","","test","go","247","random","","",""
"","35","32","1127","0","test_block","poldrack-single-stim","262","355853","0.0-5.0-248.0","go-nogo","true","0","","true","<div class = centerbox><div  id = stim2></div></div>","32","32","750","","test","go","248","random","","",""
"","289","32","1346","0","test_block","poldrack-single-stim","263","357230","0.0-5.0-249.0","go-nogo","true","0","","true","<div class = centerbox><div  id = stim2></div></div>","32","32","750","","test","go","249","random","","",""
"","-1","-1","1358","0","test_block","poldrack-single-stim","264","358594","0.0-5.0-250.0","go-nogo","true","0","","false","<div class = centerbox><div  id = stim2></div></div>","32","32","750","","test","go","250","random","","",""
"","142","32","1079","0","test_block","poldrack-single-stim","265","359679","0.0-5.0-251.0","go-nogo","true","0","","true","<div class = centerbox><div  id = stim2></div></div>","32","32","750","","test","go","251","random","","",""
"","51","32","1021","0","test_block","poldrack-single-stim","266","360726","0.0-5.0-252.0","go-nogo","true","0","","true","<div class = centerbox><div  id = stim2></div></div>","32","32","750","","test","go","252","random","","",""
"","-1","-1","1345","0","test_block","poldrack-single-stim","267","362079","0.0-5.0-253.0","go-nogo","true","0","","false","<div class = centerbox><div  id = stim2></div></div>","32","32","750","","test","go","253","random","","",""
"","478","32","1291","0","test_block","poldrack-single-stim","268","363387","0.0-5.0-254.0","go-nogo","true","0","","true","<div class = centerbox><div  id = stim2></div></div>","32","32","750","","test","go","254","random","","",""
"","62","32","1292","0","test_block","poldrack-single-stim","269","364707","0.0-5.0-255.0","go-nogo","true","0","","true","<div class = centerbox><div  id = stim2></div></div>","32","32","750","","test","go","255","random","","",""
"","788","32","1045","0","test_block","poldrack-single-stim","270","365758","0.0-5.0-256.0","go-nogo","true","0","","true","<div class = centerbox><div  id = stim2></div></div>","32","32","750","","test","go","256","random","","",""
"","9","32","1345","0","test_block","poldrack-single-stim","271","367109","0.0-5.0-257.0","go-nogo","true","0","","true","<div class = centerbox><div  id = stim2></div></div>","32","32","750","","test","go","257","random","","",""
"","411","32","1397","0","test_block","poldrack-single-stim","272","368511","0.0-5.0-258.0","go-nogo","true","0","","true","<div class = centerbox><div  id = stim2></div></div>","32","32","750","","test","go","258","random","","",""
"","117","32","1184","0","test_block","poldrack-single-stim","273","369700","0.0-5.0-259.0","go-nogo","true","0","","true","<div class = centerbox><div  id = stim2></div></div>","32","32","750","","test","go","259","random","","",""
"","59","32","1196","0","test_block","poldrack-single-stim","274","370903","0.0-5.0-260.0","go-nogo","true","0","","true","<div class = centerbox><div  id = stim2></div></div>","32","32","750","","test","go","260","random","","",""
"","80","32","1043","0","test_block","poldrack-single-stim","275","371956","0.0-5.0-261.0","go-nogo","true","0","","true","<div class = centerbox><div  id = stim2></div></div>","32","32","750","","test","go","261","random","","",""
"","441","32","1279","0","test_block","poldrack-single-stim","276","373243","0.0-5.0-262.0","go-nogo","true","0","","true","<div class = centerbox><div  id = stim2></div></div>","32","32","750","","test","go","262","random","","",""
"","-1","-1","1252","0","test_block","poldrack-single-stim","277","374536","0.0-5.0-263.0","go-nogo","true","0","","false","<div class = centerbox><div  id = stim2></div></div>","32","32","750","","test","go","263","random","","",""
"","-1","-1","1305","0","test_block","poldrack-single-stim","278","375850","0.0-5.0-264.0","go-nogo","true","0","","false","<div class = centerbox><div  id = stim2></div></div>","32","32","750","","test","go","264","random","","",""
"","-1","-1","1043","0","test_block","poldrack-single-stim","279","376902","0.0-5.0-265.0","go-nogo","true","0","","false","<div class = centerbox><div  id = stim2></div></div>","32","32","750","","test","go","265","random","","",""
"","-1","-1","1340","0","test_block","poldrack-single-stim","280","378250","0.0-5.0-266.0","go-nogo","true","0","","false","<div class = centerbox><div  id = stim2></div></div>","32","32","750","","test","go","266","random","","",""
"","-1","-1","1202","0","test_block","poldrack-single-stim","281","379492","0.0-5.0-267.0","go-nogo","true","0","","false","<div class = centerbox><div  id = stim2></div></div>","32","32","750","","test","go","267","random","","",""
"","418","32","1000","0","test_block","poldrack-single-stim","282","380499","0.0-5.0-268.0","go-nogo","true","0","","true","<div class = centerbox><div  id = stim2></div></div>","32","32","750","","test","go","268","random","","",""
"","-1","-1","1157","0","test_block","poldrack-single-stim","283","381668","0.0-5.0-269.0","go-nogo","true","0","","false","<div class = centerbox><div  id = stim2></div></div>","32","32","750","","test","go","269","random","","",""
"","-1","-1","1043","0","test_block","poldrack-single-stim","284","382720","0.0-5.0-270.0","go-nogo","true","0","","false","<div class = centerbox><div  id = stim2></div></div>","32","32","750","","test","go","270","random","","",""
"","-1","-1","1451","0","test_block","poldrack-single-stim","285","384180","0.0-5.0-271.0","go-nogo","true","0","","false","<div class = centerbox><div  id = stim2></div></div>","32","32","750","","test","go","271","random","","",""
"","810","32","1114","0","test_block","poldrack-single-stim","286","385299","0.0-5.0-272.0","go-nogo","true","0","","true","<div class = centerbox><div  id = stim2></div></div>","32","32","750","","test","go","272","random","","",""
"","-1","-1","1160","0","test_block","poldrack-single-stim","287","386465","0.0-5.0-273.0","go-nogo","true","0","","false","<div class = centerbox><div  id = stim2></div></div>","32","32","750","","test","go","273","random","","",""
"","-1","-1","1320","0","test_block","poldrack-single-stim","288","387792","0.0-5.0-274.0","go-nogo","true","0","","false","<div class = centerbox><div  id = stim2></div></div>","32","32","750","","test","go","274","random","","",""
"","354","32","1224","0","test_block","poldrack-single-stim","289","389032","0.0-5.0-275.0","go-nogo","true","0","","true","<div class = centerbox><div  id = stim2></div></div>","32","32","750","","test","go","275","random","","",""
"","1142","32","1159","0","test_block","poldrack-single-stim","290","390196","0.0-5.0-276.0","go-nogo","true","0","","true","<div class = centerbox><div  id = stim2></div></div>","32","32","750","","test","go","276","random","","",""
"","233","32","1214","0","test_block","poldrack-single-stim","291","391463","0.0-5.0-277.0","go-nogo","true","0","","true","<div class = centerbox><div  id = stim2></div></div>","32","32","750","","test","go","277","random","","",""
"","-1","-1","1436","0","test_block","poldrack-single-stim","292","392907","0.0-5.0-278.0","go-nogo","true","0","","false","<div class = centerbox><div  id = stim2></div></div>","32","32","750","","test","go","278","random","","",""
"","74","32","1272","0","test_block","poldrack-single-stim","293","394209","0.0-5.0-279.0","go-nogo","true","0","","true","<div class = centerbox><div  id = stim2></div></div>","32","32","750","","test","go","279","random","","",""
"","-1","-1","1179","0","test_block","poldrack-single-stim","294","395392","0.0-5.0-280.0","go-nogo","true","0","","false","<div class = centerbox><div  id = stim2></div></div>","32","32","750","","test","go","280","random","","",""
"","262","32","1026","0","test_block","poldrack-single-stim","295","396423","0.0-5.0-281.0","go-nogo","true","0","","true","<div class = centerbox><div  id = stim2></div></div>","32","32","750","","test","go","281","random","","",""
"","1063","32","1222","0","test_block","poldrack-single-stim","296","397650","0.0-5.0-282.0","go-nogo","true","0","","true","<div class = centerbox><div  id = stim2></div></div>","32","32","750","","test","go","282","random","","",""
"","347","32","1383","0","test_block","poldrack-single-stim","297","399039","0.0-5.0-283.0","go-nogo","true","0","","true","<div class = centerbox><div  id = stim2></div></div>","32","32","750","","test","go","283","random","","",""
"","685","32","1390","0","test_block","poldrack-single-stim","298","400434","0.0-5.0-284.0","go-nogo","true","0","","true","<div class = centerbox><div  id = stim2></div></div>","32","32","750","","test","go","284","random","","",""
"","324","32","1294","0","test_block","poldrack-single-stim","299","401740","0.0-5.0-285.0","go-nogo","true","0","","true","<div class = centerbox><div  id = stim2></div></div>","32","32","750","","test","go","285","random","","",""
"","359","32","1381","0","test_block","poldrack-single-stim","300","403127","0.0-5.0-286.0","go-nogo","true","0","","true","<div class = centerbox><div  id = stim2></div></div>","32","32","750","","test","go","286","random","","",""
"","1006","32","1460","0","test_block","poldrack-single-stim","301","404601","0.0-5.0-287.0","go-nogo","true","0","","true","<div class = centerbox><div  id = stim2></div></div>","32","32","750","","test","go","287","random","","",""
"","346","32","1099","0","test_block","poldrack-single-stim","302","405707","0.0-5.0-288.0","go-nogo","true","0","","true","<div class = centerbox><div  id = stim2></div></div>","32","32","750","","test","go","288","random","","",""
"","449","32","1205","0","test_block","poldrack-single-stim","303","406919","0.0-5.0-289.0","go-nogo","true","0","","true","<div class = centerbox><div  id = stim2></div></div>","32","32","750","","test","go","289","random","","",""
"","372","32","1314","0","test_block","poldrack-single-stim","304","408239","0.0-5.0-290.0","go-nogo","true","0","","true","<div class = centerbox><div  id = stim2></div></div>","32","32","750","","test","go","290","random","","",""
"","331","32","1077","0","test_block","poldrack-single-stim","305","409323","0.0-5.0-291.0","go-nogo","true","0","","true","<div class = centerbox><div  id = stim2></div></div>","32","32","750","","test","go","291","random","","",""
"","585","32","1101","0","test_block","poldrack-single-stim","306","410430","0.0-5.0-292.0","go-nogo","true","0","","true","<div class = centerbox><div  id = stim2></div></div>","32","32","750","","test","go","292","random","","",""
"","483","32","1105","0","test_block","poldrack-single-stim","307","411543","0.0-5.0-293.0","go-nogo","true","0","","true","<div class = centerbox><div  id = stim2></div></div>","32","32","750","","test","go","293","random","","",""
"","317","32","1099","0","test_block","poldrack-single-stim","308","412646","0.0-5.0-294.0","go-nogo","true","0","","true","<div class = centerbox><div  id = stim2></div></div>","32","32","750","","test","go","294","random","","",""
"","357","32","1406","0","test_block","poldrack-single-stim","309","414059","0.0-5.0-295.0","go-nogo","true","0","","true","<div class = centerbox><div  id = stim2></div></div>","32","32","750","","test","go","295","random","","",""
"","376","32","1134","0","test_block","poldrack-single-stim","310","415200","0.0-5.0-296.0","go-nogo","true","0","","true","<div class = centerbox><div  id = stim2></div></div>","32","32","750","","test","go","296","random","","",""
"","731","32","1080","0","test_block","poldrack-single-stim","311","416284","0.0-5.0-297.0","go-nogo","true","0","","true","<div class = centerbox><div  id = stim2></div></div>","32","32","750","","test","go","297","random","","",""
"","188","32","1077","0","test_block","poldrack-single-stim","312","417370","0.0-5.0-298.0","go-nogo","true","0","","true","<div class = centerbox><div  id = stim2></div></div>","32","32","750","","test","go","298","random","","",""
"","642","32","1176","0","test_block","poldrack-single-stim","313","418552","0.0-5.0-299.0","go-nogo","true","0","","true","<div class = centerbox><div  id = stim2></div></div>","32","32","750","","test","go","299","random","","",""
"","172","32","1167","0","test_block","poldrack-single-stim","314","419724","0.0-5.0-300.0","go-nogo","true","0","","true","<div class = centerbox><div  id = stim2></div></div>","32","32","750","","test","go","300","random","","",""
"","1101","32","1327","0","test_block","poldrack-single-stim","315","421059","0.0-5.0-301.0","go-nogo","true","0","","true","<div class = centerbox><div  id = stim2></div></div>","32","32","750","","test","go","301","random","","",""
"","1381","32","1402","0","test_block","poldrack-single-stim","316","422470","0.0-5.0-302.0","go-nogo","true","0","","true","<div class = centerbox><div  id = stim2></div></div>","32","32","750","","test","go","302","random","","",""
"","645","32","1482","0","test_block","poldrack-single-stim","317","423957","0.0-5.0-303.0","go-nogo","true","0","","true","<div class = centerbox><div  id = stim2></div></div>","32","32","750","","test","go","303","random","","",""
"","545","32","1334","0","test_block","poldrack-single-stim","318","425298","0.0-5.0-304.0","go-nogo","true","0","","true","<div class = centerbox><div  id = stim2></div></div>","32","32","750","","test","go","304","random","","",""
"","394","32","1211","0","test_block","poldrack-single-stim","319","426514","0.0-5.0-305.0","go-nogo","true","0","","true","<div class = centerbox><div  id = stim2></div></div>","32","32","750","","test","go","305","random","","",""
"","763","32","1092","0","test_block","poldrack-single-stim","320","427616","0.0-5.0-306.0","go-nogo","true","0","","true","<div class = centerbox><div  id = stim2></div></div>","32","32","750","","test","go","306","random","","",""
"","410","32","1217","0","test_block","poldrack-single-stim","321","428840","0.0-5.0-307.0","go-nogo","true","0","","true","<div class = centerbox><div  id = stim2></div></div>","32","32","750","","test","go","307","random","","",""
"","601","32","1141","0","test_block","poldrack-single-stim","322","429990","0.0-5.0-308.0","go-nogo","true","0","","true","<div class = centerbox><div  id = stim2></div></div>","32","32","750","","test","go","308","random","","",""
"","163","32","1104","0","test_block","poldrack-single-stim","323","431101","0.0-5.0-309.0","go-nogo","true","0","","true","<div class = centerbox><div  id = stim2></div></div>","32","32","750","","test","go","309","random","","",""
"","440","32","1308","0","test_block","poldrack-single-stim","324","432414","0.0-5.0-310.0","go-nogo","true","0","","true","<div class = centerbox><div  id = stim2></div></div>","32","32","750","","test","go","310","random","","",""
"","308","32","1393","0","test_block","poldrack-single-stim","325","433813","0.0-5.0-311.0","go-nogo","true","0","","true","<div class = centerbox><div  id = stim2></div></div>","32","32","750","","test","go","311","random","","",""
"","30","32","1193","0","test_block","poldrack-single-stim","326","435011","0.0-5.0-312.0","go-nogo","true","0","","false","<div class = centerbox><div  id = stim1></div></div>","-1","32","750","","test","nogo","312","random","","",""
"","270","32","1466","0","test_block","poldrack-single-stim","327","436483","0.0-5.0-313.0","go-nogo","true","0","","true","<div class = centerbox><div  id = stim2></div></div>","32","32","750","","test","go","313","random","","",""
"","503","32","1246","0","test_block","poldrack-single-stim","328","437734","0.0-5.0-314.0","go-nogo","true","0","","true","<div class = centerbox><div  id = stim2></div></div>","32","32","750","","test","go","314","random","","",""
"","292","32","1200","0","test_block","poldrack-single-stim","329","438938","0.0-5.0-315.0","go-nogo","true","0","","true","<div class = centerbox><div  id = stim2></div></div>","32","32","750","","test","go","315","random","","",""
"","231","32","1099","0","test_block","poldrack-single-stim","330","440043","0.0-5.0-316.0","go-nogo","true","0","","true","<div class = centerbox><div  id = stim2></div></div>","32","32","750","","test","go","316","random","","",""
"","264","32","1425","0","test_block","poldrack-single-stim","331","441472","0.0-5.0-317.0","go-nogo","true","0","","false","<div class = centerbox><div  id = stim1></div></div>","-1","32","750","","test","nogo","317","random","","",""
"","323","32","1085","0","test_block","poldrack-single-stim","332","442565","0.0-5.0-318.0","go-nogo","true","0","","true","<div class = centerbox><div  id = stim2></div></div>","32","32","750","","test","go","318","random","","",""
"","291","32","1287","0","test_block","poldrack-single-stim","333","443858","0.0-5.0-319.0","go-nogo","true","0","","true","<div class = centerbox><div  id = stim2></div></div>","32","32","750","","test","go","319","random","","",""
"","7","32","1190","0","test_block","poldrack-single-stim","334","445054","0.0-5.0-320.0","go-nogo","true","0","","true","<div class = centerbox><div  id = stim2></div></div>","32","32","750","","test","go","320","random","","",""
"","308","32","1231","0","test_block","poldrack-single-stim","335","446291","0.0-5.0-321.0","go-nogo","true","0","","true","<div class = centerbox><div  id = stim2></div></div>","32","32","750","","test","go","321","random","","",""
"","70","32","1357","0","test_block","poldrack-single-stim","336","447655","0.0-5.0-322.0","go-nogo","true","0","","true","<div class = centerbox><div  id = stim2></div></div>","32","32","750","","test","go","322","random","","",""
"","1033","32","1246","0","test_block","poldrack-single-stim","337","448906","0.0-5.0-323.0","go-nogo","true","0","","true","<div class = centerbox><div  id = stim2></div></div>","32","32","750","","test","go","323","random","","",""
"","502","32","1290","0","test_block","poldrack-single-stim","338","450201","0.0-5.0-324.0","go-nogo","true","0","","true","<div class = centerbox><div  id = stim2></div></div>","32","32","750","","test","go","324","random","","",""
"","-1","-1","1307","0","test_block","poldrack-single-stim","339","451545","0.0-5.0-325.0","go-nogo","true","0","","false","<div class = centerbox><div  id = stim2></div></div>","32","32","750","","test","go","325","random","","",""
"","79","32","1266","0","test_block","poldrack-single-stim","340","452826","0.0-5.0-326.0","go-nogo","true","0","","true","<div class = centerbox><div  id = stim2></div></div>","32","32","750","","test","go","326","random","","",""
"","758","32","1097","0","test_block","poldrack-single-stim","341","453930","0.0-5.0-327.0","go-nogo","true","0","","true","<div class = centerbox><div  id = stim2></div></div>","32","32","750","","test","go","327","random","","",""
"","-1","-1","1133","0","test_block","poldrack-single-stim","342","455080","0.0-5.0-328.0","go-nogo","true","0","","true","<div class = centerbox><div  id = stim1></div></div>","-1","32","750","","test","nogo","328","random","","",""
"","345","32","1138","0","test_block","poldrack-single-stim","343","456247","0.0-5.0-329.0","go-nogo","true","0","","true","<div class = centerbox><div  id = stim2></div></div>","32","32","750","","test","go","329","random","","",""
"","745","32","1247","0","test_block","poldrack-single-stim","344","457500","0.0-5.0-330.0","go-nogo","true","0","","true","<div class = centerbox><div  id = stim2></div></div>","32","32","750","","test","go","330","random","","",""
"","821","32","1448","0","test_block","poldrack-single-stim","345","458983","0.0-5.0-331.0","go-nogo","true","0","","true","<div class = centerbox><div  id = stim2></div></div>","32","32","750","","test","go","331","random","","",""
"","363","32","1129","0","test_block","poldrack-single-stim","346","460124","0.0-5.0-332.0","go-nogo","true","0","","true","<div class = centerbox><div  id = stim2></div></div>","32","32","750","","test","go","332","random","","",""
"","1060","32","1143","0","test_block","poldrack-single-stim","347","461271","0.0-5.0-333.0","go-nogo","true","0","","true","<div class = centerbox><div  id = stim2></div></div>","32","32","750","","test","go","333","random","","",""
"","-1","-1","1346","0","test_block","poldrack-single-stim","348","462623","0.0-5.0-334.0","go-nogo","true","0","","false","<div class = centerbox><div  id = stim2></div></div>","32","32","750","","test","go","334","random","","",""
"","81","32","1143","0","test_block","poldrack-single-stim","349","463770","0.0-5.0-335.0","go-nogo","true","0","","false","<div class = centerbox><div  id = stim1></div></div>","-1","32","750","","test","nogo","335","random","","",""
"","1084","32","1381","0","test_block","poldrack-single-stim","350","465157","0.0-5.0-336.0","go-nogo","true","0","","true","<div class = centerbox><div  id = stim2></div></div>","32","32","750","","test","go","336","random","","",""
"","-1","-1","1137","0","test_block","poldrack-single-stim","351","466304","0.0-5.0-337.0","go-nogo","true","0","","false","<div class = centerbox><div  id = stim2></div></div>","32","32","750","","test","go","337","random","","",""
"","295","32","1180","0","test_block","poldrack-single-stim","352","467521","0.0-5.0-338.0","go-nogo","true","0","","true","<div class = centerbox><div  id = stim2></div></div>","32","32","750","","test","go","338","random","","",""
"","1126","32","1196","0","test_block","poldrack-single-stim","353","468723","0.0-5.0-339.0","go-nogo","true","0","","true","<div class = centerbox><div  id = stim2></div></div>","32","32","750","","test","go","339","random","","",""
"","653","32","1326","0","test_block","poldrack-single-stim","354","470054","0.0-5.0-340.0","go-nogo","true","0","","true","<div class = centerbox><div  id = stim2></div></div>","32","32","750","","test","go","340","random","","",""
"","-1","-1","1025","0","test_block","poldrack-single-stim","355","471085","0.0-5.0-341.0","go-nogo","true","0","","true","<div class = centerbox><div  id = stim1></div></div>","-1","32","750","","test","nogo","341","random","","",""
"","647","32","1336","0","test_block","poldrack-single-stim","356","472430","0.0-5.0-342.0","go-nogo","true","0","","true","<div class = centerbox><div  id = stim2></div></div>","32","32","750","","test","go","342","random","","",""
"","1323","32","1394","0","test_block","poldrack-single-stim","357","473828","0.0-5.0-343.0","go-nogo","true","0","","true","<div class = centerbox><div  id = stim2></div></div>","32","32","750","","test","go","343","random","","",""
"","-1","-1","1241","0","test_block","poldrack-single-stim","358","475076","0.0-5.0-344.0","go-nogo","true","0","","false","<div class = centerbox><div  id = stim2></div></div>","32","32","750","","test","go","344","random","","",""
"","-1","-1","1240","0","test_block","poldrack-single-stim","359","476321","0.0-5.0-345.0","go-nogo","true","0","","false","<div class = centerbox><div  id = stim2></div></div>","32","32","750","","test","go","345","random","","",""
"","790","32","1406","0","test_block","poldrack-single-stim","360","477731","0.0-5.0-346.0","go-nogo","true","0","","false","<div class = centerbox><div  id = stim1></div></div>","-1","32","750","","test","nogo","346","random","","",""
"","-1","-1","1143","0","test_block","poldrack-single-stim","361","478879","0.0-5.0-347.0","go-nogo","true","0","","false","<div class = centerbox><div  id = stim2></div></div>","32","32","750","","test","go","347","random","","",""
"","223","32","1064","0","test_block","poldrack-single-stim","362","479949","0.0-5.0-348.0","go-nogo","true","0","","false","<div class = centerbox><div  id = stim1></div></div>","-1","32","750","","test","nogo","348","random","","",""
"","-1","-1","1219","0","test_block","poldrack-single-stim","363","481174","0.0-5.0-349.0","go-nogo","true","0","","false","<div class = centerbox><div  id = stim2></div></div>","32","32","750","","test","go","349","random","","",""
"","59633","","","","post task questions","survey-text","364","540818","0.0-7.0","go-nogo","true","0","","","","","","","","","","","","{""Q0"":""blue spacebar yellow colour box blank"",""Q1"":""good""}","",""
