"text","rt","key_press","block_duration","timing_post_trial","trial_id","trial_type","trial_index","time_elapsed","internal_node_id","exp_id","full_screen","focus_shifts","view_history","correct","stimulus","correct_response","possible_responses","stim_duration","feedback_duration","exp_stage","condition","trial_num","mode","responses","payment_id","credit_var"
"<div class = centerbox><p class = center-block-text>Welcome to the experiment. This task will take around 10 minutes. Press <strong>enter</strong> to begin.</p></div>","7193","13","7193","0","instruction","poldrack-text","0","7195","0.0-0.0-0.0","go-nogo","true","0","","","","","","","","","","","","","",""
"","16103","","","","instruction","poldrack-instructions","1","23300","0.0-0.0-1.0","go-nogo","true","0","[{""page_index"":0,""viewing_time"":16102}]","","","","","","","","","","","","",""
"","-1","-1","1140","250","practice","poldrack-categorize","2","26458","0.0-1.0-0.0","go-nogo","true","0","","true","<div class = centerbox><div id = stim2></div></div>","-1","32","750","1000","practice","nogo","0","random","","",""
"","-1","-1","1177","250","practice","poldrack-categorize","3","28898","0.0-1.0-1.0","go-nogo","true","0","","true","<div class = centerbox><div id = stim2></div></div>","-1","32","750","1000","practice","nogo","1","random","","",""
"","364","32","1180","250","practice","poldrack-categorize","4","31344","0.0-1.0-2.0","go-nogo","true","0","","true","<div class = centerbox><div  id = stim1></div></div>","32","32","750","1000","practice","go","2","random","","",""
"","-1","-1","1222","250","practice","poldrack-categorize","5","33831","0.0-1.0-3.0","go-nogo","true","0","","true","<div class = centerbox><div id = stim2></div></div>","-1","32","750","1000","practice","nogo","3","random","","",""
"","422","32","1439","250","practice","poldrack-categorize","6","36531","0.0-1.0-4.0","go-nogo","true","0","","true","<div class = centerbox><div  id = stim1></div></div>","32","32","750","1000","practice","go","4","random","","",""
"","-1","-1","1267","250","practice","poldrack-categorize","7","39062","0.0-1.0-5.0","go-nogo","true","0","","true","<div class = centerbox><div id = stim2></div></div>","-1","32","750","1000","practice","nogo","5","random","","",""
"","359","32","1018","250","practice","poldrack-categorize","8","41342","0.0-1.0-6.0","go-nogo","true","0","","true","<div class = centerbox><div  id = stim1></div></div>","32","32","750","1000","practice","go","6","random","","",""
"","457","32","1000","250","practice","poldrack-categorize","9","43598","0.0-1.0-7.0","go-nogo","true","0","","true","<div class = centerbox><div  id = stim1></div></div>","32","32","750","1000","practice","go","7","random","","",""
"","409","32","1476","250","practice","poldrack-categorize","10","46334","0.0-1.0-8.0","go-nogo","true","0","","true","<div class = centerbox><div  id = stim1></div></div>","32","32","750","1000","practice","go","8","random","","",""
"","-1","-1","1046","250","practice","poldrack-categorize","11","48644","0.0-1.0-9.0","go-nogo","true","0","","true","<div class = centerbox><div id = stim2></div></div>","-1","32","750","1000","practice","nogo","9","random","","",""
"","","","","","reset_trial","call-function","12","48901","0.0-3.0","go-nogo","true","0","","","","","","","","","","","","","",""
"<div class = centerbox><p class = block-text>Practice is over, we will now begin the experiment. You will no longer get feedback about your responses.</p><p class = block-text>Remember, if you see the <font color=""orange"">orange</font> square you should <strong> respond by pressing the spacebar as quickly as possible</strong>. If you see the <font color=""blue"">blue</font> square you should <strong> not respond</strong>. Press <strong>enter</strong> to begin.</p></div>","37926","13","37926","1000","test_intro","poldrack-text","13","86828","0.0-4.0","go-nogo","true","0","","","","","","","","","","","","","",""
"","905","32","1189","0","test_block","poldrack-single-stim","14","89027","0.0-5.0-0.0","go-nogo","true","0","","true","<div class = centerbox><div  id = stim1></div></div>","32","32","750","","test","go","0","random","","",""
"","389","32","1251","0","test_block","poldrack-single-stim","15","90303","0.0-5.0-1.0","go-nogo","true","0","","true","<div class = centerbox><div  id = stim1></div></div>","32","32","750","","test","go","1","random","","",""
"","407","32","1354","0","test_block","poldrack-single-stim","16","91676","0.0-5.0-2.0","go-nogo","true","0","","true","<div class = centerbox><div  id = stim1></div></div>","32","32","750","","test","go","2","random","","",""
"","468","32","1456","0","test_block","poldrack-single-stim","17","93145","0.0-5.0-3.0","go-nogo","true","0","","true","<div class = centerbox><div  id = stim1></div></div>","32","32","750","","test","go","3","random","","",""
"","463","32","1357","0","test_block","poldrack-single-stim","18","94514","0.0-5.0-4.0","go-nogo","true","0","","true","<div class = centerbox><div  id = stim1></div></div>","32","32","750","","test","go","4","random","","",""
"","412","32","1322","0","test_block","poldrack-single-stim","19","95850","0.0-5.0-5.0","go-nogo","true","0","","true","<div class = centerbox><div  id = stim1></div></div>","32","32","750","","test","go","5","random","","",""
"","459","32","1085","0","test_block","poldrack-single-stim","20","96952","0.0-5.0-6.0","go-nogo","true","0","","true","<div class = centerbox><div  id = stim1></div></div>","32","32","750","","test","go","6","random","","",""
"","473","32","1203","0","test_block","poldrack-single-stim","21","98168","0.0-5.0-7.0","go-nogo","true","0","","true","<div class = centerbox><div  id = stim1></div></div>","32","32","750","","test","go","7","random","","",""
"","456","32","1427","0","test_block","poldrack-single-stim","22","99608","0.0-5.0-8.0","go-nogo","true","0","","true","<div class = centerbox><div  id = stim1></div></div>","32","32","750","","test","go","8","random","","",""
"","439","32","1221","0","test_block","poldrack-single-stim","23","100847","0.0-5.0-9.0","go-nogo","true","0","","true","<div class = centerbox><div  id = stim1></div></div>","32","32","750","","test","go","9","random","","",""
"","401","32","1235","0","test_block","poldrack-single-stim","24","102095","0.0-5.0-10.0","go-nogo","true","0","","true","<div class = centerbox><div  id = stim1></div></div>","32","32","750","","test","go","10","random","","",""
"","512","32","1498","0","test_block","poldrack-single-stim","25","103610","0.0-5.0-11.0","go-nogo","true","0","","true","<div class = centerbox><div  id = stim1></div></div>","32","32","750","","test","go","11","random","","",""
"","399","32","1360","0","test_block","poldrack-single-stim","26","104981","0.0-5.0-12.0","go-nogo","true","0","","true","<div class = centerbox><div  id = stim1></div></div>","32","32","750","","test","go","12","random","","",""
"","434","32","1451","0","test_block","poldrack-single-stim","27","106449","0.0-5.0-13.0","go-nogo","true","0","","true","<div class = centerbox><div  id = stim1></div></div>","32","32","750","","test","go","13","random","","",""
"","425","32","1487","0","test_block","poldrack-single-stim","28","107945","0.0-5.0-14.0","go-nogo","true","0","","true","<div class = centerbox><div  id = stim1></div></div>","32","32","750","","test","go","14","random","","",""
"","463","32","1396","0","test_block","poldrack-single-stim","29","109357","0.0-5.0-15.0","go-nogo","true","0","","true","<div class = centerbox><div  id = stim1></div></div>","32","32","750","","test","go","15","random","","",""
"","491","32","1267","0","test_block","poldrack-single-stim","30","110640","0.0-5.0-16.0","go-nogo","true","0","","true","<div class = centerbox><div  id = stim1></div></div>","32","32","750","","test","go","16","random","","",""
"","522","32","1317","0","test_block","poldrack-single-stim","31","111970","0.0-5.0-17.0","go-nogo","true","0","","true","<div class = centerbox><div  id = stim1></div></div>","32","32","750","","test","go","17","random","","",""
"","391","32","1049","0","test_block","poldrack-single-stim","32","113029","0.0-5.0-18.0","go-nogo","true","0","","true","<div class = centerbox><div  id = stim1></div></div>","32","32","750","","test","go","18","random","","",""
"","645","32","1455","0","test_block","poldrack-single-stim","33","114494","0.0-5.0-19.0","go-nogo","true","0","","true","<div class = centerbox><div  id = stim1></div></div>","32","32","750","","test","go","19","random","","",""
"","436","32","1064","0","test_block","poldrack-single-stim","34","115568","0.0-5.0-20.0","go-nogo","true","0","","true","<div class = centerbox><div  id = stim1></div></div>","32","32","750","","test","go","20","random","","",""
"","-1","-1","1389","0","test_block","poldrack-single-stim","35","116967","0.0-5.0-21.0","go-nogo","true","0","","true","<div class = centerbox><div  id = stim2></div></div>","-1","32","750","","test","nogo","21","random","","",""
"","451","32","1125","0","test_block","poldrack-single-stim","36","118105","0.0-5.0-22.0","go-nogo","true","0","","true","<div class = centerbox><div  id = stim1></div></div>","32","32","750","","test","go","22","random","","",""
"","441","32","1216","0","test_block","poldrack-single-stim","37","119330","0.0-5.0-23.0","go-nogo","true","0","","true","<div class = centerbox><div  id = stim1></div></div>","32","32","750","","test","go","23","random","","",""
"","-1","-1","1446","0","test_block","poldrack-single-stim","38","120785","0.0-5.0-24.0","go-nogo","true","0","","true","<div class = centerbox><div  id = stim2></div></div>","-1","32","750","","test","nogo","24","random","","",""
"","329","32","1020","0","test_block","poldrack-single-stim","39","121818","0.0-5.0-25.0","go-nogo","true","0","","true","<div class = centerbox><div  id = stim1></div></div>","32","32","750","","test","go","25","random","","",""
"","550","32","1085","0","test_block","poldrack-single-stim","40","122918","0.0-5.0-26.0","go-nogo","true","0","","true","<div class = centerbox><div  id = stim1></div></div>","32","32","750","","test","go","26","random","","",""
"","404","32","1211","0","test_block","poldrack-single-stim","41","124141","0.0-5.0-27.0","go-nogo","true","0","","true","<div class = centerbox><div  id = stim1></div></div>","32","32","750","","test","go","27","random","","",""
"","411","32","1196","0","test_block","poldrack-single-stim","42","125350","0.0-5.0-28.0","go-nogo","true","0","","true","<div class = centerbox><div  id = stim1></div></div>","32","32","750","","test","go","28","random","","",""
"","389","32","1490","0","test_block","poldrack-single-stim","43","126853","0.0-5.0-29.0","go-nogo","true","0","","true","<div class = centerbox><div  id = stim1></div></div>","32","32","750","","test","go","29","random","","",""
"","443","32","1179","0","test_block","poldrack-single-stim","44","128045","0.0-5.0-30.0","go-nogo","true","0","","true","<div class = centerbox><div  id = stim1></div></div>","32","32","750","","test","go","30","random","","",""
"","413","32","1378","0","test_block","poldrack-single-stim","45","129437","0.0-5.0-31.0","go-nogo","true","0","","true","<div class = centerbox><div  id = stim1></div></div>","32","32","750","","test","go","31","random","","",""
"","420","32","1215","0","test_block","poldrack-single-stim","46","130661","0.0-5.0-32.0","go-nogo","true","0","","true","<div class = centerbox><div  id = stim1></div></div>","32","32","750","","test","go","32","random","","",""
"","-1","-1","1158","0","test_block","poldrack-single-stim","47","131833","0.0-5.0-33.0","go-nogo","true","0","","true","<div class = centerbox><div  id = stim2></div></div>","-1","32","750","","test","nogo","33","random","","",""
"","414","32","1389","0","test_block","poldrack-single-stim","48","133238","0.0-5.0-34.0","go-nogo","true","0","","true","<div class = centerbox><div  id = stim1></div></div>","32","32","750","","test","go","34","random","","",""
"","460","32","1128","0","test_block","poldrack-single-stim","49","134376","0.0-5.0-35.0","go-nogo","true","0","","true","<div class = centerbox><div  id = stim1></div></div>","32","32","750","","test","go","35","random","","",""
"","346","32","1151","0","test_block","poldrack-single-stim","50","135536","0.0-5.0-36.0","go-nogo","true","0","","true","<div class = centerbox><div  id = stim1></div></div>","32","32","750","","test","go","36","random","","",""
"","369","32","1270","0","test_block","poldrack-single-stim","51","136817","0.0-5.0-37.0","go-nogo","true","0","","true","<div class = centerbox><div  id = stim1></div></div>","32","32","750","","test","go","37","random","","",""
"","399","32","1082","0","test_block","poldrack-single-stim","52","137911","0.0-5.0-38.0","go-nogo","true","0","","true","<div class = centerbox><div  id = stim1></div></div>","32","32","750","","test","go","38","random","","",""
"","-1","-1","1416","0","test_block","poldrack-single-stim","53","139339","0.0-5.0-39.0","go-nogo","true","0","","true","<div class = centerbox><div  id = stim2></div></div>","-1","32","750","","test","nogo","39","random","","",""
"","366","32","1420","0","test_block","poldrack-single-stim","54","140773","0.0-5.0-40.0","go-nogo","true","0","","true","<div class = centerbox><div  id = stim1></div></div>","32","32","750","","test","go","40","random","","",""
"","650","32","1371","0","test_block","poldrack-single-stim","55","142155","0.0-5.0-41.0","go-nogo","true","0","","true","<div class = centerbox><div  id = stim1></div></div>","32","32","750","","test","go","41","random","","",""
"","456","32","1021","0","test_block","poldrack-single-stim","56","143188","0.0-5.0-42.0","go-nogo","true","0","","true","<div class = centerbox><div  id = stim1></div></div>","32","32","750","","test","go","42","random","","",""
"","429","32","1381","0","test_block","poldrack-single-stim","57","144580","0.0-5.0-43.0","go-nogo","true","0","","true","<div class = centerbox><div  id = stim1></div></div>","32","32","750","","test","go","43","random","","",""
"","422","32","1282","0","test_block","poldrack-single-stim","58","145872","0.0-5.0-44.0","go-nogo","true","0","","true","<div class = centerbox><div  id = stim1></div></div>","32","32","750","","test","go","44","random","","",""
"","-1","-1","1246","0","test_block","poldrack-single-stim","59","147129","0.0-5.0-45.0","go-nogo","true","0","","true","<div class = centerbox><div  id = stim2></div></div>","-1","32","750","","test","nogo","45","random","","",""
"","370","32","1047","0","test_block","poldrack-single-stim","60","148185","0.0-5.0-46.0","go-nogo","true","0","","true","<div class = centerbox><div  id = stim1></div></div>","32","32","750","","test","go","46","random","","",""
"","354","32","1068","0","test_block","poldrack-single-stim","61","149262","0.0-5.0-47.0","go-nogo","true","0","","true","<div class = centerbox><div  id = stim1></div></div>","32","32","750","","test","go","47","random","","",""
"","355","32","1179","0","test_block","poldrack-single-stim","62","150454","0.0-5.0-48.0","go-nogo","true","0","","true","<div class = centerbox><div  id = stim1></div></div>","32","32","750","","test","go","48","random","","",""
"","420","32","1300","0","test_block","poldrack-single-stim","63","151767","0.0-5.0-49.0","go-nogo","true","0","","true","<div class = centerbox><div  id = stim1></div></div>","32","32","750","","test","go","49","random","","",""
"","354","32","1313","0","test_block","poldrack-single-stim","64","153091","0.0-5.0-50.0","go-nogo","true","0","","true","<div class = centerbox><div  id = stim1></div></div>","32","32","750","","test","go","50","random","","",""
"","511","32","1017","0","test_block","poldrack-single-stim","65","154116","0.0-5.0-51.0","go-nogo","true","0","","true","<div class = centerbox><div  id = stim1></div></div>","32","32","750","","test","go","51","random","","",""
"","-1","-1","1066","0","test_block","poldrack-single-stim","66","155192","0.0-5.0-52.0","go-nogo","true","0","","true","<div class = centerbox><div  id = stim2></div></div>","-1","32","750","","test","nogo","52","random","","",""
"","393","32","1422","0","test_block","poldrack-single-stim","67","156622","0.0-5.0-53.0","go-nogo","true","0","","true","<div class = centerbox><div  id = stim1></div></div>","32","32","750","","test","go","53","random","","",""
"","434","32","1469","0","test_block","poldrack-single-stim","68","158106","0.0-5.0-54.0","go-nogo","true","0","","true","<div class = centerbox><div  id = stim1></div></div>","32","32","750","","test","go","54","random","","",""
"","360","32","1192","0","test_block","poldrack-single-stim","69","159310","0.0-5.0-55.0","go-nogo","true","0","","true","<div class = centerbox><div  id = stim1></div></div>","32","32","750","","test","go","55","random","","",""
"","363","32","1491","0","test_block","poldrack-single-stim","70","160812","0.0-5.0-56.0","go-nogo","true","0","","true","<div class = centerbox><div  id = stim1></div></div>","32","32","750","","test","go","56","random","","",""
"","394","32","1193","0","test_block","poldrack-single-stim","71","162018","0.0-5.0-57.0","go-nogo","true","0","","true","<div class = centerbox><div  id = stim1></div></div>","32","32","750","","test","go","57","random","","",""
"","454","32","1010","0","test_block","poldrack-single-stim","72","163040","0.0-5.0-58.0","go-nogo","true","0","","true","<div class = centerbox><div  id = stim1></div></div>","32","32","750","","test","go","58","random","","",""
"","499","32","1416","0","test_block","poldrack-single-stim","73","164462","0.0-5.0-59.0","go-nogo","true","0","","true","<div class = centerbox><div  id = stim1></div></div>","32","32","750","","test","go","59","random","","",""
"","372","32","1182","0","test_block","poldrack-single-stim","74","165656","0.0-5.0-60.0","go-nogo","true","0","","true","<div class = centerbox><div  id = stim1></div></div>","32","32","750","","test","go","60","random","","",""
"","401","32","1341","0","test_block","poldrack-single-stim","75","167009","0.0-5.0-61.0","go-nogo","true","0","","true","<div class = centerbox><div  id = stim1></div></div>","32","32","750","","test","go","61","random","","",""
"","369","32","1175","0","test_block","poldrack-single-stim","76","168195","0.0-5.0-62.0","go-nogo","true","0","","true","<div class = centerbox><div  id = stim1></div></div>","32","32","750","","test","go","62","random","","",""
"","431","32","1117","0","test_block","poldrack-single-stim","77","169320","0.0-5.0-63.0","go-nogo","true","0","","true","<div class = centerbox><div  id = stim1></div></div>","32","32","750","","test","go","63","random","","",""
"","423","32","1466","0","test_block","poldrack-single-stim","78","170797","0.0-5.0-64.0","go-nogo","true","0","","true","<div class = centerbox><div  id = stim1></div></div>","32","32","750","","test","go","64","random","","",""
"","429","32","1079","0","test_block","poldrack-single-stim","79","171886","0.0-5.0-65.0","go-nogo","true","0","","true","<div class = centerbox><div  id = stim1></div></div>","32","32","750","","test","go","65","random","","",""
"","435","32","1391","0","test_block","poldrack-single-stim","80","173290","0.0-5.0-66.0","go-nogo","true","0","","true","<div class = centerbox><div  id = stim1></div></div>","32","32","750","","test","go","66","random","","",""
"","400","32","1136","0","test_block","poldrack-single-stim","81","174435","0.0-5.0-67.0","go-nogo","true","0","","true","<div class = centerbox><div  id = stim1></div></div>","32","32","750","","test","go","67","random","","",""
"","399","32","1221","0","test_block","poldrack-single-stim","82","175668","0.0-5.0-68.0","go-nogo","true","0","","true","<div class = centerbox><div  id = stim1></div></div>","32","32","750","","test","go","68","random","","",""
"","398","32","1248","0","test_block","poldrack-single-stim","83","176923","0.0-5.0-69.0","go-nogo","true","0","","true","<div class = centerbox><div  id = stim1></div></div>","32","32","750","","test","go","69","random","","",""
"","407","32","1436","0","test_block","poldrack-single-stim","84","178371","0.0-5.0-70.0","go-nogo","true","0","","true","<div class = centerbox><div  id = stim1></div></div>","32","32","750","","test","go","70","random","","",""
"","-1","-1","1421","0","test_block","poldrack-single-stim","85","179806","0.0-5.0-71.0","go-nogo","true","0","","true","<div class = centerbox><div  id = stim2></div></div>","-1","32","750","","test","nogo","71","random","","",""
"","325","32","1354","0","test_block","poldrack-single-stim","86","181171","0.0-5.0-72.0","go-nogo","true","0","","true","<div class = centerbox><div  id = stim1></div></div>","32","32","750","","test","go","72","random","","",""
"","351","32","1061","0","test_block","poldrack-single-stim","87","182243","0.0-5.0-73.0","go-nogo","true","0","","true","<div class = centerbox><div  id = stim1></div></div>","32","32","750","","test","go","73","random","","",""
"","405","32","1408","0","test_block","poldrack-single-stim","88","183664","0.0-5.0-74.0","go-nogo","true","0","","true","<div class = centerbox><div  id = stim1></div></div>","32","32","750","","test","go","74","random","","",""
"","450","32","1304","0","test_block","poldrack-single-stim","89","184976","0.0-5.0-75.0","go-nogo","true","0","","true","<div class = centerbox><div  id = stim1></div></div>","32","32","750","","test","go","75","random","","",""
"","337","32","1477","0","test_block","poldrack-single-stim","90","186461","0.0-5.0-76.0","go-nogo","true","0","","true","<div class = centerbox><div  id = stim1></div></div>","32","32","750","","test","go","76","random","","",""
"","347","32","1261","0","test_block","poldrack-single-stim","91","187736","0.0-5.0-77.0","go-nogo","true","0","","true","<div class = centerbox><div  id = stim1></div></div>","32","32","750","","test","go","77","random","","",""
"","336","32","1454","0","test_block","poldrack-single-stim","92","189200","0.0-5.0-78.0","go-nogo","true","0","","true","<div class = centerbox><div  id = stim1></div></div>","32","32","750","","test","go","78","random","","",""
"","353","32","1090","0","test_block","poldrack-single-stim","93","190299","0.0-5.0-79.0","go-nogo","true","0","","true","<div class = centerbox><div  id = stim1></div></div>","32","32","750","","test","go","79","random","","",""
"","439","32","1435","0","test_block","poldrack-single-stim","94","191744","0.0-5.0-80.0","go-nogo","true","0","","true","<div class = centerbox><div  id = stim1></div></div>","32","32","750","","test","go","80","random","","",""
"","329","32","1363","0","test_block","poldrack-single-stim","95","193116","0.0-5.0-81.0","go-nogo","true","0","","true","<div class = centerbox><div  id = stim1></div></div>","32","32","750","","test","go","81","random","","",""
"","316","32","1323","0","test_block","poldrack-single-stim","96","194450","0.0-5.0-82.0","go-nogo","true","0","","true","<div class = centerbox><div  id = stim1></div></div>","32","32","750","","test","go","82","random","","",""
"","320","32","1108","0","test_block","poldrack-single-stim","97","195564","0.0-5.0-83.0","go-nogo","true","0","","true","<div class = centerbox><div  id = stim1></div></div>","32","32","750","","test","go","83","random","","",""
"","341","32","1028","0","test_block","poldrack-single-stim","98","196603","0.0-5.0-84.0","go-nogo","true","0","","true","<div class = centerbox><div  id = stim1></div></div>","32","32","750","","test","go","84","random","","",""
"","310","32","1375","0","test_block","poldrack-single-stim","99","197989","0.0-5.0-85.0","go-nogo","true","0","","true","<div class = centerbox><div  id = stim1></div></div>","32","32","750","","test","go","85","random","","",""
"","293","32","1258","0","test_block","poldrack-single-stim","100","199256","0.0-5.0-86.0","go-nogo","true","0","","true","<div class = centerbox><div  id = stim1></div></div>","32","32","750","","test","go","86","random","","",""
"","450","32","1265","0","test_block","poldrack-single-stim","101","200531","0.0-5.0-87.0","go-nogo","true","0","","true","<div class = centerbox><div  id = stim1></div></div>","32","32","750","","test","go","87","random","","",""
"","334","32","1137","0","test_block","poldrack-single-stim","102","201679","0.0-5.0-88.0","go-nogo","true","0","","true","<div class = centerbox><div  id = stim1></div></div>","32","32","750","","test","go","88","random","","",""
"","361","32","1496","0","test_block","poldrack-single-stim","103","203186","0.0-5.0-89.0","go-nogo","true","0","","true","<div class = centerbox><div  id = stim1></div></div>","32","32","750","","test","go","89","random","","",""
"","320","32","1367","0","test_block","poldrack-single-stim","104","204560","0.0-5.0-90.0","go-nogo","true","0","","true","<div class = centerbox><div  id = stim1></div></div>","32","32","750","","test","go","90","random","","",""
"","303","32","1119","0","test_block","poldrack-single-stim","105","205689","0.0-5.0-91.0","go-nogo","true","0","","false","<div class = centerbox><div  id = stim2></div></div>","-1","32","750","","test","nogo","91","random","","",""
"","-1","-1","1344","0","test_block","poldrack-single-stim","106","207050","0.0-5.0-92.0","go-nogo","true","0","","true","<div class = centerbox><div  id = stim2></div></div>","-1","32","750","","test","nogo","92","random","","",""
"","336","32","1328","0","test_block","poldrack-single-stim","107","208386","0.0-5.0-93.0","go-nogo","true","0","","true","<div class = centerbox><div  id = stim1></div></div>","32","32","750","","test","go","93","random","","",""
"","286","32","1311","0","test_block","poldrack-single-stim","108","209705","0.0-5.0-94.0","go-nogo","true","0","","true","<div class = centerbox><div  id = stim1></div></div>","32","32","750","","test","go","94","random","","",""
"","296","32","1499","0","test_block","poldrack-single-stim","109","211214","0.0-5.0-95.0","go-nogo","true","0","","true","<div class = centerbox><div  id = stim1></div></div>","32","32","750","","test","go","95","random","","",""
"","371","32","1293","0","test_block","poldrack-single-stim","110","212518","0.0-5.0-96.0","go-nogo","true","0","","true","<div class = centerbox><div  id = stim1></div></div>","32","32","750","","test","go","96","random","","",""
"","394","32","1478","0","test_block","poldrack-single-stim","111","214008","0.0-5.0-97.0","go-nogo","true","0","","true","<div class = centerbox><div  id = stim1></div></div>","32","32","750","","test","go","97","random","","",""
"","337","32","1104","0","test_block","poldrack-single-stim","112","215120","0.0-5.0-98.0","go-nogo","true","0","","true","<div class = centerbox><div  id = stim1></div></div>","32","32","750","","test","go","98","random","","",""
"","-1","-1","1121","0","test_block","poldrack-single-stim","113","216253","0.0-5.0-99.0","go-nogo","true","0","","true","<div class = centerbox><div  id = stim2></div></div>","-1","32","750","","test","nogo","99","random","","",""
"","300","32","1179","0","test_block","poldrack-single-stim","114","217440","0.0-5.0-100.0","go-nogo","true","0","","true","<div class = centerbox><div  id = stim1></div></div>","32","32","750","","test","go","100","random","","",""
"","376","32","1371","0","test_block","poldrack-single-stim","115","218823","0.0-5.0-101.0","go-nogo","true","0","","true","<div class = centerbox><div  id = stim1></div></div>","32","32","750","","test","go","101","random","","",""
"","378","32","1147","0","test_block","poldrack-single-stim","116","219979","0.0-5.0-102.0","go-nogo","true","0","","true","<div class = centerbox><div  id = stim1></div></div>","32","32","750","","test","go","102","random","","",""
"","366","32","1180","0","test_block","poldrack-single-stim","117","221168","0.0-5.0-103.0","go-nogo","true","0","","true","<div class = centerbox><div  id = stim1></div></div>","32","32","750","","test","go","103","random","","",""
"","544","32","1005","0","test_block","poldrack-single-stim","118","222182","0.0-5.0-104.0","go-nogo","true","0","","true","<div class = centerbox><div  id = stim1></div></div>","32","32","750","","test","go","104","random","","",""
"","411","32","1420","0","test_block","poldrack-single-stim","119","223613","0.0-5.0-105.0","go-nogo","true","0","","true","<div class = centerbox><div  id = stim1></div></div>","32","32","750","","test","go","105","random","","",""
"","339","32","1284","0","test_block","poldrack-single-stim","120","224905","0.0-5.0-106.0","go-nogo","true","0","","true","<div class = centerbox><div  id = stim1></div></div>","32","32","750","","test","go","106","random","","",""
"","335","32","1178","0","test_block","poldrack-single-stim","121","226091","0.0-5.0-107.0","go-nogo","true","0","","true","<div class = centerbox><div  id = stim1></div></div>","32","32","750","","test","go","107","random","","",""
"","341","32","1178","0","test_block","poldrack-single-stim","122","227281","0.0-5.0-108.0","go-nogo","true","0","","true","<div class = centerbox><div  id = stim1></div></div>","32","32","750","","test","go","108","random","","",""
"","375","32","1379","0","test_block","poldrack-single-stim","123","228668","0.0-5.0-109.0","go-nogo","true","0","","true","<div class = centerbox><div  id = stim1></div></div>","32","32","750","","test","go","109","random","","",""
"","362","32","1397","0","test_block","poldrack-single-stim","124","230079","0.0-5.0-110.0","go-nogo","true","0","","true","<div class = centerbox><div  id = stim1></div></div>","32","32","750","","test","go","110","random","","",""
"","376","32","1363","0","test_block","poldrack-single-stim","125","231452","0.0-5.0-111.0","go-nogo","true","0","","true","<div class = centerbox><div  id = stim1></div></div>","32","32","750","","test","go","111","random","","",""
"","373","32","1420","0","test_block","poldrack-single-stim","126","232883","0.0-5.0-112.0","go-nogo","true","0","","true","<div class = centerbox><div  id = stim1></div></div>","32","32","750","","test","go","112","random","","",""
"","405","32","1417","0","test_block","poldrack-single-stim","127","234310","0.0-5.0-113.0","go-nogo","true","0","","true","<div class = centerbox><div  id = stim1></div></div>","32","32","750","","test","go","113","random","","",""
"","402","32","1318","0","test_block","poldrack-single-stim","128","235640","0.0-5.0-114.0","go-nogo","true","0","","true","<div class = centerbox><div  id = stim1></div></div>","32","32","750","","test","go","114","random","","",""
"","376","32","1415","0","test_block","poldrack-single-stim","129","237066","0.0-5.0-115.0","go-nogo","true","0","","true","<div class = centerbox><div  id = stim1></div></div>","32","32","750","","test","go","115","random","","",""
"","378","32","1352","0","test_block","poldrack-single-stim","130","238434","0.0-5.0-116.0","go-nogo","true","0","","true","<div class = centerbox><div  id = stim1></div></div>","32","32","750","","test","go","116","random","","",""
"","350","32","1394","0","test_block","poldrack-single-stim","131","239837","0.0-5.0-117.0","go-nogo","true","0","","true","<div class = centerbox><div  id = stim1></div></div>","32","32","750","","test","go","117","random","","",""
"","315","32","1319","0","test_block","poldrack-single-stim","132","241167","0.0-5.0-118.0","go-nogo","true","0","","false","<div class = centerbox><div  id = stim2></div></div>","-1","32","750","","test","nogo","118","random","","",""
"","312","32","1361","0","test_block","poldrack-single-stim","133","242536","0.0-5.0-119.0","go-nogo","true","0","","true","<div class = centerbox><div  id = stim1></div></div>","32","32","750","","test","go","119","random","","",""
"","335","32","1410","0","test_block","poldrack-single-stim","134","243955","0.0-5.0-120.0","go-nogo","true","0","","true","<div class = centerbox><div  id = stim1></div></div>","32","32","750","","test","go","120","random","","",""
"","348","32","1068","0","test_block","poldrack-single-stim","135","245032","0.0-5.0-121.0","go-nogo","true","0","","true","<div class = centerbox><div  id = stim1></div></div>","32","32","750","","test","go","121","random","","",""
"","431","32","1072","0","test_block","poldrack-single-stim","136","246112","0.0-5.0-122.0","go-nogo","true","0","","true","<div class = centerbox><div  id = stim1></div></div>","32","32","750","","test","go","122","random","","",""
"","-1","-1","1103","0","test_block","poldrack-single-stim","137","247224","0.0-5.0-123.0","go-nogo","true","0","","true","<div class = centerbox><div  id = stim2></div></div>","-1","32","750","","test","nogo","123","random","","",""
"","295","32","1420","0","test_block","poldrack-single-stim","138","248655","0.0-5.0-124.0","go-nogo","true","0","","true","<div class = centerbox><div  id = stim1></div></div>","32","32","750","","test","go","124","random","","",""
"","329","32","1171","0","test_block","poldrack-single-stim","139","249832","0.0-5.0-125.0","go-nogo","true","0","","true","<div class = centerbox><div  id = stim1></div></div>","32","32","750","","test","go","125","random","","",""
"","391","32","1013","0","test_block","poldrack-single-stim","140","250853","0.0-5.0-126.0","go-nogo","true","0","","true","<div class = centerbox><div  id = stim1></div></div>","32","32","750","","test","go","126","random","","",""
"","554","32","1315","0","test_block","poldrack-single-stim","141","252178","0.0-5.0-127.0","go-nogo","true","0","","true","<div class = centerbox><div  id = stim1></div></div>","32","32","750","","test","go","127","random","","",""
"","388","32","1254","0","test_block","poldrack-single-stim","142","253441","0.0-5.0-128.0","go-nogo","true","0","","true","<div class = centerbox><div  id = stim1></div></div>","32","32","750","","test","go","128","random","","",""
"","423","32","1110","0","test_block","poldrack-single-stim","143","254558","0.0-5.0-129.0","go-nogo","true","0","","true","<div class = centerbox><div  id = stim1></div></div>","32","32","750","","test","go","129","random","","",""
"","426","32","1179","0","test_block","poldrack-single-stim","144","255748","0.0-5.0-130.0","go-nogo","true","0","","true","<div class = centerbox><div  id = stim1></div></div>","32","32","750","","test","go","130","random","","",""
"","-1","-1","1031","0","test_block","poldrack-single-stim","145","256787","0.0-5.0-131.0","go-nogo","true","0","","true","<div class = centerbox><div  id = stim2></div></div>","-1","32","750","","test","nogo","131","random","","",""
"","404","32","1158","0","test_block","poldrack-single-stim","146","257954","0.0-5.0-132.0","go-nogo","true","0","","true","<div class = centerbox><div  id = stim1></div></div>","32","32","750","","test","go","132","random","","",""
"","477","32","1120","0","test_block","poldrack-single-stim","147","259084","0.0-5.0-133.0","go-nogo","true","0","","true","<div class = centerbox><div  id = stim1></div></div>","32","32","750","","test","go","133","random","","",""
"","468","32","1180","0","test_block","poldrack-single-stim","148","260270","0.0-5.0-134.0","go-nogo","true","0","","true","<div class = centerbox><div  id = stim1></div></div>","32","32","750","","test","go","134","random","","",""
"","408","32","1428","0","test_block","poldrack-single-stim","149","261709","0.0-5.0-135.0","go-nogo","true","0","","true","<div class = centerbox><div  id = stim1></div></div>","32","32","750","","test","go","135","random","","",""
"","409","32","1332","0","test_block","poldrack-single-stim","150","263050","0.0-5.0-136.0","go-nogo","true","0","","true","<div class = centerbox><div  id = stim1></div></div>","32","32","750","","test","go","136","random","","",""
"","413","32","1210","0","test_block","poldrack-single-stim","151","264272","0.0-5.0-137.0","go-nogo","true","0","","true","<div class = centerbox><div  id = stim1></div></div>","32","32","750","","test","go","137","random","","",""
"","445","32","1089","0","test_block","poldrack-single-stim","152","265372","0.0-5.0-138.0","go-nogo","true","0","","true","<div class = centerbox><div  id = stim1></div></div>","32","32","750","","test","go","138","random","","",""
"","403","32","1206","0","test_block","poldrack-single-stim","153","266585","0.0-5.0-139.0","go-nogo","true","0","","true","<div class = centerbox><div  id = stim1></div></div>","32","32","750","","test","go","139","random","","",""
"","-1","-1","1022","0","test_block","poldrack-single-stim","154","267616","0.0-5.0-140.0","go-nogo","true","0","","true","<div class = centerbox><div  id = stim2></div></div>","-1","32","750","","test","nogo","140","random","","",""
"","359","32","1132","0","test_block","poldrack-single-stim","155","268758","0.0-5.0-141.0","go-nogo","true","0","","true","<div class = centerbox><div  id = stim1></div></div>","32","32","750","","test","go","141","random","","",""
"","369","32","1025","0","test_block","poldrack-single-stim","156","269790","0.0-5.0-142.0","go-nogo","true","0","","true","<div class = centerbox><div  id = stim1></div></div>","32","32","750","","test","go","142","random","","",""
"","361","32","1138","0","test_block","poldrack-single-stim","157","270938","0.0-5.0-143.0","go-nogo","true","0","","true","<div class = centerbox><div  id = stim1></div></div>","32","32","750","","test","go","143","random","","",""
"","403","32","1080","0","test_block","poldrack-single-stim","158","272029","0.0-5.0-144.0","go-nogo","true","0","","true","<div class = centerbox><div  id = stim1></div></div>","32","32","750","","test","go","144","random","","",""
"","361","32","1313","0","test_block","poldrack-single-stim","159","273352","0.0-5.0-145.0","go-nogo","true","0","","true","<div class = centerbox><div  id = stim1></div></div>","32","32","750","","test","go","145","random","","",""
"","335","32","1075","0","test_block","poldrack-single-stim","160","274434","0.0-5.0-146.0","go-nogo","true","0","","true","<div class = centerbox><div  id = stim1></div></div>","32","32","750","","test","go","146","random","","",""
"","445","32","1447","0","test_block","poldrack-single-stim","161","275890","0.0-5.0-147.0","go-nogo","true","0","","true","<div class = centerbox><div  id = stim1></div></div>","32","32","750","","test","go","147","random","","",""
"","388","32","1138","0","test_block","poldrack-single-stim","162","277037","0.0-5.0-148.0","go-nogo","true","0","","true","<div class = centerbox><div  id = stim1></div></div>","32","32","750","","test","go","148","random","","",""
"","369","32","1451","0","test_block","poldrack-single-stim","163","278497","0.0-5.0-149.0","go-nogo","true","0","","true","<div class = centerbox><div  id = stim1></div></div>","32","32","750","","test","go","149","random","","",""
"","381","32","1050","0","test_block","poldrack-single-stim","164","279557","0.0-5.0-150.0","go-nogo","true","0","","true","<div class = centerbox><div  id = stim1></div></div>","32","32","750","","test","go","150","random","","",""
"","472","32","1333","0","test_block","poldrack-single-stim","165","280903","0.0-5.0-151.0","go-nogo","true","0","","true","<div class = centerbox><div  id = stim1></div></div>","32","32","750","","test","go","151","random","","",""
"","392","32","1491","0","test_block","poldrack-single-stim","166","282403","0.0-5.0-152.0","go-nogo","true","0","","true","<div class = centerbox><div  id = stim1></div></div>","32","32","750","","test","go","152","random","","",""
"","363","32","1009","0","test_block","poldrack-single-stim","167","283424","0.0-5.0-153.0","go-nogo","true","0","","true","<div class = centerbox><div  id = stim1></div></div>","32","32","750","","test","go","153","random","","",""
"","559","32","1235","0","test_block","poldrack-single-stim","168","284668","0.0-5.0-154.0","go-nogo","true","0","","true","<div class = centerbox><div  id = stim1></div></div>","32","32","750","","test","go","154","random","","",""
"","370","32","1480","0","test_block","poldrack-single-stim","169","286159","0.0-5.0-155.0","go-nogo","true","0","","true","<div class = centerbox><div  id = stim1></div></div>","32","32","750","","test","go","155","random","","",""
"","351","32","1055","0","test_block","poldrack-single-stim","170","287226","0.0-5.0-156.0","go-nogo","true","0","","true","<div class = centerbox><div  id = stim1></div></div>","32","32","750","","test","go","156","random","","",""
"","-1","-1","1461","0","test_block","poldrack-single-stim","171","288696","0.0-5.0-157.0","go-nogo","true","0","","true","<div class = centerbox><div  id = stim2></div></div>","-1","32","750","","test","nogo","157","random","","",""
"","325","32","1301","0","test_block","poldrack-single-stim","172","290009","0.0-5.0-158.0","go-nogo","true","0","","true","<div class = centerbox><div  id = stim1></div></div>","32","32","750","","test","go","158","random","","",""
"","333","32","1200","0","test_block","poldrack-single-stim","173","291220","0.0-5.0-159.0","go-nogo","true","0","","true","<div class = centerbox><div  id = stim1></div></div>","32","32","750","","test","go","159","random","","",""
"","411","32","1089","0","test_block","poldrack-single-stim","174","292316","0.0-5.0-160.0","go-nogo","true","0","","true","<div class = centerbox><div  id = stim1></div></div>","32","32","750","","test","go","160","random","","",""
"","253","32","1189","0","test_block","poldrack-single-stim","175","293520","0.0-5.0-161.0","go-nogo","true","0","","true","<div class = centerbox><div  id = stim1></div></div>","32","32","750","","test","go","161","random","","",""
"","310","32","1238","0","test_block","poldrack-single-stim","176","294767","0.0-5.0-162.0","go-nogo","true","0","","true","<div class = centerbox><div  id = stim1></div></div>","32","32","750","","test","go","162","random","","",""
"","324","32","1439","0","test_block","poldrack-single-stim","177","296219","0.0-5.0-163.0","go-nogo","true","0","","true","<div class = centerbox><div  id = stim1></div></div>","32","32","750","","test","go","163","random","","",""
"","330","32","1498","0","test_block","poldrack-single-stim","178","297729","0.0-5.0-164.0","go-nogo","true","0","","true","<div class = centerbox><div  id = stim1></div></div>","32","32","750","","test","go","164","random","","",""
"","309","32","1356","0","test_block","poldrack-single-stim","179","299092","0.0-5.0-165.0","go-nogo","true","0","","true","<div class = centerbox><div  id = stim1></div></div>","32","32","750","","test","go","165","random","","",""
"","345","32","1459","0","test_block","poldrack-single-stim","180","300559","0.0-5.0-166.0","go-nogo","true","0","","true","<div class = centerbox><div  id = stim1></div></div>","32","32","750","","test","go","166","random","","",""
"","342","32","1193","0","test_block","poldrack-single-stim","181","301763","0.0-5.0-167.0","go-nogo","true","0","","true","<div class = centerbox><div  id = stim1></div></div>","32","32","750","","test","go","167","random","","",""
"","362","32","1438","0","test_block","poldrack-single-stim","182","303208","0.0-5.0-168.0","go-nogo","true","0","","true","<div class = centerbox><div  id = stim1></div></div>","32","32","750","","test","go","168","random","","",""
"","318","32","1395","0","test_block","poldrack-single-stim","183","304613","0.0-5.0-169.0","go-nogo","true","0","","true","<div class = centerbox><div  id = stim1></div></div>","32","32","750","","test","go","169","random","","",""
"","329","32","1429","0","test_block","poldrack-single-stim","184","306048","0.0-5.0-170.0","go-nogo","true","0","","true","<div class = centerbox><div  id = stim1></div></div>","32","32","750","","test","go","170","random","","",""
"","301","32","1301","0","test_block","poldrack-single-stim","185","307361","0.0-5.0-171.0","go-nogo","true","0","","true","<div class = centerbox><div  id = stim1></div></div>","32","32","750","","test","go","171","random","","",""
"","365","32","1281","0","test_block","poldrack-single-stim","186","308649","0.0-5.0-172.0","go-nogo","true","0","","true","<div class = centerbox><div  id = stim1></div></div>","32","32","750","","test","go","172","random","","",""
"","363","32","1400","0","test_block","poldrack-single-stim","187","310060","0.0-5.0-173.0","go-nogo","true","0","","true","<div class = centerbox><div  id = stim1></div></div>","32","32","750","","test","go","173","random","","",""
"","362","32","1153","0","test_block","poldrack-single-stim","188","311224","0.0-5.0-174.0","go-nogo","true","0","","true","<div class = centerbox><div  id = stim1></div></div>","32","32","750","","test","go","174","random","","",""
"","366","32","1172","0","test_block","poldrack-single-stim","189","312402","0.0-5.0-175.0","go-nogo","true","0","","false","<div class = centerbox><div  id = stim2></div></div>","-1","32","750","","test","nogo","175","random","","",""
"","410","32","1284","0","test_block","poldrack-single-stim","190","313697","0.0-5.0-176.0","go-nogo","true","0","","true","<div class = centerbox><div  id = stim1></div></div>","32","32","750","","test","go","176","random","","",""
"","285","32","1017","0","test_block","poldrack-single-stim","191","314720","0.0-5.0-177.0","go-nogo","true","0","","true","<div class = centerbox><div  id = stim1></div></div>","32","32","750","","test","go","177","random","","",""
"","779","32","1354","0","test_block","poldrack-single-stim","192","316083","0.0-5.0-178.0","go-nogo","true","0","","true","<div class = centerbox><div  id = stim1></div></div>","32","32","750","","test","go","178","random","","",""
"","331","32","1414","0","test_block","poldrack-single-stim","193","317507","0.0-5.0-179.0","go-nogo","true","0","","true","<div class = centerbox><div  id = stim1></div></div>","32","32","750","","test","go","179","random","","",""
"","290","32","1221","0","test_block","poldrack-single-stim","194","318739","0.0-5.0-180.0","go-nogo","true","0","","true","<div class = centerbox><div  id = stim1></div></div>","32","32","750","","test","go","180","random","","",""
"","353","32","1266","0","test_block","poldrack-single-stim","195","320012","0.0-5.0-181.0","go-nogo","true","0","","true","<div class = centerbox><div  id = stim1></div></div>","32","32","750","","test","go","181","random","","",""
"","369","32","1449","0","test_block","poldrack-single-stim","196","321467","0.0-5.0-182.0","go-nogo","true","0","","true","<div class = centerbox><div  id = stim1></div></div>","32","32","750","","test","go","182","random","","",""
"","352","32","1474","0","test_block","poldrack-single-stim","197","322951","0.0-5.0-183.0","go-nogo","true","0","","true","<div class = centerbox><div  id = stim1></div></div>","32","32","750","","test","go","183","random","","",""
"","311","32","1140","0","test_block","poldrack-single-stim","198","324099","0.0-5.0-184.0","go-nogo","true","0","","true","<div class = centerbox><div  id = stim1></div></div>","32","32","750","","test","go","184","random","","",""
"","-1","-1","1074","0","test_block","poldrack-single-stim","199","325179","0.0-5.0-185.0","go-nogo","true","0","","true","<div class = centerbox><div  id = stim2></div></div>","-1","32","750","","test","nogo","185","random","","",""
"","286","32","1223","0","test_block","poldrack-single-stim","200","326415","0.0-5.0-186.0","go-nogo","true","0","","true","<div class = centerbox><div  id = stim1></div></div>","32","32","750","","test","go","186","random","","",""
"","329","32","1001","0","test_block","poldrack-single-stim","201","327420","0.0-5.0-187.0","go-nogo","true","0","","true","<div class = centerbox><div  id = stim1></div></div>","32","32","750","","test","go","187","random","","",""
"","384","32","1068","0","test_block","poldrack-single-stim","202","328497","0.0-5.0-188.0","go-nogo","true","0","","true","<div class = centerbox><div  id = stim1></div></div>","32","32","750","","test","go","188","random","","",""
"","436","32","1006","0","test_block","poldrack-single-stim","203","329510","0.0-5.0-189.0","go-nogo","true","0","","true","<div class = centerbox><div  id = stim1></div></div>","32","32","750","","test","go","189","random","","",""
"","456","32","1381","0","test_block","poldrack-single-stim","204","330897","0.0-5.0-190.0","go-nogo","true","0","","true","<div class = centerbox><div  id = stim1></div></div>","32","32","750","","test","go","190","random","","",""
"","347","32","1173","0","test_block","poldrack-single-stim","205","332081","0.0-5.0-191.0","go-nogo","true","0","","true","<div class = centerbox><div  id = stim1></div></div>","32","32","750","","test","go","191","random","","",""
"","372","32","1056","0","test_block","poldrack-single-stim","206","333143","0.0-5.0-192.0","go-nogo","true","0","","true","<div class = centerbox><div  id = stim1></div></div>","32","32","750","","test","go","192","random","","",""
"","405","32","1259","0","test_block","poldrack-single-stim","207","334414","0.0-5.0-193.0","go-nogo","true","0","","true","<div class = centerbox><div  id = stim1></div></div>","32","32","750","","test","go","193","random","","",""
"","383","32","1030","0","test_block","poldrack-single-stim","208","335455","0.0-5.0-194.0","go-nogo","true","0","","true","<div class = centerbox><div  id = stim1></div></div>","32","32","750","","test","go","194","random","","",""
"","381","32","1056","0","test_block","poldrack-single-stim","209","336521","0.0-5.0-195.0","go-nogo","true","0","","true","<div class = centerbox><div  id = stim1></div></div>","32","32","750","","test","go","195","random","","",""
"","324","32","1261","0","test_block","poldrack-single-stim","210","337789","0.0-5.0-196.0","go-nogo","true","0","","true","<div class = centerbox><div  id = stim1></div></div>","32","32","750","","test","go","196","random","","",""
"","328","32","1460","0","test_block","poldrack-single-stim","211","339256","0.0-5.0-197.0","go-nogo","true","0","","true","<div class = centerbox><div  id = stim1></div></div>","32","32","750","","test","go","197","random","","",""
"","284","32","1128","0","test_block","poldrack-single-stim","212","340393","0.0-5.0-198.0","go-nogo","true","0","","true","<div class = centerbox><div  id = stim1></div></div>","32","32","750","","test","go","198","random","","",""
"","316","32","1176","0","test_block","poldrack-single-stim","213","341577","0.0-5.0-199.0","go-nogo","true","0","","true","<div class = centerbox><div  id = stim1></div></div>","32","32","750","","test","go","199","random","","",""
"","339","32","1429","0","test_block","poldrack-single-stim","214","343014","0.0-5.0-200.0","go-nogo","true","0","","true","<div class = centerbox><div  id = stim1></div></div>","32","32","750","","test","go","200","random","","",""
"","391","32","1194","0","test_block","poldrack-single-stim","215","344218","0.0-5.0-201.0","go-nogo","true","0","","true","<div class = centerbox><div  id = stim1></div></div>","32","32","750","","test","go","201","random","","",""
"","-1","-1","1397","0","test_block","poldrack-single-stim","216","345623","0.0-5.0-202.0","go-nogo","true","0","","true","<div class = centerbox><div  id = stim2></div></div>","-1","32","750","","test","nogo","202","random","","",""
"","316","32","1407","0","test_block","poldrack-single-stim","217","347040","0.0-5.0-203.0","go-nogo","true","0","","false","<div class = centerbox><div  id = stim2></div></div>","-1","32","750","","test","nogo","203","random","","",""
"","285","32","1046","0","test_block","poldrack-single-stim","218","348097","0.0-5.0-204.0","go-nogo","true","0","","true","<div class = centerbox><div  id = stim1></div></div>","32","32","750","","test","go","204","random","","",""
"","-1","-1","1359","0","test_block","poldrack-single-stim","219","349466","0.0-5.0-205.0","go-nogo","true","0","","true","<div class = centerbox><div  id = stim2></div></div>","-1","32","750","","test","nogo","205","random","","",""
"","345","32","1437","0","test_block","poldrack-single-stim","220","350912","0.0-5.0-206.0","go-nogo","true","0","","true","<div class = centerbox><div  id = stim1></div></div>","32","32","750","","test","go","206","random","","",""
"","362","32","1101","0","test_block","poldrack-single-stim","221","352022","0.0-5.0-207.0","go-nogo","true","0","","true","<div class = centerbox><div  id = stim1></div></div>","32","32","750","","test","go","207","random","","",""
"","349","32","1314","0","test_block","poldrack-single-stim","222","353343","0.0-5.0-208.0","go-nogo","true","0","","true","<div class = centerbox><div  id = stim1></div></div>","32","32","750","","test","go","208","random","","",""
"","333","32","1124","0","test_block","poldrack-single-stim","223","354478","0.0-5.0-209.0","go-nogo","true","0","","true","<div class = centerbox><div  id = stim1></div></div>","32","32","750","","test","go","209","random","","",""
"","-1","-1","1046","0","test_block","poldrack-single-stim","224","355534","0.0-5.0-210.0","go-nogo","true","0","","true","<div class = centerbox><div  id = stim2></div></div>","-1","32","750","","test","nogo","210","random","","",""
"","-1","-1","1023","0","test_block","poldrack-single-stim","225","356566","0.0-5.0-211.0","go-nogo","true","0","","true","<div class = centerbox><div  id = stim2></div></div>","-1","32","750","","test","nogo","211","random","","",""
"","430","32","1308","0","test_block","poldrack-single-stim","226","357883","0.0-5.0-212.0","go-nogo","true","0","","true","<div class = centerbox><div  id = stim1></div></div>","32","32","750","","test","go","212","random","","",""
"","342","32","1476","0","test_block","poldrack-single-stim","227","359373","0.0-5.0-213.0","go-nogo","true","0","","true","<div class = centerbox><div  id = stim1></div></div>","32","32","750","","test","go","213","random","","",""
"","303","32","1067","0","test_block","poldrack-single-stim","228","360449","0.0-5.0-214.0","go-nogo","true","0","","false","<div class = centerbox><div  id = stim2></div></div>","-1","32","750","","test","nogo","214","random","","",""
"","375","32","1161","0","test_block","poldrack-single-stim","229","361621","0.0-5.0-215.0","go-nogo","true","0","","true","<div class = centerbox><div  id = stim1></div></div>","32","32","750","","test","go","215","random","","",""
"","415","32","1039","0","test_block","poldrack-single-stim","230","362670","0.0-5.0-216.0","go-nogo","true","0","","true","<div class = centerbox><div  id = stim1></div></div>","32","32","750","","test","go","216","random","","",""
"","549","32","1292","0","test_block","poldrack-single-stim","231","363972","0.0-5.0-217.0","go-nogo","true","0","","true","<div class = centerbox><div  id = stim1></div></div>","32","32","750","","test","go","217","random","","",""
"","-1","-1","1368","0","test_block","poldrack-single-stim","232","365348","0.0-5.0-218.0","go-nogo","true","0","","true","<div class = centerbox><div  id = stim2></div></div>","-1","32","750","","test","nogo","218","random","","",""
"","382","32","1310","0","test_block","poldrack-single-stim","233","366667","0.0-5.0-219.0","go-nogo","true","0","","true","<div class = centerbox><div  id = stim1></div></div>","32","32","750","","test","go","219","random","","",""
"","351","32","1259","0","test_block","poldrack-single-stim","234","367934","0.0-5.0-220.0","go-nogo","true","0","","true","<div class = centerbox><div  id = stim1></div></div>","32","32","750","","test","go","220","random","","",""
"","349","32","1448","0","test_block","poldrack-single-stim","235","369394","0.0-5.0-221.0","go-nogo","true","0","","true","<div class = centerbox><div  id = stim1></div></div>","32","32","750","","test","go","221","random","","",""
"","393","32","1330","0","test_block","poldrack-single-stim","236","370735","0.0-5.0-222.0","go-nogo","true","0","","true","<div class = centerbox><div  id = stim1></div></div>","32","32","750","","test","go","222","random","","",""
"","357","32","1157","0","test_block","poldrack-single-stim","237","371902","0.0-5.0-223.0","go-nogo","true","0","","true","<div class = centerbox><div  id = stim1></div></div>","32","32","750","","test","go","223","random","","",""
"","510","32","1461","0","test_block","poldrack-single-stim","238","373374","0.0-5.0-224.0","go-nogo","true","0","","true","<div class = centerbox><div  id = stim1></div></div>","32","32","750","","test","go","224","random","","",""
"","-1","-1","1076","0","test_block","poldrack-single-stim","239","374462","0.0-5.0-225.0","go-nogo","true","0","","true","<div class = centerbox><div  id = stim2></div></div>","-1","32","750","","test","nogo","225","random","","",""
"","349","32","1417","0","test_block","poldrack-single-stim","240","375889","0.0-5.0-226.0","go-nogo","true","0","","true","<div class = centerbox><div  id = stim1></div></div>","32","32","750","","test","go","226","random","","",""
"","377","32","1413","0","test_block","poldrack-single-stim","241","377312","0.0-5.0-227.0","go-nogo","true","0","","true","<div class = centerbox><div  id = stim1></div></div>","32","32","750","","test","go","227","random","","",""
"","363","32","1398","0","test_block","poldrack-single-stim","242","378716","0.0-5.0-228.0","go-nogo","true","0","","true","<div class = centerbox><div  id = stim1></div></div>","32","32","750","","test","go","228","random","","",""
"","344","32","1247","0","test_block","poldrack-single-stim","243","379970","0.0-5.0-229.0","go-nogo","true","0","","true","<div class = centerbox><div  id = stim1></div></div>","32","32","750","","test","go","229","random","","",""
"","391","32","1495","0","test_block","poldrack-single-stim","244","381478","0.0-5.0-230.0","go-nogo","true","0","","true","<div class = centerbox><div  id = stim1></div></div>","32","32","750","","test","go","230","random","","",""
"","405","32","1214","0","test_block","poldrack-single-stim","245","382699","0.0-5.0-231.0","go-nogo","true","0","","true","<div class = centerbox><div  id = stim1></div></div>","32","32","750","","test","go","231","random","","",""
"","399","32","1253","0","test_block","poldrack-single-stim","246","383963","0.0-5.0-232.0","go-nogo","true","0","","true","<div class = centerbox><div  id = stim1></div></div>","32","32","750","","test","go","232","random","","",""
"","463","32","1339","0","test_block","poldrack-single-stim","247","385311","0.0-5.0-233.0","go-nogo","true","0","","true","<div class = centerbox><div  id = stim1></div></div>","32","32","750","","test","go","233","random","","",""
"","380","32","1327","0","test_block","poldrack-single-stim","248","386646","0.0-5.0-234.0","go-nogo","true","0","","true","<div class = centerbox><div  id = stim1></div></div>","32","32","750","","test","go","234","random","","",""
"","323","32","1073","0","test_block","poldrack-single-stim","249","387731","0.0-5.0-235.0","go-nogo","true","0","","true","<div class = centerbox><div  id = stim1></div></div>","32","32","750","","test","go","235","random","","",""
"","351","32","1006","0","test_block","poldrack-single-stim","250","388746","0.0-5.0-236.0","go-nogo","true","0","","true","<div class = centerbox><div  id = stim1></div></div>","32","32","750","","test","go","236","random","","",""
"","337","32","1162","0","test_block","poldrack-single-stim","251","389914","0.0-5.0-237.0","go-nogo","true","0","","true","<div class = centerbox><div  id = stim1></div></div>","32","32","750","","test","go","237","random","","",""
"","359","32","1444","0","test_block","poldrack-single-stim","252","391371","0.0-5.0-238.0","go-nogo","true","0","","true","<div class = centerbox><div  id = stim1></div></div>","32","32","750","","test","go","238","random","","",""
"","400","32","1418","0","test_block","poldrack-single-stim","253","392800","0.0-5.0-239.0","go-nogo","true","0","","true","<div class = centerbox><div  id = stim1></div></div>","32","32","750","","test","go","239","random","","",""
"","382","32","1179","0","test_block","poldrack-single-stim","254","393989","0.0-5.0-240.0","go-nogo","true","0","","true","<div class = centerbox><div  id = stim1></div></div>","32","32","750","","test","go","240","random","","",""
"","430","32","1212","0","test_block","poldrack-single-stim","255","395208","0.0-5.0-241.0","go-nogo","true","0","","true","<div class = centerbox><div  id = stim1></div></div>","32","32","750","","test","go","241","random","","",""
"","427","32","1000","0","test_block","poldrack-single-stim","256","396217","0.0-5.0-242.0","go-nogo","true","0","","true","<div class = centerbox><div  id = stim1></div></div>","32","32","750","","test","go","242","random","","",""
"","-1","-1","1293","0","test_block","poldrack-single-stim","257","397523","0.0-5.0-243.0","go-nogo","true","0","","true","<div class = centerbox><div  id = stim2></div></div>","-1","32","750","","test","nogo","243","random","","",""
"","344","32","1417","0","test_block","poldrack-single-stim","258","398946","0.0-5.0-244.0","go-nogo","true","0","","true","<div class = centerbox><div  id = stim1></div></div>","32","32","750","","test","go","244","random","","",""
"","304","32","1256","0","test_block","poldrack-single-stim","259","400211","0.0-5.0-245.0","go-nogo","true","0","","true","<div class = centerbox><div  id = stim1></div></div>","32","32","750","","test","go","245","random","","",""
"","391","32","1037","0","test_block","poldrack-single-stim","260","401256","0.0-5.0-246.0","go-nogo","true","0","","true","<div class = centerbox><div  id = stim1></div></div>","32","32","750","","test","go","246","random","","",""
"","595","32","1072","0","test_block","poldrack-single-stim","261","402335","0.0-5.0-247.0","go-nogo","true","0","","true","<div class = centerbox><div  id = stim1></div></div>","32","32","750","","test","go","247","random","","",""
"","361","32","1381","0","test_block","poldrack-single-stim","262","403726","0.0-5.0-248.0","go-nogo","true","0","","true","<div class = centerbox><div  id = stim1></div></div>","32","32","750","","test","go","248","random","","",""
"","521","32","1351","0","test_block","poldrack-single-stim","263","405087","0.0-5.0-249.0","go-nogo","true","0","","true","<div class = centerbox><div  id = stim1></div></div>","32","32","750","","test","go","249","random","","",""
"","361","32","1222","0","test_block","poldrack-single-stim","264","406318","0.0-5.0-250.0","go-nogo","true","0","","true","<div class = centerbox><div  id = stim1></div></div>","32","32","750","","test","go","250","random","","",""
"","372","32","1063","0","test_block","poldrack-single-stim","265","407390","0.0-5.0-251.0","go-nogo","true","0","","true","<div class = centerbox><div  id = stim1></div></div>","32","32","750","","test","go","251","random","","",""
"","402","32","1161","0","test_block","poldrack-single-stim","266","408562","0.0-5.0-252.0","go-nogo","true","0","","true","<div class = centerbox><div  id = stim1></div></div>","32","32","750","","test","go","252","random","","",""
"","303","32","1011","0","test_block","poldrack-single-stim","267","409580","0.0-5.0-253.0","go-nogo","true","0","","true","<div class = centerbox><div  id = stim1></div></div>","32","32","750","","test","go","253","random","","",""
"","397","32","1349","0","test_block","poldrack-single-stim","268","410938","0.0-5.0-254.0","go-nogo","true","0","","true","<div class = centerbox><div  id = stim1></div></div>","32","32","750","","test","go","254","random","","",""
"","351","32","1492","0","test_block","poldrack-single-stim","269","412439","0.0-5.0-255.0","go-nogo","true","0","","true","<div class = centerbox><div  id = stim1></div></div>","32","32","750","","test","go","255","random","","",""
"","419","32","1249","0","test_block","poldrack-single-stim","270","413698","0.0-5.0-256.0","go-nogo","true","0","","true","<div class = centerbox><div  id = stim1></div></div>","32","32","750","","test","go","256","random","","",""
"","440","32","1083","0","test_block","poldrack-single-stim","271","414788","0.0-5.0-257.0","go-nogo","true","0","","true","<div class = centerbox><div  id = stim1></div></div>","32","32","750","","test","go","257","random","","",""
"","397","32","1217","0","test_block","poldrack-single-stim","272","416013","0.0-5.0-258.0","go-nogo","true","0","","true","<div class = centerbox><div  id = stim1></div></div>","32","32","750","","test","go","258","random","","",""
"","333","32","1496","0","test_block","poldrack-single-stim","273","417516","0.0-5.0-259.0","go-nogo","true","0","","true","<div class = centerbox><div  id = stim1></div></div>","32","32","750","","test","go","259","random","","",""
"","357","32","1439","0","test_block","poldrack-single-stim","274","418964","0.0-5.0-260.0","go-nogo","true","0","","true","<div class = centerbox><div  id = stim1></div></div>","32","32","750","","test","go","260","random","","",""
"","357","32","1249","0","test_block","poldrack-single-stim","275","420224","0.0-5.0-261.0","go-nogo","true","0","","true","<div class = centerbox><div  id = stim1></div></div>","32","32","750","","test","go","261","random","","",""
"","330","32","1366","0","test_block","poldrack-single-stim","276","421596","0.0-5.0-262.0","go-nogo","true","0","","true","<div class = centerbox><div  id = stim1></div></div>","32","32","750","","test","go","262","random","","",""
"","738","32","1167","0","test_block","poldrack-single-stim","277","422776","0.0-5.0-263.0","go-nogo","true","0","","true","<div class = centerbox><div  id = stim1></div></div>","32","32","750","","test","go","263","random","","",""
"","359","32","1188","0","test_block","poldrack-single-stim","278","423977","0.0-5.0-264.0","go-nogo","true","0","","false","<div class = centerbox><div  id = stim2></div></div>","-1","32","750","","test","nogo","264","random","","",""
"","351","32","1030","0","test_block","poldrack-single-stim","279","425015","0.0-5.0-265.0","go-nogo","true","0","","true","<div class = centerbox><div  id = stim1></div></div>","32","32","750","","test","go","265","random","","",""
"","1217","32","1407","0","test_block","poldrack-single-stim","280","426432","0.0-5.0-266.0","go-nogo","true","0","","false","<div class = centerbox><div  id = stim2></div></div>","-1","32","750","","test","nogo","266","random","","",""
"","610","32","1256","0","test_block","poldrack-single-stim","281","427698","0.0-5.0-267.0","go-nogo","true","0","","true","<div class = centerbox><div  id = stim1></div></div>","32","32","750","","test","go","267","random","","",""
"","454","32","1026","0","test_block","poldrack-single-stim","282","428731","0.0-5.0-268.0","go-nogo","true","0","","true","<div class = centerbox><div  id = stim1></div></div>","32","32","750","","test","go","268","random","","",""
"","-1","-1","1351","0","test_block","poldrack-single-stim","283","430095","0.0-5.0-269.0","go-nogo","true","0","","true","<div class = centerbox><div  id = stim2></div></div>","-1","32","750","","test","nogo","269","random","","",""
"","329","32","1055","0","test_block","poldrack-single-stim","284","431157","0.0-5.0-270.0","go-nogo","true","0","","false","<div class = centerbox><div  id = stim2></div></div>","-1","32","750","","test","nogo","270","random","","",""
"","348","32","1440","0","test_block","poldrack-single-stim","285","432609","0.0-5.0-271.0","go-nogo","true","0","","true","<div class = centerbox><div  id = stim1></div></div>","32","32","750","","test","go","271","random","","",""
"","352","32","1179","0","test_block","poldrack-single-stim","286","433798","0.0-5.0-272.0","go-nogo","true","0","","true","<div class = centerbox><div  id = stim1></div></div>","32","32","750","","test","go","272","random","","",""
"","387","32","1449","0","test_block","poldrack-single-stim","287","435255","0.0-5.0-273.0","go-nogo","true","0","","true","<div class = centerbox><div  id = stim1></div></div>","32","32","750","","test","go","273","random","","",""
"","370","32","1448","0","test_block","poldrack-single-stim","288","436714","0.0-5.0-274.0","go-nogo","true","0","","true","<div class = centerbox><div  id = stim1></div></div>","32","32","750","","test","go","274","random","","",""
"","301","32","1106","0","test_block","poldrack-single-stim","289","437832","0.0-5.0-275.0","go-nogo","true","0","","true","<div class = centerbox><div  id = stim1></div></div>","32","32","750","","test","go","275","random","","",""
"","351","32","1413","0","test_block","poldrack-single-stim","290","439255","0.0-5.0-276.0","go-nogo","true","0","","true","<div class = centerbox><div  id = stim1></div></div>","32","32","750","","test","go","276","random","","",""
"","312","32","1468","0","test_block","poldrack-single-stim","291","440732","0.0-5.0-277.0","go-nogo","true","0","","true","<div class = centerbox><div  id = stim1></div></div>","32","32","750","","test","go","277","random","","",""
"","84","32","1236","0","test_block","poldrack-single-stim","292","441976","0.0-5.0-278.0","go-nogo","true","0","","true","<div class = centerbox><div  id = stim1></div></div>","32","32","750","","test","go","278","random","","",""
"","415","32","1292","0","test_block","poldrack-single-stim","293","443278","0.0-5.0-279.0","go-nogo","true","0","","true","<div class = centerbox><div  id = stim1></div></div>","32","32","750","","test","go","279","random","","",""
"","-1","-1","1281","0","test_block","poldrack-single-stim","294","444569","0.0-5.0-280.0","go-nogo","true","0","","true","<div class = centerbox><div  id = stim2></div></div>","-1","32","750","","test","nogo","280","random","","",""
"","433","32","1250","0","test_block","poldrack-single-stim","295","445829","0.0-5.0-281.0","go-nogo","true","0","","true","<div class = centerbox><div  id = stim1></div></div>","32","32","750","","test","go","281","random","","",""
"","-1","-1","1052","0","test_block","poldrack-single-stim","296","446894","0.0-5.0-282.0","go-nogo","true","0","","true","<div class = centerbox><div  id = stim2></div></div>","-1","32","750","","test","nogo","282","random","","",""
"","354","32","1017","0","test_block","poldrack-single-stim","297","447922","0.0-5.0-283.0","go-nogo","true","0","","true","<div class = centerbox><div  id = stim1></div></div>","32","32","750","","test","go","283","random","","",""
"","543","32","1362","0","test_block","poldrack-single-stim","298","449290","0.0-5.0-284.0","go-nogo","true","0","","true","<div class = centerbox><div  id = stim1></div></div>","32","32","750","","test","go","284","random","","",""
"","367","32","1330","0","test_block","poldrack-single-stim","299","450627","0.0-5.0-285.0","go-nogo","true","0","","true","<div class = centerbox><div  id = stim1></div></div>","32","32","750","","test","go","285","random","","",""
"","319","32","1190","0","test_block","poldrack-single-stim","300","451827","0.0-5.0-286.0","go-nogo","true","0","","true","<div class = centerbox><div  id = stim1></div></div>","32","32","750","","test","go","286","random","","",""
"","373","32","1226","0","test_block","poldrack-single-stim","301","453064","0.0-5.0-287.0","go-nogo","true","0","","true","<div class = centerbox><div  id = stim1></div></div>","32","32","750","","test","go","287","random","","",""
"","382","32","1407","0","test_block","poldrack-single-stim","302","454485","0.0-5.0-288.0","go-nogo","true","0","","true","<div class = centerbox><div  id = stim1></div></div>","32","32","750","","test","go","288","random","","",""
"","338","32","1441","0","test_block","poldrack-single-stim","303","455934","0.0-5.0-289.0","go-nogo","true","0","","true","<div class = centerbox><div  id = stim1></div></div>","32","32","750","","test","go","289","random","","",""
"","369","32","1225","0","test_block","poldrack-single-stim","304","457166","0.0-5.0-290.0","go-nogo","true","0","","true","<div class = centerbox><div  id = stim1></div></div>","32","32","750","","test","go","290","random","","",""
"","386","32","1088","0","test_block","poldrack-single-stim","305","458265","0.0-5.0-291.0","go-nogo","true","0","","true","<div class = centerbox><div  id = stim1></div></div>","32","32","750","","test","go","291","random","","",""
"","439","32","1089","0","test_block","poldrack-single-stim","306","459362","0.0-5.0-292.0","go-nogo","true","0","","true","<div class = centerbox><div  id = stim1></div></div>","32","32","750","","test","go","292","random","","",""
"","342","32","1314","0","test_block","poldrack-single-stim","307","460685","0.0-5.0-293.0","go-nogo","true","0","","true","<div class = centerbox><div  id = stim1></div></div>","32","32","750","","test","go","293","random","","",""
"","377","32","1383","0","test_block","poldrack-single-stim","308","462079","0.0-5.0-294.0","go-nogo","true","0","","true","<div class = centerbox><div  id = stim1></div></div>","32","32","750","","test","go","294","random","","",""
"","329","32","1272","0","test_block","poldrack-single-stim","309","463362","0.0-5.0-295.0","go-nogo","true","0","","true","<div class = centerbox><div  id = stim1></div></div>","32","32","750","","test","go","295","random","","",""
"","343","32","1111","0","test_block","poldrack-single-stim","310","464479","0.0-5.0-296.0","go-nogo","true","0","","true","<div class = centerbox><div  id = stim1></div></div>","32","32","750","","test","go","296","random","","",""
"","400","32","1024","0","test_block","poldrack-single-stim","311","465512","0.0-5.0-297.0","go-nogo","true","0","","true","<div class = centerbox><div  id = stim1></div></div>","32","32","750","","test","go","297","random","","",""
"","400","32","1438","0","test_block","poldrack-single-stim","312","466961","0.0-5.0-298.0","go-nogo","true","0","","true","<div class = centerbox><div  id = stim1></div></div>","32","32","750","","test","go","298","random","","",""
"","413","32","1413","0","test_block","poldrack-single-stim","313","468383","0.0-5.0-299.0","go-nogo","true","0","","true","<div class = centerbox><div  id = stim1></div></div>","32","32","750","","test","go","299","random","","",""
"","329","32","1180","0","test_block","poldrack-single-stim","314","469571","0.0-5.0-300.0","go-nogo","true","0","","true","<div class = centerbox><div  id = stim1></div></div>","32","32","750","","test","go","300","random","","",""
"","350","32","1352","0","test_block","poldrack-single-stim","315","470930","0.0-5.0-301.0","go-nogo","true","0","","true","<div class = centerbox><div  id = stim1></div></div>","32","32","750","","test","go","301","random","","",""
"","359","32","1341","0","test_block","poldrack-single-stim","316","472278","0.0-5.0-302.0","go-nogo","true","0","","true","<div class = centerbox><div  id = stim1></div></div>","32","32","750","","test","go","302","random","","",""
"","443","32","1319","0","test_block","poldrack-single-stim","317","473602","0.0-5.0-303.0","go-nogo","true","0","","true","<div class = centerbox><div  id = stim1></div></div>","32","32","750","","test","go","303","random","","",""
"","409","32","1083","0","test_block","poldrack-single-stim","318","474700","0.0-5.0-304.0","go-nogo","true","0","","true","<div class = centerbox><div  id = stim1></div></div>","32","32","750","","test","go","304","random","","",""
"","452","32","1224","0","test_block","poldrack-single-stim","319","475931","0.0-5.0-305.0","go-nogo","true","0","","true","<div class = centerbox><div  id = stim1></div></div>","32","32","750","","test","go","305","random","","",""
"","341","32","1304","0","test_block","poldrack-single-stim","320","477243","0.0-5.0-306.0","go-nogo","true","0","","true","<div class = centerbox><div  id = stim1></div></div>","32","32","750","","test","go","306","random","","",""
"","381","32","1353","0","test_block","poldrack-single-stim","321","478605","0.0-5.0-307.0","go-nogo","true","0","","true","<div class = centerbox><div  id = stim1></div></div>","32","32","750","","test","go","307","random","","",""
"","395","32","1041","0","test_block","poldrack-single-stim","322","479656","0.0-5.0-308.0","go-nogo","true","0","","true","<div class = centerbox><div  id = stim1></div></div>","32","32","750","","test","go","308","random","","",""
"","423","32","1060","0","test_block","poldrack-single-stim","323","480727","0.0-5.0-309.0","go-nogo","true","0","","true","<div class = centerbox><div  id = stim1></div></div>","32","32","750","","test","go","309","random","","",""
"","392","32","1144","0","test_block","poldrack-single-stim","324","481879","0.0-5.0-310.0","go-nogo","true","0","","true","<div class = centerbox><div  id = stim1></div></div>","32","32","750","","test","go","310","random","","",""
"","375","32","1474","0","test_block","poldrack-single-stim","325","483364","0.0-5.0-311.0","go-nogo","true","0","","true","<div class = centerbox><div  id = stim1></div></div>","32","32","750","","test","go","311","random","","",""
"","371","32","1056","0","test_block","poldrack-single-stim","326","484428","0.0-5.0-312.0","go-nogo","true","0","","true","<div class = centerbox><div  id = stim1></div></div>","32","32","750","","test","go","312","random","","",""
"","372","32","1029","0","test_block","poldrack-single-stim","327","485466","0.0-5.0-313.0","go-nogo","true","0","","true","<div class = centerbox><div  id = stim1></div></div>","32","32","750","","test","go","313","random","","",""
"","-1","-1","1349","0","test_block","poldrack-single-stim","328","486825","0.0-5.0-314.0","go-nogo","true","0","","true","<div class = centerbox><div  id = stim2></div></div>","-1","32","750","","test","nogo","314","random","","",""
"","398","32","1469","0","test_block","poldrack-single-stim","329","488305","0.0-5.0-315.0","go-nogo","true","0","","true","<div class = centerbox><div  id = stim1></div></div>","32","32","750","","test","go","315","random","","",""
"","478","32","1426","0","test_block","poldrack-single-stim","330","489738","0.0-5.0-316.0","go-nogo","true","0","","true","<div class = centerbox><div  id = stim1></div></div>","32","32","750","","test","go","316","random","","",""
"","477","32","1458","0","test_block","poldrack-single-stim","331","491207","0.0-5.0-317.0","go-nogo","true","0","","true","<div class = centerbox><div  id = stim1></div></div>","32","32","750","","test","go","317","random","","",""
"","335","32","1001","0","test_block","poldrack-single-stim","332","492217","0.0-5.0-318.0","go-nogo","true","0","","true","<div class = centerbox><div  id = stim1></div></div>","32","32","750","","test","go","318","random","","",""
"","413","32","1140","0","test_block","poldrack-single-stim","333","493366","0.0-5.0-319.0","go-nogo","true","0","","true","<div class = centerbox><div  id = stim1></div></div>","32","32","750","","test","go","319","random","","",""
"","329","32","1333","0","test_block","poldrack-single-stim","334","494710","0.0-5.0-320.0","go-nogo","true","0","","true","<div class = centerbox><div  id = stim1></div></div>","32","32","750","","test","go","320","random","","",""
"","336","32","1148","0","test_block","poldrack-single-stim","335","495868","0.0-5.0-321.0","go-nogo","true","0","","false","<div class = centerbox><div  id = stim2></div></div>","-1","32","750","","test","nogo","321","random","","",""
"","395","32","1385","0","test_block","poldrack-single-stim","336","497264","0.0-5.0-322.0","go-nogo","true","0","","true","<div class = centerbox><div  id = stim1></div></div>","32","32","750","","test","go","322","random","","",""
"","150","32","1409","0","test_block","poldrack-single-stim","337","498682","0.0-5.0-323.0","go-nogo","true","0","","true","<div class = centerbox><div  id = stim1></div></div>","32","32","750","","test","go","323","random","","",""
"","364","32","1029","0","test_block","poldrack-single-stim","338","499721","0.0-5.0-324.0","go-nogo","true","0","","true","<div class = centerbox><div  id = stim1></div></div>","32","32","750","","test","go","324","random","","",""
"","527","32","1224","0","test_block","poldrack-single-stim","339","500954","0.0-5.0-325.0","go-nogo","true","0","","true","<div class = centerbox><div  id = stim1></div></div>","32","32","750","","test","go","325","random","","",""
"","-1","-1","1058","0","test_block","poldrack-single-stim","340","502021","0.0-5.0-326.0","go-nogo","true","0","","true","<div class = centerbox><div  id = stim2></div></div>","-1","32","750","","test","nogo","326","random","","",""
"","378","32","1354","0","test_block","poldrack-single-stim","341","503382","0.0-5.0-327.0","go-nogo","true","0","","true","<div class = centerbox><div  id = stim1></div></div>","32","32","750","","test","go","327","random","","",""
"","501","32","1457","0","test_block","poldrack-single-stim","342","504854","0.0-5.0-328.0","go-nogo","true","0","","true","<div class = centerbox><div  id = stim1></div></div>","32","32","750","","test","go","328","random","","",""
"","502","32","1024","0","test_block","poldrack-single-stim","343","505888","0.0-5.0-329.0","go-nogo","true","0","","true","<div class = centerbox><div  id = stim1></div></div>","32","32","750","","test","go","329","random","","",""
"","495","32","1481","0","test_block","poldrack-single-stim","344","507380","0.0-5.0-330.0","go-nogo","true","0","","true","<div class = centerbox><div  id = stim1></div></div>","32","32","750","","test","go","330","random","","",""
"","426","32","1317","0","test_block","poldrack-single-stim","345","508705","0.0-5.0-331.0","go-nogo","true","0","","true","<div class = centerbox><div  id = stim1></div></div>","32","32","750","","test","go","331","random","","",""
"","444","32","1210","0","test_block","poldrack-single-stim","346","509926","0.0-5.0-332.0","go-nogo","true","0","","true","<div class = centerbox><div  id = stim1></div></div>","32","32","750","","test","go","332","random","","",""
"","384","32","1194","0","test_block","poldrack-single-stim","347","511129","0.0-5.0-333.0","go-nogo","true","0","","true","<div class = centerbox><div  id = stim1></div></div>","32","32","750","","test","go","333","random","","",""
"","374","32","1293","0","test_block","poldrack-single-stim","348","512430","0.0-5.0-334.0","go-nogo","true","0","","true","<div class = centerbox><div  id = stim1></div></div>","32","32","750","","test","go","334","random","","",""
"","344","32","1385","0","test_block","poldrack-single-stim","349","513826","0.0-5.0-335.0","go-nogo","true","0","","true","<div class = centerbox><div  id = stim1></div></div>","32","32","750","","test","go","335","random","","",""
"","339","32","1183","0","test_block","poldrack-single-stim","350","515017","0.0-5.0-336.0","go-nogo","true","0","","true","<div class = centerbox><div  id = stim1></div></div>","32","32","750","","test","go","336","random","","",""
"","358","32","1019","0","test_block","poldrack-single-stim","351","516043","0.0-5.0-337.0","go-nogo","true","0","","true","<div class = centerbox><div  id = stim1></div></div>","32","32","750","","test","go","337","random","","",""
"","399","32","1413","0","test_block","poldrack-single-stim","352","517468","0.0-5.0-338.0","go-nogo","true","0","","true","<div class = centerbox><div  id = stim1></div></div>","32","32","750","","test","go","338","random","","",""
"","411","32","1231","0","test_block","poldrack-single-stim","353","518705","0.0-5.0-339.0","go-nogo","true","0","","true","<div class = centerbox><div  id = stim1></div></div>","32","32","750","","test","go","339","random","","",""
"","291","32","1147","0","test_block","poldrack-single-stim","354","519863","0.0-5.0-340.0","go-nogo","true","0","","true","<div class = centerbox><div  id = stim1></div></div>","32","32","750","","test","go","340","random","","",""
"","376","32","1479","0","test_block","poldrack-single-stim","355","521352","0.0-5.0-341.0","go-nogo","true","0","","true","<div class = centerbox><div  id = stim1></div></div>","32","32","750","","test","go","341","random","","",""
"","333","32","1455","0","test_block","poldrack-single-stim","356","522814","0.0-5.0-342.0","go-nogo","true","0","","true","<div class = centerbox><div  id = stim1></div></div>","32","32","750","","test","go","342","random","","",""
"","303","32","1108","0","test_block","poldrack-single-stim","357","523933","0.0-5.0-343.0","go-nogo","true","0","","true","<div class = centerbox><div  id = stim1></div></div>","32","32","750","","test","go","343","random","","",""
"","370","32","1060","0","test_block","poldrack-single-stim","358","525003","0.0-5.0-344.0","go-nogo","true","0","","true","<div class = centerbox><div  id = stim1></div></div>","32","32","750","","test","go","344","random","","",""
"","386","32","1368","0","test_block","poldrack-single-stim","359","526378","0.0-5.0-345.0","go-nogo","true","0","","true","<div class = centerbox><div  id = stim1></div></div>","32","32","750","","test","go","345","random","","",""
"","323","32","1499","0","test_block","poldrack-single-stim","360","527888","0.0-5.0-346.0","go-nogo","true","0","","true","<div class = centerbox><div  id = stim1></div></div>","32","32","750","","test","go","346","random","","",""
"","356","32","1076","0","test_block","poldrack-single-stim","361","528977","0.0-5.0-347.0","go-nogo","true","0","","true","<div class = centerbox><div  id = stim1></div></div>","32","32","750","","test","go","347","random","","",""
"","316","32","1095","0","test_block","poldrack-single-stim","362","530082","0.0-5.0-348.0","go-nogo","true","0","","true","<div class = centerbox><div  id = stim1></div></div>","32","32","750","","test","go","348","random","","",""
"","476","32","1129","0","test_block","poldrack-single-stim","363","531219","0.0-5.0-349.0","go-nogo","true","0","","true","<div class = centerbox><div  id = stim1></div></div>","32","32","750","","test","go","349","random","","",""
"","43074","","","","post task questions","survey-text","364","574306","0.0-7.0","go-nogo","true","0","","","","","","","","","","","","{""Q0"":""Click the space bar when I see orange box"",""Q1"":""no""}","",""
