"text","rt","key_press","block_duration","timing_post_trial","trial_id","trial_type","trial_index","time_elapsed","internal_node_id","exp_id","full_screen","focus_shifts","view_history","correct","stimulus","correct_response","possible_responses","stim_duration","feedback_duration","exp_stage","condition","trial_num","mode","responses","payment_id","credit_var"
"<div class = centerbox><p class = center-block-text>Welcome to the experiment. This task will take around 10 minutes. Press <strong>enter</strong> to begin.</p></div>","2071","13","2071","0","instruction","poldrack-text","0","2073","0.0-0.0-0.0","go-nogo","true","0","","","","","","","","","","","","","",""
"","5543","","","","instruction","poldrack-instructions","1","7620","0.0-0.0-1.0","go-nogo","true","0","[{""page_index"":0,""viewing_time"":5543}]","","","","","","","","","","","","",""
"","607","32","1071","250","practice","poldrack-categorize","2","10741","0.0-1.0-0.0","go-nogo","true","0","","true","<div class = centerbox><div  id = stim1></div></div>","32","32","750","1000","practice","go","0","random","","",""
"","-1","-1","1028","250","practice","poldrack-categorize","3","13061","0.0-1.0-1.0","go-nogo","true","0","","true","<div class = centerbox><div id = stim2></div></div>","-1","32","750","1000","practice","nogo","1","random","","",""
"","412","32","1167","250","practice","poldrack-categorize","4","15521","0.0-1.0-2.0","go-nogo","true","0","","true","<div class = centerbox><div  id = stim1></div></div>","32","32","750","1000","practice","go","2","random","","",""
"","-1","-1","1373","250","practice","poldrack-categorize","5","18171","0.0-1.0-3.0","go-nogo","true","0","","true","<div class = centerbox><div id = stim2></div></div>","-1","32","750","1000","practice","nogo","3","random","","",""
"","-1","-1","1304","250","practice","poldrack-categorize","6","20752","0.0-1.0-4.0","go-nogo","true","0","","true","<div class = centerbox><div id = stim2></div></div>","-1","32","750","1000","practice","nogo","4","random","","",""
"","299","32","1207","250","practice","poldrack-categorize","7","23251","0.0-1.0-5.0","go-nogo","true","0","","true","<div class = centerbox><div  id = stim1></div></div>","32","32","750","1000","practice","go","5","random","","",""
"","491","32","1342","250","practice","poldrack-categorize","8","25866","0.0-1.0-6.0","go-nogo","true","0","","true","<div class = centerbox><div  id = stim1></div></div>","32","32","750","1000","practice","go","6","random","","",""
"","323","32","1228","250","practice","poldrack-categorize","9","28382","0.0-1.0-7.0","go-nogo","true","0","","true","<div class = centerbox><div  id = stim1></div></div>","32","32","750","1000","practice","go","7","random","","",""
"","-1","-1","1007","250","practice","poldrack-categorize","10","30687","0.0-1.0-8.0","go-nogo","true","0","","true","<div class = centerbox><div id = stim2></div></div>","-1","32","750","1000","practice","nogo","8","random","","",""
"","-1","-1","1195","250","practice","poldrack-categorize","11","33172","0.0-1.0-9.0","go-nogo","true","0","","true","<div class = centerbox><div id = stim2></div></div>","-1","32","750","1000","practice","nogo","9","random","","",""
"","","","","","reset_trial","call-function","12","33442","0.0-3.0","go-nogo","true","0","","","","","","","","","","","","","",""
"<div class = centerbox><p class = block-text>Practice is over, we will now begin the experiment. You will no longer get feedback about your responses.</p><p class = block-text>Remember, if you see the <font color=""orange"">orange</font> square you should <strong> respond by pressing the spacebar as quickly as possible</strong>. If you see the <font color=""blue"">blue</font> square you should <strong> not respond</strong>. Press <strong>enter</strong> to begin.</p></div>","2815","13","2815","1000","test_intro","poldrack-text","13","36258","0.0-4.0","go-nogo","true","0","","","","","","","","","","","","","",""
"","364","32","1018","0","test_block","poldrack-single-stim","14","38292","0.0-5.0-0.0","go-nogo","true","0","","true","<div class = centerbox><div  id = stim1></div></div>","32","32","750","","test","go","0","random","","",""
"","338","32","1102","0","test_block","poldrack-single-stim","15","39682","0.0-5.0-1.0","go-nogo","true","0","","true","<div class = centerbox><div  id = stim1></div></div>","32","32","750","","test","go","1","random","","",""
"","353","32","1011","0","test_block","poldrack-single-stim","16","40863","0.0-5.0-2.0","go-nogo","true","0","","true","<div class = centerbox><div  id = stim1></div></div>","32","32","750","","test","go","2","random","","",""
"","459","32","1017","0","test_block","poldrack-single-stim","17","42021","0.0-5.0-3.0","go-nogo","true","0","","true","<div class = centerbox><div  id = stim1></div></div>","32","32","750","","test","go","3","random","","",""
"","445","32","1389","0","test_block","poldrack-single-stim","18","43522","0.0-5.0-4.0","go-nogo","true","0","","true","<div class = centerbox><div  id = stim1></div></div>","32","32","750","","test","go","4","random","","",""
"","377","32","1178","0","test_block","poldrack-single-stim","19","44841","0.0-5.0-5.0","go-nogo","true","0","","true","<div class = centerbox><div  id = stim1></div></div>","32","32","750","","test","go","5","random","","",""
"","393","32","1211","0","test_block","poldrack-single-stim","20","46141","0.0-5.0-6.0","go-nogo","true","0","","true","<div class = centerbox><div  id = stim1></div></div>","32","32","750","","test","go","6","random","","",""
"","395","32","1397","0","test_block","poldrack-single-stim","21","47681","0.0-5.0-7.0","go-nogo","true","0","","true","<div class = centerbox><div  id = stim1></div></div>","32","32","750","","test","go","7","random","","",""
"","377","32","1224","0","test_block","poldrack-single-stim","22","49040","0.0-5.0-8.0","go-nogo","true","0","","true","<div class = centerbox><div  id = stim1></div></div>","32","32","750","","test","go","8","random","","",""
"","305","32","1372","0","test_block","poldrack-single-stim","23","50472","0.0-5.0-9.0","go-nogo","true","0","","true","<div class = centerbox><div  id = stim1></div></div>","32","32","750","","test","go","9","random","","",""
"","286","32","1068","0","test_block","poldrack-single-stim","24","51661","0.0-5.0-10.0","go-nogo","true","0","","true","<div class = centerbox><div  id = stim1></div></div>","32","32","750","","test","go","10","random","","",""
"","381","32","1015","0","test_block","poldrack-single-stim","25","52791","0.0-5.0-11.0","go-nogo","true","0","","true","<div class = centerbox><div  id = stim1></div></div>","32","32","750","","test","go","11","random","","",""
"","969","32","1243","0","test_block","poldrack-single-stim","26","54141","0.0-5.0-12.0","go-nogo","true","0","","true","<div class = centerbox><div  id = stim1></div></div>","32","32","750","","test","go","12","random","","",""
"","391","32","1429","0","test_block","poldrack-single-stim","27","55681","0.0-5.0-13.0","go-nogo","true","0","","true","<div class = centerbox><div  id = stim1></div></div>","32","32","750","","test","go","13","random","","",""
"","275","32","1318","0","test_block","poldrack-single-stim","28","57092","0.0-5.0-14.0","go-nogo","true","0","","true","<div class = centerbox><div  id = stim1></div></div>","32","32","750","","test","go","14","random","","",""
"","39","32","1319","0","test_block","poldrack-single-stim","29","58481","0.0-5.0-15.0","go-nogo","true","0","","false","<div class = centerbox><div  id = stim2></div></div>","-1","32","750","","test","nogo","15","random","","",""
"","289","32","1039","0","test_block","poldrack-single-stim","30","59596","0.0-5.0-16.0","go-nogo","true","0","","true","<div class = centerbox><div  id = stim1></div></div>","32","32","750","","test","go","16","random","","",""
"","279","32","1073","0","test_block","poldrack-single-stim","31","60752","0.0-5.0-17.0","go-nogo","true","0","","false","<div class = centerbox><div  id = stim2></div></div>","-1","32","750","","test","nogo","17","random","","",""
"","-1","-1","1270","0","test_block","poldrack-single-stim","32","62192","0.0-5.0-18.0","go-nogo","true","0","","true","<div class = centerbox><div  id = stim2></div></div>","-1","32","750","","test","nogo","18","random","","",""
"","446","32","1448","0","test_block","poldrack-single-stim","33","63722","0.0-5.0-19.0","go-nogo","true","0","","true","<div class = centerbox><div  id = stim1></div></div>","32","32","750","","test","go","19","random","","",""
"","407","32","1352","0","test_block","poldrack-single-stim","34","65222","0.0-5.0-20.0","go-nogo","true","0","","true","<div class = centerbox><div  id = stim1></div></div>","32","32","750","","test","go","20","random","","",""
"","308","32","1465","0","test_block","poldrack-single-stim","35","66801","0.0-5.0-21.0","go-nogo","true","0","","true","<div class = centerbox><div  id = stim1></div></div>","32","32","750","","test","go","21","random","","",""
"","290","32","1347","0","test_block","poldrack-single-stim","36","68241","0.0-5.0-22.0","go-nogo","true","0","","true","<div class = centerbox><div  id = stim1></div></div>","32","32","750","","test","go","22","random","","",""
"","342","32","1460","0","test_block","poldrack-single-stim","37","69863","0.0-5.0-23.0","go-nogo","true","0","","true","<div class = centerbox><div  id = stim1></div></div>","32","32","750","","test","go","23","random","","",""
"","231","32","1213","0","test_block","poldrack-single-stim","38","71191","0.0-5.0-24.0","go-nogo","true","0","","true","<div class = centerbox><div  id = stim1></div></div>","32","32","750","","test","go","24","random","","",""
"","307","32","1152","0","test_block","poldrack-single-stim","39","72391","0.0-5.0-25.0","go-nogo","true","0","","true","<div class = centerbox><div  id = stim1></div></div>","32","32","750","","test","go","25","random","","",""
"","276","32","1129","0","test_block","poldrack-single-stim","40","73631","0.0-5.0-26.0","go-nogo","true","0","","true","<div class = centerbox><div  id = stim1></div></div>","32","32","750","","test","go","26","random","","",""
"","301","32","1455","0","test_block","poldrack-single-stim","41","75152","0.0-5.0-27.0","go-nogo","true","0","","true","<div class = centerbox><div  id = stim1></div></div>","32","32","750","","test","go","27","random","","",""
"","319","32","1492","0","test_block","poldrack-single-stim","42","76761","0.0-5.0-28.0","go-nogo","true","0","","true","<div class = centerbox><div  id = stim1></div></div>","32","32","750","","test","go","28","random","","",""
"","-1","-1","1004","0","test_block","poldrack-single-stim","43","77883","0.0-5.0-29.0","go-nogo","true","0","","true","<div class = centerbox><div  id = stim2></div></div>","-1","32","750","","test","nogo","29","random","","",""
"","-1","-1","1147","0","test_block","poldrack-single-stim","44","79133","0.0-5.0-30.0","go-nogo","true","0","","true","<div class = centerbox><div  id = stim2></div></div>","-1","32","750","","test","nogo","30","random","","",""
"","368","32","1082","0","test_block","poldrack-single-stim","45","80331","0.0-5.0-31.0","go-nogo","true","0","","true","<div class = centerbox><div  id = stim1></div></div>","32","32","750","","test","go","31","random","","",""
"","416","32","1274","0","test_block","poldrack-single-stim","46","81647","0.0-5.0-32.0","go-nogo","true","0","","true","<div class = centerbox><div  id = stim1></div></div>","32","32","750","","test","go","32","random","","",""
"","320","32","1426","0","test_block","poldrack-single-stim","47","83171","0.0-5.0-33.0","go-nogo","true","0","","true","<div class = centerbox><div  id = stim1></div></div>","32","32","750","","test","go","33","random","","",""
"","331","32","1034","0","test_block","poldrack-single-stim","48","84271","0.0-5.0-34.0","go-nogo","true","0","","true","<div class = centerbox><div  id = stim1></div></div>","32","32","750","","test","go","34","random","","",""
"","324","32","1017","0","test_block","poldrack-single-stim","49","85382","0.0-5.0-35.0","go-nogo","true","0","","true","<div class = centerbox><div  id = stim1></div></div>","32","32","750","","test","go","35","random","","",""
"","298","32","1099","0","test_block","poldrack-single-stim","50","86561","0.0-5.0-36.0","go-nogo","true","0","","true","<div class = centerbox><div  id = stim1></div></div>","32","32","750","","test","go","36","random","","",""
"","307","32","1218","0","test_block","poldrack-single-stim","51","87891","0.0-5.0-37.0","go-nogo","true","0","","true","<div class = centerbox><div  id = stim1></div></div>","32","32","750","","test","go","37","random","","",""
"","267","32","1284","0","test_block","poldrack-single-stim","52","89252","0.0-5.0-38.0","go-nogo","true","0","","true","<div class = centerbox><div  id = stim1></div></div>","32","32","750","","test","go","38","random","","",""
"","0","32","1469","0","test_block","poldrack-single-stim","53","90821","0.0-5.0-39.0","go-nogo","true","0","","true","<div class = centerbox><div  id = stim1></div></div>","32","32","750","","test","go","39","random","","",""
"","319","32","1425","0","test_block","poldrack-single-stim","54","92356","0.0-5.0-40.0","go-nogo","true","0","","true","<div class = centerbox><div  id = stim1></div></div>","32","32","750","","test","go","40","random","","",""
"","305","32","1490","0","test_block","poldrack-single-stim","55","93922","0.0-5.0-41.0","go-nogo","true","0","","true","<div class = centerbox><div  id = stim1></div></div>","32","32","750","","test","go","41","random","","",""
"","247","32","1304","0","test_block","poldrack-single-stim","56","95351","0.0-5.0-42.0","go-nogo","true","0","","true","<div class = centerbox><div  id = stim1></div></div>","32","32","750","","test","go","42","random","","",""
"","339","32","1125","0","test_block","poldrack-single-stim","57","96583","0.0-5.0-43.0","go-nogo","true","0","","true","<div class = centerbox><div  id = stim1></div></div>","32","32","750","","test","go","43","random","","",""
"","-1","-1","1498","0","test_block","poldrack-single-stim","58","98172","0.0-5.0-44.0","go-nogo","true","0","","true","<div class = centerbox><div  id = stim2></div></div>","-1","32","750","","test","nogo","44","random","","",""
"","314","32","1169","0","test_block","poldrack-single-stim","59","99451","0.0-5.0-45.0","go-nogo","true","0","","true","<div class = centerbox><div  id = stim1></div></div>","32","32","750","","test","go","45","random","","",""
"","301","32","1492","0","test_block","poldrack-single-stim","60","101001","0.0-5.0-46.0","go-nogo","true","0","","true","<div class = centerbox><div  id = stim1></div></div>","32","32","750","","test","go","46","random","","",""
"","273","32","1457","0","test_block","poldrack-single-stim","61","102561","0.0-5.0-47.0","go-nogo","true","0","","true","<div class = centerbox><div  id = stim1></div></div>","32","32","750","","test","go","47","random","","",""
"","268","32","1391","0","test_block","poldrack-single-stim","62","104066","0.0-5.0-48.0","go-nogo","true","0","","true","<div class = centerbox><div  id = stim1></div></div>","32","32","750","","test","go","48","random","","",""
"","390","32","1052","0","test_block","poldrack-single-stim","63","105181","0.0-5.0-49.0","go-nogo","true","0","","true","<div class = centerbox><div  id = stim1></div></div>","32","32","750","","test","go","49","random","","",""
"","417","32","1029","0","test_block","poldrack-single-stim","64","106321","0.0-5.0-50.0","go-nogo","true","0","","true","<div class = centerbox><div  id = stim1></div></div>","32","32","750","","test","go","50","random","","",""
"","363","32","1317","0","test_block","poldrack-single-stim","65","107702","0.0-5.0-51.0","go-nogo","true","0","","true","<div class = centerbox><div  id = stim1></div></div>","32","32","750","","test","go","51","random","","",""
"","238","32","1295","0","test_block","poldrack-single-stim","66","109090","0.0-5.0-52.0","go-nogo","true","0","","true","<div class = centerbox><div  id = stim1></div></div>","32","32","750","","test","go","52","random","","",""
"","269","32","1344","0","test_block","poldrack-single-stim","67","110503","0.0-5.0-53.0","go-nogo","true","0","","true","<div class = centerbox><div  id = stim1></div></div>","32","32","750","","test","go","53","random","","",""
"","273","32","1197","0","test_block","poldrack-single-stim","68","111812","0.0-5.0-54.0","go-nogo","true","0","","true","<div class = centerbox><div  id = stim1></div></div>","32","32","750","","test","go","54","random","","",""
"","259","32","1447","0","test_block","poldrack-single-stim","69","113371","0.0-5.0-55.0","go-nogo","true","0","","true","<div class = centerbox><div  id = stim1></div></div>","32","32","750","","test","go","55","random","","",""
"","273","32","1030","0","test_block","poldrack-single-stim","70","114442","0.0-5.0-56.0","go-nogo","true","0","","true","<div class = centerbox><div  id = stim1></div></div>","32","32","750","","test","go","56","random","","",""
"","-1","-1","1134","0","test_block","poldrack-single-stim","71","115677","0.0-5.0-57.0","go-nogo","true","0","","true","<div class = centerbox><div  id = stim2></div></div>","-1","32","750","","test","nogo","57","random","","",""
"","499","32","1318","0","test_block","poldrack-single-stim","72","117081","0.0-5.0-58.0","go-nogo","true","0","","true","<div class = centerbox><div  id = stim1></div></div>","32","32","750","","test","go","58","random","","",""
"","505","32","1090","0","test_block","poldrack-single-stim","73","118262","0.0-5.0-59.0","go-nogo","true","0","","true","<div class = centerbox><div  id = stim1></div></div>","32","32","750","","test","go","59","random","","",""
"","786","32","1224","0","test_block","poldrack-single-stim","74","119541","0.0-5.0-60.0","go-nogo","true","0","","true","<div class = centerbox><div  id = stim1></div></div>","32","32","750","","test","go","60","random","","",""
"","591","32","1296","0","test_block","poldrack-single-stim","75","120952","0.0-5.0-61.0","go-nogo","true","0","","true","<div class = centerbox><div  id = stim1></div></div>","32","32","750","","test","go","61","random","","",""
"","260","32","1011","0","test_block","poldrack-single-stim","76","122054","0.0-5.0-62.0","go-nogo","true","0","","true","<div class = centerbox><div  id = stim1></div></div>","32","32","750","","test","go","62","random","","",""
"","237","32","1190","0","test_block","poldrack-single-stim","77","123340","0.0-5.0-63.0","go-nogo","true","0","","true","<div class = centerbox><div  id = stim1></div></div>","32","32","750","","test","go","63","random","","",""
"","218","32","1154","0","test_block","poldrack-single-stim","78","124552","0.0-5.0-64.0","go-nogo","true","0","","true","<div class = centerbox><div  id = stim1></div></div>","32","32","750","","test","go","64","random","","",""
"","341","32","1216","0","test_block","poldrack-single-stim","79","125872","0.0-5.0-65.0","go-nogo","true","0","","true","<div class = centerbox><div  id = stim1></div></div>","32","32","750","","test","go","65","random","","",""
"","312","32","1390","0","test_block","poldrack-single-stim","80","127361","0.0-5.0-66.0","go-nogo","true","0","","true","<div class = centerbox><div  id = stim1></div></div>","32","32","750","","test","go","66","random","","",""
"","325","32","1091","0","test_block","poldrack-single-stim","81","128512","0.0-5.0-67.0","go-nogo","true","0","","true","<div class = centerbox><div  id = stim1></div></div>","32","32","750","","test","go","67","random","","",""
"","228","32","1430","0","test_block","poldrack-single-stim","82","130051","0.0-5.0-68.0","go-nogo","true","0","","false","<div class = centerbox><div  id = stim2></div></div>","-1","32","750","","test","nogo","68","random","","",""
"","299","32","1232","0","test_block","poldrack-single-stim","83","131352","0.0-5.0-69.0","go-nogo","true","0","","true","<div class = centerbox><div  id = stim1></div></div>","32","32","750","","test","go","69","random","","",""
"","355","32","1325","0","test_block","poldrack-single-stim","84","132791","0.0-5.0-70.0","go-nogo","true","0","","true","<div class = centerbox><div  id = stim1></div></div>","32","32","750","","test","go","70","random","","",""
"","253","32","1197","0","test_block","poldrack-single-stim","85","134072","0.0-5.0-71.0","go-nogo","true","0","","true","<div class = centerbox><div  id = stim1></div></div>","32","32","750","","test","go","71","random","","",""
"","303","32","1210","0","test_block","poldrack-single-stim","86","135405","0.0-5.0-72.0","go-nogo","true","0","","true","<div class = centerbox><div  id = stim1></div></div>","32","32","750","","test","go","72","random","","",""
"","423","32","1152","0","test_block","poldrack-single-stim","87","136696","0.0-5.0-73.0","go-nogo","true","0","","true","<div class = centerbox><div  id = stim1></div></div>","32","32","750","","test","go","73","random","","",""
"","347","32","1397","0","test_block","poldrack-single-stim","88","138161","0.0-5.0-74.0","go-nogo","true","0","","true","<div class = centerbox><div  id = stim1></div></div>","32","32","750","","test","go","74","random","","",""
"","203","32","1311","0","test_block","poldrack-single-stim","89","139571","0.0-5.0-75.0","go-nogo","true","0","","true","<div class = centerbox><div  id = stim1></div></div>","32","32","750","","test","go","75","random","","",""
"","275","32","1117","0","test_block","poldrack-single-stim","90","140752","0.0-5.0-76.0","go-nogo","true","0","","true","<div class = centerbox><div  id = stim1></div></div>","32","32","750","","test","go","76","random","","",""
"","367","32","1072","0","test_block","poldrack-single-stim","91","141927","0.0-5.0-77.0","go-nogo","true","0","","true","<div class = centerbox><div  id = stim1></div></div>","32","32","750","","test","go","77","random","","",""
"","383","32","1350","0","test_block","poldrack-single-stim","92","143321","0.0-5.0-78.0","go-nogo","true","0","","true","<div class = centerbox><div  id = stim1></div></div>","32","32","750","","test","go","78","random","","",""
"","287","32","1336","0","test_block","poldrack-single-stim","93","144751","0.0-5.0-79.0","go-nogo","true","0","","true","<div class = centerbox><div  id = stim1></div></div>","32","32","750","","test","go","79","random","","",""
"","257","32","1319","0","test_block","poldrack-single-stim","94","146111","0.0-5.0-80.0","go-nogo","true","0","","true","<div class = centerbox><div  id = stim1></div></div>","32","32","750","","test","go","80","random","","",""
"","267","32","1298","0","test_block","poldrack-single-stim","95","147501","0.0-5.0-81.0","go-nogo","true","0","","true","<div class = centerbox><div  id = stim1></div></div>","32","32","750","","test","go","81","random","","",""
"","255","32","1252","0","test_block","poldrack-single-stim","96","148822","0.0-5.0-82.0","go-nogo","true","0","","true","<div class = centerbox><div  id = stim1></div></div>","32","32","750","","test","go","82","random","","",""
"","258","32","1075","0","test_block","poldrack-single-stim","97","150002","0.0-5.0-83.0","go-nogo","true","0","","false","<div class = centerbox><div  id = stim2></div></div>","-1","32","750","","test","nogo","83","random","","",""
"","321","32","1481","0","test_block","poldrack-single-stim","98","151587","0.0-5.0-84.0","go-nogo","true","0","","true","<div class = centerbox><div  id = stim1></div></div>","32","32","750","","test","go","84","random","","",""
"","296","32","1425","0","test_block","poldrack-single-stim","99","153081","0.0-5.0-85.0","go-nogo","true","0","","true","<div class = centerbox><div  id = stim1></div></div>","32","32","750","","test","go","85","random","","",""
"","293","32","1103","0","test_block","poldrack-single-stim","100","154286","0.0-5.0-86.0","go-nogo","true","0","","true","<div class = centerbox><div  id = stim1></div></div>","32","32","750","","test","go","86","random","","",""
"","-1","-1","1237","0","test_block","poldrack-single-stim","101","155571","0.0-5.0-87.0","go-nogo","true","0","","true","<div class = centerbox><div  id = stim2></div></div>","-1","32","750","","test","nogo","87","random","","",""
"","-1","-1","1106","0","test_block","poldrack-single-stim","102","156783","0.0-5.0-88.0","go-nogo","true","0","","true","<div class = centerbox><div  id = stim2></div></div>","-1","32","750","","test","nogo","88","random","","",""
"","373","32","1442","0","test_block","poldrack-single-stim","103","158322","0.0-5.0-89.0","go-nogo","true","0","","true","<div class = centerbox><div  id = stim1></div></div>","32","32","750","","test","go","89","random","","",""
"","281","32","1258","0","test_block","poldrack-single-stim","104","159671","0.0-5.0-90.0","go-nogo","true","0","","true","<div class = centerbox><div  id = stim1></div></div>","32","32","750","","test","go","90","random","","",""
"","263","32","1317","0","test_block","poldrack-single-stim","105","161086","0.0-5.0-91.0","go-nogo","true","0","","true","<div class = centerbox><div  id = stim1></div></div>","32","32","750","","test","go","91","random","","",""
"","-1","-1","1210","0","test_block","poldrack-single-stim","106","162372","0.0-5.0-92.0","go-nogo","true","0","","true","<div class = centerbox><div  id = stim2></div></div>","-1","32","750","","test","nogo","92","random","","",""
"","294","32","1217","0","test_block","poldrack-single-stim","107","163692","0.0-5.0-93.0","go-nogo","true","0","","true","<div class = centerbox><div  id = stim1></div></div>","32","32","750","","test","go","93","random","","",""
"","288","32","1123","0","test_block","poldrack-single-stim","108","164892","0.0-5.0-94.0","go-nogo","true","0","","true","<div class = centerbox><div  id = stim1></div></div>","32","32","750","","test","go","94","random","","",""
"","312","32","1406","0","test_block","poldrack-single-stim","109","166392","0.0-5.0-95.0","go-nogo","true","0","","true","<div class = centerbox><div  id = stim1></div></div>","32","32","750","","test","go","95","random","","",""
"","312","32","1175","0","test_block","poldrack-single-stim","110","167661","0.0-5.0-96.0","go-nogo","true","0","","true","<div class = centerbox><div  id = stim1></div></div>","32","32","750","","test","go","96","random","","",""
"","-1","-1","1270","0","test_block","poldrack-single-stim","111","169027","0.0-5.0-97.0","go-nogo","true","0","","true","<div class = centerbox><div  id = stim2></div></div>","-1","32","750","","test","nogo","97","random","","",""
"","256","32","1396","0","test_block","poldrack-single-stim","112","170521","0.0-5.0-98.0","go-nogo","true","0","","true","<div class = centerbox><div  id = stim1></div></div>","32","32","750","","test","go","98","random","","",""
"","376","32","1147","0","test_block","poldrack-single-stim","113","171701","0.0-5.0-99.0","go-nogo","true","0","","true","<div class = centerbox><div  id = stim1></div></div>","32","32","750","","test","go","99","random","","",""
"","538","32","1061","0","test_block","poldrack-single-stim","114","172871","0.0-5.0-100.0","go-nogo","true","0","","true","<div class = centerbox><div  id = stim1></div></div>","32","32","750","","test","go","100","random","","",""
"","405","32","1240","0","test_block","poldrack-single-stim","115","174171","0.0-5.0-101.0","go-nogo","true","0","","true","<div class = centerbox><div  id = stim1></div></div>","32","32","750","","test","go","101","random","","",""
"","286","32","1208","0","test_block","poldrack-single-stim","116","175513","0.0-5.0-102.0","go-nogo","true","0","","true","<div class = centerbox><div  id = stim1></div></div>","32","32","750","","test","go","102","random","","",""
"","354","32","1484","0","test_block","poldrack-single-stim","117","177092","0.0-5.0-103.0","go-nogo","true","0","","true","<div class = centerbox><div  id = stim1></div></div>","32","32","750","","test","go","103","random","","",""
"","294","32","1230","0","test_block","poldrack-single-stim","118","178370","0.0-5.0-104.0","go-nogo","true","0","","true","<div class = centerbox><div  id = stim1></div></div>","32","32","750","","test","go","104","random","","",""
"","239","32","1013","0","test_block","poldrack-single-stim","119","179431","0.0-5.0-105.0","go-nogo","true","0","","true","<div class = centerbox><div  id = stim1></div></div>","32","32","750","","test","go","105","random","","",""
"","302","32","1139","0","test_block","poldrack-single-stim","120","180652","0.0-5.0-106.0","go-nogo","true","0","","true","<div class = centerbox><div  id = stim1></div></div>","32","32","750","","test","go","106","random","","",""
"","-1","-1","1133","0","test_block","poldrack-single-stim","121","181872","0.0-5.0-107.0","go-nogo","true","0","","true","<div class = centerbox><div  id = stim2></div></div>","-1","32","750","","test","nogo","107","random","","",""
"","262","32","1232","0","test_block","poldrack-single-stim","122","183213","0.0-5.0-108.0","go-nogo","true","0","","true","<div class = centerbox><div  id = stim1></div></div>","32","32","750","","test","go","108","random","","",""
"","261","32","1190","0","test_block","poldrack-single-stim","123","184491","0.0-5.0-109.0","go-nogo","true","0","","true","<div class = centerbox><div  id = stim1></div></div>","32","32","750","","test","go","109","random","","",""
"","380","32","1047","0","test_block","poldrack-single-stim","124","185593","0.0-5.0-110.0","go-nogo","true","0","","true","<div class = centerbox><div  id = stim1></div></div>","32","32","750","","test","go","110","random","","",""
"","362","32","1240","0","test_block","poldrack-single-stim","125","186932","0.0-5.0-111.0","go-nogo","true","0","","true","<div class = centerbox><div  id = stim1></div></div>","32","32","750","","test","go","111","random","","",""
"","-1","-1","1402","0","test_block","poldrack-single-stim","126","188436","0.0-5.0-112.0","go-nogo","true","0","","true","<div class = centerbox><div  id = stim2></div></div>","-1","32","750","","test","nogo","112","random","","",""
"","325","32","1062","0","test_block","poldrack-single-stim","127","189551","0.0-5.0-113.0","go-nogo","true","0","","true","<div class = centerbox><div  id = stim1></div></div>","32","32","750","","test","go","113","random","","",""
"","454","32","1419","0","test_block","poldrack-single-stim","128","191064","0.0-5.0-114.0","go-nogo","true","0","","true","<div class = centerbox><div  id = stim1></div></div>","32","32","750","","test","go","114","random","","",""
"","349","32","1020","0","test_block","poldrack-single-stim","129","192152","0.0-5.0-115.0","go-nogo","true","0","","true","<div class = centerbox><div  id = stim1></div></div>","32","32","750","","test","go","115","random","","",""
"","430","32","1011","0","test_block","poldrack-single-stim","130","193251","0.0-5.0-116.0","go-nogo","true","0","","true","<div class = centerbox><div  id = stim1></div></div>","32","32","750","","test","go","116","random","","",""
"","456","32","1283","0","test_block","poldrack-single-stim","131","194592","0.0-5.0-117.0","go-nogo","true","0","","true","<div class = centerbox><div  id = stim1></div></div>","32","32","750","","test","go","117","random","","",""
"","335","32","1150","0","test_block","poldrack-single-stim","132","195841","0.0-5.0-118.0","go-nogo","true","0","","true","<div class = centerbox><div  id = stim1></div></div>","32","32","750","","test","go","118","random","","",""
"","419","32","1422","0","test_block","poldrack-single-stim","133","197326","0.0-5.0-119.0","go-nogo","true","0","","true","<div class = centerbox><div  id = stim1></div></div>","32","32","750","","test","go","119","random","","",""
"","366","32","1389","0","test_block","poldrack-single-stim","134","198792","0.0-5.0-120.0","go-nogo","true","0","","true","<div class = centerbox><div  id = stim1></div></div>","32","32","750","","test","go","120","random","","",""
"","278","32","1401","0","test_block","poldrack-single-stim","135","200291","0.0-5.0-121.0","go-nogo","true","0","","true","<div class = centerbox><div  id = stim1></div></div>","32","32","750","","test","go","121","random","","",""
"","394","32","1104","0","test_block","poldrack-single-stim","136","201451","0.0-5.0-122.0","go-nogo","true","0","","true","<div class = centerbox><div  id = stim1></div></div>","32","32","750","","test","go","122","random","","",""
"","308","32","1296","0","test_block","poldrack-single-stim","137","202852","0.0-5.0-123.0","go-nogo","true","0","","true","<div class = centerbox><div  id = stim1></div></div>","32","32","750","","test","go","123","random","","",""
"","-1","-1","1043","0","test_block","poldrack-single-stim","138","203972","0.0-5.0-124.0","go-nogo","true","0","","true","<div class = centerbox><div  id = stim2></div></div>","-1","32","750","","test","nogo","124","random","","",""
"","281","32","1108","0","test_block","poldrack-single-stim","139","205187","0.0-5.0-125.0","go-nogo","true","0","","true","<div class = centerbox><div  id = stim1></div></div>","32","32","750","","test","go","125","random","","",""
"","323","32","1315","0","test_block","poldrack-single-stim","140","206592","0.0-5.0-126.0","go-nogo","true","0","","true","<div class = centerbox><div  id = stim1></div></div>","32","32","750","","test","go","126","random","","",""
"","286","32","1067","0","test_block","poldrack-single-stim","141","207752","0.0-5.0-127.0","go-nogo","true","0","","true","<div class = centerbox><div  id = stim1></div></div>","32","32","750","","test","go","127","random","","",""
"","277","32","1323","0","test_block","poldrack-single-stim","142","209133","0.0-5.0-128.0","go-nogo","true","0","","true","<div class = centerbox><div  id = stim1></div></div>","32","32","750","","test","go","128","random","","",""
"","286","32","1158","0","test_block","poldrack-single-stim","143","210412","0.0-5.0-129.0","go-nogo","true","0","","true","<div class = centerbox><div  id = stim1></div></div>","32","32","750","","test","go","129","random","","",""
"","287","32","1091","0","test_block","poldrack-single-stim","144","211593","0.0-5.0-130.0","go-nogo","true","0","","true","<div class = centerbox><div  id = stim1></div></div>","32","32","750","","test","go","130","random","","",""
"","260","32","1069","0","test_block","poldrack-single-stim","145","212761","0.0-5.0-131.0","go-nogo","true","0","","true","<div class = centerbox><div  id = stim1></div></div>","32","32","750","","test","go","131","random","","",""
"","293","32","1391","0","test_block","poldrack-single-stim","146","214202","0.0-5.0-132.0","go-nogo","true","0","","true","<div class = centerbox><div  id = stim1></div></div>","32","32","750","","test","go","132","random","","",""
"","276","32","1488","0","test_block","poldrack-single-stim","147","215782","0.0-5.0-133.0","go-nogo","true","0","","true","<div class = centerbox><div  id = stim1></div></div>","32","32","750","","test","go","133","random","","",""
"","252","32","1251","0","test_block","poldrack-single-stim","148","217127","0.0-5.0-134.0","go-nogo","true","0","","true","<div class = centerbox><div  id = stim1></div></div>","32","32","750","","test","go","134","random","","",""
"","241","32","1466","0","test_block","poldrack-single-stim","149","218690","0.0-5.0-135.0","go-nogo","true","0","","true","<div class = centerbox><div  id = stim1></div></div>","32","32","750","","test","go","135","random","","",""
"","300","32","1149","0","test_block","poldrack-single-stim","150","219956","0.0-5.0-136.0","go-nogo","true","0","","true","<div class = centerbox><div  id = stim1></div></div>","32","32","750","","test","go","136","random","","",""
"","406","32","1227","0","test_block","poldrack-single-stim","151","221221","0.0-5.0-137.0","go-nogo","true","0","","true","<div class = centerbox><div  id = stim1></div></div>","32","32","750","","test","go","137","random","","",""
"","268","32","1224","0","test_block","poldrack-single-stim","152","222542","0.0-5.0-138.0","go-nogo","true","0","","true","<div class = centerbox><div  id = stim1></div></div>","32","32","750","","test","go","138","random","","",""
"","-1","-1","1430","0","test_block","poldrack-single-stim","153","224002","0.0-5.0-139.0","go-nogo","true","0","","true","<div class = centerbox><div  id = stim2></div></div>","-1","32","750","","test","nogo","139","random","","",""
"","326","32","1236","0","test_block","poldrack-single-stim","154","225342","0.0-5.0-140.0","go-nogo","true","0","","true","<div class = centerbox><div  id = stim1></div></div>","32","32","750","","test","go","140","random","","",""
"","321","32","1080","0","test_block","poldrack-single-stim","155","226499","0.0-5.0-141.0","go-nogo","true","0","","true","<div class = centerbox><div  id = stim1></div></div>","32","32","750","","test","go","141","random","","",""
"","325","32","1311","0","test_block","poldrack-single-stim","156","227912","0.0-5.0-142.0","go-nogo","true","0","","true","<div class = centerbox><div  id = stim1></div></div>","32","32","750","","test","go","142","random","","",""
"","78","32","1333","0","test_block","poldrack-single-stim","157","229341","0.0-5.0-143.0","go-nogo","true","0","","true","<div class = centerbox><div  id = stim1></div></div>","32","32","750","","test","go","143","random","","",""
"","467","32","1488","0","test_block","poldrack-single-stim","158","230881","0.0-5.0-144.0","go-nogo","true","0","","true","<div class = centerbox><div  id = stim1></div></div>","32","32","750","","test","go","144","random","","",""
"","77","32","1070","0","test_block","poldrack-single-stim","159","232051","0.0-5.0-145.0","go-nogo","true","0","","true","<div class = centerbox><div  id = stim1></div></div>","32","32","750","","test","go","145","random","","",""
"","329","32","1152","0","test_block","poldrack-single-stim","160","233252","0.0-5.0-146.0","go-nogo","true","0","","true","<div class = centerbox><div  id = stim1></div></div>","32","32","750","","test","go","146","random","","",""
"","286","32","1340","0","test_block","poldrack-single-stim","161","234692","0.0-5.0-147.0","go-nogo","true","0","","true","<div class = centerbox><div  id = stim1></div></div>","32","32","750","","test","go","147","random","","",""
"","262","32","1436","0","test_block","poldrack-single-stim","162","236216","0.0-5.0-148.0","go-nogo","true","0","","true","<div class = centerbox><div  id = stim1></div></div>","32","32","750","","test","go","148","random","","",""
"","280","32","1417","0","test_block","poldrack-single-stim","163","237691","0.0-5.0-149.0","go-nogo","true","0","","true","<div class = centerbox><div  id = stim1></div></div>","32","32","750","","test","go","149","random","","",""
"","-1","-1","1176","0","test_block","poldrack-single-stim","164","238962","0.0-5.0-150.0","go-nogo","true","0","","true","<div class = centerbox><div  id = stim2></div></div>","-1","32","750","","test","nogo","150","random","","",""
"","258","32","1028","0","test_block","poldrack-single-stim","165","240051","0.0-5.0-151.0","go-nogo","true","0","","true","<div class = centerbox><div  id = stim1></div></div>","32","32","750","","test","go","151","random","","",""
"","289","32","1164","0","test_block","poldrack-single-stim","166","241312","0.0-5.0-152.0","go-nogo","true","0","","true","<div class = centerbox><div  id = stim1></div></div>","32","32","750","","test","go","152","random","","",""
"","287","32","1437","0","test_block","poldrack-single-stim","167","242832","0.0-5.0-153.0","go-nogo","true","0","","true","<div class = centerbox><div  id = stim1></div></div>","32","32","750","","test","go","153","random","","",""
"","262","32","1462","0","test_block","poldrack-single-stim","168","244391","0.0-5.0-154.0","go-nogo","true","0","","true","<div class = centerbox><div  id = stim1></div></div>","32","32","750","","test","go","154","random","","",""
"","418","32","1161","0","test_block","poldrack-single-stim","169","245620","0.0-5.0-155.0","go-nogo","true","0","","true","<div class = centerbox><div  id = stim1></div></div>","32","32","750","","test","go","155","random","","",""
"","561","32","1364","0","test_block","poldrack-single-stim","170","247042","0.0-5.0-156.0","go-nogo","true","0","","true","<div class = centerbox><div  id = stim1></div></div>","32","32","750","","test","go","156","random","","",""
"","416","32","1285","0","test_block","poldrack-single-stim","171","248442","0.0-5.0-157.0","go-nogo","true","0","","true","<div class = centerbox><div  id = stim1></div></div>","32","32","750","","test","go","157","random","","",""
"","339","32","1158","0","test_block","poldrack-single-stim","172","249672","0.0-5.0-158.0","go-nogo","true","0","","true","<div class = centerbox><div  id = stim1></div></div>","32","32","750","","test","go","158","random","","",""
"","1364","32","1427","0","test_block","poldrack-single-stim","173","251202","0.0-5.0-159.0","go-nogo","true","0","","false","<div class = centerbox><div  id = stim2></div></div>","-1","32","750","","test","nogo","159","random","","",""
"","332","32","1146","0","test_block","poldrack-single-stim","174","252482","0.0-5.0-160.0","go-nogo","true","0","","true","<div class = centerbox><div  id = stim1></div></div>","32","32","750","","test","go","160","random","","",""
"","321","32","1319","0","test_block","poldrack-single-stim","175","253862","0.0-5.0-161.0","go-nogo","true","0","","true","<div class = centerbox><div  id = stim1></div></div>","32","32","750","","test","go","161","random","","",""
"","349","32","1433","0","test_block","poldrack-single-stim","176","255391","0.0-5.0-162.0","go-nogo","true","0","","true","<div class = centerbox><div  id = stim1></div></div>","32","32","750","","test","go","162","random","","",""
"","269","32","1058","0","test_block","poldrack-single-stim","177","256554","0.0-5.0-163.0","go-nogo","true","0","","true","<div class = centerbox><div  id = stim1></div></div>","32","32","750","","test","go","163","random","","",""
"","416","32","1111","0","test_block","poldrack-single-stim","178","257764","0.0-5.0-164.0","go-nogo","true","0","","true","<div class = centerbox><div  id = stim1></div></div>","32","32","750","","test","go","164","random","","",""
"","296","32","1245","0","test_block","poldrack-single-stim","179","259101","0.0-5.0-165.0","go-nogo","true","0","","true","<div class = centerbox><div  id = stim1></div></div>","32","32","750","","test","go","165","random","","",""
"","246","32","1202","0","test_block","poldrack-single-stim","180","260361","0.0-5.0-166.0","go-nogo","true","0","","true","<div class = centerbox><div  id = stim1></div></div>","32","32","750","","test","go","166","random","","",""
"","336","32","1246","0","test_block","poldrack-single-stim","181","261651","0.0-5.0-167.0","go-nogo","true","0","","true","<div class = centerbox><div  id = stim1></div></div>","32","32","750","","test","go","167","random","","",""
"","271","32","1249","0","test_block","poldrack-single-stim","182","262961","0.0-5.0-168.0","go-nogo","true","0","","true","<div class = centerbox><div  id = stim1></div></div>","32","32","750","","test","go","168","random","","",""
"","273","32","1472","0","test_block","poldrack-single-stim","183","264522","0.0-5.0-169.0","go-nogo","true","0","","true","<div class = centerbox><div  id = stim1></div></div>","32","32","750","","test","go","169","random","","",""
"","93","32","1178","0","test_block","poldrack-single-stim","184","265782","0.0-5.0-170.0","go-nogo","true","0","","true","<div class = centerbox><div  id = stim1></div></div>","32","32","750","","test","go","170","random","","",""
"","281","32","1130","0","test_block","poldrack-single-stim","185","267011","0.0-5.0-171.0","go-nogo","true","0","","true","<div class = centerbox><div  id = stim1></div></div>","32","32","750","","test","go","171","random","","",""
"","-1","-1","1087","0","test_block","poldrack-single-stim","186","268172","0.0-5.0-172.0","go-nogo","true","0","","true","<div class = centerbox><div  id = stim2></div></div>","-1","32","750","","test","nogo","172","random","","",""
"","256","32","1286","0","test_block","poldrack-single-stim","187","269551","0.0-5.0-173.0","go-nogo","true","0","","true","<div class = centerbox><div  id = stim1></div></div>","32","32","750","","test","go","173","random","","",""
"","268","32","1481","0","test_block","poldrack-single-stim","188","271156","0.0-5.0-174.0","go-nogo","true","0","","true","<div class = centerbox><div  id = stim1></div></div>","32","32","750","","test","go","174","random","","",""
"","269","32","1069","0","test_block","poldrack-single-stim","189","272291","0.0-5.0-175.0","go-nogo","true","0","","false","<div class = centerbox><div  id = stim2></div></div>","-1","32","750","","test","nogo","175","random","","",""
"","250","32","1048","0","test_block","poldrack-single-stim","190","273452","0.0-5.0-176.0","go-nogo","true","0","","true","<div class = centerbox><div  id = stim1></div></div>","32","32","750","","test","go","176","random","","",""
"","327","32","1317","0","test_block","poldrack-single-stim","191","274843","0.0-5.0-177.0","go-nogo","true","0","","true","<div class = centerbox><div  id = stim1></div></div>","32","32","750","","test","go","177","random","","",""
"","-1","-1","1364","0","test_block","poldrack-single-stim","192","276302","0.0-5.0-178.0","go-nogo","true","0","","true","<div class = centerbox><div  id = stim2></div></div>","-1","32","750","","test","nogo","178","random","","",""
"","308","32","1404","0","test_block","poldrack-single-stim","193","277812","0.0-5.0-179.0","go-nogo","true","0","","true","<div class = centerbox><div  id = stim1></div></div>","32","32","750","","test","go","179","random","","",""
"","401","32","1203","0","test_block","poldrack-single-stim","194","279111","0.0-5.0-180.0","go-nogo","true","0","","true","<div class = centerbox><div  id = stim1></div></div>","32","32","750","","test","go","180","random","","",""
"","360","32","1469","0","test_block","poldrack-single-stim","195","280691","0.0-5.0-181.0","go-nogo","true","0","","true","<div class = centerbox><div  id = stim1></div></div>","32","32","750","","test","go","181","random","","",""
"","352","32","1297","0","test_block","poldrack-single-stim","196","282052","0.0-5.0-182.0","go-nogo","true","0","","true","<div class = centerbox><div  id = stim1></div></div>","32","32","750","","test","go","182","random","","",""
"","258","32","1224","0","test_block","poldrack-single-stim","197","283371","0.0-5.0-183.0","go-nogo","true","0","","true","<div class = centerbox><div  id = stim1></div></div>","32","32","750","","test","go","183","random","","",""
"","294","32","1125","0","test_block","poldrack-single-stim","198","284573","0.0-5.0-184.0","go-nogo","true","0","","true","<div class = centerbox><div  id = stim1></div></div>","32","32","750","","test","go","184","random","","",""
"","281","32","1407","0","test_block","poldrack-single-stim","199","286077","0.0-5.0-185.0","go-nogo","true","0","","true","<div class = centerbox><div  id = stim1></div></div>","32","32","750","","test","go","185","random","","",""
"","289","32","1156","0","test_block","poldrack-single-stim","200","287281","0.0-5.0-186.0","go-nogo","true","0","","true","<div class = centerbox><div  id = stim1></div></div>","32","32","750","","test","go","186","random","","",""
"","344","32","1035","0","test_block","poldrack-single-stim","201","288422","0.0-5.0-187.0","go-nogo","true","0","","false","<div class = centerbox><div  id = stim2></div></div>","-1","32","750","","test","nogo","187","random","","",""
"","107","32","1293","0","test_block","poldrack-single-stim","202","289748","0.0-5.0-188.0","go-nogo","true","0","","true","<div class = centerbox><div  id = stim1></div></div>","32","32","750","","test","go","188","random","","",""
"","287","32","1054","0","test_block","poldrack-single-stim","203","290891","0.0-5.0-189.0","go-nogo","true","0","","true","<div class = centerbox><div  id = stim1></div></div>","32","32","750","","test","go","189","random","","",""
"","372","32","1213","0","test_block","poldrack-single-stim","204","292172","0.0-5.0-190.0","go-nogo","true","0","","true","<div class = centerbox><div  id = stim1></div></div>","32","32","750","","test","go","190","random","","",""
"","323","32","1449","0","test_block","poldrack-single-stim","205","293722","0.0-5.0-191.0","go-nogo","true","0","","true","<div class = centerbox><div  id = stim1></div></div>","32","32","750","","test","go","191","random","","",""
"","375","32","1040","0","test_block","poldrack-single-stim","206","294863","0.0-5.0-192.0","go-nogo","true","0","","true","<div class = centerbox><div  id = stim1></div></div>","32","32","750","","test","go","192","random","","",""
"","272","32","1368","0","test_block","poldrack-single-stim","207","296352","0.0-5.0-193.0","go-nogo","true","0","","true","<div class = centerbox><div  id = stim1></div></div>","32","32","750","","test","go","193","random","","",""
"","296","32","1390","0","test_block","poldrack-single-stim","208","297831","0.0-5.0-194.0","go-nogo","true","0","","true","<div class = centerbox><div  id = stim1></div></div>","32","32","750","","test","go","194","random","","",""
"","351","32","1140","0","test_block","poldrack-single-stim","209","299032","0.0-5.0-195.0","go-nogo","true","0","","true","<div class = centerbox><div  id = stim1></div></div>","32","32","750","","test","go","195","random","","",""
"","325","32","1241","0","test_block","poldrack-single-stim","210","300372","0.0-5.0-196.0","go-nogo","true","0","","true","<div class = centerbox><div  id = stim1></div></div>","32","32","750","","test","go","196","random","","",""
"","263","32","1190","0","test_block","poldrack-single-stim","211","301651","0.0-5.0-197.0","go-nogo","true","0","","true","<div class = centerbox><div  id = stim1></div></div>","32","32","750","","test","go","197","random","","",""
"","-1","-1","1444","0","test_block","poldrack-single-stim","212","303132","0.0-5.0-198.0","go-nogo","true","0","","true","<div class = centerbox><div  id = stim2></div></div>","-1","32","750","","test","nogo","198","random","","",""
"","284","32","1433","0","test_block","poldrack-single-stim","213","304660","0.0-5.0-199.0","go-nogo","true","0","","true","<div class = centerbox><div  id = stim1></div></div>","32","32","750","","test","go","199","random","","",""
"","303","32","1378","0","test_block","poldrack-single-stim","214","306126","0.0-5.0-200.0","go-nogo","true","0","","true","<div class = centerbox><div  id = stim1></div></div>","32","32","750","","test","go","200","random","","",""
"","265","32","1443","0","test_block","poldrack-single-stim","215","307682","0.0-5.0-201.0","go-nogo","true","0","","true","<div class = centerbox><div  id = stim1></div></div>","32","32","750","","test","go","201","random","","",""
"","294","32","1398","0","test_block","poldrack-single-stim","216","309177","0.0-5.0-202.0","go-nogo","true","0","","true","<div class = centerbox><div  id = stim1></div></div>","32","32","750","","test","go","202","random","","",""
"","341","32","1043","0","test_block","poldrack-single-stim","217","310282","0.0-5.0-203.0","go-nogo","true","0","","true","<div class = centerbox><div  id = stim1></div></div>","32","32","750","","test","go","203","random","","",""
"","293","32","1013","0","test_block","poldrack-single-stim","218","311393","0.0-5.0-204.0","go-nogo","true","0","","true","<div class = centerbox><div  id = stim1></div></div>","32","32","750","","test","go","204","random","","",""
"","-1","-1","1115","0","test_block","poldrack-single-stim","219","312583","0.0-5.0-205.0","go-nogo","true","0","","true","<div class = centerbox><div  id = stim2></div></div>","-1","32","750","","test","nogo","205","random","","",""
"","309","32","1308","0","test_block","poldrack-single-stim","220","313997","0.0-5.0-206.0","go-nogo","true","0","","true","<div class = centerbox><div  id = stim1></div></div>","32","32","750","","test","go","206","random","","",""
"","339","32","1067","0","test_block","poldrack-single-stim","221","315132","0.0-5.0-207.0","go-nogo","true","0","","true","<div class = centerbox><div  id = stim1></div></div>","32","32","750","","test","go","207","random","","",""
"","427","32","1048","0","test_block","poldrack-single-stim","222","316272","0.0-5.0-208.0","go-nogo","true","0","","true","<div class = centerbox><div  id = stim1></div></div>","32","32","750","","test","go","208","random","","",""
"","261","32","1052","0","test_block","poldrack-single-stim","223","317373","0.0-5.0-209.0","go-nogo","true","0","","true","<div class = centerbox><div  id = stim1></div></div>","32","32","750","","test","go","209","random","","",""
"","-1","-1","1025","0","test_block","poldrack-single-stim","224","318512","0.0-5.0-210.0","go-nogo","true","0","","true","<div class = centerbox><div  id = stim2></div></div>","-1","32","750","","test","nogo","210","random","","",""
"","264","32","1450","0","test_block","poldrack-single-stim","225","320022","0.0-5.0-211.0","go-nogo","true","0","","true","<div class = centerbox><div  id = stim1></div></div>","32","32","750","","test","go","211","random","","",""
"","284","32","1374","0","test_block","poldrack-single-stim","226","321521","0.0-5.0-212.0","go-nogo","true","0","","true","<div class = centerbox><div  id = stim1></div></div>","32","32","750","","test","go","212","random","","",""
"","289","32","1355","0","test_block","poldrack-single-stim","227","322981","0.0-5.0-213.0","go-nogo","true","0","","true","<div class = centerbox><div  id = stim1></div></div>","32","32","750","","test","go","213","random","","",""
"","299","32","1152","0","test_block","poldrack-single-stim","228","324196","0.0-5.0-214.0","go-nogo","true","0","","true","<div class = centerbox><div  id = stim1></div></div>","32","32","750","","test","go","214","random","","",""
"","254","32","1159","0","test_block","poldrack-single-stim","229","325462","0.0-5.0-215.0","go-nogo","true","0","","true","<div class = centerbox><div  id = stim1></div></div>","32","32","750","","test","go","215","random","","",""
"","270","32","1322","0","test_block","poldrack-single-stim","230","326899","0.0-5.0-216.0","go-nogo","true","0","","true","<div class = centerbox><div  id = stim1></div></div>","32","32","750","","test","go","216","random","","",""
"","274","32","1415","0","test_block","poldrack-single-stim","231","328373","0.0-5.0-217.0","go-nogo","true","0","","true","<div class = centerbox><div  id = stim1></div></div>","32","32","750","","test","go","217","random","","",""
"","330","32","1295","0","test_block","poldrack-single-stim","232","329767","0.0-5.0-218.0","go-nogo","true","0","","true","<div class = centerbox><div  id = stim1></div></div>","32","32","750","","test","go","218","random","","",""
"","293","32","1180","0","test_block","poldrack-single-stim","233","331012","0.0-5.0-219.0","go-nogo","true","0","","true","<div class = centerbox><div  id = stim1></div></div>","32","32","750","","test","go","219","random","","",""
"","336","32","1097","0","test_block","poldrack-single-stim","234","332206","0.0-5.0-220.0","go-nogo","true","0","","true","<div class = centerbox><div  id = stim1></div></div>","32","32","750","","test","go","220","random","","",""
"","418","32","1444","0","test_block","poldrack-single-stim","235","333722","0.0-5.0-221.0","go-nogo","true","0","","true","<div class = centerbox><div  id = stim1></div></div>","32","32","750","","test","go","221","random","","",""
"","244","32","1434","0","test_block","poldrack-single-stim","236","335242","0.0-5.0-222.0","go-nogo","true","0","","true","<div class = centerbox><div  id = stim1></div></div>","32","32","750","","test","go","222","random","","",""
"","41","32","1458","0","test_block","poldrack-single-stim","237","336802","0.0-5.0-223.0","go-nogo","true","0","","true","<div class = centerbox><div  id = stim1></div></div>","32","32","750","","test","go","223","random","","",""
"","308","32","1180","0","test_block","poldrack-single-stim","238","338052","0.0-5.0-224.0","go-nogo","true","0","","true","<div class = centerbox><div  id = stim1></div></div>","32","32","750","","test","go","224","random","","",""
"","263","32","1248","0","test_block","poldrack-single-stim","239","339412","0.0-5.0-225.0","go-nogo","true","0","","true","<div class = centerbox><div  id = stim1></div></div>","32","32","750","","test","go","225","random","","",""
"","-1","-1","1171","0","test_block","poldrack-single-stim","240","340652","0.0-5.0-226.0","go-nogo","true","0","","false","<div class = centerbox><div  id = stim1></div></div>","32","32","750","","test","go","226","random","","",""
"","228","32","1388","0","test_block","poldrack-single-stim","241","342132","0.0-5.0-227.0","go-nogo","true","0","","true","<div class = centerbox><div  id = stim1></div></div>","32","32","750","","test","go","227","random","","",""
"","317","32","1239","0","test_block","poldrack-single-stim","242","343472","0.0-5.0-228.0","go-nogo","true","0","","true","<div class = centerbox><div  id = stim1></div></div>","32","32","750","","test","go","228","random","","",""
"","380","32","1211","0","test_block","poldrack-single-stim","243","344753","0.0-5.0-229.0","go-nogo","true","0","","true","<div class = centerbox><div  id = stim1></div></div>","32","32","750","","test","go","229","random","","",""
"","217","32","1002","0","test_block","poldrack-single-stim","244","345852","0.0-5.0-230.0","go-nogo","true","0","","true","<div class = centerbox><div  id = stim1></div></div>","32","32","750","","test","go","230","random","","",""
"","166","32","1483","0","test_block","poldrack-single-stim","245","347421","0.0-5.0-231.0","go-nogo","true","0","","false","<div class = centerbox><div  id = stim2></div></div>","-1","32","750","","test","nogo","231","random","","",""
"","317","32","1220","0","test_block","poldrack-single-stim","246","348741","0.0-5.0-232.0","go-nogo","true","0","","true","<div class = centerbox><div  id = stim1></div></div>","32","32","750","","test","go","232","random","","",""
"","214","32","1249","0","test_block","poldrack-single-stim","247","350052","0.0-5.0-233.0","go-nogo","true","0","","true","<div class = centerbox><div  id = stim1></div></div>","32","32","750","","test","go","233","random","","",""
"","553","32","1461","0","test_block","poldrack-single-stim","248","351592","0.0-5.0-234.0","go-nogo","true","0","","true","<div class = centerbox><div  id = stim1></div></div>","32","32","750","","test","go","234","random","","",""
"","262","32","1437","0","test_block","poldrack-single-stim","249","353122","0.0-5.0-235.0","go-nogo","true","0","","true","<div class = centerbox><div  id = stim1></div></div>","32","32","750","","test","go","235","random","","",""
"","280","32","1390","0","test_block","poldrack-single-stim","250","354582","0.0-5.0-236.0","go-nogo","true","0","","true","<div class = centerbox><div  id = stim1></div></div>","32","32","750","","test","go","236","random","","",""
"","396","32","1467","0","test_block","poldrack-single-stim","251","356151","0.0-5.0-237.0","go-nogo","true","0","","true","<div class = centerbox><div  id = stim1></div></div>","32","32","750","","test","go","237","random","","",""
"","301","32","1381","0","test_block","poldrack-single-stim","252","357642","0.0-5.0-238.0","go-nogo","true","0","","true","<div class = centerbox><div  id = stim1></div></div>","32","32","750","","test","go","238","random","","",""
"","352","32","1162","0","test_block","poldrack-single-stim","253","358872","0.0-5.0-239.0","go-nogo","true","0","","true","<div class = centerbox><div  id = stim1></div></div>","32","32","750","","test","go","239","random","","",""
"","496","32","1192","0","test_block","poldrack-single-stim","254","360152","0.0-5.0-240.0","go-nogo","true","0","","true","<div class = centerbox><div  id = stim1></div></div>","32","32","750","","test","go","240","random","","",""
"","-1","-1","1310","0","test_block","poldrack-single-stim","255","361533","0.0-5.0-241.0","go-nogo","true","0","","false","<div class = centerbox><div  id = stim1></div></div>","32","32","750","","test","go","241","random","","",""
"","244","32","1489","0","test_block","poldrack-single-stim","256","363116","0.0-5.0-242.0","go-nogo","true","0","","true","<div class = centerbox><div  id = stim1></div></div>","32","32","750","","test","go","242","random","","",""
"","284","32","1419","0","test_block","poldrack-single-stim","257","364652","0.0-5.0-243.0","go-nogo","true","0","","true","<div class = centerbox><div  id = stim1></div></div>","32","32","750","","test","go","243","random","","",""
"","886","32","1056","0","test_block","poldrack-single-stim","258","365834","0.0-5.0-244.0","go-nogo","true","0","","true","<div class = centerbox><div  id = stim1></div></div>","32","32","750","","test","go","244","random","","",""
"","256","32","1392","0","test_block","poldrack-single-stim","259","367331","0.0-5.0-245.0","go-nogo","true","0","","true","<div class = centerbox><div  id = stim1></div></div>","32","32","750","","test","go","245","random","","",""
"","111","32","1095","0","test_block","poldrack-single-stim","260","368492","0.0-5.0-246.0","go-nogo","true","0","","true","<div class = centerbox><div  id = stim1></div></div>","32","32","750","","test","go","246","random","","",""
"","446","32","1334","0","test_block","poldrack-single-stim","261","369922","0.0-5.0-247.0","go-nogo","true","0","","true","<div class = centerbox><div  id = stim1></div></div>","32","32","750","","test","go","247","random","","",""
"","379","32","1129","0","test_block","poldrack-single-stim","262","371153","0.0-5.0-248.0","go-nogo","true","0","","true","<div class = centerbox><div  id = stim1></div></div>","32","32","750","","test","go","248","random","","",""
"","460","32","1411","0","test_block","poldrack-single-stim","263","372651","0.0-5.0-249.0","go-nogo","true","0","","true","<div class = centerbox><div  id = stim1></div></div>","32","32","750","","test","go","249","random","","",""
"","345","32","1139","0","test_block","poldrack-single-stim","264","373832","0.0-5.0-250.0","go-nogo","true","0","","true","<div class = centerbox><div  id = stim1></div></div>","32","32","750","","test","go","250","random","","",""
"","273","32","1395","0","test_block","poldrack-single-stim","265","375332","0.0-5.0-251.0","go-nogo","true","0","","true","<div class = centerbox><div  id = stim1></div></div>","32","32","750","","test","go","251","random","","",""
"","184","32","1159","0","test_block","poldrack-single-stim","266","376622","0.0-5.0-252.0","go-nogo","true","0","","false","<div class = centerbox><div  id = stim2></div></div>","-1","32","750","","test","nogo","252","random","","",""
"","497","32","1091","0","test_block","poldrack-single-stim","267","377792","0.0-5.0-253.0","go-nogo","true","0","","true","<div class = centerbox><div  id = stim1></div></div>","32","32","750","","test","go","253","random","","",""
"","259","32","1049","0","test_block","poldrack-single-stim","268","378932","0.0-5.0-254.0","go-nogo","true","0","","true","<div class = centerbox><div  id = stim1></div></div>","32","32","750","","test","go","254","random","","",""
"","284","32","1051","0","test_block","poldrack-single-stim","269","380071","0.0-5.0-255.0","go-nogo","true","0","","true","<div class = centerbox><div  id = stim1></div></div>","32","32","750","","test","go","255","random","","",""
"","293","32","1443","0","test_block","poldrack-single-stim","270","381583","0.0-5.0-256.0","go-nogo","true","0","","true","<div class = centerbox><div  id = stim1></div></div>","32","32","750","","test","go","256","random","","",""
"","233","32","1255","0","test_block","poldrack-single-stim","271","382962","0.0-5.0-257.0","go-nogo","true","0","","true","<div class = centerbox><div  id = stim1></div></div>","32","32","750","","test","go","257","random","","",""
"","297","32","1233","0","test_block","poldrack-single-stim","272","384301","0.0-5.0-258.0","go-nogo","true","0","","true","<div class = centerbox><div  id = stim1></div></div>","32","32","750","","test","go","258","random","","",""
"","276","32","1315","0","test_block","poldrack-single-stim","273","385662","0.0-5.0-259.0","go-nogo","true","0","","true","<div class = centerbox><div  id = stim1></div></div>","32","32","750","","test","go","259","random","","",""
"","273","32","1325","0","test_block","poldrack-single-stim","274","387081","0.0-5.0-260.0","go-nogo","true","0","","true","<div class = centerbox><div  id = stim1></div></div>","32","32","750","","test","go","260","random","","",""
"","210","32","1143","0","test_block","poldrack-single-stim","275","388292","0.0-5.0-261.0","go-nogo","true","0","","true","<div class = centerbox><div  id = stim1></div></div>","32","32","750","","test","go","261","random","","",""
"","338","32","1404","0","test_block","poldrack-single-stim","276","389812","0.0-5.0-262.0","go-nogo","true","0","","true","<div class = centerbox><div  id = stim1></div></div>","32","32","750","","test","go","262","random","","",""
"","0","32","1279","0","test_block","poldrack-single-stim","277","391182","0.0-5.0-263.0","go-nogo","true","0","","true","<div class = centerbox><div  id = stim1></div></div>","32","32","750","","test","go","263","random","","",""
"","8","32","1361","0","test_block","poldrack-single-stim","278","392642","0.0-5.0-264.0","go-nogo","true","0","","true","<div class = centerbox><div  id = stim1></div></div>","32","32","750","","test","go","264","random","","",""
"","774","32","1497","0","test_block","poldrack-single-stim","279","394237","0.0-5.0-265.0","go-nogo","true","0","","true","<div class = centerbox><div  id = stim1></div></div>","32","32","750","","test","go","265","random","","",""
"","233","32","1491","0","test_block","poldrack-single-stim","280","395793","0.0-5.0-266.0","go-nogo","true","0","","true","<div class = centerbox><div  id = stim1></div></div>","32","32","750","","test","go","266","random","","",""
"","287","32","1007","0","test_block","poldrack-single-stim","281","396943","0.0-5.0-267.0","go-nogo","true","0","","true","<div class = centerbox><div  id = stim1></div></div>","32","32","750","","test","go","267","random","","",""
"","400","32","1443","0","test_block","poldrack-single-stim","282","398492","0.0-5.0-268.0","go-nogo","true","0","","true","<div class = centerbox><div  id = stim1></div></div>","32","32","750","","test","go","268","random","","",""
"","478","32","1462","0","test_block","poldrack-single-stim","283","400012","0.0-5.0-269.0","go-nogo","true","0","","true","<div class = centerbox><div  id = stim1></div></div>","32","32","750","","test","go","269","random","","",""
"","415","32","1185","0","test_block","poldrack-single-stim","284","401302","0.0-5.0-270.0","go-nogo","true","0","","true","<div class = centerbox><div  id = stim1></div></div>","32","32","750","","test","go","270","random","","",""
"","728","32","1122","0","test_block","poldrack-single-stim","285","402502","0.0-5.0-271.0","go-nogo","true","0","","true","<div class = centerbox><div  id = stim1></div></div>","32","32","750","","test","go","271","random","","",""
"","366","32","1006","0","test_block","poldrack-single-stim","286","403623","0.0-5.0-272.0","go-nogo","true","0","","true","<div class = centerbox><div  id = stim1></div></div>","32","32","750","","test","go","272","random","","",""
"","264","32","1214","0","test_block","poldrack-single-stim","287","404902","0.0-5.0-273.0","go-nogo","true","0","","true","<div class = centerbox><div  id = stim1></div></div>","32","32","750","","test","go","273","random","","",""
"","287","32","1067","0","test_block","poldrack-single-stim","288","406102","0.0-5.0-274.0","go-nogo","true","0","","true","<div class = centerbox><div  id = stim1></div></div>","32","32","750","","test","go","274","random","","",""
"","-1","-1","1004","0","test_block","poldrack-single-stim","289","407163","0.0-5.0-275.0","go-nogo","true","0","","true","<div class = centerbox><div  id = stim2></div></div>","-1","32","750","","test","nogo","275","random","","",""
"","296","32","1173","0","test_block","poldrack-single-stim","290","408432","0.0-5.0-276.0","go-nogo","true","0","","true","<div class = centerbox><div  id = stim1></div></div>","32","32","750","","test","go","276","random","","",""
"","254","32","1284","0","test_block","poldrack-single-stim","291","409811","0.0-5.0-277.0","go-nogo","true","0","","true","<div class = centerbox><div  id = stim1></div></div>","32","32","750","","test","go","277","random","","",""
"","320","32","1206","0","test_block","poldrack-single-stim","292","411092","0.0-5.0-278.0","go-nogo","true","0","","true","<div class = centerbox><div  id = stim1></div></div>","32","32","750","","test","go","278","random","","",""
"","48","32","1348","0","test_block","poldrack-single-stim","293","412512","0.0-5.0-279.0","go-nogo","true","0","","true","<div class = centerbox><div  id = stim1></div></div>","32","32","750","","test","go","279","random","","",""
"","242","32","1253","0","test_block","poldrack-single-stim","294","413812","0.0-5.0-280.0","go-nogo","true","0","","true","<div class = centerbox><div  id = stim1></div></div>","32","32","750","","test","go","280","random","","",""
"","274","32","1354","0","test_block","poldrack-single-stim","295","415273","0.0-5.0-281.0","go-nogo","true","0","","true","<div class = centerbox><div  id = stim1></div></div>","32","32","750","","test","go","281","random","","",""
"","322","32","1131","0","test_block","poldrack-single-stim","296","416473","0.0-5.0-282.0","go-nogo","true","0","","true","<div class = centerbox><div  id = stim1></div></div>","32","32","750","","test","go","282","random","","",""
"","550","32","1275","0","test_block","poldrack-single-stim","297","417852","0.0-5.0-283.0","go-nogo","true","0","","true","<div class = centerbox><div  id = stim1></div></div>","32","32","750","","test","go","283","random","","",""
"","329","32","1102","0","test_block","poldrack-single-stim","298","419020","0.0-5.0-284.0","go-nogo","true","0","","true","<div class = centerbox><div  id = stim1></div></div>","32","32","750","","test","go","284","random","","",""
"","318","32","1202","0","test_block","poldrack-single-stim","299","420322","0.0-5.0-285.0","go-nogo","true","0","","true","<div class = centerbox><div  id = stim1></div></div>","32","32","750","","test","go","285","random","","",""
"","94","32","1339","0","test_block","poldrack-single-stim","300","421712","0.0-5.0-286.0","go-nogo","true","0","","true","<div class = centerbox><div  id = stim1></div></div>","32","32","750","","test","go","286","random","","",""
"","297","32","1488","0","test_block","poldrack-single-stim","301","423302","0.0-5.0-287.0","go-nogo","true","0","","true","<div class = centerbox><div  id = stim1></div></div>","32","32","750","","test","go","287","random","","",""
"","300","32","1065","0","test_block","poldrack-single-stim","302","424473","0.0-5.0-288.0","go-nogo","true","0","","false","<div class = centerbox><div  id = stim2></div></div>","-1","32","750","","test","nogo","288","random","","",""
"","254","32","1446","0","test_block","poldrack-single-stim","303","426003","0.0-5.0-289.0","go-nogo","true","0","","true","<div class = centerbox><div  id = stim1></div></div>","32","32","750","","test","go","289","random","","",""
"","289","32","1382","0","test_block","poldrack-single-stim","304","427462","0.0-5.0-290.0","go-nogo","true","0","","true","<div class = centerbox><div  id = stim1></div></div>","32","32","750","","test","go","290","random","","",""
"","251","32","1070","0","test_block","poldrack-single-stim","305","428602","0.0-5.0-291.0","go-nogo","true","0","","true","<div class = centerbox><div  id = stim1></div></div>","32","32","750","","test","go","291","random","","",""
"","323","32","1069","0","test_block","poldrack-single-stim","306","429771","0.0-5.0-292.0","go-nogo","true","0","","true","<div class = centerbox><div  id = stim1></div></div>","32","32","750","","test","go","292","random","","",""
"","314","32","1198","0","test_block","poldrack-single-stim","307","431012","0.0-5.0-293.0","go-nogo","true","0","","true","<div class = centerbox><div  id = stim1></div></div>","32","32","750","","test","go","293","random","","",""
"","309","32","1397","0","test_block","poldrack-single-stim","308","432522","0.0-5.0-294.0","go-nogo","true","0","","true","<div class = centerbox><div  id = stim1></div></div>","32","32","750","","test","go","294","random","","",""
"","472","32","1355","0","test_block","poldrack-single-stim","309","433972","0.0-5.0-295.0","go-nogo","true","0","","true","<div class = centerbox><div  id = stim1></div></div>","32","32","750","","test","go","295","random","","",""
"","318","32","1089","0","test_block","poldrack-single-stim","310","435152","0.0-5.0-296.0","go-nogo","true","0","","false","<div class = centerbox><div  id = stim2></div></div>","-1","32","750","","test","nogo","296","random","","",""
"","235","32","1153","0","test_block","poldrack-single-stim","311","436403","0.0-5.0-297.0","go-nogo","true","0","","true","<div class = centerbox><div  id = stim1></div></div>","32","32","750","","test","go","297","random","","",""
"","275","32","1019","0","test_block","poldrack-single-stim","312","437502","0.0-5.0-298.0","go-nogo","true","0","","true","<div class = centerbox><div  id = stim1></div></div>","32","32","750","","test","go","298","random","","",""
"","395","32","1406","0","test_block","poldrack-single-stim","313","439010","0.0-5.0-299.0","go-nogo","true","0","","true","<div class = centerbox><div  id = stim1></div></div>","32","32","750","","test","go","299","random","","",""
"","463","32","1397","0","test_block","poldrack-single-stim","314","440481","0.0-5.0-300.0","go-nogo","true","0","","true","<div class = centerbox><div  id = stim1></div></div>","32","32","750","","test","go","300","random","","",""
"","419","32","1410","0","test_block","poldrack-single-stim","315","441983","0.0-5.0-301.0","go-nogo","true","0","","true","<div class = centerbox><div  id = stim1></div></div>","32","32","750","","test","go","301","random","","",""
"","334","32","1073","0","test_block","poldrack-single-stim","316","443153","0.0-5.0-302.0","go-nogo","true","0","","true","<div class = centerbox><div  id = stim1></div></div>","32","32","750","","test","go","302","random","","",""
"","381","32","1469","0","test_block","poldrack-single-stim","317","444724","0.0-5.0-303.0","go-nogo","true","0","","true","<div class = centerbox><div  id = stim1></div></div>","32","32","750","","test","go","303","random","","",""
"","305","32","1377","0","test_block","poldrack-single-stim","318","446202","0.0-5.0-304.0","go-nogo","true","0","","true","<div class = centerbox><div  id = stim1></div></div>","32","32","750","","test","go","304","random","","",""
"","269","32","1262","0","test_block","poldrack-single-stim","319","447522","0.0-5.0-305.0","go-nogo","true","0","","true","<div class = centerbox><div  id = stim1></div></div>","32","32","750","","test","go","305","random","","",""
"","256","32","1478","0","test_block","poldrack-single-stim","320","449092","0.0-5.0-306.0","go-nogo","true","0","","true","<div class = centerbox><div  id = stim1></div></div>","32","32","750","","test","go","306","random","","",""
"","268","32","1479","0","test_block","poldrack-single-stim","321","450662","0.0-5.0-307.0","go-nogo","true","0","","true","<div class = centerbox><div  id = stim1></div></div>","32","32","750","","test","go","307","random","","",""
"","105","32","1363","0","test_block","poldrack-single-stim","322","452073","0.0-5.0-308.0","go-nogo","true","0","","true","<div class = centerbox><div  id = stim1></div></div>","32","32","750","","test","go","308","random","","",""
"","270","32","1062","0","test_block","poldrack-single-stim","323","453242","0.0-5.0-309.0","go-nogo","true","0","","true","<div class = centerbox><div  id = stim1></div></div>","32","32","750","","test","go","309","random","","",""
"","383","32","1475","0","test_block","poldrack-single-stim","324","454803","0.0-5.0-310.0","go-nogo","true","0","","true","<div class = centerbox><div  id = stim1></div></div>","32","32","750","","test","go","310","random","","",""
"","71","32","1293","0","test_block","poldrack-single-stim","325","456171","0.0-5.0-311.0","go-nogo","true","0","","true","<div class = centerbox><div  id = stim1></div></div>","32","32","750","","test","go","311","random","","",""
"","840","32","1304","0","test_block","poldrack-single-stim","326","457532","0.0-5.0-312.0","go-nogo","true","0","","true","<div class = centerbox><div  id = stim1></div></div>","32","32","750","","test","go","312","random","","",""
"","199","32","1084","0","test_block","poldrack-single-stim","327","458713","0.0-5.0-313.0","go-nogo","true","0","","true","<div class = centerbox><div  id = stim1></div></div>","32","32","750","","test","go","313","random","","",""
"","361","32","1038","0","test_block","poldrack-single-stim","328","459852","0.0-5.0-314.0","go-nogo","true","0","","true","<div class = centerbox><div  id = stim1></div></div>","32","32","750","","test","go","314","random","","",""
"","-1","-1","1173","0","test_block","poldrack-single-stim","329","461122","0.0-5.0-315.0","go-nogo","true","0","","true","<div class = centerbox><div  id = stim2></div></div>","-1","32","750","","test","nogo","315","random","","",""
"","300","32","1349","0","test_block","poldrack-single-stim","330","462567","0.0-5.0-316.0","go-nogo","true","0","","true","<div class = centerbox><div  id = stim1></div></div>","32","32","750","","test","go","316","random","","",""
"","572","32","1183","0","test_block","poldrack-single-stim","331","463813","0.0-5.0-317.0","go-nogo","true","0","","true","<div class = centerbox><div  id = stim1></div></div>","32","32","750","","test","go","317","random","","",""
"","938","32","1375","0","test_block","poldrack-single-stim","332","465297","0.0-5.0-318.0","go-nogo","true","0","","true","<div class = centerbox><div  id = stim1></div></div>","32","32","750","","test","go","318","random","","",""
"","1","32","1214","0","test_block","poldrack-single-stim","333","466582","0.0-5.0-319.0","go-nogo","true","0","","true","<div class = centerbox><div  id = stim1></div></div>","32","32","750","","test","go","319","random","","",""
"","298","32","1003","0","test_block","poldrack-single-stim","334","467682","0.0-5.0-320.0","go-nogo","true","0","","true","<div class = centerbox><div  id = stim1></div></div>","32","32","750","","test","go","320","random","","",""
"","299","32","1274","0","test_block","poldrack-single-stim","335","469052","0.0-5.0-321.0","go-nogo","true","0","","true","<div class = centerbox><div  id = stim1></div></div>","32","32","750","","test","go","321","random","","",""
"","255","32","1424","0","test_block","poldrack-single-stim","336","470513","0.0-5.0-322.0","go-nogo","true","0","","true","<div class = centerbox><div  id = stim1></div></div>","32","32","750","","test","go","322","random","","",""
"","351","32","1239","0","test_block","poldrack-single-stim","337","471828","0.0-5.0-323.0","go-nogo","true","0","","false","<div class = centerbox><div  id = stim2></div></div>","-1","32","750","","test","nogo","323","random","","",""
"","284","32","1357","0","test_block","poldrack-single-stim","338","473242","0.0-5.0-324.0","go-nogo","true","0","","true","<div class = centerbox><div  id = stim1></div></div>","32","32","750","","test","go","324","random","","",""
"","875","32","1153","0","test_block","poldrack-single-stim","339","474502","0.0-5.0-325.0","go-nogo","true","0","","true","<div class = centerbox><div  id = stim1></div></div>","32","32","750","","test","go","325","random","","",""
"","262","32","1013","0","test_block","poldrack-single-stim","340","475583","0.0-5.0-326.0","go-nogo","true","0","","true","<div class = centerbox><div  id = stim1></div></div>","32","32","750","","test","go","326","random","","",""
"","278","32","1277","0","test_block","poldrack-single-stim","341","476962","0.0-5.0-327.0","go-nogo","true","0","","true","<div class = centerbox><div  id = stim1></div></div>","32","32","750","","test","go","327","random","","",""
"","269","32","1150","0","test_block","poldrack-single-stim","342","478182","0.0-5.0-328.0","go-nogo","true","0","","true","<div class = centerbox><div  id = stim1></div></div>","32","32","750","","test","go","328","random","","",""
"","285","32","1016","0","test_block","poldrack-single-stim","343","479292","0.0-5.0-329.0","go-nogo","true","0","","true","<div class = centerbox><div  id = stim1></div></div>","32","32","750","","test","go","329","random","","",""
"","1070","32","1331","0","test_block","poldrack-single-stim","344","480672","0.0-5.0-330.0","go-nogo","true","0","","false","<div class = centerbox><div  id = stim2></div></div>","-1","32","750","","test","nogo","330","random","","",""
"","219","32","1433","0","test_block","poldrack-single-stim","345","482232","0.0-5.0-331.0","go-nogo","true","0","","true","<div class = centerbox><div  id = stim1></div></div>","32","32","750","","test","go","331","random","","",""
"","299","32","1126","0","test_block","poldrack-single-stim","346","483462","0.0-5.0-332.0","go-nogo","true","0","","true","<div class = centerbox><div  id = stim1></div></div>","32","32","750","","test","go","332","random","","",""
"","545","32","1215","0","test_block","poldrack-single-stim","347","484742","0.0-5.0-333.0","go-nogo","true","0","","true","<div class = centerbox><div  id = stim1></div></div>","32","32","750","","test","go","333","random","","",""
"","610","32","1315","0","test_block","poldrack-single-stim","348","486149","0.0-5.0-334.0","go-nogo","true","0","","true","<div class = centerbox><div  id = stim1></div></div>","32","32","750","","test","go","334","random","","",""
"","50","32","1410","0","test_block","poldrack-single-stim","349","487662","0.0-5.0-335.0","go-nogo","true","0","","true","<div class = centerbox><div  id = stim1></div></div>","32","32","750","","test","go","335","random","","",""
"","1","32","1124","0","test_block","poldrack-single-stim","350","488842","0.0-5.0-336.0","go-nogo","true","0","","true","<div class = centerbox><div  id = stim1></div></div>","32","32","750","","test","go","336","random","","",""
"","355","32","1399","0","test_block","poldrack-single-stim","351","490342","0.0-5.0-337.0","go-nogo","true","0","","true","<div class = centerbox><div  id = stim1></div></div>","32","32","750","","test","go","337","random","","",""
"","-1","-1","1156","0","test_block","poldrack-single-stim","352","491562","0.0-5.0-338.0","go-nogo","true","0","","true","<div class = centerbox><div  id = stim2></div></div>","-1","32","750","","test","nogo","338","random","","",""
"","-1","-1","1035","0","test_block","poldrack-single-stim","353","492703","0.0-5.0-339.0","go-nogo","true","0","","false","<div class = centerbox><div  id = stim1></div></div>","32","32","750","","test","go","339","random","","",""
"","248","32","1115","0","test_block","poldrack-single-stim","354","493862","0.0-5.0-340.0","go-nogo","true","0","","true","<div class = centerbox><div  id = stim1></div></div>","32","32","750","","test","go","340","random","","",""
"","258","32","1039","0","test_block","poldrack-single-stim","355","494997","0.0-5.0-341.0","go-nogo","true","0","","true","<div class = centerbox><div  id = stim1></div></div>","32","32","750","","test","go","341","random","","",""
"","846","32","1125","0","test_block","poldrack-single-stim","356","496202","0.0-5.0-342.0","go-nogo","true","0","","true","<div class = centerbox><div  id = stim1></div></div>","32","32","750","","test","go","342","random","","",""
"","175","32","1107","0","test_block","poldrack-single-stim","357","497402","0.0-5.0-343.0","go-nogo","true","0","","true","<div class = centerbox><div  id = stim1></div></div>","32","32","750","","test","go","343","random","","",""
"","267","32","1235","0","test_block","poldrack-single-stim","358","498682","0.0-5.0-344.0","go-nogo","true","0","","true","<div class = centerbox><div  id = stim1></div></div>","32","32","750","","test","go","344","random","","",""
"","227","32","1051","0","test_block","poldrack-single-stim","359","499822","0.0-5.0-345.0","go-nogo","true","0","","true","<div class = centerbox><div  id = stim1></div></div>","32","32","750","","test","go","345","random","","",""
"","441","32","1148","0","test_block","poldrack-single-stim","360","501053","0.0-5.0-346.0","go-nogo","true","0","","true","<div class = centerbox><div  id = stim1></div></div>","32","32","750","","test","go","346","random","","",""
"","294","32","1312","0","test_block","poldrack-single-stim","361","502457","0.0-5.0-347.0","go-nogo","true","0","","true","<div class = centerbox><div  id = stim1></div></div>","32","32","750","","test","go","347","random","","",""
"","262","32","1246","0","test_block","poldrack-single-stim","362","503752","0.0-5.0-348.0","go-nogo","true","0","","true","<div class = centerbox><div  id = stim1></div></div>","32","32","750","","test","go","348","random","","",""
"","370","32","1436","0","test_block","poldrack-single-stim","363","505283","0.0-5.0-349.0","go-nogo","true","0","","true","<div class = centerbox><div  id = stim1></div></div>","32","32","750","","test","go","349","random","","",""
"","38679","","","","post task questions","survey-text","364","544064","0.0-7.0","go-nogo","true","0","","","","","","","","","","","","{""Q0"":""click the spacebar when the orange square, do nothing when the blue square appears"",""Q1"":""good study""}","",""
