"text","rt","key_press","block_duration","timing_post_trial","trial_id","trial_type","trial_index","time_elapsed","internal_node_id","exp_id","full_screen","focus_shifts","view_history","correct","stimulus","correct_response","possible_responses","stim_duration","feedback_duration","exp_stage","condition","trial_num","mode","responses","payment_id","credit_var"
"<div class = centerbox><p class = center-block-text>Welcome to the experiment. This task will take around 10 minutes. Press <strong>enter</strong> to begin.</p></div>","7817","13","7817","0","instruction","poldrack-text","0","7818","0.0-0.0-0.0","go-nogo","true","0","","","","","","","","","","","","","",""
"","5051","","","","instruction","poldrack-instructions","1","12870","0.0-0.0-1.0","go-nogo","true","0","[{""page_index"":0,""viewing_time"":5040}]","","","","","","","","","","","","",""
"","1047","32","1158","250","practice","poldrack-categorize","2","16049","0.0-1.0-0.0","go-nogo","true","0","","true","<div class = centerbox><div  id = stim2></div></div>","32","32","750","1000","practice","go","0","random","","",""
"","483","32","1458","250","practice","poldrack-categorize","3","18771","0.0-1.0-1.0","go-nogo","true","0","","true","<div class = centerbox><div  id = stim2></div></div>","32","32","750","1000","practice","go","1","random","","",""
"","354","32","1179","250","practice","poldrack-categorize","4","21208","0.0-1.0-2.0","go-nogo","true","0","","true","<div class = centerbox><div  id = stim2></div></div>","32","32","750","1000","practice","go","2","random","","",""
"","389","32","1049","250","practice","poldrack-categorize","5","23522","0.0-1.0-3.0","go-nogo","true","0","","true","<div class = centerbox><div  id = stim2></div></div>","32","32","750","1000","practice","go","3","random","","",""
"","-1","-1","1208","250","practice","poldrack-categorize","6","25985","0.0-1.0-4.0","go-nogo","true","0","","true","<div class = centerbox><div id = stim1></div></div>","-1","32","750","1000","practice","nogo","4","random","","",""
"","428","32","1247","250","practice","poldrack-categorize","7","28501","0.0-1.0-5.0","go-nogo","true","0","","true","<div class = centerbox><div  id = stim2></div></div>","32","32","750","1000","practice","go","5","random","","",""
"","350","32","1011","250","practice","poldrack-categorize","8","30767","0.0-1.0-6.0","go-nogo","true","0","","false","<div class = centerbox><div id = stim1></div></div>","-1","32","750","1000","practice","nogo","6","random","","",""
"","-1","-1","1346","250","practice","poldrack-categorize","9","33367","0.0-1.0-7.0","go-nogo","true","0","","true","<div class = centerbox><div id = stim1></div></div>","-1","32","750","1000","practice","nogo","7","random","","",""
"","-1","-1","1089","250","practice","poldrack-categorize","10","35710","0.0-1.0-8.0","go-nogo","true","0","","true","<div class = centerbox><div id = stim1></div></div>","-1","32","750","1000","practice","nogo","8","random","","",""
"","-1","-1","1433","250","practice","poldrack-categorize","11","38396","0.0-1.0-9.0","go-nogo","true","0","","true","<div class = centerbox><div id = stim1></div></div>","-1","32","750","1000","practice","nogo","9","random","","",""
"","","","","","reset_trial","call-function","12","38647","0.0-3.0","go-nogo","true","0","","","","","","","","","","","","","",""
"<div class = centerbox><p class = block-text>Practice is over, we will now begin the experiment. You will no longer get feedback about your responses.</p><p class = block-text>Remember, if you see the <font color=""blue"">blue</font> square you should <strong> respond by pressing the spacebar as quickly as possible</strong>. If you see the <font color=""orange"">orange</font> square you should <strong> not respond</strong>. Press <strong>enter</strong> to begin.</p></div>","2049","13","2049","1000","test_intro","poldrack-text","13","40698","0.0-4.0","go-nogo","true","0","","","","","","","","","","","","","",""
"","-1","-1","1281","0","test_block","poldrack-single-stim","14","42982","0.0-5.0-0.0","go-nogo","true","0","","true","<div class = centerbox><div  id = stim1></div></div>","-1","32","750","","test","nogo","0","random","","",""
"","638","32","1146","0","test_block","poldrack-single-stim","15","44202","0.0-5.0-1.0","go-nogo","true","0","","true","<div class = centerbox><div  id = stim2></div></div>","32","32","750","","test","go","1","random","","",""
"","443","32","1378","0","test_block","poldrack-single-stim","16","45623","0.0-5.0-2.0","go-nogo","true","0","","true","<div class = centerbox><div  id = stim2></div></div>","32","32","750","","test","go","2","random","","",""
"","722","32","1241","0","test_block","poldrack-single-stim","17","46900","0.0-5.0-3.0","go-nogo","true","0","","true","<div class = centerbox><div  id = stim2></div></div>","32","32","750","","test","go","3","random","","",""
"","-1","-1","1463","0","test_block","poldrack-single-stim","18","48400","0.0-5.0-4.0","go-nogo","true","0","","true","<div class = centerbox><div  id = stim1></div></div>","-1","32","750","","test","nogo","4","random","","",""
"","-1","-1","1218","0","test_block","poldrack-single-stim","19","49654","0.0-5.0-5.0","go-nogo","true","0","","false","<div class = centerbox><div  id = stim2></div></div>","32","32","750","","test","go","5","random","","",""
"","-1","-1","1276","0","test_block","poldrack-single-stim","20","50975","0.0-5.0-6.0","go-nogo","true","0","","false","<div class = centerbox><div  id = stim2></div></div>","32","32","750","","test","go","6","random","","",""
"","-1","-1","1327","0","test_block","poldrack-single-stim","21","52340","0.0-5.0-7.0","go-nogo","true","0","","false","<div class = centerbox><div  id = stim2></div></div>","32","32","750","","test","go","7","random","","",""
"","-1","-1","1227","0","test_block","poldrack-single-stim","22","53606","0.0-5.0-8.0","go-nogo","true","0","","false","<div class = centerbox><div  id = stim2></div></div>","32","32","750","","test","go","8","random","","",""
"","-1","-1","1125","0","test_block","poldrack-single-stim","23","54762","0.0-5.0-9.0","go-nogo","true","0","","false","<div class = centerbox><div  id = stim2></div></div>","32","32","750","","test","go","9","random","","",""
"","-1","-1","1191","0","test_block","poldrack-single-stim","24","55995","0.0-5.0-10.0","go-nogo","true","0","","false","<div class = centerbox><div  id = stim2></div></div>","32","32","750","","test","go","10","random","","",""
"","-1","-1","1223","0","test_block","poldrack-single-stim","25","57251","0.0-5.0-11.0","go-nogo","true","0","","false","<div class = centerbox><div  id = stim2></div></div>","32","32","750","","test","go","11","random","","",""
"","-1","-1","1349","0","test_block","poldrack-single-stim","26","58640","0.0-5.0-12.0","go-nogo","true","0","","false","<div class = centerbox><div  id = stim2></div></div>","32","32","750","","test","go","12","random","","",""
"","-1","-1","1339","0","test_block","poldrack-single-stim","27","60011","0.0-5.0-13.0","go-nogo","true","0","","false","<div class = centerbox><div  id = stim2></div></div>","32","32","750","","test","go","13","random","","",""
"","-1","-1","1384","0","test_block","poldrack-single-stim","28","61437","0.0-5.0-14.0","go-nogo","true","0","","false","<div class = centerbox><div  id = stim2></div></div>","32","32","750","","test","go","14","random","","",""
"","-1","-1","1263","0","test_block","poldrack-single-stim","29","62744","0.0-5.0-15.0","go-nogo","true","0","","true","<div class = centerbox><div  id = stim1></div></div>","-1","32","750","","test","nogo","15","random","","",""
"","-1","-1","1033","0","test_block","poldrack-single-stim","30","63809","0.0-5.0-16.0","go-nogo","true","0","","false","<div class = centerbox><div  id = stim2></div></div>","32","32","750","","test","go","16","random","","",""
"","-1","-1","1279","0","test_block","poldrack-single-stim","31","65132","0.0-5.0-17.0","go-nogo","true","0","","true","<div class = centerbox><div  id = stim1></div></div>","-1","32","750","","test","nogo","17","random","","",""
"","-1","-1","1248","0","test_block","poldrack-single-stim","32","66414","0.0-5.0-18.0","go-nogo","true","0","","false","<div class = centerbox><div  id = stim2></div></div>","32","32","750","","test","go","18","random","","",""
"","-1","-1","1167","0","test_block","poldrack-single-stim","33","67615","0.0-5.0-19.0","go-nogo","true","0","","false","<div class = centerbox><div  id = stim2></div></div>","32","32","750","","test","go","19","random","","",""
"","-1","-1","1236","0","test_block","poldrack-single-stim","34","68884","0.0-5.0-20.0","go-nogo","true","0","","false","<div class = centerbox><div  id = stim2></div></div>","32","32","750","","test","go","20","random","","",""
"","-1","-1","1216","0","test_block","poldrack-single-stim","35","70135","0.0-5.0-21.0","go-nogo","true","0","","false","<div class = centerbox><div  id = stim2></div></div>","32","32","750","","test","go","21","random","","",""
"","-1","-1","1127","0","test_block","poldrack-single-stim","36","71292","0.0-5.0-22.0","go-nogo","true","0","","false","<div class = centerbox><div  id = stim2></div></div>","32","32","750","","test","go","22","random","","",""
"","-1","-1","1134","0","test_block","poldrack-single-stim","37","72454","0.0-5.0-23.0","go-nogo","true","0","","false","<div class = centerbox><div  id = stim2></div></div>","32","32","750","","test","go","23","random","","",""
"","-1","-1","1058","0","test_block","poldrack-single-stim","38","73539","0.0-5.0-24.0","go-nogo","true","0","","false","<div class = centerbox><div  id = stim2></div></div>","32","32","750","","test","go","24","random","","",""
"","-1","-1","1315","0","test_block","poldrack-single-stim","39","74890","0.0-5.0-25.0","go-nogo","true","0","","false","<div class = centerbox><div  id = stim2></div></div>","32","32","750","","test","go","25","random","","",""
"","-1","-1","1370","0","test_block","poldrack-single-stim","40","76297","0.0-5.0-26.0","go-nogo","true","0","","false","<div class = centerbox><div  id = stim2></div></div>","32","32","750","","test","go","26","random","","",""
"","-1","-1","1057","0","test_block","poldrack-single-stim","41","77397","0.0-5.0-27.0","go-nogo","true","0","","false","<div class = centerbox><div  id = stim2></div></div>","32","32","750","","test","go","27","random","","",""
"","-1","-1","1208","0","test_block","poldrack-single-stim","42","78645","0.0-5.0-28.0","go-nogo","true","0","","false","<div class = centerbox><div  id = stim2></div></div>","32","32","750","","test","go","28","random","","",""
"","-1","-1","1327","0","test_block","poldrack-single-stim","43","80001","0.0-5.0-29.0","go-nogo","true","0","","false","<div class = centerbox><div  id = stim2></div></div>","32","32","750","","test","go","29","random","","",""
"","-1","-1","1339","0","test_block","poldrack-single-stim","44","81369","0.0-5.0-30.0","go-nogo","true","0","","false","<div class = centerbox><div  id = stim2></div></div>","32","32","750","","test","go","30","random","","",""
"","-1","-1","1150","0","test_block","poldrack-single-stim","45","82548","0.0-5.0-31.0","go-nogo","true","0","","false","<div class = centerbox><div  id = stim2></div></div>","32","32","750","","test","go","31","random","","",""
"","-1","-1","1074","0","test_block","poldrack-single-stim","46","83655","0.0-5.0-32.0","go-nogo","true","0","","false","<div class = centerbox><div  id = stim2></div></div>","32","32","750","","test","go","32","random","","",""
"","-1","-1","1406","0","test_block","poldrack-single-stim","47","85096","0.0-5.0-33.0","go-nogo","true","0","","false","<div class = centerbox><div  id = stim2></div></div>","32","32","750","","test","go","33","random","","",""
"","-1","-1","1222","0","test_block","poldrack-single-stim","48","86354","0.0-5.0-34.0","go-nogo","true","0","","false","<div class = centerbox><div  id = stim2></div></div>","32","32","750","","test","go","34","random","","",""
"","-1","-1","1460","0","test_block","poldrack-single-stim","49","87839","0.0-5.0-35.0","go-nogo","true","0","","false","<div class = centerbox><div  id = stim2></div></div>","32","32","750","","test","go","35","random","","",""
"","-1","-1","1125","0","test_block","poldrack-single-stim","50","88994","0.0-5.0-36.0","go-nogo","true","0","","false","<div class = centerbox><div  id = stim2></div></div>","32","32","750","","test","go","36","random","","",""
"","-1","-1","1261","0","test_block","poldrack-single-stim","51","90285","0.0-5.0-37.0","go-nogo","true","0","","false","<div class = centerbox><div  id = stim2></div></div>","32","32","750","","test","go","37","random","","",""
"","-1","-1","1434","0","test_block","poldrack-single-stim","52","91749","0.0-5.0-38.0","go-nogo","true","0","","false","<div class = centerbox><div  id = stim2></div></div>","32","32","750","","test","go","38","random","","",""
"","-1","-1","1185","0","test_block","poldrack-single-stim","53","92964","0.0-5.0-39.0","go-nogo","true","0","","false","<div class = centerbox><div  id = stim2></div></div>","32","32","750","","test","go","39","random","","",""
"","-1","-1","1082","0","test_block","poldrack-single-stim","54","94076","0.0-5.0-40.0","go-nogo","true","0","","false","<div class = centerbox><div  id = stim2></div></div>","32","32","750","","test","go","40","random","","",""
"","-1","-1","1050","0","test_block","poldrack-single-stim","55","95152","0.0-5.0-41.0","go-nogo","true","0","","false","<div class = centerbox><div  id = stim2></div></div>","32","32","750","","test","go","41","random","","",""
"","-1","-1","1333","0","test_block","poldrack-single-stim","56","96517","0.0-5.0-42.0","go-nogo","true","0","","false","<div class = centerbox><div  id = stim2></div></div>","32","32","750","","test","go","42","random","","",""
"","-1","-1","1176","0","test_block","poldrack-single-stim","57","97724","0.0-5.0-43.0","go-nogo","true","0","","true","<div class = centerbox><div  id = stim1></div></div>","-1","32","750","","test","nogo","43","random","","",""
"","-1","-1","1076","0","test_block","poldrack-single-stim","58","98828","0.0-5.0-44.0","go-nogo","true","0","","false","<div class = centerbox><div  id = stim2></div></div>","32","32","750","","test","go","44","random","","",""
"","-1","-1","1126","0","test_block","poldrack-single-stim","59","99981","0.0-5.0-45.0","go-nogo","true","0","","false","<div class = centerbox><div  id = stim2></div></div>","32","32","750","","test","go","45","random","","",""
"","-1","-1","1297","0","test_block","poldrack-single-stim","60","101311","0.0-5.0-46.0","go-nogo","true","0","","false","<div class = centerbox><div  id = stim2></div></div>","32","32","750","","test","go","46","random","","",""
"","-1","-1","1042","0","test_block","poldrack-single-stim","61","102380","0.0-5.0-47.0","go-nogo","true","0","","false","<div class = centerbox><div  id = stim2></div></div>","32","32","750","","test","go","47","random","","",""
"","-1","-1","1100","0","test_block","poldrack-single-stim","62","103507","0.0-5.0-48.0","go-nogo","true","0","","false","<div class = centerbox><div  id = stim2></div></div>","32","32","750","","test","go","48","random","","",""
"","-1","-1","1427","0","test_block","poldrack-single-stim","63","104963","0.0-5.0-49.0","go-nogo","true","0","","false","<div class = centerbox><div  id = stim2></div></div>","32","32","750","","test","go","49","random","","",""
"","-1","-1","1235","0","test_block","poldrack-single-stim","64","106228","0.0-5.0-50.0","go-nogo","true","0","","false","<div class = centerbox><div  id = stim2></div></div>","32","32","750","","test","go","50","random","","",""
"","-1","-1","1234","0","test_block","poldrack-single-stim","65","107494","0.0-5.0-51.0","go-nogo","true","0","","false","<div class = centerbox><div  id = stim2></div></div>","32","32","750","","test","go","51","random","","",""
"","-1","-1","1386","0","test_block","poldrack-single-stim","66","108905","0.0-5.0-52.0","go-nogo","true","0","","false","<div class = centerbox><div  id = stim2></div></div>","32","32","750","","test","go","52","random","","",""
"","-1","-1","1384","0","test_block","poldrack-single-stim","67","110329","0.0-5.0-53.0","go-nogo","true","0","","true","<div class = centerbox><div  id = stim1></div></div>","-1","32","750","","test","nogo","53","random","","",""
"","-1","-1","1461","0","test_block","poldrack-single-stim","68","111816","0.0-5.0-54.0","go-nogo","true","0","","false","<div class = centerbox><div  id = stim2></div></div>","32","32","750","","test","go","54","random","","",""
"","-1","-1","1278","0","test_block","poldrack-single-stim","69","113122","0.0-5.0-55.0","go-nogo","true","0","","false","<div class = centerbox><div  id = stim2></div></div>","32","32","750","","test","go","55","random","","",""
"","-1","-1","1147","0","test_block","poldrack-single-stim","70","114307","0.0-5.0-56.0","go-nogo","true","0","","true","<div class = centerbox><div  id = stim1></div></div>","-1","32","750","","test","nogo","56","random","","",""
"","-1","-1","1324","0","test_block","poldrack-single-stim","71","115688","0.0-5.0-57.0","go-nogo","true","0","","false","<div class = centerbox><div  id = stim2></div></div>","32","32","750","","test","go","57","random","","",""
"","-1","-1","1118","0","test_block","poldrack-single-stim","72","116833","0.0-5.0-58.0","go-nogo","true","0","","false","<div class = centerbox><div  id = stim2></div></div>","32","32","750","","test","go","58","random","","",""
"","-1","-1","1059","0","test_block","poldrack-single-stim","73","117924","0.0-5.0-59.0","go-nogo","true","0","","false","<div class = centerbox><div  id = stim2></div></div>","32","32","750","","test","go","59","random","","",""
"","-1","-1","1403","0","test_block","poldrack-single-stim","74","119352","0.0-5.0-60.0","go-nogo","true","0","","false","<div class = centerbox><div  id = stim2></div></div>","32","32","750","","test","go","60","random","","",""
"","-1","-1","1397","0","test_block","poldrack-single-stim","75","120778","0.0-5.0-61.0","go-nogo","true","0","","false","<div class = centerbox><div  id = stim2></div></div>","32","32","750","","test","go","61","random","","",""
"","-1","-1","1479","0","test_block","poldrack-single-stim","76","122283","0.0-5.0-62.0","go-nogo","true","0","","false","<div class = centerbox><div  id = stim2></div></div>","32","32","750","","test","go","62","random","","",""
"","-1","-1","1065","0","test_block","poldrack-single-stim","77","123377","0.0-5.0-63.0","go-nogo","true","0","","false","<div class = centerbox><div  id = stim2></div></div>","32","32","750","","test","go","63","random","","",""
"","-1","-1","1156","0","test_block","poldrack-single-stim","78","124563","0.0-5.0-64.0","go-nogo","true","0","","true","<div class = centerbox><div  id = stim1></div></div>","-1","32","750","","test","nogo","64","random","","",""
"","-1","-1","1262","0","test_block","poldrack-single-stim","79","125851","0.0-5.0-65.0","go-nogo","true","0","","false","<div class = centerbox><div  id = stim2></div></div>","32","32","750","","test","go","65","random","","",""
"","-1","-1","1474","0","test_block","poldrack-single-stim","80","127353","0.0-5.0-66.0","go-nogo","true","0","","false","<div class = centerbox><div  id = stim2></div></div>","32","32","750","","test","go","66","random","","",""
"","-1","-1","1403","0","test_block","poldrack-single-stim","81","128787","0.0-5.0-67.0","go-nogo","true","0","","false","<div class = centerbox><div  id = stim2></div></div>","32","32","750","","test","go","67","random","","",""
"","-1","-1","1132","0","test_block","poldrack-single-stim","82","129945","0.0-5.0-68.0","go-nogo","true","0","","false","<div class = centerbox><div  id = stim2></div></div>","32","32","750","","test","go","68","random","","",""
"","-1","-1","1390","0","test_block","poldrack-single-stim","83","131363","0.0-5.0-69.0","go-nogo","true","0","","false","<div class = centerbox><div  id = stim2></div></div>","32","32","750","","test","go","69","random","","",""
"","-1","-1","1153","0","test_block","poldrack-single-stim","84","132549","0.0-5.0-70.0","go-nogo","true","0","","false","<div class = centerbox><div  id = stim2></div></div>","32","32","750","","test","go","70","random","","",""
"","-1","-1","1283","0","test_block","poldrack-single-stim","85","133859","0.0-5.0-71.0","go-nogo","true","0","","false","<div class = centerbox><div  id = stim2></div></div>","32","32","750","","test","go","71","random","","",""
"","1412","32","1456","0","test_block","poldrack-single-stim","86","135340","0.0-5.0-72.0","go-nogo","true","0","","true","<div class = centerbox><div  id = stim2></div></div>","32","32","750","","test","go","72","random","","",""
"","216","32","1046","0","test_block","poldrack-single-stim","87","136414","0.0-5.0-73.0","go-nogo","true","0","","true","<div class = centerbox><div  id = stim2></div></div>","32","32","750","","test","go","73","random","","",""
"","78","32","1420","0","test_block","poldrack-single-stim","88","137862","0.0-5.0-74.0","go-nogo","true","0","","true","<div class = centerbox><div  id = stim2></div></div>","32","32","750","","test","go","74","random","","",""
"","28","32","1329","0","test_block","poldrack-single-stim","89","139215","0.0-5.0-75.0","go-nogo","true","0","","true","<div class = centerbox><div  id = stim2></div></div>","32","32","750","","test","go","75","random","","",""
"","266","32","1185","0","test_block","poldrack-single-stim","90","140425","0.0-5.0-76.0","go-nogo","true","0","","true","<div class = centerbox><div  id = stim2></div></div>","32","32","750","","test","go","76","random","","",""
"","115","32","1461","0","test_block","poldrack-single-stim","91","141917","0.0-5.0-77.0","go-nogo","true","0","","true","<div class = centerbox><div  id = stim2></div></div>","32","32","750","","test","go","77","random","","",""
"","0","32","1414","0","test_block","poldrack-single-stim","92","143359","0.0-5.0-78.0","go-nogo","true","0","","true","<div class = centerbox><div  id = stim2></div></div>","32","32","750","","test","go","78","random","","",""
"","164","32","1272","0","test_block","poldrack-single-stim","93","144666","0.0-5.0-79.0","go-nogo","true","0","","false","<div class = centerbox><div  id = stim1></div></div>","-1","32","750","","test","nogo","79","random","","",""
"","370","32","1065","0","test_block","poldrack-single-stim","94","145754","0.0-5.0-80.0","go-nogo","true","0","","true","<div class = centerbox><div  id = stim2></div></div>","32","32","750","","test","go","80","random","","",""
"","386","32","1303","0","test_block","poldrack-single-stim","95","147083","0.0-5.0-81.0","go-nogo","true","0","","true","<div class = centerbox><div  id = stim2></div></div>","32","32","750","","test","go","81","random","","",""
"","242","32","1040","0","test_block","poldrack-single-stim","96","148147","0.0-5.0-82.0","go-nogo","true","0","","true","<div class = centerbox><div  id = stim2></div></div>","32","32","750","","test","go","82","random","","",""
"","103","32","1109","0","test_block","poldrack-single-stim","97","149281","0.0-5.0-83.0","go-nogo","true","0","","true","<div class = centerbox><div  id = stim2></div></div>","32","32","750","","test","go","83","random","","",""
"","155","32","1408","0","test_block","poldrack-single-stim","98","150713","0.0-5.0-84.0","go-nogo","true","0","","true","<div class = centerbox><div  id = stim2></div></div>","32","32","750","","test","go","84","random","","",""
"","49","32","1325","0","test_block","poldrack-single-stim","99","152071","0.0-5.0-85.0","go-nogo","true","0","","true","<div class = centerbox><div  id = stim2></div></div>","32","32","750","","test","go","85","random","","",""
"","270","32","1445","0","test_block","poldrack-single-stim","100","153541","0.0-5.0-86.0","go-nogo","true","0","","true","<div class = centerbox><div  id = stim2></div></div>","32","32","750","","test","go","86","random","","",""
"","120","32","1185","0","test_block","poldrack-single-stim","101","154755","0.0-5.0-87.0","go-nogo","true","0","","true","<div class = centerbox><div  id = stim2></div></div>","32","32","750","","test","go","87","random","","",""
"","183","32","1220","0","test_block","poldrack-single-stim","102","156001","0.0-5.0-88.0","go-nogo","true","0","","true","<div class = centerbox><div  id = stim2></div></div>","32","32","750","","test","go","88","random","","",""
"","340","32","1209","0","test_block","poldrack-single-stim","103","157236","0.0-5.0-89.0","go-nogo","true","0","","true","<div class = centerbox><div  id = stim2></div></div>","32","32","750","","test","go","89","random","","",""
"","261","32","1419","0","test_block","poldrack-single-stim","104","158680","0.0-5.0-90.0","go-nogo","true","0","","false","<div class = centerbox><div  id = stim1></div></div>","-1","32","750","","test","nogo","90","random","","",""
"","341","32","1384","0","test_block","poldrack-single-stim","105","160089","0.0-5.0-91.0","go-nogo","true","0","","true","<div class = centerbox><div  id = stim2></div></div>","32","32","750","","test","go","91","random","","",""
"","201","32","1129","0","test_block","poldrack-single-stim","106","161258","0.0-5.0-92.0","go-nogo","true","0","","true","<div class = centerbox><div  id = stim2></div></div>","32","32","750","","test","go","92","random","","",""
"","71","32","1439","0","test_block","poldrack-single-stim","107","162725","0.0-5.0-93.0","go-nogo","true","0","","true","<div class = centerbox><div  id = stim2></div></div>","32","32","750","","test","go","93","random","","",""
"","144","32","1405","0","test_block","poldrack-single-stim","108","164159","0.0-5.0-94.0","go-nogo","true","0","","false","<div class = centerbox><div  id = stim1></div></div>","-1","32","750","","test","nogo","94","random","","",""
"","298","32","1041","0","test_block","poldrack-single-stim","109","165225","0.0-5.0-95.0","go-nogo","true","0","","true","<div class = centerbox><div  id = stim2></div></div>","32","32","750","","test","go","95","random","","",""
"","1","32","1427","0","test_block","poldrack-single-stim","110","166677","0.0-5.0-96.0","go-nogo","true","0","","false","<div class = centerbox><div  id = stim1></div></div>","-1","32","750","","test","nogo","96","random","","",""
"","217","32","1484","0","test_block","poldrack-single-stim","111","168187","0.0-5.0-97.0","go-nogo","true","0","","true","<div class = centerbox><div  id = stim2></div></div>","32","32","750","","test","go","97","random","","",""
"","507","32","1362","0","test_block","poldrack-single-stim","112","169577","0.0-5.0-98.0","go-nogo","true","0","","true","<div class = centerbox><div  id = stim2></div></div>","32","32","750","","test","go","98","random","","",""
"","71","32","1166","0","test_block","poldrack-single-stim","113","170771","0.0-5.0-99.0","go-nogo","true","0","","true","<div class = centerbox><div  id = stim2></div></div>","32","32","750","","test","go","99","random","","",""
"","1","32","1156","0","test_block","poldrack-single-stim","114","171952","0.0-5.0-100.0","go-nogo","true","0","","true","<div class = centerbox><div  id = stim2></div></div>","32","32","750","","test","go","100","random","","",""
"","15","32","1246","0","test_block","poldrack-single-stim","115","173227","0.0-5.0-101.0","go-nogo","true","0","","true","<div class = centerbox><div  id = stim2></div></div>","32","32","750","","test","go","101","random","","",""
"","1","32","1181","0","test_block","poldrack-single-stim","116","174443","0.0-5.0-102.0","go-nogo","true","0","","true","<div class = centerbox><div  id = stim2></div></div>","32","32","750","","test","go","102","random","","",""
"","0","32","1323","0","test_block","poldrack-single-stim","117","175793","0.0-5.0-103.0","go-nogo","true","0","","true","<div class = centerbox><div  id = stim2></div></div>","32","32","750","","test","go","103","random","","",""
"","638","32","1017","0","test_block","poldrack-single-stim","118","176836","0.0-5.0-104.0","go-nogo","true","0","","true","<div class = centerbox><div  id = stim2></div></div>","32","32","750","","test","go","104","random","","",""
"","661","32","1214","0","test_block","poldrack-single-stim","119","178074","0.0-5.0-105.0","go-nogo","true","0","","true","<div class = centerbox><div  id = stim2></div></div>","32","32","750","","test","go","105","random","","",""
"","0","32","1129","0","test_block","poldrack-single-stim","120","179230","0.0-5.0-106.0","go-nogo","true","0","","true","<div class = centerbox><div  id = stim2></div></div>","32","32","750","","test","go","106","random","","",""
"","205","32","1097","0","test_block","poldrack-single-stim","121","180354","0.0-5.0-107.0","go-nogo","true","0","","true","<div class = centerbox><div  id = stim2></div></div>","32","32","750","","test","go","107","random","","",""
"","397","32","1303","0","test_block","poldrack-single-stim","122","181682","0.0-5.0-108.0","go-nogo","true","0","","true","<div class = centerbox><div  id = stim2></div></div>","32","32","750","","test","go","108","random","","",""
"","203","32","1205","0","test_block","poldrack-single-stim","123","182914","0.0-5.0-109.0","go-nogo","true","0","","true","<div class = centerbox><div  id = stim2></div></div>","32","32","750","","test","go","109","random","","",""
"","520","32","1051","0","test_block","poldrack-single-stim","124","183995","0.0-5.0-110.0","go-nogo","true","0","","true","<div class = centerbox><div  id = stim2></div></div>","32","32","750","","test","go","110","random","","",""
"","209","32","1156","0","test_block","poldrack-single-stim","125","185177","0.0-5.0-111.0","go-nogo","true","0","","true","<div class = centerbox><div  id = stim2></div></div>","32","32","750","","test","go","111","random","","",""
"","224","32","1247","0","test_block","poldrack-single-stim","126","186448","0.0-5.0-112.0","go-nogo","true","0","","true","<div class = centerbox><div  id = stim2></div></div>","32","32","750","","test","go","112","random","","",""
"","296","32","1295","0","test_block","poldrack-single-stim","127","187767","0.0-5.0-113.0","go-nogo","true","0","","true","<div class = centerbox><div  id = stim2></div></div>","32","32","750","","test","go","113","random","","",""
"","221","32","1407","0","test_block","poldrack-single-stim","128","189199","0.0-5.0-114.0","go-nogo","true","0","","true","<div class = centerbox><div  id = stim2></div></div>","32","32","750","","test","go","114","random","","",""
"","158","32","1021","0","test_block","poldrack-single-stim","129","190250","0.0-5.0-115.0","go-nogo","true","0","","true","<div class = centerbox><div  id = stim2></div></div>","32","32","750","","test","go","115","random","","",""
"","309","32","1034","0","test_block","poldrack-single-stim","130","191317","0.0-5.0-116.0","go-nogo","true","0","","true","<div class = centerbox><div  id = stim2></div></div>","32","32","750","","test","go","116","random","","",""
"","51","32","1254","0","test_block","poldrack-single-stim","131","192600","0.0-5.0-117.0","go-nogo","true","0","","true","<div class = centerbox><div  id = stim2></div></div>","32","32","750","","test","go","117","random","","",""
"","87","32","1031","0","test_block","poldrack-single-stim","132","193666","0.0-5.0-118.0","go-nogo","true","0","","true","<div class = centerbox><div  id = stim2></div></div>","32","32","750","","test","go","118","random","","",""
"","18","32","1086","0","test_block","poldrack-single-stim","133","194785","0.0-5.0-119.0","go-nogo","true","0","","true","<div class = centerbox><div  id = stim2></div></div>","32","32","750","","test","go","119","random","","",""
"","11","32","1448","0","test_block","poldrack-single-stim","134","196269","0.0-5.0-120.0","go-nogo","true","0","","true","<div class = centerbox><div  id = stim2></div></div>","32","32","750","","test","go","120","random","","",""
"","102","32","1310","0","test_block","poldrack-single-stim","135","197612","0.0-5.0-121.0","go-nogo","true","0","","true","<div class = centerbox><div  id = stim2></div></div>","32","32","750","","test","go","121","random","","",""
"","292","32","1455","0","test_block","poldrack-single-stim","136","199101","0.0-5.0-122.0","go-nogo","true","0","","true","<div class = centerbox><div  id = stim2></div></div>","32","32","750","","test","go","122","random","","",""
"","18","32","1086","0","test_block","poldrack-single-stim","137","200220","0.0-5.0-123.0","go-nogo","true","0","","true","<div class = centerbox><div  id = stim2></div></div>","32","32","750","","test","go","123","random","","",""
"","200","32","1109","0","test_block","poldrack-single-stim","138","201355","0.0-5.0-124.0","go-nogo","true","0","","true","<div class = centerbox><div  id = stim2></div></div>","32","32","750","","test","go","124","random","","",""
"","549","32","1298","0","test_block","poldrack-single-stim","139","202679","0.0-5.0-125.0","go-nogo","true","0","","true","<div class = centerbox><div  id = stim2></div></div>","32","32","750","","test","go","125","random","","",""
"","3","32","1307","0","test_block","poldrack-single-stim","140","204010","0.0-5.0-126.0","go-nogo","true","0","","true","<div class = centerbox><div  id = stim2></div></div>","32","32","750","","test","go","126","random","","",""
"","88","32","1319","0","test_block","poldrack-single-stim","141","205361","0.0-5.0-127.0","go-nogo","true","0","","false","<div class = centerbox><div  id = stim1></div></div>","-1","32","750","","test","nogo","127","random","","",""
"","1","32","1344","0","test_block","poldrack-single-stim","142","206731","0.0-5.0-128.0","go-nogo","true","0","","true","<div class = centerbox><div  id = stim2></div></div>","32","32","750","","test","go","128","random","","",""
"","59","32","1305","0","test_block","poldrack-single-stim","143","208062","0.0-5.0-129.0","go-nogo","true","0","","true","<div class = centerbox><div  id = stim2></div></div>","32","32","750","","test","go","129","random","","",""
"","334","32","1456","0","test_block","poldrack-single-stim","144","209541","0.0-5.0-130.0","go-nogo","true","0","","true","<div class = centerbox><div  id = stim2></div></div>","32","32","750","","test","go","130","random","","",""
"","74","32","1358","0","test_block","poldrack-single-stim","145","210927","0.0-5.0-131.0","go-nogo","true","0","","true","<div class = centerbox><div  id = stim2></div></div>","32","32","750","","test","go","131","random","","",""
"","82","32","1284","0","test_block","poldrack-single-stim","146","212238","0.0-5.0-132.0","go-nogo","true","0","","true","<div class = centerbox><div  id = stim2></div></div>","32","32","750","","test","go","132","random","","",""
"","-1","-1","1146","0","test_block","poldrack-single-stim","147","213414","0.0-5.0-133.0","go-nogo","true","0","","false","<div class = centerbox><div  id = stim2></div></div>","32","32","750","","test","go","133","random","","",""
"","-1","-1","1422","0","test_block","poldrack-single-stim","148","214862","0.0-5.0-134.0","go-nogo","true","0","","false","<div class = centerbox><div  id = stim2></div></div>","32","32","750","","test","go","134","random","","",""
"","-1","-1","1013","0","test_block","poldrack-single-stim","149","215903","0.0-5.0-135.0","go-nogo","true","0","","false","<div class = centerbox><div  id = stim2></div></div>","32","32","750","","test","go","135","random","","",""
"","-1","-1","1031","0","test_block","poldrack-single-stim","150","216959","0.0-5.0-136.0","go-nogo","true","0","","false","<div class = centerbox><div  id = stim2></div></div>","32","32","750","","test","go","136","random","","",""
"","-1","-1","1035","0","test_block","poldrack-single-stim","151","218017","0.0-5.0-137.0","go-nogo","true","0","","false","<div class = centerbox><div  id = stim2></div></div>","32","32","750","","test","go","137","random","","",""
"","-1","-1","1188","0","test_block","poldrack-single-stim","152","219230","0.0-5.0-138.0","go-nogo","true","0","","false","<div class = centerbox><div  id = stim2></div></div>","32","32","750","","test","go","138","random","","",""
"","-1","-1","1155","0","test_block","poldrack-single-stim","153","220408","0.0-5.0-139.0","go-nogo","true","0","","false","<div class = centerbox><div  id = stim2></div></div>","32","32","750","","test","go","139","random","","",""
"","-1","-1","1184","0","test_block","poldrack-single-stim","154","221616","0.0-5.0-140.0","go-nogo","true","0","","false","<div class = centerbox><div  id = stim2></div></div>","32","32","750","","test","go","140","random","","",""
"","-1","-1","1255","0","test_block","poldrack-single-stim","155","222896","0.0-5.0-141.0","go-nogo","true","0","","false","<div class = centerbox><div  id = stim2></div></div>","32","32","750","","test","go","141","random","","",""
"","-1","-1","1466","0","test_block","poldrack-single-stim","156","224385","0.0-5.0-142.0","go-nogo","true","0","","false","<div class = centerbox><div  id = stim2></div></div>","32","32","750","","test","go","142","random","","",""
"","-1","-1","1276","0","test_block","poldrack-single-stim","157","225691","0.0-5.0-143.0","go-nogo","true","0","","false","<div class = centerbox><div  id = stim2></div></div>","32","32","750","","test","go","143","random","","",""
"","-1","-1","1455","0","test_block","poldrack-single-stim","158","227172","0.0-5.0-144.0","go-nogo","true","0","","false","<div class = centerbox><div  id = stim2></div></div>","32","32","750","","test","go","144","random","","",""
"","-1","-1","1394","0","test_block","poldrack-single-stim","159","228594","0.0-5.0-145.0","go-nogo","true","0","","false","<div class = centerbox><div  id = stim2></div></div>","32","32","750","","test","go","145","random","","",""
"","-1","-1","1222","0","test_block","poldrack-single-stim","160","229840","0.0-5.0-146.0","go-nogo","true","0","","false","<div class = centerbox><div  id = stim2></div></div>","32","32","750","","test","go","146","random","","",""
"","-1","-1","1234","0","test_block","poldrack-single-stim","161","231101","0.0-5.0-147.0","go-nogo","true","0","","false","<div class = centerbox><div  id = stim2></div></div>","32","32","750","","test","go","147","random","","",""
"","-1","-1","1313","0","test_block","poldrack-single-stim","162","232443","0.0-5.0-148.0","go-nogo","true","0","","false","<div class = centerbox><div  id = stim2></div></div>","32","32","750","","test","go","148","random","","",""
"","-1","-1","1134","0","test_block","poldrack-single-stim","163","233607","0.0-5.0-149.0","go-nogo","true","0","","false","<div class = centerbox><div  id = stim2></div></div>","32","32","750","","test","go","149","random","","",""
"","-1","-1","1077","0","test_block","poldrack-single-stim","164","234709","0.0-5.0-150.0","go-nogo","true","0","","false","<div class = centerbox><div  id = stim2></div></div>","32","32","750","","test","go","150","random","","",""
"","-1","-1","1265","0","test_block","poldrack-single-stim","165","236007","0.0-5.0-151.0","go-nogo","true","0","","false","<div class = centerbox><div  id = stim2></div></div>","32","32","750","","test","go","151","random","","",""
"","-1","-1","1409","0","test_block","poldrack-single-stim","166","237440","0.0-5.0-152.0","go-nogo","true","0","","false","<div class = centerbox><div  id = stim2></div></div>","32","32","750","","test","go","152","random","","",""
"","-1","-1","1444","0","test_block","poldrack-single-stim","167","238914","0.0-5.0-153.0","go-nogo","true","0","","false","<div class = centerbox><div  id = stim2></div></div>","32","32","750","","test","go","153","random","","",""
"","-1","-1","1276","0","test_block","poldrack-single-stim","168","240216","0.0-5.0-154.0","go-nogo","true","0","","false","<div class = centerbox><div  id = stim2></div></div>","32","32","750","","test","go","154","random","","",""
"","-1","-1","1005","0","test_block","poldrack-single-stim","169","241251","0.0-5.0-155.0","go-nogo","true","0","","true","<div class = centerbox><div  id = stim1></div></div>","-1","32","750","","test","nogo","155","random","","",""
"","-1","-1","1042","0","test_block","poldrack-single-stim","170","242325","0.0-5.0-156.0","go-nogo","true","0","","false","<div class = centerbox><div  id = stim2></div></div>","32","32","750","","test","go","156","random","","",""
"","-1","-1","1393","0","test_block","poldrack-single-stim","171","243746","0.0-5.0-157.0","go-nogo","true","0","","false","<div class = centerbox><div  id = stim2></div></div>","32","32","750","","test","go","157","random","","",""
"","-1","-1","1198","0","test_block","poldrack-single-stim","172","244972","0.0-5.0-158.0","go-nogo","true","0","","false","<div class = centerbox><div  id = stim2></div></div>","32","32","750","","test","go","158","random","","",""
"","-1","-1","1498","0","test_block","poldrack-single-stim","173","246496","0.0-5.0-159.0","go-nogo","true","0","","true","<div class = centerbox><div  id = stim1></div></div>","-1","32","750","","test","nogo","159","random","","",""
"","-1","-1","1368","0","test_block","poldrack-single-stim","174","247894","0.0-5.0-160.0","go-nogo","true","0","","false","<div class = centerbox><div  id = stim2></div></div>","32","32","750","","test","go","160","random","","",""
"","-1","-1","1121","0","test_block","poldrack-single-stim","175","249048","0.0-5.0-161.0","go-nogo","true","0","","false","<div class = centerbox><div  id = stim2></div></div>","32","32","750","","test","go","161","random","","",""
"","-1","-1","1432","0","test_block","poldrack-single-stim","176","250506","0.0-5.0-162.0","go-nogo","true","0","","true","<div class = centerbox><div  id = stim1></div></div>","-1","32","750","","test","nogo","162","random","","",""
"","-1","-1","1296","0","test_block","poldrack-single-stim","177","251858","0.0-5.0-163.0","go-nogo","true","0","","false","<div class = centerbox><div  id = stim2></div></div>","32","32","750","","test","go","163","random","","",""
"","-1","-1","1227","0","test_block","poldrack-single-stim","178","253112","0.0-5.0-164.0","go-nogo","true","0","","false","<div class = centerbox><div  id = stim2></div></div>","32","32","750","","test","go","164","random","","",""
"","-1","-1","1143","0","test_block","poldrack-single-stim","179","254280","0.0-5.0-165.0","go-nogo","true","0","","true","<div class = centerbox><div  id = stim1></div></div>","-1","32","750","","test","nogo","165","random","","",""
"","-1","-1","1424","0","test_block","poldrack-single-stim","180","255734","0.0-5.0-166.0","go-nogo","true","0","","false","<div class = centerbox><div  id = stim2></div></div>","32","32","750","","test","go","166","random","","",""
"","-1","-1","1340","0","test_block","poldrack-single-stim","181","257106","0.0-5.0-167.0","go-nogo","true","0","","false","<div class = centerbox><div  id = stim2></div></div>","32","32","750","","test","go","167","random","","",""
"","-1","-1","1187","0","test_block","poldrack-single-stim","182","258318","0.0-5.0-168.0","go-nogo","true","0","","false","<div class = centerbox><div  id = stim2></div></div>","32","32","750","","test","go","168","random","","",""
"","-1","-1","1381","0","test_block","poldrack-single-stim","183","259723","0.0-5.0-169.0","go-nogo","true","0","","false","<div class = centerbox><div  id = stim2></div></div>","32","32","750","","test","go","169","random","","",""
"","-1","-1","1096","0","test_block","poldrack-single-stim","184","260847","0.0-5.0-170.0","go-nogo","true","0","","false","<div class = centerbox><div  id = stim2></div></div>","32","32","750","","test","go","170","random","","",""
"","-1","-1","1027","0","test_block","poldrack-single-stim","185","261898","0.0-5.0-171.0","go-nogo","true","0","","false","<div class = centerbox><div  id = stim2></div></div>","32","32","750","","test","go","171","random","","",""
"","-1","-1","1207","0","test_block","poldrack-single-stim","186","263132","0.0-5.0-172.0","go-nogo","true","0","","false","<div class = centerbox><div  id = stim2></div></div>","32","32","750","","test","go","172","random","","",""
"","-1","-1","1251","0","test_block","poldrack-single-stim","187","264411","0.0-5.0-173.0","go-nogo","true","0","","false","<div class = centerbox><div  id = stim2></div></div>","32","32","750","","test","go","173","random","","",""
"","-1","-1","1161","0","test_block","poldrack-single-stim","188","265597","0.0-5.0-174.0","go-nogo","true","0","","false","<div class = centerbox><div  id = stim2></div></div>","32","32","750","","test","go","174","random","","",""
"","-1","-1","1442","0","test_block","poldrack-single-stim","189","267064","0.0-5.0-175.0","go-nogo","true","0","","false","<div class = centerbox><div  id = stim2></div></div>","32","32","750","","test","go","175","random","","",""
"","-1","-1","1276","0","test_block","poldrack-single-stim","190","268364","0.0-5.0-176.0","go-nogo","true","0","","false","<div class = centerbox><div  id = stim2></div></div>","32","32","750","","test","go","176","random","","",""
"","-1","-1","1451","0","test_block","poldrack-single-stim","191","269838","0.0-5.0-177.0","go-nogo","true","0","","false","<div class = centerbox><div  id = stim2></div></div>","32","32","750","","test","go","177","random","","",""
"","-1","-1","1306","0","test_block","poldrack-single-stim","192","271170","0.0-5.0-178.0","go-nogo","true","0","","false","<div class = centerbox><div  id = stim2></div></div>","32","32","750","","test","go","178","random","","",""
"","-1","-1","1119","0","test_block","poldrack-single-stim","193","272315","0.0-5.0-179.0","go-nogo","true","0","","true","<div class = centerbox><div  id = stim1></div></div>","-1","32","750","","test","nogo","179","random","","",""
"","-1","-1","1195","0","test_block","poldrack-single-stim","194","273540","0.0-5.0-180.0","go-nogo","true","0","","false","<div class = centerbox><div  id = stim2></div></div>","32","32","750","","test","go","180","random","","",""
"","-1","-1","1056","0","test_block","poldrack-single-stim","195","274621","0.0-5.0-181.0","go-nogo","true","0","","false","<div class = centerbox><div  id = stim2></div></div>","32","32","750","","test","go","181","random","","",""
"","-1","-1","1489","0","test_block","poldrack-single-stim","196","276142","0.0-5.0-182.0","go-nogo","true","0","","true","<div class = centerbox><div  id = stim1></div></div>","-1","32","750","","test","nogo","182","random","","",""
"","-1","-1","1450","0","test_block","poldrack-single-stim","197","277624","0.0-5.0-183.0","go-nogo","true","0","","false","<div class = centerbox><div  id = stim2></div></div>","32","32","750","","test","go","183","random","","",""
"","-1","-1","1357","0","test_block","poldrack-single-stim","198","279005","0.0-5.0-184.0","go-nogo","true","0","","false","<div class = centerbox><div  id = stim2></div></div>","32","32","750","","test","go","184","random","","",""
"","-1","-1","1242","0","test_block","poldrack-single-stim","199","280275","0.0-5.0-185.0","go-nogo","true","0","","false","<div class = centerbox><div  id = stim2></div></div>","32","32","750","","test","go","185","random","","",""
"","-1","-1","1478","0","test_block","poldrack-single-stim","200","281779","0.0-5.0-186.0","go-nogo","true","0","","false","<div class = centerbox><div  id = stim2></div></div>","32","32","750","","test","go","186","random","","",""
"","-1","-1","1024","0","test_block","poldrack-single-stim","201","282828","0.0-5.0-187.0","go-nogo","true","0","","false","<div class = centerbox><div  id = stim2></div></div>","32","32","750","","test","go","187","random","","",""
"","-1","-1","1284","0","test_block","poldrack-single-stim","202","284140","0.0-5.0-188.0","go-nogo","true","0","","false","<div class = centerbox><div  id = stim2></div></div>","32","32","750","","test","go","188","random","","",""
"","-1","-1","1408","0","test_block","poldrack-single-stim","203","285572","0.0-5.0-189.0","go-nogo","true","0","","false","<div class = centerbox><div  id = stim2></div></div>","32","32","750","","test","go","189","random","","",""
"","-1","-1","1484","0","test_block","poldrack-single-stim","204","287082","0.0-5.0-190.0","go-nogo","true","0","","false","<div class = centerbox><div  id = stim2></div></div>","32","32","750","","test","go","190","random","","",""
"","-1","-1","1445","0","test_block","poldrack-single-stim","205","288555","0.0-5.0-191.0","go-nogo","true","0","","false","<div class = centerbox><div  id = stim2></div></div>","32","32","750","","test","go","191","random","","",""
"","-1","-1","1333","0","test_block","poldrack-single-stim","206","289916","0.0-5.0-192.0","go-nogo","true","0","","false","<div class = centerbox><div  id = stim2></div></div>","32","32","750","","test","go","192","random","","",""
"","-1","-1","1405","0","test_block","poldrack-single-stim","207","291346","0.0-5.0-193.0","go-nogo","true","0","","false","<div class = centerbox><div  id = stim2></div></div>","32","32","750","","test","go","193","random","","",""
"","-1","-1","1191","0","test_block","poldrack-single-stim","208","292563","0.0-5.0-194.0","go-nogo","true","0","","false","<div class = centerbox><div  id = stim2></div></div>","32","32","750","","test","go","194","random","","",""
"","-1","-1","1108","0","test_block","poldrack-single-stim","209","293695","0.0-5.0-195.0","go-nogo","true","0","","false","<div class = centerbox><div  id = stim2></div></div>","32","32","750","","test","go","195","random","","",""
"","-1","-1","1112","0","test_block","poldrack-single-stim","210","294831","0.0-5.0-196.0","go-nogo","true","0","","false","<div class = centerbox><div  id = stim2></div></div>","32","32","750","","test","go","196","random","","",""
"","-1","-1","1477","0","test_block","poldrack-single-stim","211","296333","0.0-5.0-197.0","go-nogo","true","0","","false","<div class = centerbox><div  id = stim2></div></div>","32","32","750","","test","go","197","random","","",""
"","-1","-1","1255","0","test_block","poldrack-single-stim","212","297615","0.0-5.0-198.0","go-nogo","true","0","","false","<div class = centerbox><div  id = stim2></div></div>","32","32","750","","test","go","198","random","","",""
"","-1","-1","1433","0","test_block","poldrack-single-stim","213","299076","0.0-5.0-199.0","go-nogo","true","0","","true","<div class = centerbox><div  id = stim1></div></div>","-1","32","750","","test","nogo","199","random","","",""
"","-1","-1","1056","0","test_block","poldrack-single-stim","214","300158","0.0-5.0-200.0","go-nogo","true","0","","false","<div class = centerbox><div  id = stim2></div></div>","32","32","750","","test","go","200","random","","",""
"","-1","-1","1104","0","test_block","poldrack-single-stim","215","301288","0.0-5.0-201.0","go-nogo","true","0","","false","<div class = centerbox><div  id = stim2></div></div>","32","32","750","","test","go","201","random","","",""
"","-1","-1","1214","0","test_block","poldrack-single-stim","216","302528","0.0-5.0-202.0","go-nogo","true","0","","false","<div class = centerbox><div  id = stim2></div></div>","32","32","750","","test","go","202","random","","",""
"","-1","-1","1357","0","test_block","poldrack-single-stim","217","303915","0.0-5.0-203.0","go-nogo","true","0","","false","<div class = centerbox><div  id = stim2></div></div>","32","32","750","","test","go","203","random","","",""
"","-1","-1","1059","0","test_block","poldrack-single-stim","218","305000","0.0-5.0-204.0","go-nogo","true","0","","false","<div class = centerbox><div  id = stim2></div></div>","32","32","750","","test","go","204","random","","",""
"","-1","-1","1007","0","test_block","poldrack-single-stim","219","306034","0.0-5.0-205.0","go-nogo","true","0","","false","<div class = centerbox><div  id = stim2></div></div>","32","32","750","","test","go","205","random","","",""
"","-1","-1","1359","0","test_block","poldrack-single-stim","220","307418","0.0-5.0-206.0","go-nogo","true","0","","false","<div class = centerbox><div  id = stim2></div></div>","32","32","750","","test","go","206","random","","",""
"","-1","-1","1341","0","test_block","poldrack-single-stim","221","308791","0.0-5.0-207.0","go-nogo","true","0","","false","<div class = centerbox><div  id = stim2></div></div>","32","32","750","","test","go","207","random","","",""
"","-1","-1","1199","0","test_block","poldrack-single-stim","222","310016","0.0-5.0-208.0","go-nogo","true","0","","true","<div class = centerbox><div  id = stim1></div></div>","-1","32","750","","test","nogo","208","random","","",""
"","-1","-1","1165","0","test_block","poldrack-single-stim","223","311206","0.0-5.0-209.0","go-nogo","true","0","","false","<div class = centerbox><div  id = stim2></div></div>","32","32","750","","test","go","209","random","","",""
"","-1","-1","1037","0","test_block","poldrack-single-stim","224","312267","0.0-5.0-210.0","go-nogo","true","0","","false","<div class = centerbox><div  id = stim2></div></div>","32","32","750","","test","go","210","random","","",""
"","-1","-1","1393","0","test_block","poldrack-single-stim","225","313685","0.0-5.0-211.0","go-nogo","true","0","","false","<div class = centerbox><div  id = stim2></div></div>","32","32","750","","test","go","211","random","","",""
"","-1","-1","1305","0","test_block","poldrack-single-stim","226","315013","0.0-5.0-212.0","go-nogo","true","0","","true","<div class = centerbox><div  id = stim1></div></div>","-1","32","750","","test","nogo","212","random","","",""
"","-1","-1","1147","0","test_block","poldrack-single-stim","227","316190","0.0-5.0-213.0","go-nogo","true","0","","false","<div class = centerbox><div  id = stim2></div></div>","32","32","750","","test","go","213","random","","",""
"","-1","-1","1441","0","test_block","poldrack-single-stim","228","317655","0.0-5.0-214.0","go-nogo","true","0","","false","<div class = centerbox><div  id = stim2></div></div>","32","32","750","","test","go","214","random","","",""
"","-1","-1","1412","0","test_block","poldrack-single-stim","229","319100","0.0-5.0-215.0","go-nogo","true","0","","false","<div class = centerbox><div  id = stim2></div></div>","32","32","750","","test","go","215","random","","",""
"","-1","-1","1370","0","test_block","poldrack-single-stim","230","320497","0.0-5.0-216.0","go-nogo","true","0","","false","<div class = centerbox><div  id = stim2></div></div>","32","32","750","","test","go","216","random","","",""
"","-1","-1","1328","0","test_block","poldrack-single-stim","231","321849","0.0-5.0-217.0","go-nogo","true","0","","false","<div class = centerbox><div  id = stim2></div></div>","32","32","750","","test","go","217","random","","",""
"","-1","-1","1410","0","test_block","poldrack-single-stim","232","323283","0.0-5.0-218.0","go-nogo","true","0","","false","<div class = centerbox><div  id = stim2></div></div>","32","32","750","","test","go","218","random","","",""
"","-1","-1","1341","0","test_block","poldrack-single-stim","233","324660","0.0-5.0-219.0","go-nogo","true","0","","false","<div class = centerbox><div  id = stim2></div></div>","32","32","750","","test","go","219","random","","",""
"","-1","-1","1303","0","test_block","poldrack-single-stim","234","325994","0.0-5.0-220.0","go-nogo","true","0","","false","<div class = centerbox><div  id = stim2></div></div>","32","32","750","","test","go","220","random","","",""
"","-1","-1","1245","0","test_block","poldrack-single-stim","235","327268","0.0-5.0-221.0","go-nogo","true","0","","false","<div class = centerbox><div  id = stim2></div></div>","32","32","750","","test","go","221","random","","",""
"","-1","-1","1289","0","test_block","poldrack-single-stim","236","328584","0.0-5.0-222.0","go-nogo","true","0","","false","<div class = centerbox><div  id = stim2></div></div>","32","32","750","","test","go","222","random","","",""
"","-1","-1","1297","0","test_block","poldrack-single-stim","237","329908","0.0-5.0-223.0","go-nogo","true","0","","false","<div class = centerbox><div  id = stim2></div></div>","32","32","750","","test","go","223","random","","",""
"","-1","-1","1146","0","test_block","poldrack-single-stim","238","331079","0.0-5.0-224.0","go-nogo","true","0","","false","<div class = centerbox><div  id = stim2></div></div>","32","32","750","","test","go","224","random","","",""
"","-1","-1","1130","0","test_block","poldrack-single-stim","239","332243","0.0-5.0-225.0","go-nogo","true","0","","false","<div class = centerbox><div  id = stim2></div></div>","32","32","750","","test","go","225","random","","",""
"","-1","-1","1026","0","test_block","poldrack-single-stim","240","333296","0.0-5.0-226.0","go-nogo","true","0","","false","<div class = centerbox><div  id = stim2></div></div>","32","32","750","","test","go","226","random","","",""
"","-1","-1","1258","0","test_block","poldrack-single-stim","241","334584","0.0-5.0-227.0","go-nogo","true","0","","false","<div class = centerbox><div  id = stim2></div></div>","32","32","750","","test","go","227","random","","",""
"","-1","-1","1364","0","test_block","poldrack-single-stim","242","335974","0.0-5.0-228.0","go-nogo","true","0","","false","<div class = centerbox><div  id = stim2></div></div>","32","32","750","","test","go","228","random","","",""
"","-1","-1","1167","0","test_block","poldrack-single-stim","243","337165","0.0-5.0-229.0","go-nogo","true","0","","false","<div class = centerbox><div  id = stim2></div></div>","32","32","750","","test","go","229","random","","",""
"","-1","-1","1168","0","test_block","poldrack-single-stim","244","338364","0.0-5.0-230.0","go-nogo","true","0","","false","<div class = centerbox><div  id = stim2></div></div>","32","32","750","","test","go","230","random","","",""
"","-1","-1","1007","0","test_block","poldrack-single-stim","245","339400","0.0-5.0-231.0","go-nogo","true","0","","false","<div class = centerbox><div  id = stim2></div></div>","32","32","750","","test","go","231","random","","",""
"","-1","-1","1011","0","test_block","poldrack-single-stim","246","340435","0.0-5.0-232.0","go-nogo","true","0","","false","<div class = centerbox><div  id = stim2></div></div>","32","32","750","","test","go","232","random","","",""
"","-1","-1","1297","0","test_block","poldrack-single-stim","247","341760","0.0-5.0-233.0","go-nogo","true","0","","false","<div class = centerbox><div  id = stim2></div></div>","32","32","750","","test","go","233","random","","",""
"","-1","-1","1433","0","test_block","poldrack-single-stim","248","343218","0.0-5.0-234.0","go-nogo","true","0","","false","<div class = centerbox><div  id = stim2></div></div>","32","32","750","","test","go","234","random","","",""
"","-1","-1","1155","0","test_block","poldrack-single-stim","249","344401","0.0-5.0-235.0","go-nogo","true","0","","false","<div class = centerbox><div  id = stim2></div></div>","32","32","750","","test","go","235","random","","",""
"","-1","-1","1056","0","test_block","poldrack-single-stim","250","345486","0.0-5.0-236.0","go-nogo","true","0","","true","<div class = centerbox><div  id = stim1></div></div>","-1","32","750","","test","nogo","236","random","","",""
"","-1","-1","1131","0","test_block","poldrack-single-stim","251","346643","0.0-5.0-237.0","go-nogo","true","0","","false","<div class = centerbox><div  id = stim2></div></div>","32","32","750","","test","go","237","random","","",""
"","-1","-1","1091","0","test_block","poldrack-single-stim","252","347761","0.0-5.0-238.0","go-nogo","true","0","","false","<div class = centerbox><div  id = stim2></div></div>","32","32","750","","test","go","238","random","","",""
"","-1","-1","1215","0","test_block","poldrack-single-stim","253","349008","0.0-5.0-239.0","go-nogo","true","0","","false","<div class = centerbox><div  id = stim2></div></div>","32","32","750","","test","go","239","random","","",""
"","-1","-1","1486","0","test_block","poldrack-single-stim","254","350519","0.0-5.0-240.0","go-nogo","true","0","","false","<div class = centerbox><div  id = stim2></div></div>","32","32","750","","test","go","240","random","","",""
"","-1","-1","1121","0","test_block","poldrack-single-stim","255","351666","0.0-5.0-241.0","go-nogo","true","0","","false","<div class = centerbox><div  id = stim2></div></div>","32","32","750","","test","go","241","random","","",""
"","-1","-1","1474","0","test_block","poldrack-single-stim","256","353164","0.0-5.0-242.0","go-nogo","true","0","","false","<div class = centerbox><div  id = stim2></div></div>","32","32","750","","test","go","242","random","","",""
"","-1","-1","1415","0","test_block","poldrack-single-stim","257","354606","0.0-5.0-243.0","go-nogo","true","0","","false","<div class = centerbox><div  id = stim2></div></div>","32","32","750","","test","go","243","random","","",""
"","-1","-1","1458","0","test_block","poldrack-single-stim","258","356090","0.0-5.0-244.0","go-nogo","true","0","","false","<div class = centerbox><div  id = stim2></div></div>","32","32","750","","test","go","244","random","","",""
"","-1","-1","1023","0","test_block","poldrack-single-stim","259","357139","0.0-5.0-245.0","go-nogo","true","0","","false","<div class = centerbox><div  id = stim2></div></div>","32","32","750","","test","go","245","random","","",""
"","-1","-1","1350","0","test_block","poldrack-single-stim","260","358519","0.0-5.0-246.0","go-nogo","true","0","","false","<div class = centerbox><div  id = stim2></div></div>","32","32","750","","test","go","246","random","","",""
"","-1","-1","1373","0","test_block","poldrack-single-stim","261","359919","0.0-5.0-247.0","go-nogo","true","0","","false","<div class = centerbox><div  id = stim2></div></div>","32","32","750","","test","go","247","random","","",""
"","-1","-1","1497","0","test_block","poldrack-single-stim","262","361442","0.0-5.0-248.0","go-nogo","true","0","","false","<div class = centerbox><div  id = stim2></div></div>","32","32","750","","test","go","248","random","","",""
"","-1","-1","1133","0","test_block","poldrack-single-stim","263","362602","0.0-5.0-249.0","go-nogo","true","0","","true","<div class = centerbox><div  id = stim1></div></div>","-1","32","750","","test","nogo","249","random","","",""
"","-1","-1","1477","0","test_block","poldrack-single-stim","264","364108","0.0-5.0-250.0","go-nogo","true","0","","false","<div class = centerbox><div  id = stim2></div></div>","32","32","750","","test","go","250","random","","",""
"","-1","-1","1446","0","test_block","poldrack-single-stim","265","365579","0.0-5.0-251.0","go-nogo","true","0","","true","<div class = centerbox><div  id = stim1></div></div>","-1","32","750","","test","nogo","251","random","","",""
"","-1","-1","1111","0","test_block","poldrack-single-stim","266","366719","0.0-5.0-252.0","go-nogo","true","0","","true","<div class = centerbox><div  id = stim1></div></div>","-1","32","750","","test","nogo","252","random","","",""
"","-1","-1","1491","0","test_block","poldrack-single-stim","267","368245","0.0-5.0-253.0","go-nogo","true","0","","false","<div class = centerbox><div  id = stim2></div></div>","32","32","750","","test","go","253","random","","",""
"","-1","-1","1491","0","test_block","poldrack-single-stim","268","369770","0.0-5.0-254.0","go-nogo","true","0","","false","<div class = centerbox><div  id = stim2></div></div>","32","32","750","","test","go","254","random","","",""
"","-1","-1","1253","0","test_block","poldrack-single-stim","269","371051","0.0-5.0-255.0","go-nogo","true","0","","true","<div class = centerbox><div  id = stim1></div></div>","-1","32","750","","test","nogo","255","random","","",""
"","-1","-1","1296","0","test_block","poldrack-single-stim","270","372379","0.0-5.0-256.0","go-nogo","true","0","","false","<div class = centerbox><div  id = stim2></div></div>","32","32","750","","test","go","256","random","","",""
"","-1","-1","1425","0","test_block","poldrack-single-stim","271","373845","0.0-5.0-257.0","go-nogo","true","0","","false","<div class = centerbox><div  id = stim2></div></div>","32","32","750","","test","go","257","random","","",""
"","-1","-1","1052","0","test_block","poldrack-single-stim","272","374926","0.0-5.0-258.0","go-nogo","true","0","","true","<div class = centerbox><div  id = stim1></div></div>","-1","32","750","","test","nogo","258","random","","",""
"","-1","-1","1323","0","test_block","poldrack-single-stim","273","376275","0.0-5.0-259.0","go-nogo","true","0","","false","<div class = centerbox><div  id = stim2></div></div>","32","32","750","","test","go","259","random","","",""
"","-1","-1","1165","0","test_block","poldrack-single-stim","274","377467","0.0-5.0-260.0","go-nogo","true","0","","false","<div class = centerbox><div  id = stim2></div></div>","32","32","750","","test","go","260","random","","",""
"","-1","-1","1293","0","test_block","poldrack-single-stim","275","378784","0.0-5.0-261.0","go-nogo","true","0","","false","<div class = centerbox><div  id = stim2></div></div>","32","32","750","","test","go","261","random","","",""
"","-1","-1","1012","0","test_block","poldrack-single-stim","276","379821","0.0-5.0-262.0","go-nogo","true","0","","false","<div class = centerbox><div  id = stim2></div></div>","32","32","750","","test","go","262","random","","",""
"","-1","-1","1012","0","test_block","poldrack-single-stim","277","380865","0.0-5.0-263.0","go-nogo","true","0","","false","<div class = centerbox><div  id = stim2></div></div>","32","32","750","","test","go","263","random","","",""
"","-1","-1","1302","0","test_block","poldrack-single-stim","278","382192","0.0-5.0-264.0","go-nogo","true","0","","false","<div class = centerbox><div  id = stim2></div></div>","32","32","750","","test","go","264","random","","",""
"","-1","-1","1336","0","test_block","poldrack-single-stim","279","383554","0.0-5.0-265.0","go-nogo","true","0","","false","<div class = centerbox><div  id = stim2></div></div>","32","32","750","","test","go","265","random","","",""
"","-1","-1","1100","0","test_block","poldrack-single-stim","280","384680","0.0-5.0-266.0","go-nogo","true","0","","false","<div class = centerbox><div  id = stim2></div></div>","32","32","750","","test","go","266","random","","",""
"","-1","-1","1410","0","test_block","poldrack-single-stim","281","386115","0.0-5.0-267.0","go-nogo","true","0","","false","<div class = centerbox><div  id = stim2></div></div>","32","32","750","","test","go","267","random","","",""
"","-1","-1","1315","0","test_block","poldrack-single-stim","282","387455","0.0-5.0-268.0","go-nogo","true","0","","false","<div class = centerbox><div  id = stim2></div></div>","32","32","750","","test","go","268","random","","",""
"","-1","-1","1089","0","test_block","poldrack-single-stim","283","388571","0.0-5.0-269.0","go-nogo","true","0","","false","<div class = centerbox><div  id = stim2></div></div>","32","32","750","","test","go","269","random","","",""
"","-1","-1","1124","0","test_block","poldrack-single-stim","284","389720","0.0-5.0-270.0","go-nogo","true","0","","false","<div class = centerbox><div  id = stim2></div></div>","32","32","750","","test","go","270","random","","",""
"","-1","-1","1435","0","test_block","poldrack-single-stim","285","391184","0.0-5.0-271.0","go-nogo","true","0","","false","<div class = centerbox><div  id = stim2></div></div>","32","32","750","","test","go","271","random","","",""
"","1000","32","1296","0","test_block","poldrack-single-stim","286","392504","0.0-5.0-272.0","go-nogo","true","0","","true","<div class = centerbox><div  id = stim2></div></div>","32","32","750","","test","go","272","random","","",""
"","385","32","1141","0","test_block","poldrack-single-stim","287","393670","0.0-5.0-273.0","go-nogo","true","0","","true","<div class = centerbox><div  id = stim2></div></div>","32","32","750","","test","go","273","random","","",""
"","0","32","1377","0","test_block","poldrack-single-stim","288","395073","0.0-5.0-274.0","go-nogo","true","0","","true","<div class = centerbox><div  id = stim2></div></div>","32","32","750","","test","go","274","random","","",""
"","142","32","1462","0","test_block","poldrack-single-stim","289","396562","0.0-5.0-275.0","go-nogo","true","0","","true","<div class = centerbox><div  id = stim2></div></div>","32","32","750","","test","go","275","random","","",""
"","77","32","1267","0","test_block","poldrack-single-stim","290","397855","0.0-5.0-276.0","go-nogo","true","0","","true","<div class = centerbox><div  id = stim2></div></div>","32","32","750","","test","go","276","random","","",""
"","157","32","1322","0","test_block","poldrack-single-stim","291","399204","0.0-5.0-277.0","go-nogo","true","0","","true","<div class = centerbox><div  id = stim2></div></div>","32","32","750","","test","go","277","random","","",""
"","71","32","1092","0","test_block","poldrack-single-stim","292","400322","0.0-5.0-278.0","go-nogo","true","0","","true","<div class = centerbox><div  id = stim2></div></div>","32","32","750","","test","go","278","random","","",""
"","33","32","1303","0","test_block","poldrack-single-stim","293","401657","0.0-5.0-279.0","go-nogo","true","0","","true","<div class = centerbox><div  id = stim2></div></div>","32","32","750","","test","go","279","random","","",""
"","0","32","1474","0","test_block","poldrack-single-stim","294","403162","0.0-5.0-280.0","go-nogo","true","0","","true","<div class = centerbox><div  id = stim2></div></div>","32","32","750","","test","go","280","random","","",""
"","422","32","1241","0","test_block","poldrack-single-stim","295","404429","0.0-5.0-281.0","go-nogo","true","0","","true","<div class = centerbox><div  id = stim2></div></div>","32","32","750","","test","go","281","random","","",""
"","232","32","1277","0","test_block","poldrack-single-stim","296","405731","0.0-5.0-282.0","go-nogo","true","0","","true","<div class = centerbox><div  id = stim2></div></div>","32","32","750","","test","go","282","random","","",""
"","4","32","1138","0","test_block","poldrack-single-stim","297","406894","0.0-5.0-283.0","go-nogo","true","0","","true","<div class = centerbox><div  id = stim2></div></div>","32","32","750","","test","go","283","random","","",""
"","132","32","1390","0","test_block","poldrack-single-stim","298","408311","0.0-5.0-284.0","go-nogo","true","0","","true","<div class = centerbox><div  id = stim2></div></div>","32","32","750","","test","go","284","random","","",""
"","109","32","1030","0","test_block","poldrack-single-stim","299","409366","0.0-5.0-285.0","go-nogo","true","0","","true","<div class = centerbox><div  id = stim2></div></div>","32","32","750","","test","go","285","random","","",""
"","225","32","1062","0","test_block","poldrack-single-stim","300","410456","0.0-5.0-286.0","go-nogo","true","0","","true","<div class = centerbox><div  id = stim2></div></div>","32","32","750","","test","go","286","random","","",""
"","228","32","1034","0","test_block","poldrack-single-stim","301","411519","0.0-5.0-287.0","go-nogo","true","0","","true","<div class = centerbox><div  id = stim2></div></div>","32","32","750","","test","go","287","random","","",""
"","160","32","1015","0","test_block","poldrack-single-stim","302","412573","0.0-5.0-288.0","go-nogo","true","0","","true","<div class = centerbox><div  id = stim2></div></div>","32","32","750","","test","go","288","random","","",""
"","56","32","1148","0","test_block","poldrack-single-stim","303","413746","0.0-5.0-289.0","go-nogo","true","0","","true","<div class = centerbox><div  id = stim2></div></div>","32","32","750","","test","go","289","random","","",""
"","-1","-1","1291","0","test_block","poldrack-single-stim","304","415061","0.0-5.0-290.0","go-nogo","true","0","","false","<div class = centerbox><div  id = stim2></div></div>","32","32","750","","test","go","290","random","","",""
"","-1","-1","1031","0","test_block","poldrack-single-stim","305","416121","0.0-5.0-291.0","go-nogo","true","0","","false","<div class = centerbox><div  id = stim2></div></div>","32","32","750","","test","go","291","random","","",""
"","-1","-1","1499","0","test_block","poldrack-single-stim","306","417644","0.0-5.0-292.0","go-nogo","true","0","","false","<div class = centerbox><div  id = stim2></div></div>","32","32","750","","test","go","292","random","","",""
"","-1","-1","1431","0","test_block","poldrack-single-stim","307","419110","0.0-5.0-293.0","go-nogo","true","0","","false","<div class = centerbox><div  id = stim2></div></div>","32","32","750","","test","go","293","random","","",""
"","-1","-1","1310","0","test_block","poldrack-single-stim","308","420445","0.0-5.0-294.0","go-nogo","true","0","","false","<div class = centerbox><div  id = stim2></div></div>","32","32","750","","test","go","294","random","","",""
"","-1","-1","1397","0","test_block","poldrack-single-stim","309","421875","0.0-5.0-295.0","go-nogo","true","0","","true","<div class = centerbox><div  id = stim1></div></div>","-1","32","750","","test","nogo","295","random","","",""
"","-1","-1","1386","0","test_block","poldrack-single-stim","310","423286","0.0-5.0-296.0","go-nogo","true","0","","false","<div class = centerbox><div  id = stim2></div></div>","32","32","750","","test","go","296","random","","",""
"","-1","-1","1227","0","test_block","poldrack-single-stim","311","424539","0.0-5.0-297.0","go-nogo","true","0","","false","<div class = centerbox><div  id = stim2></div></div>","32","32","750","","test","go","297","random","","",""
"","-1","-1","1174","0","test_block","poldrack-single-stim","312","425739","0.0-5.0-298.0","go-nogo","true","0","","false","<div class = centerbox><div  id = stim2></div></div>","32","32","750","","test","go","298","random","","",""
"","-1","-1","1298","0","test_block","poldrack-single-stim","313","427062","0.0-5.0-299.0","go-nogo","true","0","","false","<div class = centerbox><div  id = stim2></div></div>","32","32","750","","test","go","299","random","","",""
"","-1","-1","1155","0","test_block","poldrack-single-stim","314","428243","0.0-5.0-300.0","go-nogo","true","0","","false","<div class = centerbox><div  id = stim2></div></div>","32","32","750","","test","go","300","random","","",""
"","-1","-1","1106","0","test_block","poldrack-single-stim","315","429376","0.0-5.0-301.0","go-nogo","true","0","","true","<div class = centerbox><div  id = stim1></div></div>","-1","32","750","","test","nogo","301","random","","",""
"","-1","-1","1356","0","test_block","poldrack-single-stim","316","430759","0.0-5.0-302.0","go-nogo","true","0","","false","<div class = centerbox><div  id = stim2></div></div>","32","32","750","","test","go","302","random","","",""
"","-1","-1","1158","0","test_block","poldrack-single-stim","317","431941","0.0-5.0-303.0","go-nogo","true","0","","true","<div class = centerbox><div  id = stim1></div></div>","-1","32","750","","test","nogo","303","random","","",""
"","-1","-1","1346","0","test_block","poldrack-single-stim","318","433316","0.0-5.0-304.0","go-nogo","true","0","","false","<div class = centerbox><div  id = stim2></div></div>","32","32","750","","test","go","304","random","","",""
"","-1","-1","1103","0","test_block","poldrack-single-stim","319","434442","0.0-5.0-305.0","go-nogo","true","0","","false","<div class = centerbox><div  id = stim2></div></div>","32","32","750","","test","go","305","random","","",""
"","-1","-1","1440","0","test_block","poldrack-single-stim","320","435907","0.0-5.0-306.0","go-nogo","true","0","","false","<div class = centerbox><div  id = stim2></div></div>","32","32","750","","test","go","306","random","","",""
"","-1","-1","1162","0","test_block","poldrack-single-stim","321","437095","0.0-5.0-307.0","go-nogo","true","0","","false","<div class = centerbox><div  id = stim2></div></div>","32","32","750","","test","go","307","random","","",""
"","-1","-1","1390","0","test_block","poldrack-single-stim","322","438512","0.0-5.0-308.0","go-nogo","true","0","","false","<div class = centerbox><div  id = stim2></div></div>","32","32","750","","test","go","308","random","","",""
"","-1","-1","1388","0","test_block","poldrack-single-stim","323","439931","0.0-5.0-309.0","go-nogo","true","0","","false","<div class = centerbox><div  id = stim2></div></div>","32","32","750","","test","go","309","random","","",""
"","-1","-1","1481","0","test_block","poldrack-single-stim","324","441437","0.0-5.0-310.0","go-nogo","true","0","","false","<div class = centerbox><div  id = stim2></div></div>","32","32","750","","test","go","310","random","","",""
"","-1","-1","1426","0","test_block","poldrack-single-stim","325","442888","0.0-5.0-311.0","go-nogo","true","0","","false","<div class = centerbox><div  id = stim2></div></div>","32","32","750","","test","go","311","random","","",""
"","-1","-1","1264","0","test_block","poldrack-single-stim","326","444179","0.0-5.0-312.0","go-nogo","true","0","","false","<div class = centerbox><div  id = stim2></div></div>","32","32","750","","test","go","312","random","","",""
"","-1","-1","1480","0","test_block","poldrack-single-stim","327","445683","0.0-5.0-313.0","go-nogo","true","0","","false","<div class = centerbox><div  id = stim2></div></div>","32","32","750","","test","go","313","random","","",""
"","-1","-1","1309","0","test_block","poldrack-single-stim","328","447018","0.0-5.0-314.0","go-nogo","true","0","","false","<div class = centerbox><div  id = stim2></div></div>","32","32","750","","test","go","314","random","","",""
"","-1","-1","1338","0","test_block","poldrack-single-stim","329","448384","0.0-5.0-315.0","go-nogo","true","0","","false","<div class = centerbox><div  id = stim2></div></div>","32","32","750","","test","go","315","random","","",""
"","-1","-1","1013","0","test_block","poldrack-single-stim","330","449422","0.0-5.0-316.0","go-nogo","true","0","","false","<div class = centerbox><div  id = stim2></div></div>","32","32","750","","test","go","316","random","","",""
"","-1","-1","1435","0","test_block","poldrack-single-stim","331","450882","0.0-5.0-317.0","go-nogo","true","0","","false","<div class = centerbox><div  id = stim2></div></div>","32","32","750","","test","go","317","random","","",""
"","-1","-1","1478","0","test_block","poldrack-single-stim","332","452387","0.0-5.0-318.0","go-nogo","true","0","","false","<div class = centerbox><div  id = stim2></div></div>","32","32","750","","test","go","318","random","","",""
"","-1","-1","1026","0","test_block","poldrack-single-stim","333","453439","0.0-5.0-319.0","go-nogo","true","0","","false","<div class = centerbox><div  id = stim2></div></div>","32","32","750","","test","go","319","random","","",""
"","-1","-1","1220","0","test_block","poldrack-single-stim","334","454685","0.0-5.0-320.0","go-nogo","true","0","","false","<div class = centerbox><div  id = stim2></div></div>","32","32","750","","test","go","320","random","","",""
"","-1","-1","1056","0","test_block","poldrack-single-stim","335","455766","0.0-5.0-321.0","go-nogo","true","0","","false","<div class = centerbox><div  id = stim2></div></div>","32","32","750","","test","go","321","random","","",""
"","-1","-1","1260","0","test_block","poldrack-single-stim","336","457051","0.0-5.0-322.0","go-nogo","true","0","","true","<div class = centerbox><div  id = stim1></div></div>","-1","32","750","","test","nogo","322","random","","",""
"","-1","-1","1078","0","test_block","poldrack-single-stim","337","458156","0.0-5.0-323.0","go-nogo","true","0","","false","<div class = centerbox><div  id = stim2></div></div>","32","32","750","","test","go","323","random","","",""
"","-1","-1","1177","0","test_block","poldrack-single-stim","338","459359","0.0-5.0-324.0","go-nogo","true","0","","false","<div class = centerbox><div  id = stim2></div></div>","32","32","750","","test","go","324","random","","",""
"","-1","-1","1356","0","test_block","poldrack-single-stim","339","460742","0.0-5.0-325.0","go-nogo","true","0","","true","<div class = centerbox><div  id = stim1></div></div>","-1","32","750","","test","nogo","325","random","","",""
"","-1","-1","1101","0","test_block","poldrack-single-stim","340","461869","0.0-5.0-326.0","go-nogo","true","0","","false","<div class = centerbox><div  id = stim2></div></div>","32","32","750","","test","go","326","random","","",""
"","-1","-1","1295","0","test_block","poldrack-single-stim","341","463190","0.0-5.0-327.0","go-nogo","true","0","","false","<div class = centerbox><div  id = stim2></div></div>","32","32","750","","test","go","327","random","","",""
"","-1","-1","1044","0","test_block","poldrack-single-stim","342","464264","0.0-5.0-328.0","go-nogo","true","0","","false","<div class = centerbox><div  id = stim2></div></div>","32","32","750","","test","go","328","random","","",""
"","-1","-1","1229","0","test_block","poldrack-single-stim","343","465535","0.0-5.0-329.0","go-nogo","true","0","","false","<div class = centerbox><div  id = stim2></div></div>","32","32","750","","test","go","329","random","","",""
"","-1","-1","1340","0","test_block","poldrack-single-stim","344","466898","0.0-5.0-330.0","go-nogo","true","0","","false","<div class = centerbox><div  id = stim2></div></div>","32","32","750","","test","go","330","random","","",""
"","-1","-1","1293","0","test_block","poldrack-single-stim","345","468216","0.0-5.0-331.0","go-nogo","true","0","","false","<div class = centerbox><div  id = stim2></div></div>","32","32","750","","test","go","331","random","","",""
"","-1","-1","1421","0","test_block","poldrack-single-stim","346","469666","0.0-5.0-332.0","go-nogo","true","0","","false","<div class = centerbox><div  id = stim2></div></div>","32","32","750","","test","go","332","random","","",""
"","-1","-1","1483","0","test_block","poldrack-single-stim","347","471177","0.0-5.0-333.0","go-nogo","true","0","","false","<div class = centerbox><div  id = stim2></div></div>","32","32","750","","test","go","333","random","","",""
"","-1","-1","1310","0","test_block","poldrack-single-stim","348","472514","0.0-5.0-334.0","go-nogo","true","0","","false","<div class = centerbox><div  id = stim2></div></div>","32","32","750","","test","go","334","random","","",""
"","-1","-1","1301","0","test_block","poldrack-single-stim","349","473841","0.0-5.0-335.0","go-nogo","true","0","","false","<div class = centerbox><div  id = stim2></div></div>","32","32","750","","test","go","335","random","","",""
"","-1","-1","1485","0","test_block","poldrack-single-stim","350","475353","0.0-5.0-336.0","go-nogo","true","0","","false","<div class = centerbox><div  id = stim2></div></div>","32","32","750","","test","go","336","random","","",""
"","-1","-1","1444","0","test_block","poldrack-single-stim","351","476822","0.0-5.0-337.0","go-nogo","true","0","","true","<div class = centerbox><div  id = stim1></div></div>","-1","32","750","","test","nogo","337","random","","",""
"","-1","-1","1146","0","test_block","poldrack-single-stim","352","478000","0.0-5.0-338.0","go-nogo","true","0","","false","<div class = centerbox><div  id = stim2></div></div>","32","32","750","","test","go","338","random","","",""
"","-1","-1","1349","0","test_block","poldrack-single-stim","353","479376","0.0-5.0-339.0","go-nogo","true","0","","false","<div class = centerbox><div  id = stim2></div></div>","32","32","750","","test","go","339","random","","",""
"","-1","-1","1236","0","test_block","poldrack-single-stim","354","480638","0.0-5.0-340.0","go-nogo","true","0","","false","<div class = centerbox><div  id = stim2></div></div>","32","32","750","","test","go","340","random","","",""
"","-1","-1","1197","0","test_block","poldrack-single-stim","355","481865","0.0-5.0-341.0","go-nogo","true","0","","false","<div class = centerbox><div  id = stim2></div></div>","32","32","750","","test","go","341","random","","",""
"","-1","-1","1078","0","test_block","poldrack-single-stim","356","482968","0.0-5.0-342.0","go-nogo","true","0","","false","<div class = centerbox><div  id = stim2></div></div>","32","32","750","","test","go","342","random","","",""
"","-1","-1","1101","0","test_block","poldrack-single-stim","357","484094","0.0-5.0-343.0","go-nogo","true","0","","false","<div class = centerbox><div  id = stim2></div></div>","32","32","750","","test","go","343","random","","",""
"","-1","-1","1266","0","test_block","poldrack-single-stim","358","485385","0.0-5.0-344.0","go-nogo","true","0","","false","<div class = centerbox><div  id = stim2></div></div>","32","32","750","","test","go","344","random","","",""
"","-1","-1","1270","0","test_block","poldrack-single-stim","359","486680","0.0-5.0-345.0","go-nogo","true","0","","false","<div class = centerbox><div  id = stim2></div></div>","32","32","750","","test","go","345","random","","",""
"","-1","-1","1140","0","test_block","poldrack-single-stim","360","487844","0.0-5.0-346.0","go-nogo","true","0","","false","<div class = centerbox><div  id = stim2></div></div>","32","32","750","","test","go","346","random","","",""
"","-1","-1","1465","0","test_block","poldrack-single-stim","361","489334","0.0-5.0-347.0","go-nogo","true","0","","false","<div class = centerbox><div  id = stim2></div></div>","32","32","750","","test","go","347","random","","",""
"","-1","-1","1441","0","test_block","poldrack-single-stim","362","490802","0.0-5.0-348.0","go-nogo","true","0","","true","<div class = centerbox><div  id = stim1></div></div>","-1","32","750","","test","nogo","348","random","","",""
"","-1","-1","1227","0","test_block","poldrack-single-stim","363","492056","0.0-5.0-349.0","go-nogo","true","0","","false","<div class = centerbox><div  id = stim2></div></div>","32","32","750","","test","go","349","random","","",""
"","59111","","","","post task questions","survey-text","364","551200","0.0-7.0","go-nogo","true","0","","","","","","","","","","","","{""Q0"":""PRESS SPACE BAR FOR BLUE"",""Q1"":""""}","",""
