"text","rt","key_press","block_duration","timing_post_trial","trial_id","trial_type","trial_index","time_elapsed","internal_node_id","exp_id","full_screen","focus_shifts","view_history","correct","stimulus","correct_response","possible_responses","stim_duration","feedback_duration","exp_stage","condition","trial_num","mode","responses","payment_id","credit_var"
"<div class = centerbox><p class = center-block-text>Welcome to the experiment. This task will take around 10 minutes. Press <strong>enter</strong> to begin.</p></div>","7503","13","7503","0","instruction","poldrack-text","0","7507","0.0-0.0-0.0","go-nogo","true","0","","","","","","","","","","","","","",""
"","21860","","","","instruction","poldrack-instructions","1","29369","0.0-0.0-1.0","go-nogo","true","0","[{""page_index"":0,""viewing_time"":21858}]","","","","","","","","","","","","",""
"","-1","-1","1249","250","practice","poldrack-categorize","2","32631","0.0-1.0-0.0","go-nogo","true","0","","true","<div class = centerbox><div id = stim2></div></div>","-1","32","750","1000","practice","nogo","0","random","","",""
"","472","32","1385","250","practice","poldrack-categorize","3","35275","0.0-1.0-1.0","go-nogo","true","0","","true","<div class = centerbox><div  id = stim1></div></div>","32","32","750","1000","practice","go","1","random","","",""
"","435","32","1333","250","practice","poldrack-categorize","4","37868","0.0-1.0-2.0","go-nogo","true","0","","true","<div class = centerbox><div  id = stim1></div></div>","32","32","750","1000","practice","go","2","random","","",""
"","-1","-1","1311","250","practice","poldrack-categorize","5","40437","0.0-1.0-3.0","go-nogo","true","0","","true","<div class = centerbox><div id = stim2></div></div>","-1","32","750","1000","practice","nogo","3","random","","",""
"","408","32","1414","250","practice","poldrack-categorize","6","43106","0.0-1.0-4.0","go-nogo","true","0","","true","<div class = centerbox><div  id = stim1></div></div>","32","32","750","1000","practice","go","4","random","","",""
"","353","32","1377","250","practice","poldrack-categorize","7","45741","0.0-1.0-5.0","go-nogo","true","0","","true","<div class = centerbox><div  id = stim1></div></div>","32","32","750","1000","practice","go","5","random","","",""
"","-1","-1","1414","250","practice","poldrack-categorize","8","48412","0.0-1.0-6.0","go-nogo","true","0","","true","<div class = centerbox><div id = stim2></div></div>","-1","32","750","1000","practice","nogo","6","random","","",""
"","-1","-1","1344","250","practice","poldrack-categorize","9","51012","0.0-1.0-7.0","go-nogo","true","0","","true","<div class = centerbox><div id = stim2></div></div>","-1","32","750","1000","practice","nogo","7","random","","",""
"","-1","-1","1363","250","practice","poldrack-categorize","10","53631","0.0-1.0-8.0","go-nogo","true","0","","true","<div class = centerbox><div id = stim2></div></div>","-1","32","750","1000","practice","nogo","8","random","","",""
"","346","32","1277","250","practice","poldrack-categorize","11","56165","0.0-1.0-9.0","go-nogo","true","0","","true","<div class = centerbox><div  id = stim1></div></div>","32","32","750","1000","practice","go","9","random","","",""
"","","","","","reset_trial","call-function","12","56417","0.0-3.0","go-nogo","true","0","","","","","","","","","","","","","",""
"<div class = centerbox><p class = block-text>Practice is over, we will now begin the experiment. You will no longer get feedback about your responses.</p><p class = block-text>Remember, if you see the <font color=""orange"">orange</font> square you should <strong> respond by pressing the spacebar as quickly as possible</strong>. If you see the <font color=""blue"">blue</font> square you should <strong> not respond</strong>. Press <strong>enter</strong> to begin.</p></div>","9252","13","9252","1000","test_intro","poldrack-text","13","65671","0.0-4.0","go-nogo","true","0","","","","","","","","","","","","","",""
"","588","32","1425","0","test_block","poldrack-single-stim","14","68100","0.0-5.0-0.0","go-nogo","true","0","","true","<div class = centerbox><div  id = stim1></div></div>","32","32","750","","test","go","0","random","","",""
"","290","32","1229","0","test_block","poldrack-single-stim","15","69510","0.0-5.0-1.0","go-nogo","true","0","","true","<div class = centerbox><div  id = stim1></div></div>","32","32","750","","test","go","1","random","","",""
"","349","32","1210","0","test_block","poldrack-single-stim","16","70806","0.0-5.0-2.0","go-nogo","true","0","","true","<div class = centerbox><div  id = stim1></div></div>","32","32","750","","test","go","2","random","","",""
"","300","32","1219","0","test_block","poldrack-single-stim","17","72107","0.0-5.0-3.0","go-nogo","true","0","","true","<div class = centerbox><div  id = stim1></div></div>","32","32","750","","test","go","3","random","","",""
"","319","32","1358","0","test_block","poldrack-single-stim","18","73579","0.0-5.0-4.0","go-nogo","true","0","","true","<div class = centerbox><div  id = stim1></div></div>","32","32","750","","test","go","4","random","","",""
"","376","32","1405","0","test_block","poldrack-single-stim","19","75074","0.0-5.0-5.0","go-nogo","true","0","","true","<div class = centerbox><div  id = stim1></div></div>","32","32","750","","test","go","5","random","","",""
"","284","32","1048","0","test_block","poldrack-single-stim","20","76237","0.0-5.0-6.0","go-nogo","true","0","","true","<div class = centerbox><div  id = stim1></div></div>","32","32","750","","test","go","6","random","","",""
"","303","32","1053","0","test_block","poldrack-single-stim","21","77393","0.0-5.0-7.0","go-nogo","true","0","","true","<div class = centerbox><div  id = stim1></div></div>","32","32","750","","test","go","7","random","","",""
"","299","32","1262","0","test_block","poldrack-single-stim","22","78736","0.0-5.0-8.0","go-nogo","true","0","","true","<div class = centerbox><div  id = stim1></div></div>","32","32","750","","test","go","8","random","","",""
"","373","32","1149","0","test_block","poldrack-single-stim","23","79958","0.0-5.0-9.0","go-nogo","true","0","","true","<div class = centerbox><div  id = stim1></div></div>","32","32","750","","test","go","9","random","","",""
"","279","32","1292","0","test_block","poldrack-single-stim","24","81440","0.0-5.0-10.0","go-nogo","true","0","","true","<div class = centerbox><div  id = stim1></div></div>","32","32","750","","test","go","10","random","","",""
"","346","32","1333","0","test_block","poldrack-single-stim","25","82848","0.0-5.0-11.0","go-nogo","true","0","","true","<div class = centerbox><div  id = stim1></div></div>","32","32","750","","test","go","11","random","","",""
"","-1","-1","1122","0","test_block","poldrack-single-stim","26","84091","0.0-5.0-12.0","go-nogo","true","0","","true","<div class = centerbox><div  id = stim2></div></div>","-1","32","750","","test","nogo","12","random","","",""
"","278","32","1352","0","test_block","poldrack-single-stim","27","85573","0.0-5.0-13.0","go-nogo","true","0","","true","<div class = centerbox><div  id = stim1></div></div>","32","32","750","","test","go","13","random","","",""
"","300","32","1033","0","test_block","poldrack-single-stim","28","86736","0.0-5.0-14.0","go-nogo","true","0","","true","<div class = centerbox><div  id = stim1></div></div>","32","32","750","","test","go","14","random","","",""
"","381","32","1028","0","test_block","poldrack-single-stim","29","87858","0.0-5.0-15.0","go-nogo","true","0","","true","<div class = centerbox><div  id = stim1></div></div>","32","32","750","","test","go","15","random","","",""
"","315","32","1069","0","test_block","poldrack-single-stim","30","89023","0.0-5.0-16.0","go-nogo","true","0","","true","<div class = centerbox><div  id = stim1></div></div>","32","32","750","","test","go","16","random","","",""
"","326","32","1308","0","test_block","poldrack-single-stim","31","90440","0.0-5.0-17.0","go-nogo","true","0","","true","<div class = centerbox><div  id = stim1></div></div>","32","32","750","","test","go","17","random","","",""
"","366","32","1387","0","test_block","poldrack-single-stim","32","91909","0.0-5.0-18.0","go-nogo","true","0","","true","<div class = centerbox><div  id = stim1></div></div>","32","32","750","","test","go","18","random","","",""
"","400","32","1387","0","test_block","poldrack-single-stim","33","93379","0.0-5.0-19.0","go-nogo","true","0","","true","<div class = centerbox><div  id = stim1></div></div>","32","32","750","","test","go","19","random","","",""
"","317","32","1173","0","test_block","poldrack-single-stim","34","94661","0.0-5.0-20.0","go-nogo","true","0","","true","<div class = centerbox><div  id = stim1></div></div>","32","32","750","","test","go","20","random","","",""
"","311","32","1251","0","test_block","poldrack-single-stim","35","96084","0.0-5.0-21.0","go-nogo","true","0","","true","<div class = centerbox><div  id = stim1></div></div>","32","32","750","","test","go","21","random","","",""
"","374","32","1150","0","test_block","poldrack-single-stim","36","97344","0.0-5.0-22.0","go-nogo","true","0","","true","<div class = centerbox><div  id = stim1></div></div>","32","32","750","","test","go","22","random","","",""
"","305","32","1447","0","test_block","poldrack-single-stim","37","98890","0.0-5.0-23.0","go-nogo","true","0","","true","<div class = centerbox><div  id = stim1></div></div>","32","32","750","","test","go","23","random","","",""
"","364","32","1184","0","test_block","poldrack-single-stim","38","100198","0.0-5.0-24.0","go-nogo","true","0","","true","<div class = centerbox><div  id = stim1></div></div>","32","32","750","","test","go","24","random","","",""
"","362","32","1079","0","test_block","poldrack-single-stim","39","101377","0.0-5.0-25.0","go-nogo","true","0","","true","<div class = centerbox><div  id = stim1></div></div>","32","32","750","","test","go","25","random","","",""
"","387","32","1430","0","test_block","poldrack-single-stim","40","102965","0.0-5.0-26.0","go-nogo","true","0","","true","<div class = centerbox><div  id = stim1></div></div>","32","32","750","","test","go","26","random","","",""
"","-1","-1","1100","0","test_block","poldrack-single-stim","41","104188","0.0-5.0-27.0","go-nogo","true","0","","true","<div class = centerbox><div  id = stim2></div></div>","-1","32","750","","test","nogo","27","random","","",""
"","325","32","1045","0","test_block","poldrack-single-stim","42","105372","0.0-5.0-28.0","go-nogo","true","0","","true","<div class = centerbox><div  id = stim1></div></div>","32","32","750","","test","go","28","random","","",""
"","320","32","1195","0","test_block","poldrack-single-stim","43","106720","0.0-5.0-29.0","go-nogo","true","0","","true","<div class = centerbox><div  id = stim1></div></div>","32","32","750","","test","go","29","random","","",""
"","320","32","1086","0","test_block","poldrack-single-stim","44","107904","0.0-5.0-30.0","go-nogo","true","0","","true","<div class = centerbox><div  id = stim1></div></div>","32","32","750","","test","go","30","random","","",""
"","346","32","1066","0","test_block","poldrack-single-stim","45","109112","0.0-5.0-31.0","go-nogo","true","0","","true","<div class = centerbox><div  id = stim1></div></div>","32","32","750","","test","go","31","random","","",""
"","291","32","1378","0","test_block","poldrack-single-stim","46","110604","0.0-5.0-32.0","go-nogo","true","0","","true","<div class = centerbox><div  id = stim1></div></div>","32","32","750","","test","go","32","random","","",""
"","-1","-1","1012","0","test_block","poldrack-single-stim","47","111775","0.0-5.0-33.0","go-nogo","true","0","","true","<div class = centerbox><div  id = stim2></div></div>","-1","32","750","","test","nogo","33","random","","",""
"","-1","-1","1273","0","test_block","poldrack-single-stim","48","113182","0.0-5.0-34.0","go-nogo","true","0","","true","<div class = centerbox><div  id = stim2></div></div>","-1","32","750","","test","nogo","34","random","","",""
"","453","32","1251","0","test_block","poldrack-single-stim","49","114528","0.0-5.0-35.0","go-nogo","true","0","","true","<div class = centerbox><div  id = stim1></div></div>","32","32","750","","test","go","35","random","","",""
"","345","32","1143","0","test_block","poldrack-single-stim","50","115841","0.0-5.0-36.0","go-nogo","true","0","","true","<div class = centerbox><div  id = stim1></div></div>","32","32","750","","test","go","36","random","","",""
"","316","32","1194","0","test_block","poldrack-single-stim","51","117161","0.0-5.0-37.0","go-nogo","true","0","","true","<div class = centerbox><div  id = stim1></div></div>","32","32","750","","test","go","37","random","","",""
"","307","32","1093","0","test_block","poldrack-single-stim","52","118348","0.0-5.0-38.0","go-nogo","true","0","","true","<div class = centerbox><div  id = stim1></div></div>","32","32","750","","test","go","38","random","","",""
"","-1","-1","1489","0","test_block","poldrack-single-stim","53","119952","0.0-5.0-39.0","go-nogo","true","0","","true","<div class = centerbox><div  id = stim2></div></div>","-1","32","750","","test","nogo","39","random","","",""
"","316","32","1387","0","test_block","poldrack-single-stim","54","121469","0.0-5.0-40.0","go-nogo","true","0","","true","<div class = centerbox><div  id = stim1></div></div>","32","32","750","","test","go","40","random","","",""
"","332","32","1299","0","test_block","poldrack-single-stim","55","122823","0.0-5.0-41.0","go-nogo","true","0","","true","<div class = centerbox><div  id = stim1></div></div>","32","32","750","","test","go","41","random","","",""
"","332","32","1000","0","test_block","poldrack-single-stim","56","124018","0.0-5.0-42.0","go-nogo","true","0","","true","<div class = centerbox><div  id = stim1></div></div>","32","32","750","","test","go","42","random","","",""
"","328","32","1478","0","test_block","poldrack-single-stim","57","125595","0.0-5.0-43.0","go-nogo","true","0","","true","<div class = centerbox><div  id = stim1></div></div>","32","32","750","","test","go","43","random","","",""
"","317","32","1135","0","test_block","poldrack-single-stim","58","126817","0.0-5.0-44.0","go-nogo","true","0","","true","<div class = centerbox><div  id = stim1></div></div>","32","32","750","","test","go","44","random","","",""
"","327","32","1005","0","test_block","poldrack-single-stim","59","127930","0.0-5.0-45.0","go-nogo","true","0","","true","<div class = centerbox><div  id = stim1></div></div>","32","32","750","","test","go","45","random","","",""
"","296","32","1204","0","test_block","poldrack-single-stim","60","129244","0.0-5.0-46.0","go-nogo","true","0","","true","<div class = centerbox><div  id = stim1></div></div>","32","32","750","","test","go","46","random","","",""
"","287","32","1022","0","test_block","poldrack-single-stim","61","130380","0.0-5.0-47.0","go-nogo","true","0","","true","<div class = centerbox><div  id = stim1></div></div>","32","32","750","","test","go","47","random","","",""
"","266","32","1371","0","test_block","poldrack-single-stim","62","131866","0.0-5.0-48.0","go-nogo","true","0","","true","<div class = centerbox><div  id = stim1></div></div>","32","32","750","","test","go","48","random","","",""
"","333","32","1267","0","test_block","poldrack-single-stim","63","133272","0.0-5.0-49.0","go-nogo","true","0","","true","<div class = centerbox><div  id = stim1></div></div>","32","32","750","","test","go","49","random","","",""
"","306","32","1082","0","test_block","poldrack-single-stim","64","134521","0.0-5.0-50.0","go-nogo","true","0","","true","<div class = centerbox><div  id = stim1></div></div>","32","32","750","","test","go","50","random","","",""
"","326","32","1126","0","test_block","poldrack-single-stim","65","135787","0.0-5.0-51.0","go-nogo","true","0","","true","<div class = centerbox><div  id = stim1></div></div>","32","32","750","","test","go","51","random","","",""
"","365","32","1144","0","test_block","poldrack-single-stim","66","137081","0.0-5.0-52.0","go-nogo","true","0","","true","<div class = centerbox><div  id = stim1></div></div>","32","32","750","","test","go","52","random","","",""
"","296","32","1019","0","test_block","poldrack-single-stim","67","138188","0.0-5.0-53.0","go-nogo","true","0","","true","<div class = centerbox><div  id = stim1></div></div>","32","32","750","","test","go","53","random","","",""
"","312","32","1339","0","test_block","poldrack-single-stim","68","139620","0.0-5.0-54.0","go-nogo","true","0","","true","<div class = centerbox><div  id = stim1></div></div>","32","32","750","","test","go","54","random","","",""
"","428","32","1294","0","test_block","poldrack-single-stim","69","141102","0.0-5.0-55.0","go-nogo","true","0","","true","<div class = centerbox><div  id = stim1></div></div>","32","32","750","","test","go","55","random","","",""
"","315","32","1418","0","test_block","poldrack-single-stim","70","142666","0.0-5.0-56.0","go-nogo","true","0","","true","<div class = centerbox><div  id = stim1></div></div>","32","32","750","","test","go","56","random","","",""
"","351","32","1363","0","test_block","poldrack-single-stim","71","144177","0.0-5.0-57.0","go-nogo","true","0","","true","<div class = centerbox><div  id = stim1></div></div>","32","32","750","","test","go","57","random","","",""
"","419","32","1112","0","test_block","poldrack-single-stim","72","145361","0.0-5.0-58.0","go-nogo","true","0","","true","<div class = centerbox><div  id = stim1></div></div>","32","32","750","","test","go","58","random","","",""
"","297","32","1029","0","test_block","poldrack-single-stim","73","146495","0.0-5.0-59.0","go-nogo","true","0","","true","<div class = centerbox><div  id = stim1></div></div>","32","32","750","","test","go","59","random","","",""
"","376","32","1467","0","test_block","poldrack-single-stim","74","148099","0.0-5.0-60.0","go-nogo","true","0","","true","<div class = centerbox><div  id = stim1></div></div>","32","32","750","","test","go","60","random","","",""
"","309","32","1021","0","test_block","poldrack-single-stim","75","149198","0.0-5.0-61.0","go-nogo","true","0","","true","<div class = centerbox><div  id = stim1></div></div>","32","32","750","","test","go","61","random","","",""
"","339","32","1203","0","test_block","poldrack-single-stim","76","150493","0.0-5.0-62.0","go-nogo","true","0","","true","<div class = centerbox><div  id = stim1></div></div>","32","32","750","","test","go","62","random","","",""
"","345","32","1342","0","test_block","poldrack-single-stim","77","151944","0.0-5.0-63.0","go-nogo","true","0","","true","<div class = centerbox><div  id = stim1></div></div>","32","32","750","","test","go","63","random","","",""
"","-1","-1","1168","0","test_block","poldrack-single-stim","78","153222","0.0-5.0-64.0","go-nogo","true","0","","true","<div class = centerbox><div  id = stim2></div></div>","-1","32","750","","test","nogo","64","random","","",""
"","450","32","1127","0","test_block","poldrack-single-stim","79","154448","0.0-5.0-65.0","go-nogo","true","0","","true","<div class = centerbox><div  id = stim1></div></div>","32","32","750","","test","go","65","random","","",""
"","337","32","1491","0","test_block","poldrack-single-stim","80","156059","0.0-5.0-66.0","go-nogo","true","0","","true","<div class = centerbox><div  id = stim1></div></div>","32","32","750","","test","go","66","random","","",""
"","326","32","1113","0","test_block","poldrack-single-stim","81","157358","0.0-5.0-67.0","go-nogo","true","0","","true","<div class = centerbox><div  id = stim1></div></div>","32","32","750","","test","go","67","random","","",""
"","339","32","1063","0","test_block","poldrack-single-stim","82","158595","0.0-5.0-68.0","go-nogo","true","0","","true","<div class = centerbox><div  id = stim1></div></div>","32","32","750","","test","go","68","random","","",""
"","-1","-1","1017","0","test_block","poldrack-single-stim","83","159786","0.0-5.0-69.0","go-nogo","true","0","","true","<div class = centerbox><div  id = stim2></div></div>","-1","32","750","","test","nogo","69","random","","",""
"","357","32","1367","0","test_block","poldrack-single-stim","84","161271","0.0-5.0-70.0","go-nogo","true","0","","true","<div class = centerbox><div  id = stim1></div></div>","32","32","750","","test","go","70","random","","",""
"","285","32","1043","0","test_block","poldrack-single-stim","85","162391","0.0-5.0-71.0","go-nogo","true","0","","true","<div class = centerbox><div  id = stim1></div></div>","32","32","750","","test","go","71","random","","",""
"","330","32","1185","0","test_block","poldrack-single-stim","86","163665","0.0-5.0-72.0","go-nogo","true","0","","true","<div class = centerbox><div  id = stim1></div></div>","32","32","750","","test","go","72","random","","",""
"","379","32","1059","0","test_block","poldrack-single-stim","87","164846","0.0-5.0-73.0","go-nogo","true","0","","true","<div class = centerbox><div  id = stim1></div></div>","32","32","750","","test","go","73","random","","",""
"","343","32","1139","0","test_block","poldrack-single-stim","88","166056","0.0-5.0-74.0","go-nogo","true","0","","true","<div class = centerbox><div  id = stim1></div></div>","32","32","750","","test","go","74","random","","",""
"","318","32","1317","0","test_block","poldrack-single-stim","89","167424","0.0-5.0-75.0","go-nogo","true","0","","true","<div class = centerbox><div  id = stim1></div></div>","32","32","750","","test","go","75","random","","",""
"","291","32","1423","0","test_block","poldrack-single-stim","90","168923","0.0-5.0-76.0","go-nogo","true","0","","true","<div class = centerbox><div  id = stim1></div></div>","32","32","750","","test","go","76","random","","",""
"","335","32","1158","0","test_block","poldrack-single-stim","91","170239","0.0-5.0-77.0","go-nogo","true","0","","true","<div class = centerbox><div  id = stim1></div></div>","32","32","750","","test","go","77","random","","",""
"","316","32","1350","0","test_block","poldrack-single-stim","92","171707","0.0-5.0-78.0","go-nogo","true","0","","true","<div class = centerbox><div  id = stim1></div></div>","32","32","750","","test","go","78","random","","",""
"","336","32","1087","0","test_block","poldrack-single-stim","93","172917","0.0-5.0-79.0","go-nogo","true","0","","true","<div class = centerbox><div  id = stim1></div></div>","32","32","750","","test","go","79","random","","",""
"","298","32","1060","0","test_block","poldrack-single-stim","94","174081","0.0-5.0-80.0","go-nogo","true","0","","true","<div class = centerbox><div  id = stim1></div></div>","32","32","750","","test","go","80","random","","",""
"","295","32","1347","0","test_block","poldrack-single-stim","95","175512","0.0-5.0-81.0","go-nogo","true","0","","true","<div class = centerbox><div  id = stim1></div></div>","32","32","750","","test","go","81","random","","",""
"","330","32","1046","0","test_block","poldrack-single-stim","96","176646","0.0-5.0-82.0","go-nogo","true","0","","true","<div class = centerbox><div  id = stim1></div></div>","32","32","750","","test","go","82","random","","",""
"","474","32","1298","0","test_block","poldrack-single-stim","97","177997","0.0-5.0-83.0","go-nogo","true","0","","true","<div class = centerbox><div  id = stim1></div></div>","32","32","750","","test","go","83","random","","",""
"","398","32","1079","0","test_block","poldrack-single-stim","98","179162","0.0-5.0-84.0","go-nogo","true","0","","true","<div class = centerbox><div  id = stim1></div></div>","32","32","750","","test","go","84","random","","",""
"","303","32","1094","0","test_block","poldrack-single-stim","99","180333","0.0-5.0-85.0","go-nogo","true","0","","true","<div class = centerbox><div  id = stim1></div></div>","32","32","750","","test","go","85","random","","",""
"","337","32","1097","0","test_block","poldrack-single-stim","100","181482","0.0-5.0-86.0","go-nogo","true","0","","true","<div class = centerbox><div  id = stim1></div></div>","32","32","750","","test","go","86","random","","",""
"","332","32","1013","0","test_block","poldrack-single-stim","101","182622","0.0-5.0-87.0","go-nogo","true","0","","true","<div class = centerbox><div  id = stim1></div></div>","32","32","750","","test","go","87","random","","",""
"","320","32","1161","0","test_block","poldrack-single-stim","102","183880","0.0-5.0-88.0","go-nogo","true","0","","true","<div class = centerbox><div  id = stim1></div></div>","32","32","750","","test","go","88","random","","",""
"","314","32","1358","0","test_block","poldrack-single-stim","103","185324","0.0-5.0-89.0","go-nogo","true","0","","true","<div class = centerbox><div  id = stim1></div></div>","32","32","750","","test","go","89","random","","",""
"","329","32","1258","0","test_block","poldrack-single-stim","104","186656","0.0-5.0-90.0","go-nogo","true","0","","true","<div class = centerbox><div  id = stim1></div></div>","32","32","750","","test","go","90","random","","",""
"","337","32","1228","0","test_block","poldrack-single-stim","105","187965","0.0-5.0-91.0","go-nogo","true","0","","true","<div class = centerbox><div  id = stim1></div></div>","32","32","750","","test","go","91","random","","",""
"","332","32","1054","0","test_block","poldrack-single-stim","106","189134","0.0-5.0-92.0","go-nogo","true","0","","true","<div class = centerbox><div  id = stim1></div></div>","32","32","750","","test","go","92","random","","",""
"","331","32","1099","0","test_block","poldrack-single-stim","107","190286","0.0-5.0-93.0","go-nogo","true","0","","true","<div class = centerbox><div  id = stim1></div></div>","32","32","750","","test","go","93","random","","",""
"","303","32","1077","0","test_block","poldrack-single-stim","108","191435","0.0-5.0-94.0","go-nogo","true","0","","true","<div class = centerbox><div  id = stim1></div></div>","32","32","750","","test","go","94","random","","",""
"","303","32","1392","0","test_block","poldrack-single-stim","109","192876","0.0-5.0-95.0","go-nogo","true","0","","false","<div class = centerbox><div  id = stim2></div></div>","-1","32","750","","test","nogo","95","random","","",""
"","370","32","1402","0","test_block","poldrack-single-stim","110","194348","0.0-5.0-96.0","go-nogo","true","0","","true","<div class = centerbox><div  id = stim1></div></div>","32","32","750","","test","go","96","random","","",""
"","311","32","1140","0","test_block","poldrack-single-stim","111","195556","0.0-5.0-97.0","go-nogo","true","0","","true","<div class = centerbox><div  id = stim1></div></div>","32","32","750","","test","go","97","random","","",""
"","313","32","1392","0","test_block","poldrack-single-stim","112","196998","0.0-5.0-98.0","go-nogo","true","0","","true","<div class = centerbox><div  id = stim1></div></div>","32","32","750","","test","go","98","random","","",""
"","-1","-1","1407","0","test_block","poldrack-single-stim","113","198482","0.0-5.0-99.0","go-nogo","true","0","","true","<div class = centerbox><div  id = stim2></div></div>","-1","32","750","","test","nogo","99","random","","",""
"","371","32","1011","0","test_block","poldrack-single-stim","114","199553","0.0-5.0-100.0","go-nogo","true","0","","true","<div class = centerbox><div  id = stim1></div></div>","32","32","750","","test","go","100","random","","",""
"","-1","-1","1009","0","test_block","poldrack-single-stim","115","200628","0.0-5.0-101.0","go-nogo","true","0","","true","<div class = centerbox><div  id = stim2></div></div>","-1","32","750","","test","nogo","101","random","","",""
"","291","32","1300","0","test_block","poldrack-single-stim","116","202018","0.0-5.0-102.0","go-nogo","true","0","","true","<div class = centerbox><div  id = stim1></div></div>","32","32","750","","test","go","102","random","","",""
"","404","32","1419","0","test_block","poldrack-single-stim","117","203512","0.0-5.0-103.0","go-nogo","true","0","","true","<div class = centerbox><div  id = stim1></div></div>","32","32","750","","test","go","103","random","","",""
"","320","32","1204","0","test_block","poldrack-single-stim","118","204765","0.0-5.0-104.0","go-nogo","true","0","","true","<div class = centerbox><div  id = stim1></div></div>","32","32","750","","test","go","104","random","","",""
"","323","32","1491","0","test_block","poldrack-single-stim","119","206329","0.0-5.0-105.0","go-nogo","true","0","","true","<div class = centerbox><div  id = stim1></div></div>","32","32","750","","test","go","105","random","","",""
"","393","32","1448","0","test_block","poldrack-single-stim","120","207865","0.0-5.0-106.0","go-nogo","true","0","","true","<div class = centerbox><div  id = stim1></div></div>","32","32","750","","test","go","106","random","","",""
"","344","32","1359","0","test_block","poldrack-single-stim","121","209274","0.0-5.0-107.0","go-nogo","true","0","","true","<div class = centerbox><div  id = stim1></div></div>","32","32","750","","test","go","107","random","","",""
"","357","32","1045","0","test_block","poldrack-single-stim","122","210373","0.0-5.0-108.0","go-nogo","true","0","","true","<div class = centerbox><div  id = stim1></div></div>","32","32","750","","test","go","108","random","","",""
"","330","32","1005","0","test_block","poldrack-single-stim","123","211459","0.0-5.0-109.0","go-nogo","true","0","","true","<div class = centerbox><div  id = stim1></div></div>","32","32","750","","test","go","109","random","","",""
"","362","32","1261","0","test_block","poldrack-single-stim","124","212809","0.0-5.0-110.0","go-nogo","true","0","","true","<div class = centerbox><div  id = stim1></div></div>","32","32","750","","test","go","110","random","","",""
"","405","32","1060","0","test_block","poldrack-single-stim","125","213920","0.0-5.0-111.0","go-nogo","true","0","","true","<div class = centerbox><div  id = stim1></div></div>","32","32","750","","test","go","111","random","","",""
"","329","32","1298","0","test_block","poldrack-single-stim","126","215305","0.0-5.0-112.0","go-nogo","true","0","","true","<div class = centerbox><div  id = stim1></div></div>","32","32","750","","test","go","112","random","","",""
"","367","32","1305","0","test_block","poldrack-single-stim","127","216689","0.0-5.0-113.0","go-nogo","true","0","","true","<div class = centerbox><div  id = stim1></div></div>","32","32","750","","test","go","113","random","","",""
"","365","32","1197","0","test_block","poldrack-single-stim","128","217939","0.0-5.0-114.0","go-nogo","true","0","","true","<div class = centerbox><div  id = stim1></div></div>","32","32","750","","test","go","114","random","","",""
"","302","32","1306","0","test_block","poldrack-single-stim","129","219302","0.0-5.0-115.0","go-nogo","true","0","","true","<div class = centerbox><div  id = stim1></div></div>","32","32","750","","test","go","115","random","","",""
"","302","32","1470","0","test_block","poldrack-single-stim","130","220821","0.0-5.0-116.0","go-nogo","true","0","","true","<div class = centerbox><div  id = stim1></div></div>","32","32","750","","test","go","116","random","","",""
"","341","32","1104","0","test_block","poldrack-single-stim","131","221977","0.0-5.0-117.0","go-nogo","true","0","","true","<div class = centerbox><div  id = stim1></div></div>","32","32","750","","test","go","117","random","","",""
"","363","32","1322","0","test_block","poldrack-single-stim","132","223389","0.0-5.0-118.0","go-nogo","true","0","","true","<div class = centerbox><div  id = stim1></div></div>","32","32","750","","test","go","118","random","","",""
"","344","32","1294","0","test_block","poldrack-single-stim","133","224840","0.0-5.0-119.0","go-nogo","true","0","","true","<div class = centerbox><div  id = stim1></div></div>","32","32","750","","test","go","119","random","","",""
"","323","32","1118","0","test_block","poldrack-single-stim","134","226036","0.0-5.0-120.0","go-nogo","true","0","","true","<div class = centerbox><div  id = stim1></div></div>","32","32","750","","test","go","120","random","","",""
"","331","32","1091","0","test_block","poldrack-single-stim","135","227201","0.0-5.0-121.0","go-nogo","true","0","","true","<div class = centerbox><div  id = stim1></div></div>","32","32","750","","test","go","121","random","","",""
"","286","32","1038","0","test_block","poldrack-single-stim","136","228340","0.0-5.0-122.0","go-nogo","true","0","","false","<div class = centerbox><div  id = stim2></div></div>","-1","32","750","","test","nogo","122","random","","",""
"","405","32","1067","0","test_block","poldrack-single-stim","137","229478","0.0-5.0-123.0","go-nogo","true","0","","true","<div class = centerbox><div  id = stim1></div></div>","32","32","750","","test","go","123","random","","",""
"","333","32","1452","0","test_block","poldrack-single-stim","138","230994","0.0-5.0-124.0","go-nogo","true","0","","true","<div class = centerbox><div  id = stim1></div></div>","32","32","750","","test","go","124","random","","",""
"","408","32","1090","0","test_block","poldrack-single-stim","139","232150","0.0-5.0-125.0","go-nogo","true","0","","true","<div class = centerbox><div  id = stim1></div></div>","32","32","750","","test","go","125","random","","",""
"","337","32","1031","0","test_block","poldrack-single-stim","140","233251","0.0-5.0-126.0","go-nogo","true","0","","true","<div class = centerbox><div  id = stim1></div></div>","32","32","750","","test","go","126","random","","",""
"","-1","-1","1181","0","test_block","poldrack-single-stim","141","234480","0.0-5.0-127.0","go-nogo","true","0","","true","<div class = centerbox><div  id = stim2></div></div>","-1","32","750","","test","nogo","127","random","","",""
"","-1","-1","1471","0","test_block","poldrack-single-stim","142","236000","0.0-5.0-128.0","go-nogo","true","0","","true","<div class = centerbox><div  id = stim2></div></div>","-1","32","750","","test","nogo","128","random","","",""
"","530","32","1417","0","test_block","poldrack-single-stim","143","237545","0.0-5.0-129.0","go-nogo","true","0","","true","<div class = centerbox><div  id = stim1></div></div>","32","32","750","","test","go","129","random","","",""
"","295","32","1390","0","test_block","poldrack-single-stim","144","238986","0.0-5.0-130.0","go-nogo","true","0","","true","<div class = centerbox><div  id = stim1></div></div>","32","32","750","","test","go","130","random","","",""
"","353","32","1078","0","test_block","poldrack-single-stim","145","240149","0.0-5.0-131.0","go-nogo","true","0","","true","<div class = centerbox><div  id = stim1></div></div>","32","32","750","","test","go","131","random","","",""
"","452","32","1168","0","test_block","poldrack-single-stim","146","241434","0.0-5.0-132.0","go-nogo","true","0","","true","<div class = centerbox><div  id = stim1></div></div>","32","32","750","","test","go","132","random","","",""
"","384","32","1408","0","test_block","poldrack-single-stim","147","242921","0.0-5.0-133.0","go-nogo","true","0","","true","<div class = centerbox><div  id = stim1></div></div>","32","32","750","","test","go","133","random","","",""
"","389","32","1255","0","test_block","poldrack-single-stim","148","244227","0.0-5.0-134.0","go-nogo","true","0","","true","<div class = centerbox><div  id = stim1></div></div>","32","32","750","","test","go","134","random","","",""
"","317","32","1065","0","test_block","poldrack-single-stim","149","245346","0.0-5.0-135.0","go-nogo","true","0","","true","<div class = centerbox><div  id = stim1></div></div>","32","32","750","","test","go","135","random","","",""
"","397","32","1298","0","test_block","poldrack-single-stim","150","246695","0.0-5.0-136.0","go-nogo","true","0","","true","<div class = centerbox><div  id = stim1></div></div>","32","32","750","","test","go","136","random","","",""
"","379","32","1296","0","test_block","poldrack-single-stim","151","248041","0.0-5.0-137.0","go-nogo","true","0","","true","<div class = centerbox><div  id = stim1></div></div>","32","32","750","","test","go","137","random","","",""
"","326","32","1285","0","test_block","poldrack-single-stim","152","249412","0.0-5.0-138.0","go-nogo","true","0","","false","<div class = centerbox><div  id = stim2></div></div>","-1","32","750","","test","nogo","138","random","","",""
"","372","32","1483","0","test_block","poldrack-single-stim","153","250951","0.0-5.0-139.0","go-nogo","true","0","","true","<div class = centerbox><div  id = stim1></div></div>","32","32","750","","test","go","139","random","","",""
"","459","32","1222","0","test_block","poldrack-single-stim","154","252223","0.0-5.0-140.0","go-nogo","true","0","","true","<div class = centerbox><div  id = stim1></div></div>","32","32","750","","test","go","140","random","","",""
"","381","32","1292","0","test_block","poldrack-single-stim","155","253610","0.0-5.0-141.0","go-nogo","true","0","","true","<div class = centerbox><div  id = stim1></div></div>","32","32","750","","test","go","141","random","","",""
"","426","32","1121","0","test_block","poldrack-single-stim","156","254821","0.0-5.0-142.0","go-nogo","true","0","","true","<div class = centerbox><div  id = stim1></div></div>","32","32","750","","test","go","142","random","","",""
"","396","32","1352","0","test_block","poldrack-single-stim","157","256241","0.0-5.0-143.0","go-nogo","true","0","","true","<div class = centerbox><div  id = stim1></div></div>","32","32","750","","test","go","143","random","","",""
"","377","32","1010","0","test_block","poldrack-single-stim","158","257346","0.0-5.0-144.0","go-nogo","true","0","","true","<div class = centerbox><div  id = stim1></div></div>","32","32","750","","test","go","144","random","","",""
"","377","32","1062","0","test_block","poldrack-single-stim","159","258471","0.0-5.0-145.0","go-nogo","true","0","","true","<div class = centerbox><div  id = stim1></div></div>","32","32","750","","test","go","145","random","","",""
"","364","32","1313","0","test_block","poldrack-single-stim","160","259880","0.0-5.0-146.0","go-nogo","true","0","","true","<div class = centerbox><div  id = stim1></div></div>","32","32","750","","test","go","146","random","","",""
"","475","32","1153","0","test_block","poldrack-single-stim","161","261082","0.0-5.0-147.0","go-nogo","true","0","","true","<div class = centerbox><div  id = stim1></div></div>","32","32","750","","test","go","147","random","","",""
"","369","32","1130","0","test_block","poldrack-single-stim","162","262356","0.0-5.0-148.0","go-nogo","true","0","","true","<div class = centerbox><div  id = stim1></div></div>","32","32","750","","test","go","148","random","","",""
"","399","32","1072","0","test_block","poldrack-single-stim","163","263540","0.0-5.0-149.0","go-nogo","true","0","","true","<div class = centerbox><div  id = stim1></div></div>","32","32","750","","test","go","149","random","","",""
"","418","32","1335","0","test_block","poldrack-single-stim","164","264926","0.0-5.0-150.0","go-nogo","true","0","","true","<div class = centerbox><div  id = stim1></div></div>","32","32","750","","test","go","150","random","","",""
"","391","32","1309","0","test_block","poldrack-single-stim","165","266283","0.0-5.0-151.0","go-nogo","true","0","","true","<div class = centerbox><div  id = stim1></div></div>","32","32","750","","test","go","151","random","","",""
"","339","32","1365","0","test_block","poldrack-single-stim","166","267698","0.0-5.0-152.0","go-nogo","true","0","","true","<div class = centerbox><div  id = stim1></div></div>","32","32","750","","test","go","152","random","","",""
"","406","32","1298","0","test_block","poldrack-single-stim","167","269092","0.0-5.0-153.0","go-nogo","true","0","","true","<div class = centerbox><div  id = stim1></div></div>","32","32","750","","test","go","153","random","","",""
"","404","32","1274","0","test_block","poldrack-single-stim","168","270415","0.0-5.0-154.0","go-nogo","true","0","","true","<div class = centerbox><div  id = stim1></div></div>","32","32","750","","test","go","154","random","","",""
"","360","32","1397","0","test_block","poldrack-single-stim","169","271864","0.0-5.0-155.0","go-nogo","true","0","","true","<div class = centerbox><div  id = stim1></div></div>","32","32","750","","test","go","155","random","","",""
"","382","32","1209","0","test_block","poldrack-single-stim","170","273128","0.0-5.0-156.0","go-nogo","true","0","","true","<div class = centerbox><div  id = stim1></div></div>","32","32","750","","test","go","156","random","","",""
"","364","32","1067","0","test_block","poldrack-single-stim","171","274249","0.0-5.0-157.0","go-nogo","true","0","","true","<div class = centerbox><div  id = stim1></div></div>","32","32","750","","test","go","157","random","","",""
"","392","32","1258","0","test_block","poldrack-single-stim","172","275581","0.0-5.0-158.0","go-nogo","true","0","","true","<div class = centerbox><div  id = stim1></div></div>","32","32","750","","test","go","158","random","","",""
"","-1","-1","1189","0","test_block","poldrack-single-stim","173","276843","0.0-5.0-159.0","go-nogo","true","0","","true","<div class = centerbox><div  id = stim2></div></div>","-1","32","750","","test","nogo","159","random","","",""
"","345","32","1304","0","test_block","poldrack-single-stim","174","278197","0.0-5.0-160.0","go-nogo","true","0","","true","<div class = centerbox><div  id = stim1></div></div>","32","32","750","","test","go","160","random","","",""
"","497","32","1242","0","test_block","poldrack-single-stim","175","279531","0.0-5.0-161.0","go-nogo","true","0","","true","<div class = centerbox><div  id = stim1></div></div>","32","32","750","","test","go","161","random","","",""
"","380","32","1097","0","test_block","poldrack-single-stim","176","280677","0.0-5.0-162.0","go-nogo","true","0","","true","<div class = centerbox><div  id = stim1></div></div>","32","32","750","","test","go","162","random","","",""
"","315","32","1078","0","test_block","poldrack-single-stim","177","281887","0.0-5.0-163.0","go-nogo","true","0","","true","<div class = centerbox><div  id = stim1></div></div>","32","32","750","","test","go","163","random","","",""
"","416","32","1312","0","test_block","poldrack-single-stim","178","283299","0.0-5.0-164.0","go-nogo","true","0","","true","<div class = centerbox><div  id = stim1></div></div>","32","32","750","","test","go","164","random","","",""
"","406","32","1352","0","test_block","poldrack-single-stim","179","284741","0.0-5.0-165.0","go-nogo","true","0","","true","<div class = centerbox><div  id = stim1></div></div>","32","32","750","","test","go","165","random","","",""
"","399","32","1232","0","test_block","poldrack-single-stim","180","286038","0.0-5.0-166.0","go-nogo","true","0","","true","<div class = centerbox><div  id = stim1></div></div>","32","32","750","","test","go","166","random","","",""
"","334","32","1337","0","test_block","poldrack-single-stim","181","287435","0.0-5.0-167.0","go-nogo","true","0","","true","<div class = centerbox><div  id = stim1></div></div>","32","32","750","","test","go","167","random","","",""
"","-1","-1","1434","0","test_block","poldrack-single-stim","182","288921","0.0-5.0-168.0","go-nogo","true","0","","true","<div class = centerbox><div  id = stim2></div></div>","-1","32","750","","test","nogo","168","random","","",""
"","337","32","1456","0","test_block","poldrack-single-stim","183","290427","0.0-5.0-169.0","go-nogo","true","0","","true","<div class = centerbox><div  id = stim1></div></div>","32","32","750","","test","go","169","random","","",""
"","393","32","1210","0","test_block","poldrack-single-stim","184","291715","0.0-5.0-170.0","go-nogo","true","0","","true","<div class = centerbox><div  id = stim1></div></div>","32","32","750","","test","go","170","random","","",""
"","366","32","1266","0","test_block","poldrack-single-stim","185","293118","0.0-5.0-171.0","go-nogo","true","0","","true","<div class = centerbox><div  id = stim1></div></div>","32","32","750","","test","go","171","random","","",""
"","407","32","1207","0","test_block","poldrack-single-stim","186","294406","0.0-5.0-172.0","go-nogo","true","0","","true","<div class = centerbox><div  id = stim1></div></div>","32","32","750","","test","go","172","random","","",""
"","452","32","1051","0","test_block","poldrack-single-stim","187","295537","0.0-5.0-173.0","go-nogo","true","0","","true","<div class = centerbox><div  id = stim1></div></div>","32","32","750","","test","go","173","random","","",""
"","386","32","1085","0","test_block","poldrack-single-stim","188","296733","0.0-5.0-174.0","go-nogo","true","0","","true","<div class = centerbox><div  id = stim1></div></div>","32","32","750","","test","go","174","random","","",""
"","361","32","1287","0","test_block","poldrack-single-stim","189","298072","0.0-5.0-175.0","go-nogo","true","0","","true","<div class = centerbox><div  id = stim1></div></div>","32","32","750","","test","go","175","random","","",""
"","384","32","1296","0","test_block","poldrack-single-stim","190","299447","0.0-5.0-176.0","go-nogo","true","0","","true","<div class = centerbox><div  id = stim1></div></div>","32","32","750","","test","go","176","random","","",""
"","351","32","1494","0","test_block","poldrack-single-stim","191","300989","0.0-5.0-177.0","go-nogo","true","0","","true","<div class = centerbox><div  id = stim1></div></div>","32","32","750","","test","go","177","random","","",""
"","406","32","1301","0","test_block","poldrack-single-stim","192","302338","0.0-5.0-178.0","go-nogo","true","0","","true","<div class = centerbox><div  id = stim1></div></div>","32","32","750","","test","go","178","random","","",""
"","374","32","1111","0","test_block","poldrack-single-stim","193","303501","0.0-5.0-179.0","go-nogo","true","0","","true","<div class = centerbox><div  id = stim1></div></div>","32","32","750","","test","go","179","random","","",""
"","385","32","1493","0","test_block","poldrack-single-stim","194","305045","0.0-5.0-180.0","go-nogo","true","0","","true","<div class = centerbox><div  id = stim1></div></div>","32","32","750","","test","go","180","random","","",""
"","-1","-1","1117","0","test_block","poldrack-single-stim","195","306243","0.0-5.0-181.0","go-nogo","true","0","","true","<div class = centerbox><div  id = stim2></div></div>","-1","32","750","","test","nogo","181","random","","",""
"","344","32","1133","0","test_block","poldrack-single-stim","196","307426","0.0-5.0-182.0","go-nogo","true","0","","true","<div class = centerbox><div  id = stim1></div></div>","32","32","750","","test","go","182","random","","",""
"","342","32","1496","0","test_block","poldrack-single-stim","197","308991","0.0-5.0-183.0","go-nogo","true","0","","true","<div class = centerbox><div  id = stim1></div></div>","32","32","750","","test","go","183","random","","",""
"","-1","-1","1480","0","test_block","poldrack-single-stim","198","310519","0.0-5.0-184.0","go-nogo","true","0","","true","<div class = centerbox><div  id = stim2></div></div>","-1","32","750","","test","nogo","184","random","","",""
"","463","32","1177","0","test_block","poldrack-single-stim","199","311753","0.0-5.0-185.0","go-nogo","true","0","","true","<div class = centerbox><div  id = stim1></div></div>","32","32","750","","test","go","185","random","","",""
"","-1","-1","1205","0","test_block","poldrack-single-stim","200","313013","0.0-5.0-186.0","go-nogo","true","0","","true","<div class = centerbox><div  id = stim2></div></div>","-1","32","750","","test","nogo","186","random","","",""
"","368","32","1227","0","test_block","poldrack-single-stim","201","314294","0.0-5.0-187.0","go-nogo","true","0","","true","<div class = centerbox><div  id = stim1></div></div>","32","32","750","","test","go","187","random","","",""
"","466","32","1428","0","test_block","poldrack-single-stim","202","316442","0.0-5.0-188.0","go-nogo","true","0","","true","<div class = centerbox><div  id = stim1></div></div>","32","32","750","","test","go","188","random","","",""
"","371","32","1241","0","test_block","poldrack-single-stim","203","317761","0.0-5.0-189.0","go-nogo","true","0","","true","<div class = centerbox><div  id = stim1></div></div>","32","32","750","","test","go","189","random","","",""
"","326","32","1116","0","test_block","poldrack-single-stim","204","318953","0.0-5.0-190.0","go-nogo","true","0","","true","<div class = centerbox><div  id = stim1></div></div>","32","32","750","","test","go","190","random","","",""
"","402","32","1268","0","test_block","poldrack-single-stim","205","320270","0.0-5.0-191.0","go-nogo","true","0","","true","<div class = centerbox><div  id = stim1></div></div>","32","32","750","","test","go","191","random","","",""
"","-1","-1","1314","0","test_block","poldrack-single-stim","206","321656","0.0-5.0-192.0","go-nogo","true","0","","true","<div class = centerbox><div  id = stim2></div></div>","-1","32","750","","test","nogo","192","random","","",""
"","-1","-1","1344","0","test_block","poldrack-single-stim","207","323055","0.0-5.0-193.0","go-nogo","true","0","","true","<div class = centerbox><div  id = stim2></div></div>","-1","32","750","","test","nogo","193","random","","",""
"","388","32","1481","0","test_block","poldrack-single-stim","208","324603","0.0-5.0-194.0","go-nogo","true","0","","true","<div class = centerbox><div  id = stim1></div></div>","32","32","750","","test","go","194","random","","",""
"","384","32","1123","0","test_block","poldrack-single-stim","209","325776","0.0-5.0-195.0","go-nogo","true","0","","true","<div class = centerbox><div  id = stim1></div></div>","32","32","750","","test","go","195","random","","",""
"","334","32","1230","0","test_block","poldrack-single-stim","210","327081","0.0-5.0-196.0","go-nogo","true","0","","true","<div class = centerbox><div  id = stim1></div></div>","32","32","750","","test","go","196","random","","",""
"","345","32","1265","0","test_block","poldrack-single-stim","211","328423","0.0-5.0-197.0","go-nogo","true","0","","true","<div class = centerbox><div  id = stim1></div></div>","32","32","750","","test","go","197","random","","",""
"","399","32","1075","0","test_block","poldrack-single-stim","212","329549","0.0-5.0-198.0","go-nogo","true","0","","true","<div class = centerbox><div  id = stim1></div></div>","32","32","750","","test","go","198","random","","",""
"","432","32","1117","0","test_block","poldrack-single-stim","213","330716","0.0-5.0-199.0","go-nogo","true","0","","true","<div class = centerbox><div  id = stim1></div></div>","32","32","750","","test","go","199","random","","",""
"","362","32","1467","0","test_block","poldrack-single-stim","214","332261","0.0-5.0-200.0","go-nogo","true","0","","true","<div class = centerbox><div  id = stim1></div></div>","32","32","750","","test","go","200","random","","",""
"","332","32","1318","0","test_block","poldrack-single-stim","215","333652","0.0-5.0-201.0","go-nogo","true","0","","true","<div class = centerbox><div  id = stim1></div></div>","32","32","750","","test","go","201","random","","",""
"","-1","-1","1293","0","test_block","poldrack-single-stim","216","334994","0.0-5.0-202.0","go-nogo","true","0","","true","<div class = centerbox><div  id = stim2></div></div>","-1","32","750","","test","nogo","202","random","","",""
"","459","32","1045","0","test_block","poldrack-single-stim","217","336088","0.0-5.0-203.0","go-nogo","true","0","","true","<div class = centerbox><div  id = stim1></div></div>","32","32","750","","test","go","203","random","","",""
"","404","32","1327","0","test_block","poldrack-single-stim","218","337488","0.0-5.0-204.0","go-nogo","true","0","","true","<div class = centerbox><div  id = stim1></div></div>","32","32","750","","test","go","204","random","","",""
"","394","32","1287","0","test_block","poldrack-single-stim","219","338826","0.0-5.0-205.0","go-nogo","true","0","","true","<div class = centerbox><div  id = stim1></div></div>","32","32","750","","test","go","205","random","","",""
"","332","32","1232","0","test_block","poldrack-single-stim","220","340106","0.0-5.0-206.0","go-nogo","true","0","","true","<div class = centerbox><div  id = stim1></div></div>","32","32","750","","test","go","206","random","","",""
"","401","32","1493","0","test_block","poldrack-single-stim","221","341684","0.0-5.0-207.0","go-nogo","true","0","","true","<div class = centerbox><div  id = stim1></div></div>","32","32","750","","test","go","207","random","","",""
"","377","32","1315","0","test_block","poldrack-single-stim","222","343045","0.0-5.0-208.0","go-nogo","true","0","","true","<div class = centerbox><div  id = stim1></div></div>","32","32","750","","test","go","208","random","","",""
"","297","32","1257","0","test_block","poldrack-single-stim","223","344381","0.0-5.0-209.0","go-nogo","true","0","","true","<div class = centerbox><div  id = stim1></div></div>","32","32","750","","test","go","209","random","","",""
"","363","32","1004","0","test_block","poldrack-single-stim","224","345465","0.0-5.0-210.0","go-nogo","true","0","","true","<div class = centerbox><div  id = stim1></div></div>","32","32","750","","test","go","210","random","","",""
"","404","32","1147","0","test_block","poldrack-single-stim","225","346661","0.0-5.0-211.0","go-nogo","true","0","","true","<div class = centerbox><div  id = stim1></div></div>","32","32","750","","test","go","211","random","","",""
"","-1","-1","1105","0","test_block","poldrack-single-stim","226","347815","0.0-5.0-212.0","go-nogo","true","0","","true","<div class = centerbox><div  id = stim2></div></div>","-1","32","750","","test","nogo","212","random","","",""
"","380","32","1091","0","test_block","poldrack-single-stim","227","348963","0.0-5.0-213.0","go-nogo","true","0","","true","<div class = centerbox><div  id = stim1></div></div>","32","32","750","","test","go","213","random","","",""
"","339","32","1185","0","test_block","poldrack-single-stim","228","350194","0.0-5.0-214.0","go-nogo","true","0","","true","<div class = centerbox><div  id = stim1></div></div>","32","32","750","","test","go","214","random","","",""
"","376","32","1462","0","test_block","poldrack-single-stim","229","351717","0.0-5.0-215.0","go-nogo","true","0","","true","<div class = centerbox><div  id = stim1></div></div>","32","32","750","","test","go","215","random","","",""
"","353","32","1408","0","test_block","poldrack-single-stim","230","353173","0.0-5.0-216.0","go-nogo","true","0","","true","<div class = centerbox><div  id = stim1></div></div>","32","32","750","","test","go","216","random","","",""
"","327","32","1300","0","test_block","poldrack-single-stim","231","354536","0.0-5.0-217.0","go-nogo","true","0","","true","<div class = centerbox><div  id = stim1></div></div>","32","32","750","","test","go","217","random","","",""
"","367","32","1068","0","test_block","poldrack-single-stim","232","355656","0.0-5.0-218.0","go-nogo","true","0","","true","<div class = centerbox><div  id = stim1></div></div>","32","32","750","","test","go","218","random","","",""
"","417","32","1122","0","test_block","poldrack-single-stim","233","356877","0.0-5.0-219.0","go-nogo","true","0","","true","<div class = centerbox><div  id = stim1></div></div>","32","32","750","","test","go","219","random","","",""
"","341","32","1371","0","test_block","poldrack-single-stim","234","358319","0.0-5.0-220.0","go-nogo","true","0","","true","<div class = centerbox><div  id = stim1></div></div>","32","32","750","","test","go","220","random","","",""
"","367","32","1034","0","test_block","poldrack-single-stim","235","359439","0.0-5.0-221.0","go-nogo","true","0","","true","<div class = centerbox><div  id = stim1></div></div>","32","32","750","","test","go","221","random","","",""
"","381","32","1012","0","test_block","poldrack-single-stim","236","360504","0.0-5.0-222.0","go-nogo","true","0","","true","<div class = centerbox><div  id = stim1></div></div>","32","32","750","","test","go","222","random","","",""
"","469","32","1143","0","test_block","poldrack-single-stim","237","361721","0.0-5.0-223.0","go-nogo","true","0","","true","<div class = centerbox><div  id = stim1></div></div>","32","32","750","","test","go","223","random","","",""
"","372","32","1304","0","test_block","poldrack-single-stim","238","363075","0.0-5.0-224.0","go-nogo","true","0","","true","<div class = centerbox><div  id = stim1></div></div>","32","32","750","","test","go","224","random","","",""
"","410","32","1300","0","test_block","poldrack-single-stim","239","364438","0.0-5.0-225.0","go-nogo","true","0","","true","<div class = centerbox><div  id = stim1></div></div>","32","32","750","","test","go","225","random","","",""
"","254","32","1252","0","test_block","poldrack-single-stim","240","365740","0.0-5.0-226.0","go-nogo","true","0","","true","<div class = centerbox><div  id = stim1></div></div>","32","32","750","","test","go","226","random","","",""
"","388","32","1305","0","test_block","poldrack-single-stim","241","367100","0.0-5.0-227.0","go-nogo","true","0","","true","<div class = centerbox><div  id = stim1></div></div>","32","32","750","","test","go","227","random","","",""
"","586","32","1007","0","test_block","poldrack-single-stim","242","368164","0.0-5.0-228.0","go-nogo","true","0","","true","<div class = centerbox><div  id = stim1></div></div>","32","32","750","","test","go","228","random","","",""
"","473","32","1445","0","test_block","poldrack-single-stim","243","369663","0.0-5.0-229.0","go-nogo","true","0","","true","<div class = centerbox><div  id = stim1></div></div>","32","32","750","","test","go","229","random","","",""
"","449","32","1157","0","test_block","poldrack-single-stim","244","370918","0.0-5.0-230.0","go-nogo","true","0","","true","<div class = centerbox><div  id = stim1></div></div>","32","32","750","","test","go","230","random","","",""
"","348","32","1292","0","test_block","poldrack-single-stim","245","372261","0.0-5.0-231.0","go-nogo","true","0","","true","<div class = centerbox><div  id = stim1></div></div>","32","32","750","","test","go","231","random","","",""
"","153","32","1235","0","test_block","poldrack-single-stim","246","373544","0.0-5.0-232.0","go-nogo","true","0","","true","<div class = centerbox><div  id = stim1></div></div>","32","32","750","","test","go","232","random","","",""
"","349","32","1333","0","test_block","poldrack-single-stim","247","374970","0.0-5.0-233.0","go-nogo","true","0","","true","<div class = centerbox><div  id = stim1></div></div>","32","32","750","","test","go","233","random","","",""
"","399","32","1366","0","test_block","poldrack-single-stim","248","376387","0.0-5.0-234.0","go-nogo","true","0","","true","<div class = centerbox><div  id = stim1></div></div>","32","32","750","","test","go","234","random","","",""
"","426","32","1280","0","test_block","poldrack-single-stim","249","377722","0.0-5.0-235.0","go-nogo","true","0","","true","<div class = centerbox><div  id = stim1></div></div>","32","32","750","","test","go","235","random","","",""
"","474","32","1019","0","test_block","poldrack-single-stim","250","378868","0.0-5.0-236.0","go-nogo","true","0","","true","<div class = centerbox><div  id = stim1></div></div>","32","32","750","","test","go","236","random","","",""
"","539","32","1280","0","test_block","poldrack-single-stim","251","380200","0.0-5.0-237.0","go-nogo","true","0","","true","<div class = centerbox><div  id = stim1></div></div>","32","32","750","","test","go","237","random","","",""
"","371","32","1207","0","test_block","poldrack-single-stim","252","381485","0.0-5.0-238.0","go-nogo","true","0","","true","<div class = centerbox><div  id = stim1></div></div>","32","32","750","","test","go","238","random","","",""
"","441","32","1193","0","test_block","poldrack-single-stim","253","382740","0.0-5.0-239.0","go-nogo","true","0","","true","<div class = centerbox><div  id = stim1></div></div>","32","32","750","","test","go","239","random","","",""
"","465","32","1171","0","test_block","poldrack-single-stim","254","383980","0.0-5.0-240.0","go-nogo","true","0","","true","<div class = centerbox><div  id = stim1></div></div>","32","32","750","","test","go","240","random","","",""
"","410","32","1471","0","test_block","poldrack-single-stim","255","385500","0.0-5.0-241.0","go-nogo","true","0","","true","<div class = centerbox><div  id = stim1></div></div>","32","32","750","","test","go","241","random","","",""
"","375","32","1081","0","test_block","poldrack-single-stim","256","386668","0.0-5.0-242.0","go-nogo","true","0","","true","<div class = centerbox><div  id = stim1></div></div>","32","32","750","","test","go","242","random","","",""
"","403","32","1206","0","test_block","poldrack-single-stim","257","387923","0.0-5.0-243.0","go-nogo","true","0","","true","<div class = centerbox><div  id = stim1></div></div>","32","32","750","","test","go","243","random","","",""
"","300","32","1173","0","test_block","poldrack-single-stim","258","389143","0.0-5.0-244.0","go-nogo","true","0","","false","<div class = centerbox><div  id = stim2></div></div>","-1","32","750","","test","nogo","244","random","","",""
"","343","32","1336","0","test_block","poldrack-single-stim","259","390587","0.0-5.0-245.0","go-nogo","true","0","","true","<div class = centerbox><div  id = stim1></div></div>","32","32","750","","test","go","245","random","","",""
"","343","32","1091","0","test_block","poldrack-single-stim","260","391791","0.0-5.0-246.0","go-nogo","true","0","","true","<div class = centerbox><div  id = stim1></div></div>","32","32","750","","test","go","246","random","","",""
"","409","32","1374","0","test_block","poldrack-single-stim","261","393215","0.0-5.0-247.0","go-nogo","true","0","","true","<div class = centerbox><div  id = stim1></div></div>","32","32","750","","test","go","247","random","","",""
"","365","32","1424","0","test_block","poldrack-single-stim","262","394686","0.0-5.0-248.0","go-nogo","true","0","","true","<div class = centerbox><div  id = stim1></div></div>","32","32","750","","test","go","248","random","","",""
"","482","32","1432","0","test_block","poldrack-single-stim","263","396268","0.0-5.0-249.0","go-nogo","true","0","","true","<div class = centerbox><div  id = stim1></div></div>","32","32","750","","test","go","249","random","","",""
"","415","32","1320","0","test_block","poldrack-single-stim","264","397638","0.0-5.0-250.0","go-nogo","true","0","","true","<div class = centerbox><div  id = stim1></div></div>","32","32","750","","test","go","250","random","","",""
"","402","32","1343","0","test_block","poldrack-single-stim","265","399032","0.0-5.0-251.0","go-nogo","true","0","","true","<div class = centerbox><div  id = stim1></div></div>","32","32","750","","test","go","251","random","","",""
"","375","32","1383","0","test_block","poldrack-single-stim","266","400481","0.0-5.0-252.0","go-nogo","true","0","","true","<div class = centerbox><div  id = stim1></div></div>","32","32","750","","test","go","252","random","","",""
"","359","32","1414","0","test_block","poldrack-single-stim","267","401947","0.0-5.0-253.0","go-nogo","true","0","","true","<div class = centerbox><div  id = stim1></div></div>","32","32","750","","test","go","253","random","","",""
"","363","32","1269","0","test_block","poldrack-single-stim","268","403273","0.0-5.0-254.0","go-nogo","true","0","","true","<div class = centerbox><div  id = stim1></div></div>","32","32","750","","test","go","254","random","","",""
"","-1","-1","1394","0","test_block","poldrack-single-stim","269","404717","0.0-5.0-255.0","go-nogo","true","0","","true","<div class = centerbox><div  id = stim2></div></div>","-1","32","750","","test","nogo","255","random","","",""
"","403","32","1439","0","test_block","poldrack-single-stim","270","406230","0.0-5.0-256.0","go-nogo","true","0","","true","<div class = centerbox><div  id = stim1></div></div>","32","32","750","","test","go","256","random","","",""
"","363","32","1037","0","test_block","poldrack-single-stim","271","407331","0.0-5.0-257.0","go-nogo","true","0","","true","<div class = centerbox><div  id = stim1></div></div>","32","32","750","","test","go","257","random","","",""
"","-1","-1","1426","0","test_block","poldrack-single-stim","272","408910","0.0-5.0-258.0","go-nogo","true","0","","true","<div class = centerbox><div  id = stim2></div></div>","-1","32","750","","test","nogo","258","random","","",""
"","366","32","1225","0","test_block","poldrack-single-stim","273","410205","0.0-5.0-259.0","go-nogo","true","0","","true","<div class = centerbox><div  id = stim1></div></div>","32","32","750","","test","go","259","random","","",""
"","466","32","1020","0","test_block","poldrack-single-stim","274","411277","0.0-5.0-260.0","go-nogo","true","0","","true","<div class = centerbox><div  id = stim1></div></div>","32","32","750","","test","go","260","random","","",""
"","420","32","1021","0","test_block","poldrack-single-stim","275","412373","0.0-5.0-261.0","go-nogo","true","0","","true","<div class = centerbox><div  id = stim1></div></div>","32","32","750","","test","go","261","random","","",""
"","334","32","1446","0","test_block","poldrack-single-stim","276","413869","0.0-5.0-262.0","go-nogo","true","0","","true","<div class = centerbox><div  id = stim1></div></div>","32","32","750","","test","go","262","random","","",""
"","493","32","1408","0","test_block","poldrack-single-stim","277","415361","0.0-5.0-263.0","go-nogo","true","0","","true","<div class = centerbox><div  id = stim1></div></div>","32","32","750","","test","go","263","random","","",""
"","386","32","1222","0","test_block","poldrack-single-stim","278","416635","0.0-5.0-264.0","go-nogo","true","0","","true","<div class = centerbox><div  id = stim1></div></div>","32","32","750","","test","go","264","random","","",""
"","627","32","1322","0","test_block","poldrack-single-stim","279","418005","0.0-5.0-265.0","go-nogo","true","0","","true","<div class = centerbox><div  id = stim1></div></div>","32","32","750","","test","go","265","random","","",""
"","363","32","1021","0","test_block","poldrack-single-stim","280","419078","0.0-5.0-266.0","go-nogo","true","0","","true","<div class = centerbox><div  id = stim1></div></div>","32","32","750","","test","go","266","random","","",""
"","397","32","1268","0","test_block","poldrack-single-stim","281","420398","0.0-5.0-267.0","go-nogo","true","0","","true","<div class = centerbox><div  id = stim1></div></div>","32","32","750","","test","go","267","random","","",""
"","337","32","1139","0","test_block","poldrack-single-stim","282","421585","0.0-5.0-268.0","go-nogo","true","0","","true","<div class = centerbox><div  id = stim1></div></div>","32","32","750","","test","go","268","random","","",""
"","675","32","1376","0","test_block","poldrack-single-stim","283","423014","0.0-5.0-269.0","go-nogo","true","0","","true","<div class = centerbox><div  id = stim1></div></div>","32","32","750","","test","go","269","random","","",""
"","415","32","1130","0","test_block","poldrack-single-stim","284","424191","0.0-5.0-270.0","go-nogo","true","0","","true","<div class = centerbox><div  id = stim1></div></div>","32","32","750","","test","go","270","random","","",""
"","-1","-1","1404","0","test_block","poldrack-single-stim","285","425642","0.0-5.0-271.0","go-nogo","true","0","","true","<div class = centerbox><div  id = stim2></div></div>","-1","32","750","","test","nogo","271","random","","",""
"","406","32","1470","0","test_block","poldrack-single-stim","286","427158","0.0-5.0-272.0","go-nogo","true","0","","true","<div class = centerbox><div  id = stim1></div></div>","32","32","750","","test","go","272","random","","",""
"","316","32","1021","0","test_block","poldrack-single-stim","287","428231","0.0-5.0-273.0","go-nogo","true","0","","true","<div class = centerbox><div  id = stim1></div></div>","32","32","750","","test","go","273","random","","",""
"","652","32","1242","0","test_block","poldrack-single-stim","288","429546","0.0-5.0-274.0","go-nogo","true","0","","true","<div class = centerbox><div  id = stim1></div></div>","32","32","750","","test","go","274","random","","",""
"","336","32","1250","0","test_block","poldrack-single-stim","289","431358","0.0-5.0-275.0","go-nogo","true","0","","true","<div class = centerbox><div  id = stim1></div></div>","32","32","750","","test","go","275","random","","",""
"","372","32","1128","0","test_block","poldrack-single-stim","290","432538","0.0-5.0-276.0","go-nogo","true","0","","true","<div class = centerbox><div  id = stim1></div></div>","32","32","750","","test","go","276","random","","",""
"","341","32","1172","0","test_block","poldrack-single-stim","291","433790","0.0-5.0-277.0","go-nogo","true","0","","true","<div class = centerbox><div  id = stim1></div></div>","32","32","750","","test","go","277","random","","",""
"","348","32","1498","0","test_block","poldrack-single-stim","292","435340","0.0-5.0-278.0","go-nogo","true","0","","true","<div class = centerbox><div  id = stim1></div></div>","32","32","750","","test","go","278","random","","",""
"","119","32","1469","0","test_block","poldrack-single-stim","293","436868","0.0-5.0-279.0","go-nogo","true","0","","true","<div class = centerbox><div  id = stim1></div></div>","32","32","750","","test","go","279","random","","",""
"","322","32","1177","0","test_block","poldrack-single-stim","294","438094","0.0-5.0-280.0","go-nogo","true","0","","true","<div class = centerbox><div  id = stim1></div></div>","32","32","750","","test","go","280","random","","",""
"","375","32","1315","0","test_block","poldrack-single-stim","295","439472","0.0-5.0-281.0","go-nogo","true","0","","true","<div class = centerbox><div  id = stim1></div></div>","32","32","750","","test","go","281","random","","",""
"","-1","-1","1052","0","test_block","poldrack-single-stim","296","440573","0.0-5.0-282.0","go-nogo","true","0","","true","<div class = centerbox><div  id = stim2></div></div>","-1","32","750","","test","nogo","282","random","","",""
"","341","32","1126","0","test_block","poldrack-single-stim","297","441749","0.0-5.0-283.0","go-nogo","true","0","","true","<div class = centerbox><div  id = stim1></div></div>","32","32","750","","test","go","283","random","","",""
"","297","32","1345","0","test_block","poldrack-single-stim","298","443142","0.0-5.0-284.0","go-nogo","true","0","","true","<div class = centerbox><div  id = stim1></div></div>","32","32","750","","test","go","284","random","","",""
"","331","32","1211","0","test_block","poldrack-single-stim","299","444435","0.0-5.0-285.0","go-nogo","true","0","","true","<div class = centerbox><div  id = stim1></div></div>","32","32","750","","test","go","285","random","","",""
"","343","32","1155","0","test_block","poldrack-single-stim","300","445641","0.0-5.0-286.0","go-nogo","true","0","","true","<div class = centerbox><div  id = stim1></div></div>","32","32","750","","test","go","286","random","","",""
"","348","32","1021","0","test_block","poldrack-single-stim","301","446708","0.0-5.0-287.0","go-nogo","true","0","","true","<div class = centerbox><div  id = stim1></div></div>","32","32","750","","test","go","287","random","","",""
"","-1","-1","1017","0","test_block","poldrack-single-stim","302","447805","0.0-5.0-288.0","go-nogo","true","0","","true","<div class = centerbox><div  id = stim2></div></div>","-1","32","750","","test","nogo","288","random","","",""
"","387","32","1005","0","test_block","poldrack-single-stim","303","448857","0.0-5.0-289.0","go-nogo","true","0","","true","<div class = centerbox><div  id = stim1></div></div>","32","32","750","","test","go","289","random","","",""
"","456","32","1469","0","test_block","poldrack-single-stim","304","450372","0.0-5.0-290.0","go-nogo","true","0","","true","<div class = centerbox><div  id = stim1></div></div>","32","32","750","","test","go","290","random","","",""
"","439","32","1389","0","test_block","poldrack-single-stim","305","451808","0.0-5.0-291.0","go-nogo","true","0","","true","<div class = centerbox><div  id = stim1></div></div>","32","32","750","","test","go","291","random","","",""
"","329","32","1493","0","test_block","poldrack-single-stim","306","453347","0.0-5.0-292.0","go-nogo","true","0","","true","<div class = centerbox><div  id = stim1></div></div>","32","32","750","","test","go","292","random","","",""
"","341","32","1223","0","test_block","poldrack-single-stim","307","454620","0.0-5.0-293.0","go-nogo","true","0","","true","<div class = centerbox><div  id = stim1></div></div>","32","32","750","","test","go","293","random","","",""
"","366","32","1374","0","test_block","poldrack-single-stim","308","456042","0.0-5.0-294.0","go-nogo","true","0","","true","<div class = centerbox><div  id = stim1></div></div>","32","32","750","","test","go","294","random","","",""
"","286","32","1278","0","test_block","poldrack-single-stim","309","457407","0.0-5.0-295.0","go-nogo","true","0","","false","<div class = centerbox><div  id = stim2></div></div>","-1","32","750","","test","nogo","295","random","","",""
"","348","32","1337","0","test_block","poldrack-single-stim","310","458846","0.0-5.0-296.0","go-nogo","true","0","","true","<div class = centerbox><div  id = stim1></div></div>","32","32","750","","test","go","296","random","","",""
"","405","32","1288","0","test_block","poldrack-single-stim","311","460183","0.0-5.0-297.0","go-nogo","true","0","","true","<div class = centerbox><div  id = stim1></div></div>","32","32","750","","test","go","297","random","","",""
"","-1","-1","1437","0","test_block","poldrack-single-stim","312","461669","0.0-5.0-298.0","go-nogo","true","0","","true","<div class = centerbox><div  id = stim2></div></div>","-1","32","750","","test","nogo","298","random","","",""
"","281","32","1112","0","test_block","poldrack-single-stim","313","462854","0.0-5.0-299.0","go-nogo","true","0","","true","<div class = centerbox><div  id = stim1></div></div>","32","32","750","","test","go","299","random","","",""
"","332","32","1026","0","test_block","poldrack-single-stim","314","463931","0.0-5.0-300.0","go-nogo","true","0","","true","<div class = centerbox><div  id = stim1></div></div>","32","32","750","","test","go","300","random","","",""
"","343","32","1177","0","test_block","poldrack-single-stim","315","465156","0.0-5.0-301.0","go-nogo","true","0","","true","<div class = centerbox><div  id = stim1></div></div>","32","32","750","","test","go","301","random","","",""
"","351","32","1458","0","test_block","poldrack-single-stim","316","466660","0.0-5.0-302.0","go-nogo","true","0","","true","<div class = centerbox><div  id = stim1></div></div>","32","32","750","","test","go","302","random","","",""
"","339","32","1269","0","test_block","poldrack-single-stim","317","467976","0.0-5.0-303.0","go-nogo","true","0","","true","<div class = centerbox><div  id = stim1></div></div>","32","32","750","","test","go","303","random","","",""
"","366","32","1279","0","test_block","poldrack-single-stim","318","469315","0.0-5.0-304.0","go-nogo","true","0","","true","<div class = centerbox><div  id = stim1></div></div>","32","32","750","","test","go","304","random","","",""
"","335","32","1316","0","test_block","poldrack-single-stim","319","470692","0.0-5.0-305.0","go-nogo","true","0","","true","<div class = centerbox><div  id = stim1></div></div>","32","32","750","","test","go","305","random","","",""
"","326","32","1027","0","test_block","poldrack-single-stim","320","471767","0.0-5.0-306.0","go-nogo","true","0","","true","<div class = centerbox><div  id = stim1></div></div>","32","32","750","","test","go","306","random","","",""
"","402","32","1438","0","test_block","poldrack-single-stim","321","473282","0.0-5.0-307.0","go-nogo","true","0","","true","<div class = centerbox><div  id = stim1></div></div>","32","32","750","","test","go","307","random","","",""
"","336","32","1362","0","test_block","poldrack-single-stim","322","474690","0.0-5.0-308.0","go-nogo","true","0","","true","<div class = centerbox><div  id = stim1></div></div>","32","32","750","","test","go","308","random","","",""
"","-1","-1","1195","0","test_block","poldrack-single-stim","323","475950","0.0-5.0-309.0","go-nogo","true","0","","true","<div class = centerbox><div  id = stim2></div></div>","-1","32","750","","test","nogo","309","random","","",""
"","337","32","1076","0","test_block","poldrack-single-stim","324","477073","0.0-5.0-310.0","go-nogo","true","0","","true","<div class = centerbox><div  id = stim1></div></div>","32","32","750","","test","go","310","random","","",""
"","397","32","1175","0","test_block","poldrack-single-stim","325","478299","0.0-5.0-311.0","go-nogo","true","0","","true","<div class = centerbox><div  id = stim1></div></div>","32","32","750","","test","go","311","random","","",""
"","312","32","1288","0","test_block","poldrack-single-stim","326","479694","0.0-5.0-312.0","go-nogo","true","0","","true","<div class = centerbox><div  id = stim1></div></div>","32","32","750","","test","go","312","random","","",""
"","313","32","1085","0","test_block","poldrack-single-stim","327","480829","0.0-5.0-313.0","go-nogo","true","0","","true","<div class = centerbox><div  id = stim1></div></div>","32","32","750","","test","go","313","random","","",""
"","334","32","1180","0","test_block","poldrack-single-stim","328","482061","0.0-5.0-314.0","go-nogo","true","0","","true","<div class = centerbox><div  id = stim1></div></div>","32","32","750","","test","go","314","random","","",""
"","379","32","1402","0","test_block","poldrack-single-stim","329","483510","0.0-5.0-315.0","go-nogo","true","0","","true","<div class = centerbox><div  id = stim1></div></div>","32","32","750","","test","go","315","random","","",""
"","363","32","1049","0","test_block","poldrack-single-stim","330","484632","0.0-5.0-316.0","go-nogo","true","0","","true","<div class = centerbox><div  id = stim1></div></div>","32","32","750","","test","go","316","random","","",""
"","431","32","1463","0","test_block","poldrack-single-stim","331","486145","0.0-5.0-317.0","go-nogo","true","0","","true","<div class = centerbox><div  id = stim1></div></div>","32","32","750","","test","go","317","random","","",""
"","440","32","1295","0","test_block","poldrack-single-stim","332","487489","0.0-5.0-318.0","go-nogo","true","0","","true","<div class = centerbox><div  id = stim1></div></div>","32","32","750","","test","go","318","random","","",""
"","347","32","1302","0","test_block","poldrack-single-stim","333","488841","0.0-5.0-319.0","go-nogo","true","0","","true","<div class = centerbox><div  id = stim1></div></div>","32","32","750","","test","go","319","random","","",""
"","309","32","1014","0","test_block","poldrack-single-stim","334","489902","0.0-5.0-320.0","go-nogo","true","0","","true","<div class = centerbox><div  id = stim1></div></div>","32","32","750","","test","go","320","random","","",""
"","387","32","1356","0","test_block","poldrack-single-stim","335","491308","0.0-5.0-321.0","go-nogo","true","0","","true","<div class = centerbox><div  id = stim1></div></div>","32","32","750","","test","go","321","random","","",""
"","-1","-1","1168","0","test_block","poldrack-single-stim","336","493032","0.0-5.0-322.0","go-nogo","true","0","","true","<div class = centerbox><div  id = stim2></div></div>","-1","32","750","","test","nogo","322","random","","",""
"","395","32","1194","0","test_block","poldrack-single-stim","337","494275","0.0-5.0-323.0","go-nogo","true","0","","true","<div class = centerbox><div  id = stim1></div></div>","32","32","750","","test","go","323","random","","",""
"","356","32","1012","0","test_block","poldrack-single-stim","338","495336","0.0-5.0-324.0","go-nogo","true","0","","true","<div class = centerbox><div  id = stim1></div></div>","32","32","750","","test","go","324","random","","",""
"","339","32","1158","0","test_block","poldrack-single-stim","339","496546","0.0-5.0-325.0","go-nogo","true","0","","true","<div class = centerbox><div  id = stim1></div></div>","32","32","750","","test","go","325","random","","",""
"","342","32","1198","0","test_block","poldrack-single-stim","340","497795","0.0-5.0-326.0","go-nogo","true","0","","true","<div class = centerbox><div  id = stim1></div></div>","32","32","750","","test","go","326","random","","",""
"","321","32","1254","0","test_block","poldrack-single-stim","341","499097","0.0-5.0-327.0","go-nogo","true","0","","true","<div class = centerbox><div  id = stim1></div></div>","32","32","750","","test","go","327","random","","",""
"","329","32","1250","0","test_block","poldrack-single-stim","342","500401","0.0-5.0-328.0","go-nogo","true","0","","true","<div class = centerbox><div  id = stim1></div></div>","32","32","750","","test","go","328","random","","",""
"","327","32","1386","0","test_block","poldrack-single-stim","343","501869","0.0-5.0-329.0","go-nogo","true","0","","true","<div class = centerbox><div  id = stim1></div></div>","32","32","750","","test","go","329","random","","",""
"","375","32","1069","0","test_block","poldrack-single-stim","344","502987","0.0-5.0-330.0","go-nogo","true","0","","true","<div class = centerbox><div  id = stim1></div></div>","32","32","750","","test","go","330","random","","",""
"","333","32","1412","0","test_block","poldrack-single-stim","345","504450","0.0-5.0-331.0","go-nogo","true","0","","true","<div class = centerbox><div  id = stim1></div></div>","32","32","750","","test","go","331","random","","",""
"","478","32","1028","0","test_block","poldrack-single-stim","346","505542","0.0-5.0-332.0","go-nogo","true","0","","true","<div class = centerbox><div  id = stim1></div></div>","32","32","750","","test","go","332","random","","",""
"","362","32","1441","0","test_block","poldrack-single-stim","347","507038","0.0-5.0-333.0","go-nogo","true","0","","true","<div class = centerbox><div  id = stim1></div></div>","32","32","750","","test","go","333","random","","",""
"","384","32","1486","0","test_block","poldrack-single-stim","348","508572","0.0-5.0-334.0","go-nogo","true","0","","true","<div class = centerbox><div  id = stim1></div></div>","32","32","750","","test","go","334","random","","",""
"","347","32","1171","0","test_block","poldrack-single-stim","349","509794","0.0-5.0-335.0","go-nogo","true","0","","true","<div class = centerbox><div  id = stim1></div></div>","32","32","750","","test","go","335","random","","",""
"","362","32","1419","0","test_block","poldrack-single-stim","350","511262","0.0-5.0-336.0","go-nogo","true","0","","true","<div class = centerbox><div  id = stim1></div></div>","32","32","750","","test","go","336","random","","",""
"","318","32","1059","0","test_block","poldrack-single-stim","351","512370","0.0-5.0-337.0","go-nogo","true","0","","true","<div class = centerbox><div  id = stim1></div></div>","32","32","750","","test","go","337","random","","",""
"","329","32","1065","0","test_block","poldrack-single-stim","352","513521","0.0-5.0-338.0","go-nogo","true","0","","true","<div class = centerbox><div  id = stim1></div></div>","32","32","750","","test","go","338","random","","",""
"","364","32","1191","0","test_block","poldrack-single-stim","353","514764","0.0-5.0-339.0","go-nogo","true","0","","true","<div class = centerbox><div  id = stim1></div></div>","32","32","750","","test","go","339","random","","",""
"","372","32","1221","0","test_block","poldrack-single-stim","354","516037","0.0-5.0-340.0","go-nogo","true","0","","true","<div class = centerbox><div  id = stim1></div></div>","32","32","750","","test","go","340","random","","",""
"","407","32","1297","0","test_block","poldrack-single-stim","355","517464","0.0-5.0-341.0","go-nogo","true","0","","true","<div class = centerbox><div  id = stim1></div></div>","32","32","750","","test","go","341","random","","",""
"","328","32","1418","0","test_block","poldrack-single-stim","356","518956","0.0-5.0-342.0","go-nogo","true","0","","true","<div class = centerbox><div  id = stim1></div></div>","32","32","750","","test","go","342","random","","",""
"","373","32","1203","0","test_block","poldrack-single-stim","357","520211","0.0-5.0-343.0","go-nogo","true","0","","true","<div class = centerbox><div  id = stim1></div></div>","32","32","750","","test","go","343","random","","",""
"","393","32","1107","0","test_block","poldrack-single-stim","358","521419","0.0-5.0-344.0","go-nogo","true","0","","true","<div class = centerbox><div  id = stim1></div></div>","32","32","750","","test","go","344","random","","",""
"","362","32","1016","0","test_block","poldrack-single-stim","359","522483","0.0-5.0-345.0","go-nogo","true","0","","true","<div class = centerbox><div  id = stim1></div></div>","32","32","750","","test","go","345","random","","",""
"","359","32","1202","0","test_block","poldrack-single-stim","360","523734","0.0-5.0-346.0","go-nogo","true","0","","true","<div class = centerbox><div  id = stim1></div></div>","32","32","750","","test","go","346","random","","",""
"","-1","-1","1215","0","test_block","poldrack-single-stim","361","525001","0.0-5.0-347.0","go-nogo","true","0","","true","<div class = centerbox><div  id = stim2></div></div>","-1","32","750","","test","nogo","347","random","","",""
"","-1","-1","1011","0","test_block","poldrack-single-stim","362","526088","0.0-5.0-348.0","go-nogo","true","0","","true","<div class = centerbox><div  id = stim2></div></div>","-1","32","750","","test","nogo","348","random","","",""
"","415","32","1129","0","test_block","poldrack-single-stim","363","527271","0.0-5.0-349.0","go-nogo","true","0","","true","<div class = centerbox><div  id = stim1></div></div>","32","32","750","","test","go","349","random","","",""
"","39455","","","","post task questions","survey-text","364","566784","0.0-7.0","go-nogo","true","0","","","","","","","","","","","","{""Q0"":""CLICK THE SPACEBAR FOR ORANGE. IGNORE IF BLUE"",""Q1"":""iNVOLVED A LOT OF CONCENTRATION!""}","",""
