"text","rt","key_press","block_duration","timing_post_trial","trial_id","trial_type","trial_index","time_elapsed","internal_node_id","exp_id","full_screen","focus_shifts","view_history","correct","stimulus","correct_response","possible_responses","stim_duration","feedback_duration","exp_stage","condition","trial_num","mode","responses","payment_id","credit_var"
"<div class = centerbox><p class = center-block-text>Welcome to the experiment. This task will take around 10 minutes. Press <strong>enter</strong> to begin.</p></div>","6251","13","6251","0","instruction","poldrack-text","0","6253","0.0-0.0-0.0","go-nogo","true","0","","","","","","","","","","","","","",""
"","25848","","","","instruction","poldrack-instructions","1","32102","0.0-0.0-1.0","go-nogo","true","0","[{""page_index"":0,""viewing_time"":25847}]","","","","","","","","","","","","",""
"","363","32","1388","250","practice","poldrack-categorize","2","35502","0.0-1.0-0.0","go-nogo","true","0","","false","<div class = centerbox><div id = stim1></div></div>","-1","32","750","1000","practice","nogo","0","random","","",""
"","787","32","1228","250","practice","poldrack-categorize","3","37985","0.0-1.0-1.0","go-nogo","true","0","","true","<div class = centerbox><div  id = stim2></div></div>","32","32","750","1000","practice","go","1","random","","",""
"","473","32","1491","250","practice","poldrack-categorize","4","40733","0.0-1.0-2.0","go-nogo","true","0","","true","<div class = centerbox><div  id = stim2></div></div>","32","32","750","1000","practice","go","2","random","","",""
"","357","32","1443","250","practice","poldrack-categorize","5","43433","0.0-1.0-3.0","go-nogo","true","0","","true","<div class = centerbox><div  id = stim2></div></div>","32","32","750","1000","practice","go","3","random","","",""
"","-1","-1","1019","250","practice","poldrack-categorize","6","45710","0.0-1.0-4.0","go-nogo","true","0","","true","<div class = centerbox><div id = stim1></div></div>","-1","32","750","1000","practice","nogo","4","random","","",""
"","388","32","1154","250","practice","poldrack-categorize","7","48120","0.0-1.0-5.0","go-nogo","true","0","","false","<div class = centerbox><div id = stim1></div></div>","-1","32","750","1000","practice","nogo","5","random","","",""
"","-1","-1","1383","250","practice","poldrack-categorize","8","50760","0.0-1.0-6.0","go-nogo","true","0","","true","<div class = centerbox><div id = stim1></div></div>","-1","32","750","1000","practice","nogo","6","random","","",""
"","396","32","1205","250","practice","poldrack-categorize","9","53220","0.0-1.0-7.0","go-nogo","true","0","","true","<div class = centerbox><div  id = stim2></div></div>","32","32","750","1000","practice","go","7","random","","",""
"","-1","-1","1303","250","practice","poldrack-categorize","10","55778","0.0-1.0-8.0","go-nogo","true","0","","true","<div class = centerbox><div id = stim1></div></div>","-1","32","750","1000","practice","nogo","8","random","","",""
"","554","32","1496","250","practice","poldrack-categorize","11","58529","0.0-1.0-9.0","go-nogo","true","0","","true","<div class = centerbox><div  id = stim2></div></div>","32","32","750","1000","practice","go","9","random","","",""
"","","","","","reset_trial","call-function","12","58780","0.0-3.0","go-nogo","true","0","","","","","","","","","","","","","",""
"<div class = centerbox><p class = block-text>Practice is over, we will now begin the experiment. You will no longer get feedback about your responses.</p><p class = block-text>Remember, if you see the <font color=""blue"">blue</font> square you should <strong> respond by pressing the spacebar as quickly as possible</strong>. If you see the <font color=""orange"">orange</font> square you should <strong> not respond</strong>. Press <strong>enter</strong> to begin.</p></div>","11899","13","11899","1000","test_intro","poldrack-text","13","70680","0.0-4.0","go-nogo","true","0","","","","","","","","","","","","","",""
"","-1","-1","1449","0","test_block","poldrack-single-stim","14","73133","0.0-5.0-0.0","go-nogo","true","0","","true","<div class = centerbox><div  id = stim1></div></div>","-1","32","750","","test","nogo","0","random","","",""
"","318","32","1045","0","test_block","poldrack-single-stim","15","74281","0.0-5.0-1.0","go-nogo","true","0","","true","<div class = centerbox><div  id = stim2></div></div>","32","32","750","","test","go","1","random","","",""
"","398","32","1389","0","test_block","poldrack-single-stim","16","75728","0.0-5.0-2.0","go-nogo","true","0","","true","<div class = centerbox><div  id = stim2></div></div>","32","32","750","","test","go","2","random","","",""
"","410","32","1043","0","test_block","poldrack-single-stim","17","76833","0.0-5.0-3.0","go-nogo","true","0","","true","<div class = centerbox><div  id = stim2></div></div>","32","32","750","","test","go","3","random","","",""
"","424","32","1348","0","test_block","poldrack-single-stim","18","78221","0.0-5.0-4.0","go-nogo","true","0","","true","<div class = centerbox><div  id = stim2></div></div>","32","32","750","","test","go","4","random","","",""
"","412","32","1260","0","test_block","poldrack-single-stim","19","79546","0.0-5.0-5.0","go-nogo","true","0","","true","<div class = centerbox><div  id = stim2></div></div>","32","32","750","","test","go","5","random","","",""
"","419","32","1291","0","test_block","poldrack-single-stim","20","80898","0.0-5.0-6.0","go-nogo","true","0","","true","<div class = centerbox><div  id = stim2></div></div>","32","32","750","","test","go","6","random","","",""
"","411","32","1319","0","test_block","poldrack-single-stim","21","82278","0.0-5.0-7.0","go-nogo","true","0","","true","<div class = centerbox><div  id = stim2></div></div>","32","32","750","","test","go","7","random","","",""
"","686","32","1492","0","test_block","poldrack-single-stim","22","83825","0.0-5.0-8.0","go-nogo","true","0","","true","<div class = centerbox><div  id = stim2></div></div>","32","32","750","","test","go","8","random","","",""
"","445","32","1110","0","test_block","poldrack-single-stim","23","84997","0.0-5.0-9.0","go-nogo","true","0","","true","<div class = centerbox><div  id = stim2></div></div>","32","32","750","","test","go","9","random","","",""
"","358","32","1343","0","test_block","poldrack-single-stim","24","86414","0.0-5.0-10.0","go-nogo","true","0","","true","<div class = centerbox><div  id = stim2></div></div>","32","32","750","","test","go","10","random","","",""
"","286","32","1367","0","test_block","poldrack-single-stim","25","87836","0.0-5.0-11.0","go-nogo","true","0","","true","<div class = centerbox><div  id = stim2></div></div>","32","32","750","","test","go","11","random","","",""
"","-1","-1","1472","0","test_block","poldrack-single-stim","26","89367","0.0-5.0-12.0","go-nogo","true","0","","true","<div class = centerbox><div  id = stim1></div></div>","-1","32","750","","test","nogo","12","random","","",""
"","309","32","1443","0","test_block","poldrack-single-stim","27","90856","0.0-5.0-13.0","go-nogo","true","0","","true","<div class = centerbox><div  id = stim2></div></div>","32","32","750","","test","go","13","random","","",""
"","362","32","1385","0","test_block","poldrack-single-stim","28","92282","0.0-5.0-14.0","go-nogo","true","0","","true","<div class = centerbox><div  id = stim2></div></div>","32","32","750","","test","go","14","random","","",""
"","381","32","1232","0","test_block","poldrack-single-stim","29","93567","0.0-5.0-15.0","go-nogo","true","0","","true","<div class = centerbox><div  id = stim2></div></div>","32","32","750","","test","go","15","random","","",""
"","406","32","1068","0","test_block","poldrack-single-stim","30","94682","0.0-5.0-16.0","go-nogo","true","0","","true","<div class = centerbox><div  id = stim2></div></div>","32","32","750","","test","go","16","random","","",""
"","416","32","1267","0","test_block","poldrack-single-stim","31","96014","0.0-5.0-17.0","go-nogo","true","0","","true","<div class = centerbox><div  id = stim2></div></div>","32","32","750","","test","go","17","random","","",""
"","389","32","1301","0","test_block","poldrack-single-stim","32","97365","0.0-5.0-18.0","go-nogo","true","0","","true","<div class = centerbox><div  id = stim2></div></div>","32","32","750","","test","go","18","random","","",""
"","379","32","1477","0","test_block","poldrack-single-stim","33","98893","0.0-5.0-19.0","go-nogo","true","0","","true","<div class = centerbox><div  id = stim2></div></div>","32","32","750","","test","go","19","random","","",""
"","343","32","1355","0","test_block","poldrack-single-stim","34","100303","0.0-5.0-20.0","go-nogo","true","0","","true","<div class = centerbox><div  id = stim2></div></div>","32","32","750","","test","go","20","random","","",""
"","-1","-1","1463","0","test_block","poldrack-single-stim","35","101820","0.0-5.0-21.0","go-nogo","true","0","","true","<div class = centerbox><div  id = stim1></div></div>","-1","32","750","","test","nogo","21","random","","",""
"","473","32","1462","0","test_block","poldrack-single-stim","36","103329","0.0-5.0-22.0","go-nogo","true","0","","true","<div class = centerbox><div  id = stim2></div></div>","32","32","750","","test","go","22","random","","",""
"","-1","-1","1277","0","test_block","poldrack-single-stim","37","104658","0.0-5.0-23.0","go-nogo","true","0","","true","<div class = centerbox><div  id = stim1></div></div>","-1","32","750","","test","nogo","23","random","","",""
"","334","32","1052","0","test_block","poldrack-single-stim","38","105762","0.0-5.0-24.0","go-nogo","true","0","","true","<div class = centerbox><div  id = stim2></div></div>","32","32","750","","test","go","24","random","","",""
"","342","32","1060","0","test_block","poldrack-single-stim","39","106874","0.0-5.0-25.0","go-nogo","true","0","","true","<div class = centerbox><div  id = stim2></div></div>","32","32","750","","test","go","25","random","","",""
"","384","32","1441","0","test_block","poldrack-single-stim","40","108374","0.0-5.0-26.0","go-nogo","true","0","","true","<div class = centerbox><div  id = stim2></div></div>","32","32","750","","test","go","26","random","","",""
"","424","32","1451","0","test_block","poldrack-single-stim","41","109879","0.0-5.0-27.0","go-nogo","true","0","","true","<div class = centerbox><div  id = stim2></div></div>","32","32","750","","test","go","27","random","","",""
"","379","32","1320","0","test_block","poldrack-single-stim","42","111250","0.0-5.0-28.0","go-nogo","true","0","","true","<div class = centerbox><div  id = stim2></div></div>","32","32","750","","test","go","28","random","","",""
"","399","32","1180","0","test_block","poldrack-single-stim","43","112481","0.0-5.0-29.0","go-nogo","true","0","","true","<div class = centerbox><div  id = stim2></div></div>","32","32","750","","test","go","29","random","","",""
"","394","32","1259","0","test_block","poldrack-single-stim","44","113790","0.0-5.0-30.0","go-nogo","true","0","","true","<div class = centerbox><div  id = stim2></div></div>","32","32","750","","test","go","30","random","","",""
"","358","32","1273","0","test_block","poldrack-single-stim","45","115118","0.0-5.0-31.0","go-nogo","true","0","","true","<div class = centerbox><div  id = stim2></div></div>","32","32","750","","test","go","31","random","","",""
"","387","32","1171","0","test_block","poldrack-single-stim","46","116339","0.0-5.0-32.0","go-nogo","true","0","","true","<div class = centerbox><div  id = stim2></div></div>","32","32","750","","test","go","32","random","","",""
"","717","32","1004","0","test_block","poldrack-single-stim","47","117396","0.0-5.0-33.0","go-nogo","true","0","","true","<div class = centerbox><div  id = stim2></div></div>","32","32","750","","test","go","33","random","","",""
"","483","32","1292","0","test_block","poldrack-single-stim","48","118741","0.0-5.0-34.0","go-nogo","true","0","","true","<div class = centerbox><div  id = stim2></div></div>","32","32","750","","test","go","34","random","","",""
"","406","32","1290","0","test_block","poldrack-single-stim","49","120084","0.0-5.0-35.0","go-nogo","true","0","","true","<div class = centerbox><div  id = stim2></div></div>","32","32","750","","test","go","35","random","","",""
"","345","32","1353","0","test_block","poldrack-single-stim","50","121478","0.0-5.0-36.0","go-nogo","true","0","","true","<div class = centerbox><div  id = stim2></div></div>","32","32","750","","test","go","36","random","","",""
"","355","32","1498","0","test_block","poldrack-single-stim","51","123028","0.0-5.0-37.0","go-nogo","true","0","","true","<div class = centerbox><div  id = stim2></div></div>","32","32","750","","test","go","37","random","","",""
"","295","32","1183","0","test_block","poldrack-single-stim","52","124261","0.0-5.0-38.0","go-nogo","true","0","","true","<div class = centerbox><div  id = stim2></div></div>","32","32","750","","test","go","38","random","","",""
"","398","32","1294","0","test_block","poldrack-single-stim","53","125598","0.0-5.0-39.0","go-nogo","true","0","","true","<div class = centerbox><div  id = stim2></div></div>","32","32","750","","test","go","39","random","","",""
"","353","32","1452","0","test_block","poldrack-single-stim","54","127095","0.0-5.0-40.0","go-nogo","true","0","","true","<div class = centerbox><div  id = stim2></div></div>","32","32","750","","test","go","40","random","","",""
"","346","32","1332","0","test_block","poldrack-single-stim","55","128471","0.0-5.0-41.0","go-nogo","true","0","","true","<div class = centerbox><div  id = stim2></div></div>","32","32","750","","test","go","41","random","","",""
"","330","32","1396","0","test_block","poldrack-single-stim","56","129918","0.0-5.0-42.0","go-nogo","true","0","","true","<div class = centerbox><div  id = stim2></div></div>","32","32","750","","test","go","42","random","","",""
"","274","32","1316","0","test_block","poldrack-single-stim","57","131279","0.0-5.0-43.0","go-nogo","true","0","","true","<div class = centerbox><div  id = stim2></div></div>","32","32","750","","test","go","43","random","","",""
"","364","32","1429","0","test_block","poldrack-single-stim","58","132753","0.0-5.0-44.0","go-nogo","true","0","","true","<div class = centerbox><div  id = stim2></div></div>","32","32","750","","test","go","44","random","","",""
"","301","32","1191","0","test_block","poldrack-single-stim","59","133993","0.0-5.0-45.0","go-nogo","true","0","","true","<div class = centerbox><div  id = stim2></div></div>","32","32","750","","test","go","45","random","","",""
"","347","32","1197","0","test_block","poldrack-single-stim","60","135239","0.0-5.0-46.0","go-nogo","true","0","","true","<div class = centerbox><div  id = stim2></div></div>","32","32","750","","test","go","46","random","","",""
"","330","32","1068","0","test_block","poldrack-single-stim","61","136359","0.0-5.0-47.0","go-nogo","true","0","","true","<div class = centerbox><div  id = stim2></div></div>","32","32","750","","test","go","47","random","","",""
"","435","32","1318","0","test_block","poldrack-single-stim","62","137727","0.0-5.0-48.0","go-nogo","true","0","","true","<div class = centerbox><div  id = stim2></div></div>","32","32","750","","test","go","48","random","","",""
"","316","32","1213","0","test_block","poldrack-single-stim","63","138983","0.0-5.0-49.0","go-nogo","true","0","","true","<div class = centerbox><div  id = stim2></div></div>","32","32","750","","test","go","49","random","","",""
"","320","32","1114","0","test_block","poldrack-single-stim","64","140151","0.0-5.0-50.0","go-nogo","true","0","","true","<div class = centerbox><div  id = stim2></div></div>","32","32","750","","test","go","50","random","","",""
"","299","32","1159","0","test_block","poldrack-single-stim","65","141354","0.0-5.0-51.0","go-nogo","true","0","","true","<div class = centerbox><div  id = stim2></div></div>","32","32","750","","test","go","51","random","","",""
"","289","32","1317","0","test_block","poldrack-single-stim","66","142714","0.0-5.0-52.0","go-nogo","true","0","","true","<div class = centerbox><div  id = stim2></div></div>","32","32","750","","test","go","52","random","","",""
"","302","32","1156","0","test_block","poldrack-single-stim","67","143924","0.0-5.0-53.0","go-nogo","true","0","","true","<div class = centerbox><div  id = stim2></div></div>","32","32","750","","test","go","53","random","","",""
"","283","32","1013","0","test_block","poldrack-single-stim","68","144983","0.0-5.0-54.0","go-nogo","true","0","","true","<div class = centerbox><div  id = stim2></div></div>","32","32","750","","test","go","54","random","","",""
"","330","32","1206","0","test_block","poldrack-single-stim","69","146251","0.0-5.0-55.0","go-nogo","true","0","","true","<div class = centerbox><div  id = stim2></div></div>","32","32","750","","test","go","55","random","","",""
"","306","32","1119","0","test_block","poldrack-single-stim","70","147419","0.0-5.0-56.0","go-nogo","true","0","","true","<div class = centerbox><div  id = stim2></div></div>","32","32","750","","test","go","56","random","","",""
"","373","32","1073","0","test_block","poldrack-single-stim","71","148539","0.0-5.0-57.0","go-nogo","true","0","","true","<div class = centerbox><div  id = stim2></div></div>","32","32","750","","test","go","57","random","","",""
"","377","32","1478","0","test_block","poldrack-single-stim","72","150068","0.0-5.0-58.0","go-nogo","true","0","","true","<div class = centerbox><div  id = stim2></div></div>","32","32","750","","test","go","58","random","","",""
"","393","32","1044","0","test_block","poldrack-single-stim","73","151170","0.0-5.0-59.0","go-nogo","true","0","","true","<div class = centerbox><div  id = stim2></div></div>","32","32","750","","test","go","59","random","","",""
"","363","32","1425","0","test_block","poldrack-single-stim","74","152636","0.0-5.0-60.0","go-nogo","true","0","","true","<div class = centerbox><div  id = stim2></div></div>","32","32","750","","test","go","60","random","","",""
"","358","32","1129","0","test_block","poldrack-single-stim","75","153809","0.0-5.0-61.0","go-nogo","true","0","","true","<div class = centerbox><div  id = stim2></div></div>","32","32","750","","test","go","61","random","","",""
"","425","32","1051","0","test_block","poldrack-single-stim","76","154904","0.0-5.0-62.0","go-nogo","true","0","","true","<div class = centerbox><div  id = stim2></div></div>","32","32","750","","test","go","62","random","","",""
"","-1","-1","1237","0","test_block","poldrack-single-stim","77","156192","0.0-5.0-63.0","go-nogo","true","0","","true","<div class = centerbox><div  id = stim1></div></div>","-1","32","750","","test","nogo","63","random","","",""
"","302","32","1377","0","test_block","poldrack-single-stim","78","157619","0.0-5.0-64.0","go-nogo","true","0","","true","<div class = centerbox><div  id = stim2></div></div>","32","32","750","","test","go","64","random","","",""
"","344","32","1237","0","test_block","poldrack-single-stim","79","158908","0.0-5.0-65.0","go-nogo","true","0","","true","<div class = centerbox><div  id = stim2></div></div>","32","32","750","","test","go","65","random","","",""
"","335","32","1416","0","test_block","poldrack-single-stim","80","160385","0.0-5.0-66.0","go-nogo","true","0","","true","<div class = centerbox><div  id = stim2></div></div>","32","32","750","","test","go","66","random","","",""
"","334","32","1398","0","test_block","poldrack-single-stim","81","161832","0.0-5.0-67.0","go-nogo","true","0","","true","<div class = centerbox><div  id = stim2></div></div>","32","32","750","","test","go","67","random","","",""
"","313","32","1085","0","test_block","poldrack-single-stim","82","162963","0.0-5.0-68.0","go-nogo","true","0","","true","<div class = centerbox><div  id = stim2></div></div>","32","32","750","","test","go","68","random","","",""
"","-1","-1","1257","0","test_block","poldrack-single-stim","83","164270","0.0-5.0-69.0","go-nogo","true","0","","true","<div class = centerbox><div  id = stim1></div></div>","-1","32","750","","test","nogo","69","random","","",""
"","288","32","1023","0","test_block","poldrack-single-stim","84","165352","0.0-5.0-70.0","go-nogo","true","0","","true","<div class = centerbox><div  id = stim2></div></div>","32","32","750","","test","go","70","random","","",""
"","322","32","1418","0","test_block","poldrack-single-stim","85","166815","0.0-5.0-71.0","go-nogo","true","0","","true","<div class = centerbox><div  id = stim2></div></div>","32","32","750","","test","go","71","random","","",""
"","-1","-1","1045","0","test_block","poldrack-single-stim","86","167890","0.0-5.0-72.0","go-nogo","true","0","","true","<div class = centerbox><div  id = stim1></div></div>","-1","32","750","","test","nogo","72","random","","",""
"","305","32","1452","0","test_block","poldrack-single-stim","87","169395","0.0-5.0-73.0","go-nogo","true","0","","true","<div class = centerbox><div  id = stim2></div></div>","32","32","750","","test","go","73","random","","",""
"","326","32","1481","0","test_block","poldrack-single-stim","88","170922","0.0-5.0-74.0","go-nogo","true","0","","true","<div class = centerbox><div  id = stim2></div></div>","32","32","750","","test","go","74","random","","",""
"","387","32","1033","0","test_block","poldrack-single-stim","89","172007","0.0-5.0-75.0","go-nogo","true","0","","true","<div class = centerbox><div  id = stim2></div></div>","32","32","750","","test","go","75","random","","",""
"","458","32","1436","0","test_block","poldrack-single-stim","90","173490","0.0-5.0-76.0","go-nogo","true","0","","true","<div class = centerbox><div  id = stim2></div></div>","32","32","750","","test","go","76","random","","",""
"","-1","-1","1301","0","test_block","poldrack-single-stim","91","174849","0.0-5.0-77.0","go-nogo","true","0","","true","<div class = centerbox><div  id = stim1></div></div>","-1","32","750","","test","nogo","77","random","","",""
"","282","32","1430","0","test_block","poldrack-single-stim","92","176309","0.0-5.0-78.0","go-nogo","true","0","","true","<div class = centerbox><div  id = stim2></div></div>","32","32","750","","test","go","78","random","","",""
"","384","32","1024","0","test_block","poldrack-single-stim","93","177396","0.0-5.0-79.0","go-nogo","true","0","","true","<div class = centerbox><div  id = stim2></div></div>","32","32","750","","test","go","79","random","","",""
"","518","32","1472","0","test_block","poldrack-single-stim","94","178923","0.0-5.0-80.0","go-nogo","true","0","","true","<div class = centerbox><div  id = stim2></div></div>","32","32","750","","test","go","80","random","","",""
"","323","32","1165","0","test_block","poldrack-single-stim","95","180138","0.0-5.0-81.0","go-nogo","true","0","","true","<div class = centerbox><div  id = stim2></div></div>","32","32","750","","test","go","81","random","","",""
"","393","32","1304","0","test_block","poldrack-single-stim","96","181489","0.0-5.0-82.0","go-nogo","true","0","","true","<div class = centerbox><div  id = stim2></div></div>","32","32","750","","test","go","82","random","","",""
"","377","32","1418","0","test_block","poldrack-single-stim","97","182954","0.0-5.0-83.0","go-nogo","true","0","","true","<div class = centerbox><div  id = stim2></div></div>","32","32","750","","test","go","83","random","","",""
"","311","32","1399","0","test_block","poldrack-single-stim","98","184400","0.0-5.0-84.0","go-nogo","true","0","","true","<div class = centerbox><div  id = stim2></div></div>","32","32","750","","test","go","84","random","","",""
"","371","32","1394","0","test_block","poldrack-single-stim","99","185839","0.0-5.0-85.0","go-nogo","true","0","","true","<div class = centerbox><div  id = stim2></div></div>","32","32","750","","test","go","85","random","","",""
"","277","32","1024","0","test_block","poldrack-single-stim","100","186907","0.0-5.0-86.0","go-nogo","true","0","","true","<div class = centerbox><div  id = stim2></div></div>","32","32","750","","test","go","86","random","","",""
"","323","32","1086","0","test_block","poldrack-single-stim","101","188045","0.0-5.0-87.0","go-nogo","true","0","","true","<div class = centerbox><div  id = stim2></div></div>","32","32","750","","test","go","87","random","","",""
"","335","32","1318","0","test_block","poldrack-single-stim","102","189417","0.0-5.0-88.0","go-nogo","true","0","","true","<div class = centerbox><div  id = stim2></div></div>","32","32","750","","test","go","88","random","","",""
"","392","32","1141","0","test_block","poldrack-single-stim","103","190599","0.0-5.0-89.0","go-nogo","true","0","","true","<div class = centerbox><div  id = stim2></div></div>","32","32","750","","test","go","89","random","","",""
"","467","32","1118","0","test_block","poldrack-single-stim","104","191765","0.0-5.0-90.0","go-nogo","true","0","","true","<div class = centerbox><div  id = stim2></div></div>","32","32","750","","test","go","90","random","","",""
"","355","32","1273","0","test_block","poldrack-single-stim","105","193087","0.0-5.0-91.0","go-nogo","true","0","","true","<div class = centerbox><div  id = stim2></div></div>","32","32","750","","test","go","91","random","","",""
"","-1","-1","1085","0","test_block","poldrack-single-stim","106","194244","0.0-5.0-92.0","go-nogo","true","0","","true","<div class = centerbox><div  id = stim1></div></div>","-1","32","750","","test","nogo","92","random","","",""
"","316","32","1387","0","test_block","poldrack-single-stim","107","195672","0.0-5.0-93.0","go-nogo","true","0","","true","<div class = centerbox><div  id = stim2></div></div>","32","32","750","","test","go","93","random","","",""
"","379","32","1193","0","test_block","poldrack-single-stim","108","196912","0.0-5.0-94.0","go-nogo","true","0","","true","<div class = centerbox><div  id = stim2></div></div>","32","32","750","","test","go","94","random","","",""
"","369","32","1018","0","test_block","poldrack-single-stim","109","197971","0.0-5.0-95.0","go-nogo","true","0","","true","<div class = centerbox><div  id = stim2></div></div>","32","32","750","","test","go","95","random","","",""
"","519","32","1449","0","test_block","poldrack-single-stim","110","199460","0.0-5.0-96.0","go-nogo","true","0","","true","<div class = centerbox><div  id = stim2></div></div>","32","32","750","","test","go","96","random","","",""
"","309","32","1436","0","test_block","poldrack-single-stim","111","200937","0.0-5.0-97.0","go-nogo","true","0","","true","<div class = centerbox><div  id = stim2></div></div>","32","32","750","","test","go","97","random","","",""
"","309","32","1372","0","test_block","poldrack-single-stim","112","202362","0.0-5.0-98.0","go-nogo","true","0","","true","<div class = centerbox><div  id = stim2></div></div>","32","32","750","","test","go","98","random","","",""
"","344","32","1172","0","test_block","poldrack-single-stim","113","203582","0.0-5.0-99.0","go-nogo","true","0","","true","<div class = centerbox><div  id = stim2></div></div>","32","32","750","","test","go","99","random","","",""
"","-1","-1","1192","0","test_block","poldrack-single-stim","114","204823","0.0-5.0-100.0","go-nogo","true","0","","true","<div class = centerbox><div  id = stim1></div></div>","-1","32","750","","test","nogo","100","random","","",""
"","263","32","1272","0","test_block","poldrack-single-stim","115","206124","0.0-5.0-101.0","go-nogo","true","0","","true","<div class = centerbox><div  id = stim2></div></div>","32","32","750","","test","go","101","random","","",""
"","337","32","1093","0","test_block","poldrack-single-stim","116","207263","0.0-5.0-102.0","go-nogo","true","0","","true","<div class = centerbox><div  id = stim2></div></div>","32","32","750","","test","go","102","random","","",""
"","295","32","1479","0","test_block","poldrack-single-stim","117","208787","0.0-5.0-103.0","go-nogo","true","0","","true","<div class = centerbox><div  id = stim2></div></div>","32","32","750","","test","go","103","random","","",""
"","339","32","1446","0","test_block","poldrack-single-stim","118","210262","0.0-5.0-104.0","go-nogo","true","0","","true","<div class = centerbox><div  id = stim2></div></div>","32","32","750","","test","go","104","random","","",""
"","315","32","1383","0","test_block","poldrack-single-stim","119","211686","0.0-5.0-105.0","go-nogo","true","0","","true","<div class = centerbox><div  id = stim2></div></div>","32","32","750","","test","go","105","random","","",""
"","349","32","1221","0","test_block","poldrack-single-stim","120","212955","0.0-5.0-106.0","go-nogo","true","0","","true","<div class = centerbox><div  id = stim2></div></div>","32","32","750","","test","go","106","random","","",""
"","330","32","1479","0","test_block","poldrack-single-stim","121","214480","0.0-5.0-107.0","go-nogo","true","0","","true","<div class = centerbox><div  id = stim2></div></div>","32","32","750","","test","go","107","random","","",""
"","263","32","1375","0","test_block","poldrack-single-stim","122","215905","0.0-5.0-108.0","go-nogo","true","0","","true","<div class = centerbox><div  id = stim2></div></div>","32","32","750","","test","go","108","random","","",""
"","263","32","1169","0","test_block","poldrack-single-stim","123","217117","0.0-5.0-109.0","go-nogo","true","0","","true","<div class = centerbox><div  id = stim2></div></div>","32","32","750","","test","go","109","random","","",""
"","297","32","1437","0","test_block","poldrack-single-stim","124","218607","0.0-5.0-110.0","go-nogo","true","0","","true","<div class = centerbox><div  id = stim2></div></div>","32","32","750","","test","go","110","random","","",""
"","299","32","1310","0","test_block","poldrack-single-stim","125","219957","0.0-5.0-111.0","go-nogo","true","0","","true","<div class = centerbox><div  id = stim2></div></div>","32","32","750","","test","go","111","random","","",""
"","-1","-1","1439","0","test_block","poldrack-single-stim","126","221441","0.0-5.0-112.0","go-nogo","true","0","","true","<div class = centerbox><div  id = stim1></div></div>","-1","32","750","","test","nogo","112","random","","",""
"","265","32","1238","0","test_block","poldrack-single-stim","127","222712","0.0-5.0-113.0","go-nogo","true","0","","false","<div class = centerbox><div  id = stim1></div></div>","-1","32","750","","test","nogo","113","random","","",""
"","-1","-1","1013","0","test_block","poldrack-single-stim","128","223765","0.0-5.0-114.0","go-nogo","true","0","","true","<div class = centerbox><div  id = stim1></div></div>","-1","32","750","","test","nogo","114","random","","",""
"","445","32","1294","0","test_block","poldrack-single-stim","129","225101","0.0-5.0-115.0","go-nogo","true","0","","true","<div class = centerbox><div  id = stim2></div></div>","32","32","750","","test","go","115","random","","",""
"","335","32","1410","0","test_block","poldrack-single-stim","130","226560","0.0-5.0-116.0","go-nogo","true","0","","true","<div class = centerbox><div  id = stim2></div></div>","32","32","750","","test","go","116","random","","",""
"","314","32","1221","0","test_block","poldrack-single-stim","131","227821","0.0-5.0-117.0","go-nogo","true","0","","true","<div class = centerbox><div  id = stim2></div></div>","32","32","750","","test","go","117","random","","",""
"","-1","-1","1027","0","test_block","poldrack-single-stim","132","228898","0.0-5.0-118.0","go-nogo","true","0","","true","<div class = centerbox><div  id = stim1></div></div>","-1","32","750","","test","nogo","118","random","","",""
"","289","32","1158","0","test_block","poldrack-single-stim","133","230104","0.0-5.0-119.0","go-nogo","true","0","","true","<div class = centerbox><div  id = stim2></div></div>","32","32","750","","test","go","119","random","","",""
"","-1","-1","1010","0","test_block","poldrack-single-stim","134","231166","0.0-5.0-120.0","go-nogo","true","0","","true","<div class = centerbox><div  id = stim1></div></div>","-1","32","750","","test","nogo","120","random","","",""
"","313","32","1445","0","test_block","poldrack-single-stim","135","232656","0.0-5.0-121.0","go-nogo","true","0","","true","<div class = centerbox><div  id = stim2></div></div>","32","32","750","","test","go","121","random","","",""
"","276","32","1357","0","test_block","poldrack-single-stim","136","234062","0.0-5.0-122.0","go-nogo","true","0","","true","<div class = centerbox><div  id = stim2></div></div>","32","32","750","","test","go","122","random","","",""
"","324","32","1466","0","test_block","poldrack-single-stim","137","235580","0.0-5.0-123.0","go-nogo","true","0","","true","<div class = centerbox><div  id = stim2></div></div>","32","32","750","","test","go","123","random","","",""
"","335","32","1472","0","test_block","poldrack-single-stim","138","237094","0.0-5.0-124.0","go-nogo","true","0","","true","<div class = centerbox><div  id = stim2></div></div>","32","32","750","","test","go","124","random","","",""
"","328","32","1022","0","test_block","poldrack-single-stim","139","238171","0.0-5.0-125.0","go-nogo","true","0","","true","<div class = centerbox><div  id = stim2></div></div>","32","32","750","","test","go","125","random","","",""
"","360","32","1403","0","test_block","poldrack-single-stim","140","239624","0.0-5.0-126.0","go-nogo","true","0","","true","<div class = centerbox><div  id = stim2></div></div>","32","32","750","","test","go","126","random","","",""
"","326","32","1092","0","test_block","poldrack-single-stim","141","240764","0.0-5.0-127.0","go-nogo","true","0","","true","<div class = centerbox><div  id = stim2></div></div>","32","32","750","","test","go","127","random","","",""
"","-1","-1","1254","0","test_block","poldrack-single-stim","142","242061","0.0-5.0-128.0","go-nogo","true","0","","true","<div class = centerbox><div  id = stim1></div></div>","-1","32","750","","test","nogo","128","random","","",""
"","379","32","1111","0","test_block","poldrack-single-stim","143","243217","0.0-5.0-129.0","go-nogo","true","0","","true","<div class = centerbox><div  id = stim2></div></div>","32","32","750","","test","go","129","random","","",""
"","385","32","1264","0","test_block","poldrack-single-stim","144","244532","0.0-5.0-130.0","go-nogo","true","0","","true","<div class = centerbox><div  id = stim2></div></div>","32","32","750","","test","go","130","random","","",""
"","-1","-1","1070","0","test_block","poldrack-single-stim","145","245657","0.0-5.0-131.0","go-nogo","true","0","","true","<div class = centerbox><div  id = stim1></div></div>","-1","32","750","","test","nogo","131","random","","",""
"","272","32","1175","0","test_block","poldrack-single-stim","146","246877","0.0-5.0-132.0","go-nogo","true","0","","true","<div class = centerbox><div  id = stim2></div></div>","32","32","750","","test","go","132","random","","",""
"","346","32","1254","0","test_block","poldrack-single-stim","147","248176","0.0-5.0-133.0","go-nogo","true","0","","true","<div class = centerbox><div  id = stim2></div></div>","32","32","750","","test","go","133","random","","",""
"","393","32","1341","0","test_block","poldrack-single-stim","148","249561","0.0-5.0-134.0","go-nogo","true","0","","true","<div class = centerbox><div  id = stim2></div></div>","32","32","750","","test","go","134","random","","",""
"","355","32","1416","0","test_block","poldrack-single-stim","149","251018","0.0-5.0-135.0","go-nogo","true","0","","true","<div class = centerbox><div  id = stim2></div></div>","32","32","750","","test","go","135","random","","",""
"","364","32","1477","0","test_block","poldrack-single-stim","150","252544","0.0-5.0-136.0","go-nogo","true","0","","true","<div class = centerbox><div  id = stim2></div></div>","32","32","750","","test","go","136","random","","",""
"","381","32","1268","0","test_block","poldrack-single-stim","151","253861","0.0-5.0-137.0","go-nogo","true","0","","true","<div class = centerbox><div  id = stim2></div></div>","32","32","750","","test","go","137","random","","",""
"","372","32","1109","0","test_block","poldrack-single-stim","152","255007","0.0-5.0-138.0","go-nogo","true","0","","true","<div class = centerbox><div  id = stim2></div></div>","32","32","750","","test","go","138","random","","",""
"","393","32","1195","0","test_block","poldrack-single-stim","153","256249","0.0-5.0-139.0","go-nogo","true","0","","true","<div class = centerbox><div  id = stim2></div></div>","32","32","750","","test","go","139","random","","",""
"","384","32","1096","0","test_block","poldrack-single-stim","154","257390","0.0-5.0-140.0","go-nogo","true","0","","true","<div class = centerbox><div  id = stim2></div></div>","32","32","750","","test","go","140","random","","",""
"","421","32","1003","0","test_block","poldrack-single-stim","155","258439","0.0-5.0-141.0","go-nogo","true","0","","true","<div class = centerbox><div  id = stim2></div></div>","32","32","750","","test","go","141","random","","",""
"","444","32","1089","0","test_block","poldrack-single-stim","156","259571","0.0-5.0-142.0","go-nogo","true","0","","true","<div class = centerbox><div  id = stim2></div></div>","32","32","750","","test","go","142","random","","",""
"","341","32","1446","0","test_block","poldrack-single-stim","157","261064","0.0-5.0-143.0","go-nogo","true","0","","true","<div class = centerbox><div  id = stim2></div></div>","32","32","750","","test","go","143","random","","",""
"","367","32","1235","0","test_block","poldrack-single-stim","158","262347","0.0-5.0-144.0","go-nogo","true","0","","true","<div class = centerbox><div  id = stim2></div></div>","32","32","750","","test","go","144","random","","",""
"","315","32","1419","0","test_block","poldrack-single-stim","159","263807","0.0-5.0-145.0","go-nogo","true","0","","true","<div class = centerbox><div  id = stim2></div></div>","32","32","750","","test","go","145","random","","",""
"","269","32","1101","0","test_block","poldrack-single-stim","160","264952","0.0-5.0-146.0","go-nogo","true","0","","true","<div class = centerbox><div  id = stim2></div></div>","32","32","750","","test","go","146","random","","",""
"","372","32","1292","0","test_block","poldrack-single-stim","161","266286","0.0-5.0-147.0","go-nogo","true","0","","true","<div class = centerbox><div  id = stim2></div></div>","32","32","750","","test","go","147","random","","",""
"","774","32","1412","0","test_block","poldrack-single-stim","162","267750","0.0-5.0-148.0","go-nogo","true","0","","true","<div class = centerbox><div  id = stim2></div></div>","32","32","750","","test","go","148","random","","",""
"","417","32","1251","0","test_block","poldrack-single-stim","163","269041","0.0-5.0-149.0","go-nogo","true","0","","true","<div class = centerbox><div  id = stim2></div></div>","32","32","750","","test","go","149","random","","",""
"","295","32","1382","0","test_block","poldrack-single-stim","164","270463","0.0-5.0-150.0","go-nogo","true","0","","true","<div class = centerbox><div  id = stim2></div></div>","32","32","750","","test","go","150","random","","",""
"","297","32","1166","0","test_block","poldrack-single-stim","165","271675","0.0-5.0-151.0","go-nogo","true","0","","true","<div class = centerbox><div  id = stim2></div></div>","32","32","750","","test","go","151","random","","",""
"","361","32","1455","0","test_block","poldrack-single-stim","166","273174","0.0-5.0-152.0","go-nogo","true","0","","true","<div class = centerbox><div  id = stim2></div></div>","32","32","750","","test","go","152","random","","",""
"","319","32","1335","0","test_block","poldrack-single-stim","167","274551","0.0-5.0-153.0","go-nogo","true","0","","true","<div class = centerbox><div  id = stim2></div></div>","32","32","750","","test","go","153","random","","",""
"","318","32","1403","0","test_block","poldrack-single-stim","168","275997","0.0-5.0-154.0","go-nogo","true","0","","true","<div class = centerbox><div  id = stim2></div></div>","32","32","750","","test","go","154","random","","",""
"","289","32","1125","0","test_block","poldrack-single-stim","169","277163","0.0-5.0-155.0","go-nogo","true","0","","true","<div class = centerbox><div  id = stim2></div></div>","32","32","750","","test","go","155","random","","",""
"","330","32","1087","0","test_block","poldrack-single-stim","170","278294","0.0-5.0-156.0","go-nogo","true","0","","true","<div class = centerbox><div  id = stim2></div></div>","32","32","750","","test","go","156","random","","",""
"","307","32","1406","0","test_block","poldrack-single-stim","171","279746","0.0-5.0-157.0","go-nogo","true","0","","true","<div class = centerbox><div  id = stim2></div></div>","32","32","750","","test","go","157","random","","",""
"","317","32","1267","0","test_block","poldrack-single-stim","172","281055","0.0-5.0-158.0","go-nogo","true","0","","true","<div class = centerbox><div  id = stim2></div></div>","32","32","750","","test","go","158","random","","",""
"","339","32","1084","0","test_block","poldrack-single-stim","173","282186","0.0-5.0-159.0","go-nogo","true","0","","true","<div class = centerbox><div  id = stim2></div></div>","32","32","750","","test","go","159","random","","",""
"","367","32","1447","0","test_block","poldrack-single-stim","174","283682","0.0-5.0-160.0","go-nogo","true","0","","true","<div class = centerbox><div  id = stim2></div></div>","32","32","750","","test","go","160","random","","",""
"","286","32","1338","0","test_block","poldrack-single-stim","175","285070","0.0-5.0-161.0","go-nogo","true","0","","true","<div class = centerbox><div  id = stim2></div></div>","32","32","750","","test","go","161","random","","",""
"","332","32","1267","0","test_block","poldrack-single-stim","176","286384","0.0-5.0-162.0","go-nogo","true","0","","true","<div class = centerbox><div  id = stim2></div></div>","32","32","750","","test","go","162","random","","",""
"","-1","-1","1386","0","test_block","poldrack-single-stim","177","287836","0.0-5.0-163.0","go-nogo","true","0","","true","<div class = centerbox><div  id = stim1></div></div>","-1","32","750","","test","nogo","163","random","","",""
"","296","32","1013","0","test_block","poldrack-single-stim","178","288894","0.0-5.0-164.0","go-nogo","true","0","","true","<div class = centerbox><div  id = stim2></div></div>","32","32","750","","test","go","164","random","","",""
"","407","32","1433","0","test_block","poldrack-single-stim","179","290379","0.0-5.0-165.0","go-nogo","true","0","","true","<div class = centerbox><div  id = stim2></div></div>","32","32","750","","test","go","165","random","","",""
"","434","32","1256","0","test_block","poldrack-single-stim","180","291686","0.0-5.0-166.0","go-nogo","true","0","","true","<div class = centerbox><div  id = stim2></div></div>","32","32","750","","test","go","166","random","","",""
"","397","32","1109","0","test_block","poldrack-single-stim","181","292840","0.0-5.0-167.0","go-nogo","true","0","","true","<div class = centerbox><div  id = stim2></div></div>","32","32","750","","test","go","167","random","","",""
"","373","32","1368","0","test_block","poldrack-single-stim","182","294235","0.0-5.0-168.0","go-nogo","true","0","","true","<div class = centerbox><div  id = stim2></div></div>","32","32","750","","test","go","168","random","","",""
"","-1","-1","1476","0","test_block","poldrack-single-stim","183","295752","0.0-5.0-169.0","go-nogo","true","0","","true","<div class = centerbox><div  id = stim1></div></div>","-1","32","750","","test","nogo","169","random","","",""
"","299","32","1401","0","test_block","poldrack-single-stim","184","297200","0.0-5.0-170.0","go-nogo","true","0","","false","<div class = centerbox><div  id = stim1></div></div>","-1","32","750","","test","nogo","170","random","","",""
"","415","32","1346","0","test_block","poldrack-single-stim","185","298589","0.0-5.0-171.0","go-nogo","true","0","","true","<div class = centerbox><div  id = stim2></div></div>","32","32","750","","test","go","171","random","","",""
"","290","32","1157","0","test_block","poldrack-single-stim","186","299788","0.0-5.0-172.0","go-nogo","true","0","","true","<div class = centerbox><div  id = stim2></div></div>","32","32","750","","test","go","172","random","","",""
"","-1","-1","1136","0","test_block","poldrack-single-stim","187","300964","0.0-5.0-173.0","go-nogo","true","0","","true","<div class = centerbox><div  id = stim1></div></div>","-1","32","750","","test","nogo","173","random","","",""
"","323","32","1068","0","test_block","poldrack-single-stim","188","302083","0.0-5.0-174.0","go-nogo","true","0","","true","<div class = centerbox><div  id = stim2></div></div>","32","32","750","","test","go","174","random","","",""
"","397","32","1490","0","test_block","poldrack-single-stim","189","303623","0.0-5.0-175.0","go-nogo","true","0","","true","<div class = centerbox><div  id = stim2></div></div>","32","32","750","","test","go","175","random","","",""
"","-1","-1","1263","0","test_block","poldrack-single-stim","190","304935","0.0-5.0-176.0","go-nogo","true","0","","true","<div class = centerbox><div  id = stim1></div></div>","-1","32","750","","test","nogo","176","random","","",""
"","299","32","1430","0","test_block","poldrack-single-stim","191","306413","0.0-5.0-177.0","go-nogo","true","0","","true","<div class = centerbox><div  id = stim2></div></div>","32","32","750","","test","go","177","random","","",""
"","403","32","1031","0","test_block","poldrack-single-stim","192","307485","0.0-5.0-178.0","go-nogo","true","0","","true","<div class = centerbox><div  id = stim2></div></div>","32","32","750","","test","go","178","random","","",""
"","383","32","1407","0","test_block","poldrack-single-stim","193","308938","0.0-5.0-179.0","go-nogo","true","0","","true","<div class = centerbox><div  id = stim2></div></div>","32","32","750","","test","go","179","random","","",""
"","370","32","1482","0","test_block","poldrack-single-stim","194","310458","0.0-5.0-180.0","go-nogo","true","0","","true","<div class = centerbox><div  id = stim2></div></div>","32","32","750","","test","go","180","random","","",""
"","360","32","1220","0","test_block","poldrack-single-stim","195","311725","0.0-5.0-181.0","go-nogo","true","0","","true","<div class = centerbox><div  id = stim2></div></div>","32","32","750","","test","go","181","random","","",""
"","340","32","1447","0","test_block","poldrack-single-stim","196","313213","0.0-5.0-182.0","go-nogo","true","0","","true","<div class = centerbox><div  id = stim2></div></div>","32","32","750","","test","go","182","random","","",""
"","397","32","1333","0","test_block","poldrack-single-stim","197","314580","0.0-5.0-183.0","go-nogo","true","0","","true","<div class = centerbox><div  id = stim2></div></div>","32","32","750","","test","go","183","random","","",""
"","323","32","1250","0","test_block","poldrack-single-stim","198","315873","0.0-5.0-184.0","go-nogo","true","0","","true","<div class = centerbox><div  id = stim2></div></div>","32","32","750","","test","go","184","random","","",""
"","321","32","1058","0","test_block","poldrack-single-stim","199","316987","0.0-5.0-185.0","go-nogo","true","0","","true","<div class = centerbox><div  id = stim2></div></div>","32","32","750","","test","go","185","random","","",""
"","355","32","1416","0","test_block","poldrack-single-stim","200","318455","0.0-5.0-186.0","go-nogo","true","0","","true","<div class = centerbox><div  id = stim2></div></div>","32","32","750","","test","go","186","random","","",""
"","-1","-1","1455","0","test_block","poldrack-single-stim","201","319960","0.0-5.0-187.0","go-nogo","true","0","","true","<div class = centerbox><div  id = stim1></div></div>","-1","32","750","","test","nogo","187","random","","",""
"","340","32","1325","0","test_block","poldrack-single-stim","202","321332","0.0-5.0-188.0","go-nogo","true","0","","true","<div class = centerbox><div  id = stim2></div></div>","32","32","750","","test","go","188","random","","",""
"","348","32","1045","0","test_block","poldrack-single-stim","203","322429","0.0-5.0-189.0","go-nogo","true","0","","true","<div class = centerbox><div  id = stim2></div></div>","32","32","750","","test","go","189","random","","",""
"","-1","-1","1449","0","test_block","poldrack-single-stim","204","323920","0.0-5.0-190.0","go-nogo","true","0","","true","<div class = centerbox><div  id = stim1></div></div>","-1","32","750","","test","nogo","190","random","","",""
"","300","32","1022","0","test_block","poldrack-single-stim","205","324990","0.0-5.0-191.0","go-nogo","true","0","","true","<div class = centerbox><div  id = stim2></div></div>","32","32","750","","test","go","191","random","","",""
"","325","32","1319","0","test_block","poldrack-single-stim","206","326357","0.0-5.0-192.0","go-nogo","true","0","","true","<div class = centerbox><div  id = stim2></div></div>","32","32","750","","test","go","192","random","","",""
"","390","32","1438","0","test_block","poldrack-single-stim","207","327841","0.0-5.0-193.0","go-nogo","true","0","","true","<div class = centerbox><div  id = stim2></div></div>","32","32","750","","test","go","193","random","","",""
"","334","32","1143","0","test_block","poldrack-single-stim","208","329013","0.0-5.0-194.0","go-nogo","true","0","","true","<div class = centerbox><div  id = stim2></div></div>","32","32","750","","test","go","194","random","","",""
"","345","32","1350","0","test_block","poldrack-single-stim","209","330410","0.0-5.0-195.0","go-nogo","true","0","","true","<div class = centerbox><div  id = stim2></div></div>","32","32","750","","test","go","195","random","","",""
"","390","32","1397","0","test_block","poldrack-single-stim","210","331850","0.0-5.0-196.0","go-nogo","true","0","","true","<div class = centerbox><div  id = stim2></div></div>","32","32","750","","test","go","196","random","","",""
"","374","32","1076","0","test_block","poldrack-single-stim","211","332977","0.0-5.0-197.0","go-nogo","true","0","","true","<div class = centerbox><div  id = stim2></div></div>","32","32","750","","test","go","197","random","","",""
"","-1","-1","1256","0","test_block","poldrack-single-stim","212","334278","0.0-5.0-198.0","go-nogo","true","0","","true","<div class = centerbox><div  id = stim1></div></div>","-1","32","750","","test","nogo","198","random","","",""
"","342","32","1029","0","test_block","poldrack-single-stim","213","335354","0.0-5.0-199.0","go-nogo","true","0","","true","<div class = centerbox><div  id = stim2></div></div>","32","32","750","","test","go","199","random","","",""
"","453","32","1412","0","test_block","poldrack-single-stim","214","336811","0.0-5.0-200.0","go-nogo","true","0","","true","<div class = centerbox><div  id = stim2></div></div>","32","32","750","","test","go","200","random","","",""
"","338","32","1243","0","test_block","poldrack-single-stim","215","338085","0.0-5.0-201.0","go-nogo","true","0","","true","<div class = centerbox><div  id = stim2></div></div>","32","32","750","","test","go","201","random","","",""
"","392","32","1309","0","test_block","poldrack-single-stim","216","339440","0.0-5.0-202.0","go-nogo","true","0","","true","<div class = centerbox><div  id = stim2></div></div>","32","32","750","","test","go","202","random","","",""
"","440","32","1094","0","test_block","poldrack-single-stim","217","340578","0.0-5.0-203.0","go-nogo","true","0","","true","<div class = centerbox><div  id = stim2></div></div>","32","32","750","","test","go","203","random","","",""
"","448","32","1076","0","test_block","poldrack-single-stim","218","341697","0.0-5.0-204.0","go-nogo","true","0","","true","<div class = centerbox><div  id = stim2></div></div>","32","32","750","","test","go","204","random","","",""
"","403","32","1001","0","test_block","poldrack-single-stim","219","342746","0.0-5.0-205.0","go-nogo","true","0","","true","<div class = centerbox><div  id = stim2></div></div>","32","32","750","","test","go","205","random","","",""
"","392","32","1449","0","test_block","poldrack-single-stim","220","344236","0.0-5.0-206.0","go-nogo","true","0","","true","<div class = centerbox><div  id = stim2></div></div>","32","32","750","","test","go","206","random","","",""
"","380","32","1405","0","test_block","poldrack-single-stim","221","345686","0.0-5.0-207.0","go-nogo","true","0","","true","<div class = centerbox><div  id = stim2></div></div>","32","32","750","","test","go","207","random","","",""
"","365","32","1375","0","test_block","poldrack-single-stim","222","347103","0.0-5.0-208.0","go-nogo","true","0","","true","<div class = centerbox><div  id = stim2></div></div>","32","32","750","","test","go","208","random","","",""
"","314","32","1146","0","test_block","poldrack-single-stim","223","348301","0.0-5.0-209.0","go-nogo","true","0","","true","<div class = centerbox><div  id = stim2></div></div>","32","32","750","","test","go","209","random","","",""
"","328","32","1486","0","test_block","poldrack-single-stim","224","349826","0.0-5.0-210.0","go-nogo","true","0","","true","<div class = centerbox><div  id = stim2></div></div>","32","32","750","","test","go","210","random","","",""
"","337","32","1066","0","test_block","poldrack-single-stim","225","350933","0.0-5.0-211.0","go-nogo","true","0","","true","<div class = centerbox><div  id = stim2></div></div>","32","32","750","","test","go","211","random","","",""
"","361","32","1480","0","test_block","poldrack-single-stim","226","352460","0.0-5.0-212.0","go-nogo","true","0","","true","<div class = centerbox><div  id = stim2></div></div>","32","32","750","","test","go","212","random","","",""
"","322","32","1246","0","test_block","poldrack-single-stim","227","353752","0.0-5.0-213.0","go-nogo","true","0","","true","<div class = centerbox><div  id = stim2></div></div>","32","32","750","","test","go","213","random","","",""
"","355","32","1241","0","test_block","poldrack-single-stim","228","355035","0.0-5.0-214.0","go-nogo","true","0","","true","<div class = centerbox><div  id = stim2></div></div>","32","32","750","","test","go","214","random","","",""
"","316","32","1308","0","test_block","poldrack-single-stim","229","356390","0.0-5.0-215.0","go-nogo","true","0","","true","<div class = centerbox><div  id = stim2></div></div>","32","32","750","","test","go","215","random","","",""
"","-1","-1","1312","0","test_block","poldrack-single-stim","230","357745","0.0-5.0-216.0","go-nogo","true","0","","true","<div class = centerbox><div  id = stim1></div></div>","-1","32","750","","test","nogo","216","random","","",""
"","313","32","1024","0","test_block","poldrack-single-stim","231","358811","0.0-5.0-217.0","go-nogo","true","0","","true","<div class = centerbox><div  id = stim2></div></div>","32","32","750","","test","go","217","random","","",""
"","-1","-1","1073","0","test_block","poldrack-single-stim","232","359915","0.0-5.0-218.0","go-nogo","true","0","","true","<div class = centerbox><div  id = stim1></div></div>","-1","32","750","","test","nogo","218","random","","",""
"","317","32","1052","0","test_block","poldrack-single-stim","233","361021","0.0-5.0-219.0","go-nogo","true","0","","true","<div class = centerbox><div  id = stim2></div></div>","32","32","750","","test","go","219","random","","",""
"","351","32","1392","0","test_block","poldrack-single-stim","234","362463","0.0-5.0-220.0","go-nogo","true","0","","true","<div class = centerbox><div  id = stim2></div></div>","32","32","750","","test","go","220","random","","",""
"","372","32","1331","0","test_block","poldrack-single-stim","235","363845","0.0-5.0-221.0","go-nogo","true","0","","true","<div class = centerbox><div  id = stim2></div></div>","32","32","750","","test","go","221","random","","",""
"","356","32","1277","0","test_block","poldrack-single-stim","236","365175","0.0-5.0-222.0","go-nogo","true","0","","true","<div class = centerbox><div  id = stim2></div></div>","32","32","750","","test","go","222","random","","",""
"","-1","-1","1367","0","test_block","poldrack-single-stim","237","366588","0.0-5.0-223.0","go-nogo","true","0","","true","<div class = centerbox><div  id = stim1></div></div>","-1","32","750","","test","nogo","223","random","","",""
"","340","32","1353","0","test_block","poldrack-single-stim","238","367986","0.0-5.0-224.0","go-nogo","true","0","","true","<div class = centerbox><div  id = stim2></div></div>","32","32","750","","test","go","224","random","","",""
"","496","32","1014","0","test_block","poldrack-single-stim","239","369044","0.0-5.0-225.0","go-nogo","true","0","","true","<div class = centerbox><div  id = stim2></div></div>","32","32","750","","test","go","225","random","","",""
"","379","32","1435","0","test_block","poldrack-single-stim","240","370525","0.0-5.0-226.0","go-nogo","true","0","","true","<div class = centerbox><div  id = stim2></div></div>","32","32","750","","test","go","226","random","","",""
"","570","32","1108","0","test_block","poldrack-single-stim","241","371688","0.0-5.0-227.0","go-nogo","true","0","","true","<div class = centerbox><div  id = stim2></div></div>","32","32","750","","test","go","227","random","","",""
"","464","32","1258","0","test_block","poldrack-single-stim","242","372992","0.0-5.0-228.0","go-nogo","true","0","","true","<div class = centerbox><div  id = stim2></div></div>","32","32","750","","test","go","228","random","","",""
"","464","32","1424","0","test_block","poldrack-single-stim","243","374455","0.0-5.0-229.0","go-nogo","true","0","","true","<div class = centerbox><div  id = stim2></div></div>","32","32","750","","test","go","229","random","","",""
"","302","32","1444","0","test_block","poldrack-single-stim","244","375940","0.0-5.0-230.0","go-nogo","true","0","","true","<div class = centerbox><div  id = stim2></div></div>","32","32","750","","test","go","230","random","","",""
"","321","32","1435","0","test_block","poldrack-single-stim","245","377425","0.0-5.0-231.0","go-nogo","true","0","","true","<div class = centerbox><div  id = stim2></div></div>","32","32","750","","test","go","231","random","","",""
"","365","32","1012","0","test_block","poldrack-single-stim","246","378479","0.0-5.0-232.0","go-nogo","true","0","","true","<div class = centerbox><div  id = stim2></div></div>","32","32","750","","test","go","232","random","","",""
"","447","32","1009","0","test_block","poldrack-single-stim","247","379530","0.0-5.0-233.0","go-nogo","true","0","","true","<div class = centerbox><div  id = stim2></div></div>","32","32","750","","test","go","233","random","","",""
"","513","32","1464","0","test_block","poldrack-single-stim","248","381037","0.0-5.0-234.0","go-nogo","true","0","","true","<div class = centerbox><div  id = stim2></div></div>","32","32","750","","test","go","234","random","","",""
"","328","32","1266","0","test_block","poldrack-single-stim","249","382352","0.0-5.0-235.0","go-nogo","true","0","","true","<div class = centerbox><div  id = stim2></div></div>","32","32","750","","test","go","235","random","","",""
"","409","32","1325","0","test_block","poldrack-single-stim","250","383731","0.0-5.0-236.0","go-nogo","true","0","","true","<div class = centerbox><div  id = stim2></div></div>","32","32","750","","test","go","236","random","","",""
"","344","32","1079","0","test_block","poldrack-single-stim","251","384846","0.0-5.0-237.0","go-nogo","true","0","","true","<div class = centerbox><div  id = stim2></div></div>","32","32","750","","test","go","237","random","","",""
"","406","32","1081","0","test_block","poldrack-single-stim","252","385953","0.0-5.0-238.0","go-nogo","true","0","","true","<div class = centerbox><div  id = stim2></div></div>","32","32","750","","test","go","238","random","","",""
"","447","32","1435","0","test_block","poldrack-single-stim","253","387427","0.0-5.0-239.0","go-nogo","true","0","","true","<div class = centerbox><div  id = stim2></div></div>","32","32","750","","test","go","239","random","","",""
"","347","32","1226","0","test_block","poldrack-single-stim","254","388703","0.0-5.0-240.0","go-nogo","true","0","","true","<div class = centerbox><div  id = stim2></div></div>","32","32","750","","test","go","240","random","","",""
"","325","32","1091","0","test_block","poldrack-single-stim","255","389838","0.0-5.0-241.0","go-nogo","true","0","","true","<div class = centerbox><div  id = stim2></div></div>","32","32","750","","test","go","241","random","","",""
"","293","32","1218","0","test_block","poldrack-single-stim","256","391100","0.0-5.0-242.0","go-nogo","true","0","","true","<div class = centerbox><div  id = stim2></div></div>","32","32","750","","test","go","242","random","","",""
"","369","32","1471","0","test_block","poldrack-single-stim","257","392615","0.0-5.0-243.0","go-nogo","true","0","","true","<div class = centerbox><div  id = stim2></div></div>","32","32","750","","test","go","243","random","","",""
"","330","32","1162","0","test_block","poldrack-single-stim","258","393816","0.0-5.0-244.0","go-nogo","true","0","","true","<div class = centerbox><div  id = stim2></div></div>","32","32","750","","test","go","244","random","","",""
"","327","32","1419","0","test_block","poldrack-single-stim","259","395283","0.0-5.0-245.0","go-nogo","true","0","","true","<div class = centerbox><div  id = stim2></div></div>","32","32","750","","test","go","245","random","","",""
"","351","32","1073","0","test_block","poldrack-single-stim","260","396386","0.0-5.0-246.0","go-nogo","true","0","","true","<div class = centerbox><div  id = stim2></div></div>","32","32","750","","test","go","246","random","","",""
"","423","32","1378","0","test_block","poldrack-single-stim","261","397795","0.0-5.0-247.0","go-nogo","true","0","","true","<div class = centerbox><div  id = stim2></div></div>","32","32","750","","test","go","247","random","","",""
"","301","32","1098","0","test_block","poldrack-single-stim","262","398934","0.0-5.0-248.0","go-nogo","true","0","","true","<div class = centerbox><div  id = stim2></div></div>","32","32","750","","test","go","248","random","","",""
"","370","32","1109","0","test_block","poldrack-single-stim","263","400091","0.0-5.0-249.0","go-nogo","true","0","","true","<div class = centerbox><div  id = stim2></div></div>","32","32","750","","test","go","249","random","","",""
"","452","32","1065","0","test_block","poldrack-single-stim","264","401214","0.0-5.0-250.0","go-nogo","true","0","","true","<div class = centerbox><div  id = stim2></div></div>","32","32","750","","test","go","250","random","","",""
"","414","32","1217","0","test_block","poldrack-single-stim","265","402476","0.0-5.0-251.0","go-nogo","true","0","","true","<div class = centerbox><div  id = stim2></div></div>","32","32","750","","test","go","251","random","","",""
"","-1","-1","1027","0","test_block","poldrack-single-stim","266","403546","0.0-5.0-252.0","go-nogo","true","0","","true","<div class = centerbox><div  id = stim1></div></div>","-1","32","750","","test","nogo","252","random","","",""
"","290","32","1296","0","test_block","poldrack-single-stim","267","404886","0.0-5.0-253.0","go-nogo","true","0","","true","<div class = centerbox><div  id = stim2></div></div>","32","32","750","","test","go","253","random","","",""
"","369","32","1075","0","test_block","poldrack-single-stim","268","406011","0.0-5.0-254.0","go-nogo","true","0","","true","<div class = centerbox><div  id = stim2></div></div>","32","32","750","","test","go","254","random","","",""
"","373","32","1420","0","test_block","poldrack-single-stim","269","407471","0.0-5.0-255.0","go-nogo","true","0","","true","<div class = centerbox><div  id = stim2></div></div>","32","32","750","","test","go","255","random","","",""
"","546","32","1459","0","test_block","poldrack-single-stim","270","408976","0.0-5.0-256.0","go-nogo","true","0","","true","<div class = centerbox><div  id = stim2></div></div>","32","32","750","","test","go","256","random","","",""
"","325","32","1391","0","test_block","poldrack-single-stim","271","410420","0.0-5.0-257.0","go-nogo","true","0","","true","<div class = centerbox><div  id = stim2></div></div>","32","32","750","","test","go","257","random","","",""
"","321","32","1255","0","test_block","poldrack-single-stim","272","411719","0.0-5.0-258.0","go-nogo","true","0","","true","<div class = centerbox><div  id = stim2></div></div>","32","32","750","","test","go","258","random","","",""
"","336","32","1125","0","test_block","poldrack-single-stim","273","412887","0.0-5.0-259.0","go-nogo","true","0","","true","<div class = centerbox><div  id = stim2></div></div>","32","32","750","","test","go","259","random","","",""
"","355","32","1067","0","test_block","poldrack-single-stim","274","413994","0.0-5.0-260.0","go-nogo","true","0","","true","<div class = centerbox><div  id = stim2></div></div>","32","32","750","","test","go","260","random","","",""
"","333","32","1117","0","test_block","poldrack-single-stim","275","415153","0.0-5.0-261.0","go-nogo","true","0","","true","<div class = centerbox><div  id = stim2></div></div>","32","32","750","","test","go","261","random","","",""
"","338","32","1370","0","test_block","poldrack-single-stim","276","416570","0.0-5.0-262.0","go-nogo","true","0","","true","<div class = centerbox><div  id = stim2></div></div>","32","32","750","","test","go","262","random","","",""
"","330","32","1460","0","test_block","poldrack-single-stim","277","418076","0.0-5.0-263.0","go-nogo","true","0","","true","<div class = centerbox><div  id = stim2></div></div>","32","32","750","","test","go","263","random","","",""
"","295","32","1343","0","test_block","poldrack-single-stim","278","419458","0.0-5.0-264.0","go-nogo","true","0","","true","<div class = centerbox><div  id = stim2></div></div>","32","32","750","","test","go","264","random","","",""
"","270","32","1049","0","test_block","poldrack-single-stim","279","420548","0.0-5.0-265.0","go-nogo","true","0","","true","<div class = centerbox><div  id = stim2></div></div>","32","32","750","","test","go","265","random","","",""
"","253","32","1086","0","test_block","poldrack-single-stim","280","421681","0.0-5.0-266.0","go-nogo","true","0","","true","<div class = centerbox><div  id = stim2></div></div>","32","32","750","","test","go","266","random","","",""
"","285","32","1049","0","test_block","poldrack-single-stim","281","422781","0.0-5.0-267.0","go-nogo","true","0","","true","<div class = centerbox><div  id = stim2></div></div>","32","32","750","","test","go","267","random","","",""
"","316","32","1043","0","test_block","poldrack-single-stim","282","423857","0.0-5.0-268.0","go-nogo","true","0","","true","<div class = centerbox><div  id = stim2></div></div>","32","32","750","","test","go","268","random","","",""
"","340","32","1341","0","test_block","poldrack-single-stim","283","425242","0.0-5.0-269.0","go-nogo","true","0","","true","<div class = centerbox><div  id = stim2></div></div>","32","32","750","","test","go","269","random","","",""
"","270","32","1398","0","test_block","poldrack-single-stim","284","426682","0.0-5.0-270.0","go-nogo","true","0","","true","<div class = centerbox><div  id = stim2></div></div>","32","32","750","","test","go","270","random","","",""
"","255","32","1457","0","test_block","poldrack-single-stim","285","428180","0.0-5.0-271.0","go-nogo","true","0","","true","<div class = centerbox><div  id = stim2></div></div>","32","32","750","","test","go","271","random","","",""
"","318","32","1388","0","test_block","poldrack-single-stim","286","429609","0.0-5.0-272.0","go-nogo","true","0","","true","<div class = centerbox><div  id = stim2></div></div>","32","32","750","","test","go","272","random","","",""
"","306","32","1243","0","test_block","poldrack-single-stim","287","430899","0.0-5.0-273.0","go-nogo","true","0","","true","<div class = centerbox><div  id = stim2></div></div>","32","32","750","","test","go","273","random","","",""
"","336","32","1047","0","test_block","poldrack-single-stim","288","431994","0.0-5.0-274.0","go-nogo","true","0","","true","<div class = centerbox><div  id = stim2></div></div>","32","32","750","","test","go","274","random","","",""
"","366","32","1111","0","test_block","poldrack-single-stim","289","433147","0.0-5.0-275.0","go-nogo","true","0","","true","<div class = centerbox><div  id = stim2></div></div>","32","32","750","","test","go","275","random","","",""
"","522","32","1346","0","test_block","poldrack-single-stim","290","434556","0.0-5.0-276.0","go-nogo","true","0","","true","<div class = centerbox><div  id = stim2></div></div>","32","32","750","","test","go","276","random","","",""
"","316","32","1079","0","test_block","poldrack-single-stim","291","435685","0.0-5.0-277.0","go-nogo","true","0","","true","<div class = centerbox><div  id = stim2></div></div>","32","32","750","","test","go","277","random","","",""
"","322","32","1240","0","test_block","poldrack-single-stim","292","436968","0.0-5.0-278.0","go-nogo","true","0","","true","<div class = centerbox><div  id = stim2></div></div>","32","32","750","","test","go","278","random","","",""
"","375","32","1009","0","test_block","poldrack-single-stim","293","438028","0.0-5.0-279.0","go-nogo","true","0","","true","<div class = centerbox><div  id = stim2></div></div>","32","32","750","","test","go","279","random","","",""
"","367","32","1065","0","test_block","poldrack-single-stim","294","439132","0.0-5.0-280.0","go-nogo","true","0","","true","<div class = centerbox><div  id = stim2></div></div>","32","32","750","","test","go","280","random","","",""
"","362","32","1029","0","test_block","poldrack-single-stim","295","440205","0.0-5.0-281.0","go-nogo","true","0","","true","<div class = centerbox><div  id = stim2></div></div>","32","32","750","","test","go","281","random","","",""
"","385","32","1062","0","test_block","poldrack-single-stim","296","441311","0.0-5.0-282.0","go-nogo","true","0","","true","<div class = centerbox><div  id = stim2></div></div>","32","32","750","","test","go","282","random","","",""
"","293","32","1182","0","test_block","poldrack-single-stim","297","442540","0.0-5.0-283.0","go-nogo","true","0","","true","<div class = centerbox><div  id = stim2></div></div>","32","32","750","","test","go","283","random","","",""
"","-1","-1","1134","0","test_block","poldrack-single-stim","298","443722","0.0-5.0-284.0","go-nogo","true","0","","true","<div class = centerbox><div  id = stim1></div></div>","-1","32","750","","test","nogo","284","random","","",""
"","273","32","1263","0","test_block","poldrack-single-stim","299","445023","0.0-5.0-285.0","go-nogo","true","0","","true","<div class = centerbox><div  id = stim2></div></div>","32","32","750","","test","go","285","random","","",""
"","-1","-1","1476","0","test_block","poldrack-single-stim","300","446549","0.0-5.0-286.0","go-nogo","true","0","","true","<div class = centerbox><div  id = stim1></div></div>","-1","32","750","","test","nogo","286","random","","",""
"","340","32","1175","0","test_block","poldrack-single-stim","301","447766","0.0-5.0-287.0","go-nogo","true","0","","true","<div class = centerbox><div  id = stim2></div></div>","32","32","750","","test","go","287","random","","",""
"","348","32","1064","0","test_block","poldrack-single-stim","302","448879","0.0-5.0-288.0","go-nogo","true","0","","true","<div class = centerbox><div  id = stim2></div></div>","32","32","750","","test","go","288","random","","",""
"","292","32","1227","0","test_block","poldrack-single-stim","303","450154","0.0-5.0-289.0","go-nogo","true","0","","true","<div class = centerbox><div  id = stim2></div></div>","32","32","750","","test","go","289","random","","",""
"","376","32","1255","0","test_block","poldrack-single-stim","304","451458","0.0-5.0-290.0","go-nogo","true","0","","true","<div class = centerbox><div  id = stim2></div></div>","32","32","750","","test","go","290","random","","",""
"","318","32","1081","0","test_block","poldrack-single-stim","305","452583","0.0-5.0-291.0","go-nogo","true","0","","true","<div class = centerbox><div  id = stim2></div></div>","32","32","750","","test","go","291","random","","",""
"","341","32","1176","0","test_block","poldrack-single-stim","306","453806","0.0-5.0-292.0","go-nogo","true","0","","true","<div class = centerbox><div  id = stim2></div></div>","32","32","750","","test","go","292","random","","",""
"","315","32","1174","0","test_block","poldrack-single-stim","307","455024","0.0-5.0-293.0","go-nogo","true","0","","true","<div class = centerbox><div  id = stim2></div></div>","32","32","750","","test","go","293","random","","",""
"","294","32","1468","0","test_block","poldrack-single-stim","308","456538","0.0-5.0-294.0","go-nogo","true","0","","true","<div class = centerbox><div  id = stim2></div></div>","32","32","750","","test","go","294","random","","",""
"","331","32","1094","0","test_block","poldrack-single-stim","309","457670","0.0-5.0-295.0","go-nogo","true","0","","true","<div class = centerbox><div  id = stim2></div></div>","32","32","750","","test","go","295","random","","",""
"","-1","-1","1256","0","test_block","poldrack-single-stim","310","458969","0.0-5.0-296.0","go-nogo","true","0","","true","<div class = centerbox><div  id = stim1></div></div>","-1","32","750","","test","nogo","296","random","","",""
"","364","32","1076","0","test_block","poldrack-single-stim","311","460091","0.0-5.0-297.0","go-nogo","true","0","","true","<div class = centerbox><div  id = stim2></div></div>","32","32","750","","test","go","297","random","","",""
"","396","32","1428","0","test_block","poldrack-single-stim","312","461564","0.0-5.0-298.0","go-nogo","true","0","","true","<div class = centerbox><div  id = stim2></div></div>","32","32","750","","test","go","298","random","","",""
"","309","32","1159","0","test_block","poldrack-single-stim","313","462750","0.0-5.0-299.0","go-nogo","true","0","","true","<div class = centerbox><div  id = stim2></div></div>","32","32","750","","test","go","299","random","","",""
"","372","32","1445","0","test_block","poldrack-single-stim","314","464237","0.0-5.0-300.0","go-nogo","true","0","","true","<div class = centerbox><div  id = stim2></div></div>","32","32","750","","test","go","300","random","","",""
"","397","32","1497","0","test_block","poldrack-single-stim","315","465776","0.0-5.0-301.0","go-nogo","true","0","","true","<div class = centerbox><div  id = stim2></div></div>","32","32","750","","test","go","301","random","","",""
"","307","32","1353","0","test_block","poldrack-single-stim","316","467170","0.0-5.0-302.0","go-nogo","true","0","","true","<div class = centerbox><div  id = stim2></div></div>","32","32","750","","test","go","302","random","","",""
"","306","32","1445","0","test_block","poldrack-single-stim","317","468663","0.0-5.0-303.0","go-nogo","true","0","","true","<div class = centerbox><div  id = stim2></div></div>","32","32","750","","test","go","303","random","","",""
"","328","32","1103","0","test_block","poldrack-single-stim","318","469812","0.0-5.0-304.0","go-nogo","true","0","","true","<div class = centerbox><div  id = stim2></div></div>","32","32","750","","test","go","304","random","","",""
"","338","32","1017","0","test_block","poldrack-single-stim","319","470875","0.0-5.0-305.0","go-nogo","true","0","","true","<div class = centerbox><div  id = stim2></div></div>","32","32","750","","test","go","305","random","","",""
"","282","32","1415","0","test_block","poldrack-single-stim","320","472337","0.0-5.0-306.0","go-nogo","true","0","","true","<div class = centerbox><div  id = stim2></div></div>","32","32","750","","test","go","306","random","","",""
"","270","32","1022","0","test_block","poldrack-single-stim","321","473406","0.0-5.0-307.0","go-nogo","true","0","","true","<div class = centerbox><div  id = stim2></div></div>","32","32","750","","test","go","307","random","","",""
"","328","32","1050","0","test_block","poldrack-single-stim","322","474495","0.0-5.0-308.0","go-nogo","true","0","","true","<div class = centerbox><div  id = stim2></div></div>","32","32","750","","test","go","308","random","","",""
"","308","32","1250","0","test_block","poldrack-single-stim","323","475795","0.0-5.0-309.0","go-nogo","true","0","","true","<div class = centerbox><div  id = stim2></div></div>","32","32","750","","test","go","309","random","","",""
"","307","32","1436","0","test_block","poldrack-single-stim","324","477273","0.0-5.0-310.0","go-nogo","true","0","","true","<div class = centerbox><div  id = stim2></div></div>","32","32","750","","test","go","310","random","","",""
"","293","32","1183","0","test_block","poldrack-single-stim","325","478504","0.0-5.0-311.0","go-nogo","true","0","","true","<div class = centerbox><div  id = stim2></div></div>","32","32","750","","test","go","311","random","","",""
"","-1","-1","1110","0","test_block","poldrack-single-stim","326","479662","0.0-5.0-312.0","go-nogo","true","0","","true","<div class = centerbox><div  id = stim1></div></div>","-1","32","750","","test","nogo","312","random","","",""
"","277","32","1216","0","test_block","poldrack-single-stim","327","480919","0.0-5.0-313.0","go-nogo","true","0","","true","<div class = centerbox><div  id = stim2></div></div>","32","32","750","","test","go","313","random","","",""
"","290","32","1183","0","test_block","poldrack-single-stim","328","482147","0.0-5.0-314.0","go-nogo","true","0","","true","<div class = centerbox><div  id = stim2></div></div>","32","32","750","","test","go","314","random","","",""
"","367","32","1388","0","test_block","poldrack-single-stim","329","483578","0.0-5.0-315.0","go-nogo","true","0","","true","<div class = centerbox><div  id = stim2></div></div>","32","32","750","","test","go","315","random","","",""
"","356","32","1094","0","test_block","poldrack-single-stim","330","484719","0.0-5.0-316.0","go-nogo","true","0","","true","<div class = centerbox><div  id = stim2></div></div>","32","32","750","","test","go","316","random","","",""
"","373","32","1238","0","test_block","poldrack-single-stim","331","486005","0.0-5.0-317.0","go-nogo","true","0","","true","<div class = centerbox><div  id = stim2></div></div>","32","32","750","","test","go","317","random","","",""
"","306","32","1265","0","test_block","poldrack-single-stim","332","487317","0.0-5.0-318.0","go-nogo","true","0","","true","<div class = centerbox><div  id = stim2></div></div>","32","32","750","","test","go","318","random","","",""
"","304","32","1280","0","test_block","poldrack-single-stim","333","488646","0.0-5.0-319.0","go-nogo","true","0","","false","<div class = centerbox><div  id = stim1></div></div>","-1","32","750","","test","nogo","319","random","","",""
"","513","32","1075","0","test_block","poldrack-single-stim","334","489767","0.0-5.0-320.0","go-nogo","true","0","","true","<div class = centerbox><div  id = stim2></div></div>","32","32","750","","test","go","320","random","","",""
"","292","32","1369","0","test_block","poldrack-single-stim","335","491178","0.0-5.0-321.0","go-nogo","true","0","","true","<div class = centerbox><div  id = stim2></div></div>","32","32","750","","test","go","321","random","","",""
"","660","32","1174","0","test_block","poldrack-single-stim","336","492393","0.0-5.0-322.0","go-nogo","true","0","","true","<div class = centerbox><div  id = stim2></div></div>","32","32","750","","test","go","322","random","","",""
"","724","32","1315","0","test_block","poldrack-single-stim","337","493758","0.0-5.0-323.0","go-nogo","true","0","","true","<div class = centerbox><div  id = stim2></div></div>","32","32","750","","test","go","323","random","","",""
"","438","32","1411","0","test_block","poldrack-single-stim","338","495213","0.0-5.0-324.0","go-nogo","true","0","","true","<div class = centerbox><div  id = stim2></div></div>","32","32","750","","test","go","324","random","","",""
"","404","32","1310","0","test_block","poldrack-single-stim","339","496560","0.0-5.0-325.0","go-nogo","true","0","","true","<div class = centerbox><div  id = stim2></div></div>","32","32","750","","test","go","325","random","","",""
"","397","32","1026","0","test_block","poldrack-single-stim","340","497628","0.0-5.0-326.0","go-nogo","true","0","","true","<div class = centerbox><div  id = stim2></div></div>","32","32","750","","test","go","326","random","","",""
"","469","32","1255","0","test_block","poldrack-single-stim","341","498912","0.0-5.0-327.0","go-nogo","true","0","","true","<div class = centerbox><div  id = stim2></div></div>","32","32","750","","test","go","327","random","","",""
"","-1","-1","1077","0","test_block","poldrack-single-stim","342","500038","0.0-5.0-328.0","go-nogo","true","0","","true","<div class = centerbox><div  id = stim1></div></div>","-1","32","750","","test","nogo","328","random","","",""
"","266","32","1162","0","test_block","poldrack-single-stim","343","501245","0.0-5.0-329.0","go-nogo","true","0","","true","<div class = centerbox><div  id = stim2></div></div>","32","32","750","","test","go","329","random","","",""
"","400","32","1004","0","test_block","poldrack-single-stim","344","502298","0.0-5.0-330.0","go-nogo","true","0","","true","<div class = centerbox><div  id = stim2></div></div>","32","32","750","","test","go","330","random","","",""
"","557","32","1488","0","test_block","poldrack-single-stim","345","503834","0.0-5.0-331.0","go-nogo","true","0","","true","<div class = centerbox><div  id = stim2></div></div>","32","32","750","","test","go","331","random","","",""
"","391","32","1001","0","test_block","poldrack-single-stim","346","504881","0.0-5.0-332.0","go-nogo","true","0","","true","<div class = centerbox><div  id = stim2></div></div>","32","32","750","","test","go","332","random","","",""
"","521","32","1220","0","test_block","poldrack-single-stim","347","506145","0.0-5.0-333.0","go-nogo","true","0","","true","<div class = centerbox><div  id = stim2></div></div>","32","32","750","","test","go","333","random","","",""
"","436","32","1225","0","test_block","poldrack-single-stim","348","507414","0.0-5.0-334.0","go-nogo","true","0","","true","<div class = centerbox><div  id = stim2></div></div>","32","32","750","","test","go","334","random","","",""
"","375","32","1279","0","test_block","poldrack-single-stim","349","508734","0.0-5.0-335.0","go-nogo","true","0","","true","<div class = centerbox><div  id = stim2></div></div>","32","32","750","","test","go","335","random","","",""
"","363","32","1233","0","test_block","poldrack-single-stim","350","510013","0.0-5.0-336.0","go-nogo","true","0","","true","<div class = centerbox><div  id = stim2></div></div>","32","32","750","","test","go","336","random","","",""
"","357","32","1315","0","test_block","poldrack-single-stim","351","511373","0.0-5.0-337.0","go-nogo","true","0","","true","<div class = centerbox><div  id = stim2></div></div>","32","32","750","","test","go","337","random","","",""
"","322","32","1074","0","test_block","poldrack-single-stim","352","512495","0.0-5.0-338.0","go-nogo","true","0","","true","<div class = centerbox><div  id = stim2></div></div>","32","32","750","","test","go","338","random","","",""
"","356","32","1201","0","test_block","poldrack-single-stim","353","513749","0.0-5.0-339.0","go-nogo","true","0","","true","<div class = centerbox><div  id = stim2></div></div>","32","32","750","","test","go","339","random","","",""
"","363","32","1486","0","test_block","poldrack-single-stim","354","515282","0.0-5.0-340.0","go-nogo","true","0","","true","<div class = centerbox><div  id = stim2></div></div>","32","32","750","","test","go","340","random","","",""
"","354","32","1165","0","test_block","poldrack-single-stim","355","516491","0.0-5.0-341.0","go-nogo","true","0","","true","<div class = centerbox><div  id = stim2></div></div>","32","32","750","","test","go","341","random","","",""
"","350","32","1174","0","test_block","poldrack-single-stim","356","517710","0.0-5.0-342.0","go-nogo","true","0","","true","<div class = centerbox><div  id = stim2></div></div>","32","32","750","","test","go","342","random","","",""
"","414","32","1400","0","test_block","poldrack-single-stim","357","519153","0.0-5.0-343.0","go-nogo","true","0","","true","<div class = centerbox><div  id = stim2></div></div>","32","32","750","","test","go","343","random","","",""
"","326","32","1306","0","test_block","poldrack-single-stim","358","520507","0.0-5.0-344.0","go-nogo","true","0","","true","<div class = centerbox><div  id = stim2></div></div>","32","32","750","","test","go","344","random","","",""
"","300","32","1373","0","test_block","poldrack-single-stim","359","521930","0.0-5.0-345.0","go-nogo","true","0","","true","<div class = centerbox><div  id = stim2></div></div>","32","32","750","","test","go","345","random","","",""
"","326","32","1322","0","test_block","poldrack-single-stim","360","523283","0.0-5.0-346.0","go-nogo","true","0","","true","<div class = centerbox><div  id = stim2></div></div>","32","32","750","","test","go","346","random","","",""
"","346","32","1421","0","test_block","poldrack-single-stim","361","524747","0.0-5.0-347.0","go-nogo","true","0","","true","<div class = centerbox><div  id = stim2></div></div>","32","32","750","","test","go","347","random","","",""
"","342","32","1492","0","test_block","poldrack-single-stim","362","526279","0.0-5.0-348.0","go-nogo","true","0","","true","<div class = centerbox><div  id = stim2></div></div>","32","32","750","","test","go","348","random","","",""
"","327","32","1260","0","test_block","poldrack-single-stim","363","527581","0.0-5.0-349.0","go-nogo","true","0","","true","<div class = centerbox><div  id = stim2></div></div>","32","32","750","","test","go","349","random","","",""
"","65337","","","","post task questions","survey-text","364","592961","0.0-7.0","go-nogo","true","0","","","","","","","","","","","","{""Q0"":""Push \""Space Bar\"" for blue squares and ignore yellow squares."",""Q1"":""Makes one want to immediately retry for score improvement.""}","",""
