"text","rt","key_press","block_duration","timing_post_trial","trial_id","trial_type","trial_index","time_elapsed","internal_node_id","exp_id","full_screen","focus_shifts","view_history","correct","stimulus","correct_response","possible_responses","stim_duration","feedback_duration","exp_stage","condition","trial_num","mode","responses","payment_id","credit_var"
"<div class = centerbox><p class = center-block-text>Welcome to the experiment. This task will take around 10 minutes. Press <strong>enter</strong> to begin.</p></div>","4169","13","4169","0","instruction","poldrack-text","0","4173","0.0-0.0-0.0","go-nogo","true","0","","","","","","","","","","","","","",""
"","15955","","","","instruction","poldrack-instructions","1","20129","0.0-0.0-1.0","go-nogo","true","0","[{""page_index"":0,""viewing_time"":15954}]","","","","","","","","","","","","",""
"","-1","-1","1377","250","practice","poldrack-categorize","2","23517","0.0-1.0-0.0","go-nogo","true","0","","true","<div class = centerbox><div id = stim2></div></div>","-1","32","750","1000","practice","nogo","0","random","","",""
"","-1","-1","1274","250","practice","poldrack-categorize","3","26053","0.0-1.0-1.0","go-nogo","true","0","","true","<div class = centerbox><div id = stim2></div></div>","-1","32","750","1000","practice","nogo","1","random","","",""
"","330","32","1133","250","practice","poldrack-categorize","4","28450","0.0-1.0-2.0","go-nogo","true","0","","true","<div class = centerbox><div  id = stim1></div></div>","32","32","750","1000","practice","go","2","random","","",""
"","562","32","1429","250","practice","poldrack-categorize","5","31140","0.0-1.0-3.0","go-nogo","true","0","","true","<div class = centerbox><div  id = stim1></div></div>","32","32","750","1000","practice","go","3","random","","",""
"","-1","-1","1027","250","practice","poldrack-categorize","6","33431","0.0-1.0-4.0","go-nogo","true","0","","true","<div class = centerbox><div id = stim2></div></div>","-1","32","750","1000","practice","nogo","4","random","","",""
"","402","32","1229","250","practice","poldrack-categorize","7","35921","0.0-1.0-5.0","go-nogo","true","0","","true","<div class = centerbox><div  id = stim1></div></div>","32","32","750","1000","practice","go","5","random","","",""
"","520","32","1175","250","practice","poldrack-categorize","8","38359","0.0-1.0-6.0","go-nogo","true","0","","true","<div class = centerbox><div  id = stim1></div></div>","32","32","750","1000","practice","go","6","random","","",""
"","-1","-1","1153","250","practice","poldrack-categorize","9","40775","0.0-1.0-7.0","go-nogo","true","0","","true","<div class = centerbox><div id = stim2></div></div>","-1","32","750","1000","practice","nogo","7","random","","",""
"","307","32","1009","250","practice","poldrack-categorize","10","43048","0.0-1.0-8.0","go-nogo","true","0","","true","<div class = centerbox><div  id = stim1></div></div>","32","32","750","1000","practice","go","8","random","","",""
"","-1","-1","1297","250","practice","poldrack-categorize","11","45610","0.0-1.0-9.0","go-nogo","true","0","","true","<div class = centerbox><div id = stim2></div></div>","-1","32","750","1000","practice","nogo","9","random","","",""
"","","","","","reset_trial","call-function","12","45866","0.0-3.0","go-nogo","true","0","","","","","","","","","","","","","",""
"<div class = centerbox><p class = block-text>Practice is over, we will now begin the experiment. You will no longer get feedback about your responses.</p><p class = block-text>Remember, if you see the <font color=""orange"">orange</font> square you should <strong> respond by pressing the spacebar as quickly as possible</strong>. If you see the <font color=""blue"">blue</font> square you should <strong> not respond</strong>. Press <strong>enter</strong> to begin.</p></div>","9221","13","9221","1000","test_intro","poldrack-text","13","55088","0.0-4.0","go-nogo","true","1","","","","","","","","","","","","","",""
"","680","32","1252","0","test_block","poldrack-single-stim","14","57345","0.0-5.0-0.0","go-nogo","true","0","","true","<div class = centerbox><div  id = stim1></div></div>","32","32","750","","test","go","0","random","","",""
"","342","32","1126","0","test_block","poldrack-single-stim","15","58525","0.0-5.0-1.0","go-nogo","true","0","","true","<div class = centerbox><div  id = stim1></div></div>","32","32","750","","test","go","1","random","","",""
"","320","32","1467","0","test_block","poldrack-single-stim","16","60029","0.0-5.0-2.0","go-nogo","true","0","","true","<div class = centerbox><div  id = stim1></div></div>","32","32","750","","test","go","2","random","","",""
"","303","32","1005","0","test_block","poldrack-single-stim","17","61069","0.0-5.0-3.0","go-nogo","true","0","","true","<div class = centerbox><div  id = stim1></div></div>","32","32","750","","test","go","3","random","","",""
"","302","32","1310","0","test_block","poldrack-single-stim","18","62420","0.0-5.0-4.0","go-nogo","true","0","","true","<div class = centerbox><div  id = stim1></div></div>","32","32","750","","test","go","4","random","","",""
"","328","32","1495","0","test_block","poldrack-single-stim","19","63953","0.0-5.0-5.0","go-nogo","true","0","","true","<div class = centerbox><div  id = stim1></div></div>","32","32","750","","test","go","5","random","","",""
"","317","32","1368","0","test_block","poldrack-single-stim","20","65358","0.0-5.0-6.0","go-nogo","true","0","","false","<div class = centerbox><div  id = stim2></div></div>","-1","32","750","","test","nogo","6","random","","",""
"","321","32","1169","0","test_block","poldrack-single-stim","21","66566","0.0-5.0-7.0","go-nogo","true","0","","true","<div class = centerbox><div  id = stim1></div></div>","32","32","750","","test","go","7","random","","",""
"","453","32","1163","0","test_block","poldrack-single-stim","22","67766","0.0-5.0-8.0","go-nogo","true","0","","true","<div class = centerbox><div  id = stim1></div></div>","32","32","750","","test","go","8","random","","",""
"","-1","-1","1467","0","test_block","poldrack-single-stim","23","69271","0.0-5.0-9.0","go-nogo","true","0","","true","<div class = centerbox><div  id = stim2></div></div>","-1","32","750","","test","nogo","9","random","","",""
"","368","32","1005","0","test_block","poldrack-single-stim","24","70314","0.0-5.0-10.0","go-nogo","true","0","","true","<div class = centerbox><div  id = stim1></div></div>","32","32","750","","test","go","10","random","","",""
"","497","32","1477","0","test_block","poldrack-single-stim","25","71826","0.0-5.0-11.0","go-nogo","true","0","","true","<div class = centerbox><div  id = stim1></div></div>","32","32","750","","test","go","11","random","","",""
"","479","32","1239","0","test_block","poldrack-single-stim","26","73102","0.0-5.0-12.0","go-nogo","true","0","","true","<div class = centerbox><div  id = stim1></div></div>","32","32","750","","test","go","12","random","","",""
"","301","32","1043","0","test_block","poldrack-single-stim","27","74176","0.0-5.0-13.0","go-nogo","true","0","","true","<div class = centerbox><div  id = stim1></div></div>","32","32","750","","test","go","13","random","","",""
"","531","32","1029","0","test_block","poldrack-single-stim","28","75244","0.0-5.0-14.0","go-nogo","true","0","","true","<div class = centerbox><div  id = stim1></div></div>","32","32","750","","test","go","14","random","","",""
"","417","32","1425","0","test_block","poldrack-single-stim","29","76701","0.0-5.0-15.0","go-nogo","true","0","","true","<div class = centerbox><div  id = stim1></div></div>","32","32","750","","test","go","15","random","","",""
"","444","32","1036","0","test_block","poldrack-single-stim","30","77769","0.0-5.0-16.0","go-nogo","true","0","","true","<div class = centerbox><div  id = stim1></div></div>","32","32","750","","test","go","16","random","","",""
"","502","32","1375","0","test_block","poldrack-single-stim","31","79181","0.0-5.0-17.0","go-nogo","true","0","","true","<div class = centerbox><div  id = stim1></div></div>","32","32","750","","test","go","17","random","","",""
"","368","32","1471","0","test_block","poldrack-single-stim","32","80684","0.0-5.0-18.0","go-nogo","true","0","","true","<div class = centerbox><div  id = stim1></div></div>","32","32","750","","test","go","18","random","","",""
"","528","32","1200","0","test_block","poldrack-single-stim","33","81915","0.0-5.0-19.0","go-nogo","true","0","","true","<div class = centerbox><div  id = stim1></div></div>","32","32","750","","test","go","19","random","","",""
"","556","32","1240","0","test_block","poldrack-single-stim","34","83186","0.0-5.0-20.0","go-nogo","true","0","","true","<div class = centerbox><div  id = stim1></div></div>","32","32","750","","test","go","20","random","","",""
"","535","32","1481","0","test_block","poldrack-single-stim","35","84694","0.0-5.0-21.0","go-nogo","true","0","","true","<div class = centerbox><div  id = stim1></div></div>","32","32","750","","test","go","21","random","","",""
"","354","32","1070","0","test_block","poldrack-single-stim","36","85797","0.0-5.0-22.0","go-nogo","true","0","","true","<div class = centerbox><div  id = stim1></div></div>","32","32","750","","test","go","22","random","","",""
"","494","32","1168","0","test_block","poldrack-single-stim","37","86993","0.0-5.0-23.0","go-nogo","true","0","","true","<div class = centerbox><div  id = stim1></div></div>","32","32","750","","test","go","23","random","","",""
"","353","32","1125","0","test_block","poldrack-single-stim","38","88148","0.0-5.0-24.0","go-nogo","true","0","","true","<div class = centerbox><div  id = stim1></div></div>","32","32","750","","test","go","24","random","","",""
"","347","32","1019","0","test_block","poldrack-single-stim","39","89199","0.0-5.0-25.0","go-nogo","true","0","","true","<div class = centerbox><div  id = stim1></div></div>","32","32","750","","test","go","25","random","","",""
"","517","32","1282","0","test_block","poldrack-single-stim","40","90516","0.0-5.0-26.0","go-nogo","true","0","","true","<div class = centerbox><div  id = stim1></div></div>","32","32","750","","test","go","26","random","","",""
"","616","32","1475","0","test_block","poldrack-single-stim","41","92028","0.0-5.0-27.0","go-nogo","true","0","","true","<div class = centerbox><div  id = stim1></div></div>","32","32","750","","test","go","27","random","","",""
"","665","32","1355","0","test_block","poldrack-single-stim","42","93414","0.0-5.0-28.0","go-nogo","true","0","","true","<div class = centerbox><div  id = stim1></div></div>","32","32","750","","test","go","28","random","","",""
"","533","32","1348","0","test_block","poldrack-single-stim","43","94795","0.0-5.0-29.0","go-nogo","true","0","","true","<div class = centerbox><div  id = stim1></div></div>","32","32","750","","test","go","29","random","","",""
"","382","32","1294","0","test_block","poldrack-single-stim","44","96119","0.0-5.0-30.0","go-nogo","true","0","","true","<div class = centerbox><div  id = stim1></div></div>","32","32","750","","test","go","30","random","","",""
"","409","32","1352","0","test_block","poldrack-single-stim","45","97501","0.0-5.0-31.0","go-nogo","true","0","","true","<div class = centerbox><div  id = stim1></div></div>","32","32","750","","test","go","31","random","","",""
"","-1","-1","1199","0","test_block","poldrack-single-stim","46","98736","0.0-5.0-32.0","go-nogo","true","0","","true","<div class = centerbox><div  id = stim2></div></div>","-1","32","750","","test","nogo","32","random","","",""
"","335","32","1458","0","test_block","poldrack-single-stim","47","100223","0.0-5.0-33.0","go-nogo","true","0","","true","<div class = centerbox><div  id = stim1></div></div>","32","32","750","","test","go","33","random","","",""
"","376","32","1309","0","test_block","poldrack-single-stim","48","101564","0.0-5.0-34.0","go-nogo","true","0","","true","<div class = centerbox><div  id = stim1></div></div>","32","32","750","","test","go","34","random","","",""
"","482","32","1437","0","test_block","poldrack-single-stim","49","103035","0.0-5.0-35.0","go-nogo","true","0","","true","<div class = centerbox><div  id = stim1></div></div>","32","32","750","","test","go","35","random","","",""
"","520","32","1079","0","test_block","poldrack-single-stim","50","104147","0.0-5.0-36.0","go-nogo","true","0","","true","<div class = centerbox><div  id = stim1></div></div>","32","32","750","","test","go","36","random","","",""
"","734","32","1303","0","test_block","poldrack-single-stim","51","105482","0.0-5.0-37.0","go-nogo","true","0","","true","<div class = centerbox><div  id = stim1></div></div>","32","32","750","","test","go","37","random","","",""
"","686","32","1184","0","test_block","poldrack-single-stim","52","106696","0.0-5.0-38.0","go-nogo","true","0","","true","<div class = centerbox><div  id = stim1></div></div>","32","32","750","","test","go","38","random","","",""
"","598","32","1081","0","test_block","poldrack-single-stim","53","107805","0.0-5.0-39.0","go-nogo","true","0","","true","<div class = centerbox><div  id = stim1></div></div>","32","32","750","","test","go","39","random","","",""
"","507","32","1140","0","test_block","poldrack-single-stim","54","108977","0.0-5.0-40.0","go-nogo","true","0","","true","<div class = centerbox><div  id = stim1></div></div>","32","32","750","","test","go","40","random","","",""
"","629","32","1387","0","test_block","poldrack-single-stim","55","110393","0.0-5.0-41.0","go-nogo","true","0","","true","<div class = centerbox><div  id = stim1></div></div>","32","32","750","","test","go","41","random","","",""
"","507","32","1102","0","test_block","poldrack-single-stim","56","111531","0.0-5.0-42.0","go-nogo","true","0","","true","<div class = centerbox><div  id = stim1></div></div>","32","32","750","","test","go","42","random","","",""
"","-1","-1","1461","0","test_block","poldrack-single-stim","57","113024","0.0-5.0-43.0","go-nogo","true","0","","true","<div class = centerbox><div  id = stim2></div></div>","-1","32","750","","test","nogo","43","random","","",""
"","295","32","1045","0","test_block","poldrack-single-stim","58","114097","0.0-5.0-44.0","go-nogo","true","0","","true","<div class = centerbox><div  id = stim1></div></div>","32","32","750","","test","go","44","random","","",""
"","-1","-1","1387","0","test_block","poldrack-single-stim","59","115520","0.0-5.0-45.0","go-nogo","true","0","","true","<div class = centerbox><div  id = stim2></div></div>","-1","32","750","","test","nogo","45","random","","",""
"","519","32","1295","0","test_block","poldrack-single-stim","60","116849","0.0-5.0-46.0","go-nogo","true","0","","true","<div class = centerbox><div  id = stim1></div></div>","32","32","750","","test","go","46","random","","",""
"","402","32","1236","0","test_block","poldrack-single-stim","61","118115","0.0-5.0-47.0","go-nogo","true","0","","true","<div class = centerbox><div  id = stim1></div></div>","32","32","750","","test","go","47","random","","",""
"","-1","-1","1217","0","test_block","poldrack-single-stim","62","119364","0.0-5.0-48.0","go-nogo","true","0","","true","<div class = centerbox><div  id = stim2></div></div>","-1","32","750","","test","nogo","48","random","","",""
"","305","32","1331","0","test_block","poldrack-single-stim","63","120726","0.0-5.0-49.0","go-nogo","true","0","","true","<div class = centerbox><div  id = stim1></div></div>","32","32","750","","test","go","49","random","","",""
"","313","32","1389","0","test_block","poldrack-single-stim","64","122149","0.0-5.0-50.0","go-nogo","true","0","","true","<div class = centerbox><div  id = stim1></div></div>","32","32","750","","test","go","50","random","","",""
"","305","32","1009","0","test_block","poldrack-single-stim","65","123188","0.0-5.0-51.0","go-nogo","true","0","","true","<div class = centerbox><div  id = stim1></div></div>","32","32","750","","test","go","51","random","","",""
"","409","32","1118","0","test_block","poldrack-single-stim","66","124338","0.0-5.0-52.0","go-nogo","true","0","","true","<div class = centerbox><div  id = stim1></div></div>","32","32","750","","test","go","52","random","","",""
"","484","32","1227","0","test_block","poldrack-single-stim","67","125597","0.0-5.0-53.0","go-nogo","true","0","","true","<div class = centerbox><div  id = stim1></div></div>","32","32","750","","test","go","53","random","","",""
"","327","32","1239","0","test_block","poldrack-single-stim","68","126867","0.0-5.0-54.0","go-nogo","true","0","","true","<div class = centerbox><div  id = stim1></div></div>","32","32","750","","test","go","54","random","","",""
"","331","32","1368","0","test_block","poldrack-single-stim","69","128267","0.0-5.0-55.0","go-nogo","true","0","","true","<div class = centerbox><div  id = stim1></div></div>","32","32","750","","test","go","55","random","","",""
"","305","32","1042","0","test_block","poldrack-single-stim","70","129345","0.0-5.0-56.0","go-nogo","true","0","","true","<div class = centerbox><div  id = stim1></div></div>","32","32","750","","test","go","56","random","","",""
"","336","32","1109","0","test_block","poldrack-single-stim","71","130487","0.0-5.0-57.0","go-nogo","true","0","","true","<div class = centerbox><div  id = stim1></div></div>","32","32","750","","test","go","57","random","","",""
"","295","32","1055","0","test_block","poldrack-single-stim","72","131570","0.0-5.0-58.0","go-nogo","true","0","","true","<div class = centerbox><div  id = stim1></div></div>","32","32","750","","test","go","58","random","","",""
"","318","32","1232","0","test_block","poldrack-single-stim","73","132835","0.0-5.0-59.0","go-nogo","true","0","","true","<div class = centerbox><div  id = stim1></div></div>","32","32","750","","test","go","59","random","","",""
"","287","32","1331","0","test_block","poldrack-single-stim","74","134198","0.0-5.0-60.0","go-nogo","true","0","","true","<div class = centerbox><div  id = stim1></div></div>","32","32","750","","test","go","60","random","","",""
"","324","32","1480","0","test_block","poldrack-single-stim","75","135715","0.0-5.0-61.0","go-nogo","true","0","","true","<div class = centerbox><div  id = stim1></div></div>","32","32","750","","test","go","61","random","","",""
"","341","32","1474","0","test_block","poldrack-single-stim","76","137220","0.0-5.0-62.0","go-nogo","true","0","","true","<div class = centerbox><div  id = stim1></div></div>","32","32","750","","test","go","62","random","","",""
"","348","32","1047","0","test_block","poldrack-single-stim","77","138298","0.0-5.0-63.0","go-nogo","true","0","","true","<div class = centerbox><div  id = stim1></div></div>","32","32","750","","test","go","63","random","","",""
"","428","32","1344","0","test_block","poldrack-single-stim","78","139679","0.0-5.0-64.0","go-nogo","true","0","","true","<div class = centerbox><div  id = stim1></div></div>","32","32","750","","test","go","64","random","","",""
"","300","32","1127","0","test_block","poldrack-single-stim","79","140835","0.0-5.0-65.0","go-nogo","true","0","","true","<div class = centerbox><div  id = stim1></div></div>","32","32","750","","test","go","65","random","","",""
"","374","32","1387","0","test_block","poldrack-single-stim","80","142252","0.0-5.0-66.0","go-nogo","true","0","","true","<div class = centerbox><div  id = stim1></div></div>","32","32","750","","test","go","66","random","","",""
"","344","32","1072","0","test_block","poldrack-single-stim","81","143360","0.0-5.0-67.0","go-nogo","true","0","","true","<div class = centerbox><div  id = stim1></div></div>","32","32","750","","test","go","67","random","","",""
"","386","32","1417","0","test_block","poldrack-single-stim","82","144806","0.0-5.0-68.0","go-nogo","true","0","","true","<div class = centerbox><div  id = stim1></div></div>","32","32","750","","test","go","68","random","","",""
"","335","32","1069","0","test_block","poldrack-single-stim","83","145903","0.0-5.0-69.0","go-nogo","true","0","","true","<div class = centerbox><div  id = stim1></div></div>","32","32","750","","test","go","69","random","","",""
"","394","32","1436","0","test_block","poldrack-single-stim","84","147373","0.0-5.0-70.0","go-nogo","true","0","","true","<div class = centerbox><div  id = stim1></div></div>","32","32","750","","test","go","70","random","","",""
"","474","32","1380","0","test_block","poldrack-single-stim","85","148782","0.0-5.0-71.0","go-nogo","true","0","","true","<div class = centerbox><div  id = stim1></div></div>","32","32","750","","test","go","71","random","","",""
"","364","32","1355","0","test_block","poldrack-single-stim","86","150164","0.0-5.0-72.0","go-nogo","true","0","","true","<div class = centerbox><div  id = stim1></div></div>","32","32","750","","test","go","72","random","","",""
"","349","32","1176","0","test_block","poldrack-single-stim","87","151377","0.0-5.0-73.0","go-nogo","true","0","","true","<div class = centerbox><div  id = stim1></div></div>","32","32","750","","test","go","73","random","","",""
"","364","32","1352","0","test_block","poldrack-single-stim","88","152758","0.0-5.0-74.0","go-nogo","true","0","","true","<div class = centerbox><div  id = stim1></div></div>","32","32","750","","test","go","74","random","","",""
"","306","32","1183","0","test_block","poldrack-single-stim","89","153972","0.0-5.0-75.0","go-nogo","true","0","","true","<div class = centerbox><div  id = stim1></div></div>","32","32","750","","test","go","75","random","","",""
"","325","32","1036","0","test_block","poldrack-single-stim","90","155039","0.0-5.0-76.0","go-nogo","true","0","","true","<div class = centerbox><div  id = stim1></div></div>","32","32","750","","test","go","76","random","","",""
"","357","32","1053","0","test_block","poldrack-single-stim","91","156125","0.0-5.0-77.0","go-nogo","true","0","","true","<div class = centerbox><div  id = stim1></div></div>","32","32","750","","test","go","77","random","","",""
"","538","32","1287","0","test_block","poldrack-single-stim","92","157446","0.0-5.0-78.0","go-nogo","true","0","","true","<div class = centerbox><div  id = stim1></div></div>","32","32","750","","test","go","78","random","","",""
"","430","32","1376","0","test_block","poldrack-single-stim","93","158860","0.0-5.0-79.0","go-nogo","true","0","","true","<div class = centerbox><div  id = stim1></div></div>","32","32","750","","test","go","79","random","","",""
"","373","32","1339","0","test_block","poldrack-single-stim","94","160229","0.0-5.0-80.0","go-nogo","true","0","","true","<div class = centerbox><div  id = stim1></div></div>","32","32","750","","test","go","80","random","","",""
"","324","32","1331","0","test_block","poldrack-single-stim","95","161594","0.0-5.0-81.0","go-nogo","true","0","","true","<div class = centerbox><div  id = stim1></div></div>","32","32","750","","test","go","81","random","","",""
"","335","32","1317","0","test_block","poldrack-single-stim","96","162942","0.0-5.0-82.0","go-nogo","true","0","","false","<div class = centerbox><div  id = stim2></div></div>","-1","32","750","","test","nogo","82","random","","",""
"","309","32","1359","0","test_block","poldrack-single-stim","97","164334","0.0-5.0-83.0","go-nogo","true","0","","true","<div class = centerbox><div  id = stim1></div></div>","32","32","750","","test","go","83","random","","",""
"","279","32","1102","0","test_block","poldrack-single-stim","98","165462","0.0-5.0-84.0","go-nogo","true","0","","true","<div class = centerbox><div  id = stim1></div></div>","32","32","750","","test","go","84","random","","",""
"","350","32","1379","0","test_block","poldrack-single-stim","99","166876","0.0-5.0-85.0","go-nogo","true","0","","true","<div class = centerbox><div  id = stim1></div></div>","32","32","750","","test","go","85","random","","",""
"","292","32","1394","0","test_block","poldrack-single-stim","100","168298","0.0-5.0-86.0","go-nogo","true","0","","true","<div class = centerbox><div  id = stim1></div></div>","32","32","750","","test","go","86","random","","",""
"","477","32","1167","0","test_block","poldrack-single-stim","101","169494","0.0-5.0-87.0","go-nogo","true","0","","true","<div class = centerbox><div  id = stim1></div></div>","32","32","750","","test","go","87","random","","",""
"","589","32","1292","0","test_block","poldrack-single-stim","102","170816","0.0-5.0-88.0","go-nogo","true","0","","true","<div class = centerbox><div  id = stim1></div></div>","32","32","750","","test","go","88","random","","",""
"","-1","-1","1245","0","test_block","poldrack-single-stim","103","172093","0.0-5.0-89.0","go-nogo","true","0","","true","<div class = centerbox><div  id = stim2></div></div>","-1","32","750","","test","nogo","89","random","","",""
"","303","32","1229","0","test_block","poldrack-single-stim","104","173354","0.0-5.0-90.0","go-nogo","true","0","","true","<div class = centerbox><div  id = stim1></div></div>","32","32","750","","test","go","90","random","","",""
"","353","32","1446","0","test_block","poldrack-single-stim","105","174835","0.0-5.0-91.0","go-nogo","true","0","","true","<div class = centerbox><div  id = stim1></div></div>","32","32","750","","test","go","91","random","","",""
"","415","32","1165","0","test_block","poldrack-single-stim","106","176031","0.0-5.0-92.0","go-nogo","true","0","","true","<div class = centerbox><div  id = stim1></div></div>","32","32","750","","test","go","92","random","","",""
"","337","32","1061","0","test_block","poldrack-single-stim","107","177122","0.0-5.0-93.0","go-nogo","true","0","","true","<div class = centerbox><div  id = stim1></div></div>","32","32","750","","test","go","93","random","","",""
"","384","32","1197","0","test_block","poldrack-single-stim","108","178347","0.0-5.0-94.0","go-nogo","true","0","","true","<div class = centerbox><div  id = stim1></div></div>","32","32","750","","test","go","94","random","","",""
"","343","32","1357","0","test_block","poldrack-single-stim","109","179734","0.0-5.0-95.0","go-nogo","true","0","","true","<div class = centerbox><div  id = stim1></div></div>","32","32","750","","test","go","95","random","","",""
"","400","32","1136","0","test_block","poldrack-single-stim","110","180901","0.0-5.0-96.0","go-nogo","true","0","","true","<div class = centerbox><div  id = stim1></div></div>","32","32","750","","test","go","96","random","","",""
"","354","32","1105","0","test_block","poldrack-single-stim","111","182034","0.0-5.0-97.0","go-nogo","true","0","","true","<div class = centerbox><div  id = stim1></div></div>","32","32","750","","test","go","97","random","","",""
"","-1","-1","1112","0","test_block","poldrack-single-stim","112","183175","0.0-5.0-98.0","go-nogo","true","0","","true","<div class = centerbox><div  id = stim2></div></div>","-1","32","750","","test","nogo","98","random","","",""
"","373","32","1161","0","test_block","poldrack-single-stim","113","184367","0.0-5.0-99.0","go-nogo","true","0","","true","<div class = centerbox><div  id = stim1></div></div>","32","32","750","","test","go","99","random","","",""
"","624","32","1195","0","test_block","poldrack-single-stim","114","185591","0.0-5.0-100.0","go-nogo","true","0","","true","<div class = centerbox><div  id = stim1></div></div>","32","32","750","","test","go","100","random","","",""
"","-1","-1","1476","0","test_block","poldrack-single-stim","115","187100","0.0-5.0-101.0","go-nogo","true","0","","true","<div class = centerbox><div  id = stim2></div></div>","-1","32","750","","test","nogo","101","random","","",""
"","289","32","1173","0","test_block","poldrack-single-stim","116","188305","0.0-5.0-102.0","go-nogo","true","0","","true","<div class = centerbox><div  id = stim1></div></div>","32","32","750","","test","go","102","random","","",""
"","401","32","1169","0","test_block","poldrack-single-stim","117","189504","0.0-5.0-103.0","go-nogo","true","0","","true","<div class = centerbox><div  id = stim1></div></div>","32","32","750","","test","go","103","random","","",""
"","479","32","1172","0","test_block","poldrack-single-stim","118","190712","0.0-5.0-104.0","go-nogo","true","0","","true","<div class = centerbox><div  id = stim1></div></div>","32","32","750","","test","go","104","random","","",""
"","-1","-1","1361","0","test_block","poldrack-single-stim","119","192105","0.0-5.0-105.0","go-nogo","true","0","","true","<div class = centerbox><div  id = stim2></div></div>","-1","32","750","","test","nogo","105","random","","",""
"","336","32","1074","0","test_block","poldrack-single-stim","120","193213","0.0-5.0-106.0","go-nogo","true","0","","true","<div class = centerbox><div  id = stim1></div></div>","32","32","750","","test","go","106","random","","",""
"","441","32","1258","0","test_block","poldrack-single-stim","121","194497","0.0-5.0-107.0","go-nogo","true","0","","true","<div class = centerbox><div  id = stim1></div></div>","32","32","750","","test","go","107","random","","",""
"","390","32","1069","0","test_block","poldrack-single-stim","122","195599","0.0-5.0-108.0","go-nogo","true","0","","true","<div class = centerbox><div  id = stim1></div></div>","32","32","750","","test","go","108","random","","",""
"","580","32","1286","0","test_block","poldrack-single-stim","123","196910","0.0-5.0-109.0","go-nogo","true","0","","true","<div class = centerbox><div  id = stim1></div></div>","32","32","750","","test","go","109","random","","",""
"","357","32","1439","0","test_block","poldrack-single-stim","124","198380","0.0-5.0-110.0","go-nogo","true","0","","true","<div class = centerbox><div  id = stim1></div></div>","32","32","750","","test","go","110","random","","",""
"","393","32","1387","0","test_block","poldrack-single-stim","125","199796","0.0-5.0-111.0","go-nogo","true","0","","true","<div class = centerbox><div  id = stim1></div></div>","32","32","750","","test","go","111","random","","",""
"","312","32","1268","0","test_block","poldrack-single-stim","126","201089","0.0-5.0-112.0","go-nogo","true","0","","true","<div class = centerbox><div  id = stim1></div></div>","32","32","750","","test","go","112","random","","",""
"","369","32","1120","0","test_block","poldrack-single-stim","127","202237","0.0-5.0-113.0","go-nogo","true","0","","true","<div class = centerbox><div  id = stim1></div></div>","32","32","750","","test","go","113","random","","",""
"","438","32","1066","0","test_block","poldrack-single-stim","128","203333","0.0-5.0-114.0","go-nogo","true","0","","true","<div class = centerbox><div  id = stim1></div></div>","32","32","750","","test","go","114","random","","",""
"","-1","-1","1305","0","test_block","poldrack-single-stim","129","204671","0.0-5.0-115.0","go-nogo","true","0","","true","<div class = centerbox><div  id = stim2></div></div>","-1","32","750","","test","nogo","115","random","","",""
"","320","32","1076","0","test_block","poldrack-single-stim","130","205775","0.0-5.0-116.0","go-nogo","true","0","","true","<div class = centerbox><div  id = stim1></div></div>","32","32","750","","test","go","116","random","","",""
"","470","32","1460","0","test_block","poldrack-single-stim","131","207262","0.0-5.0-117.0","go-nogo","true","0","","true","<div class = centerbox><div  id = stim1></div></div>","32","32","750","","test","go","117","random","","",""
"","416","32","1231","0","test_block","poldrack-single-stim","132","208528","0.0-5.0-118.0","go-nogo","true","0","","true","<div class = centerbox><div  id = stim1></div></div>","32","32","750","","test","go","118","random","","",""
"","423","32","1491","0","test_block","poldrack-single-stim","133","210047","0.0-5.0-119.0","go-nogo","true","0","","true","<div class = centerbox><div  id = stim1></div></div>","32","32","750","","test","go","119","random","","",""
"","426","32","1433","0","test_block","poldrack-single-stim","134","211510","0.0-5.0-120.0","go-nogo","true","0","","true","<div class = centerbox><div  id = stim1></div></div>","32","32","750","","test","go","120","random","","",""
"","459","32","1385","0","test_block","poldrack-single-stim","135","212927","0.0-5.0-121.0","go-nogo","true","0","","true","<div class = centerbox><div  id = stim1></div></div>","32","32","750","","test","go","121","random","","",""
"","518","32","1312","0","test_block","poldrack-single-stim","136","214274","0.0-5.0-122.0","go-nogo","true","0","","true","<div class = centerbox><div  id = stim1></div></div>","32","32","750","","test","go","122","random","","",""
"","-1","-1","1407","0","test_block","poldrack-single-stim","137","215707","0.0-5.0-123.0","go-nogo","true","0","","true","<div class = centerbox><div  id = stim2></div></div>","-1","32","750","","test","nogo","123","random","","",""
"","326","32","1142","0","test_block","poldrack-single-stim","138","216881","0.0-5.0-124.0","go-nogo","true","0","","true","<div class = centerbox><div  id = stim1></div></div>","32","32","750","","test","go","124","random","","",""
"","367","32","1178","0","test_block","poldrack-single-stim","139","218090","0.0-5.0-125.0","go-nogo","true","0","","true","<div class = centerbox><div  id = stim1></div></div>","32","32","750","","test","go","125","random","","",""
"","610","32","1394","0","test_block","poldrack-single-stim","140","219510","0.0-5.0-126.0","go-nogo","true","0","","true","<div class = centerbox><div  id = stim1></div></div>","32","32","750","","test","go","126","random","","",""
"","384","32","1311","0","test_block","poldrack-single-stim","141","220857","0.0-5.0-127.0","go-nogo","true","0","","true","<div class = centerbox><div  id = stim1></div></div>","32","32","750","","test","go","127","random","","",""
"","400","32","1106","0","test_block","poldrack-single-stim","142","222000","0.0-5.0-128.0","go-nogo","true","0","","true","<div class = centerbox><div  id = stim1></div></div>","32","32","750","","test","go","128","random","","",""
"","494","32","1026","0","test_block","poldrack-single-stim","143","223057","0.0-5.0-129.0","go-nogo","true","0","","true","<div class = centerbox><div  id = stim1></div></div>","32","32","750","","test","go","129","random","","",""
"","611","32","1442","0","test_block","poldrack-single-stim","144","224526","0.0-5.0-130.0","go-nogo","true","0","","true","<div class = centerbox><div  id = stim1></div></div>","32","32","750","","test","go","130","random","","",""
"","370","32","1390","0","test_block","poldrack-single-stim","145","225948","0.0-5.0-131.0","go-nogo","true","0","","true","<div class = centerbox><div  id = stim1></div></div>","32","32","750","","test","go","131","random","","",""
"","289","32","1395","0","test_block","poldrack-single-stim","146","227380","0.0-5.0-132.0","go-nogo","true","0","","true","<div class = centerbox><div  id = stim1></div></div>","32","32","750","","test","go","132","random","","",""
"","336","32","1300","0","test_block","poldrack-single-stim","147","228709","0.0-5.0-133.0","go-nogo","true","0","","true","<div class = centerbox><div  id = stim1></div></div>","32","32","750","","test","go","133","random","","",""
"","372","32","1413","0","test_block","poldrack-single-stim","148","230153","0.0-5.0-134.0","go-nogo","true","0","","false","<div class = centerbox><div  id = stim2></div></div>","-1","32","750","","test","nogo","134","random","","",""
"","376","32","1175","0","test_block","poldrack-single-stim","149","231359","0.0-5.0-135.0","go-nogo","true","0","","true","<div class = centerbox><div  id = stim1></div></div>","32","32","750","","test","go","135","random","","",""
"","-1","-1","1271","0","test_block","poldrack-single-stim","150","232658","0.0-5.0-136.0","go-nogo","true","1","","false","<div class = centerbox><div  id = stim1></div></div>","32","32","750","","test","go","136","random","","",""
"","253","32","1314","0","test_block","poldrack-single-stim","151","234128","0.0-5.0-137.0","go-nogo","true","1","","true","<div class = centerbox><div  id = stim1></div></div>","32","32","750","","test","go","137","random","","",""
"","1323","32","1490","0","test_block","poldrack-single-stim","152","235650","0.0-5.0-138.0","go-nogo","true","0","","false","<div class = centerbox><div  id = stim2></div></div>","-1","32","750","","test","nogo","138","random","","",""
"","420","32","1417","0","test_block","poldrack-single-stim","153","237563","0.0-5.0-139.0","go-nogo","true","1","","true","<div class = centerbox><div  id = stim1></div></div>","32","32","750","","test","go","139","random","","",""
"","343","32","1036","0","test_block","poldrack-single-stim","154","238671","0.0-5.0-140.0","go-nogo","true","0","","true","<div class = centerbox><div  id = stim1></div></div>","32","32","750","","test","go","140","random","","",""
"","687","32","1489","0","test_block","poldrack-single-stim","155","240199","0.0-5.0-141.0","go-nogo","true","0","","true","<div class = centerbox><div  id = stim1></div></div>","32","32","750","","test","go","141","random","","",""
"","416","32","1205","0","test_block","poldrack-single-stim","156","241430","0.0-5.0-142.0","go-nogo","true","0","","true","<div class = centerbox><div  id = stim1></div></div>","32","32","750","","test","go","142","random","","",""
"","291","32","1013","0","test_block","poldrack-single-stim","157","242475","0.0-5.0-143.0","go-nogo","true","0","","true","<div class = centerbox><div  id = stim1></div></div>","32","32","750","","test","go","143","random","","",""
"","656","32","1404","0","test_block","poldrack-single-stim","158","243908","0.0-5.0-144.0","go-nogo","true","0","","true","<div class = centerbox><div  id = stim1></div></div>","32","32","750","","test","go","144","random","","",""
"","344","32","1319","0","test_block","poldrack-single-stim","159","245255","0.0-5.0-145.0","go-nogo","true","0","","true","<div class = centerbox><div  id = stim1></div></div>","32","32","750","","test","go","145","random","","",""
"","297","32","1068","0","test_block","poldrack-single-stim","160","246355","0.0-5.0-146.0","go-nogo","true","0","","true","<div class = centerbox><div  id = stim1></div></div>","32","32","750","","test","go","146","random","","",""
"","388","32","1308","0","test_block","poldrack-single-stim","161","247693","0.0-5.0-147.0","go-nogo","true","0","","true","<div class = centerbox><div  id = stim1></div></div>","32","32","750","","test","go","147","random","","",""
"","664","32","1229","0","test_block","poldrack-single-stim","162","248953","0.0-5.0-148.0","go-nogo","true","0","","true","<div class = centerbox><div  id = stim1></div></div>","32","32","750","","test","go","148","random","","",""
"","-1","-1","1326","0","test_block","poldrack-single-stim","163","250311","0.0-5.0-149.0","go-nogo","true","0","","false","<div class = centerbox><div  id = stim1></div></div>","32","32","750","","test","go","149","random","","",""
"","362","32","1421","0","test_block","poldrack-single-stim","164","251765","0.0-5.0-150.0","go-nogo","true","0","","true","<div class = centerbox><div  id = stim1></div></div>","32","32","750","","test","go","150","random","","",""
"","-1","-1","1132","0","test_block","poldrack-single-stim","165","252933","0.0-5.0-151.0","go-nogo","true","0","","true","<div class = centerbox><div  id = stim2></div></div>","-1","32","750","","test","nogo","151","random","","",""
"","254","32","1108","0","test_block","poldrack-single-stim","166","254069","0.0-5.0-152.0","go-nogo","true","0","","true","<div class = centerbox><div  id = stim1></div></div>","32","32","750","","test","go","152","random","","",""
"","-1","-1","1009","0","test_block","poldrack-single-stim","167","255105","0.0-5.0-153.0","go-nogo","true","0","","true","<div class = centerbox><div  id = stim2></div></div>","-1","32","750","","test","nogo","153","random","","",""
"","424","32","1096","0","test_block","poldrack-single-stim","168","256231","0.0-5.0-154.0","go-nogo","true","0","","true","<div class = centerbox><div  id = stim1></div></div>","32","32","750","","test","go","154","random","","",""
"","315","32","1145","0","test_block","poldrack-single-stim","169","257405","0.0-5.0-155.0","go-nogo","true","0","","true","<div class = centerbox><div  id = stim1></div></div>","32","32","750","","test","go","155","random","","",""
"","297","32","1470","0","test_block","poldrack-single-stim","170","258902","0.0-5.0-156.0","go-nogo","true","0","","false","<div class = centerbox><div  id = stim2></div></div>","-1","32","750","","test","nogo","156","random","","",""
"","293","32","1133","0","test_block","poldrack-single-stim","171","260070","0.0-5.0-157.0","go-nogo","true","0","","true","<div class = centerbox><div  id = stim1></div></div>","32","32","750","","test","go","157","random","","",""
"","361","32","1358","0","test_block","poldrack-single-stim","172","261457","0.0-5.0-158.0","go-nogo","true","0","","true","<div class = centerbox><div  id = stim1></div></div>","32","32","750","","test","go","158","random","","",""
"","283","32","1479","0","test_block","poldrack-single-stim","173","262966","0.0-5.0-159.0","go-nogo","true","0","","true","<div class = centerbox><div  id = stim1></div></div>","32","32","750","","test","go","159","random","","",""
"","303","32","1409","0","test_block","poldrack-single-stim","174","264406","0.0-5.0-160.0","go-nogo","true","0","","true","<div class = centerbox><div  id = stim1></div></div>","32","32","750","","test","go","160","random","","",""
"","412","32","1393","0","test_block","poldrack-single-stim","175","265830","0.0-5.0-161.0","go-nogo","true","0","","true","<div class = centerbox><div  id = stim1></div></div>","32","32","750","","test","go","161","random","","",""
"","733","32","1283","0","test_block","poldrack-single-stim","176","267140","0.0-5.0-162.0","go-nogo","true","0","","true","<div class = centerbox><div  id = stim1></div></div>","32","32","750","","test","go","162","random","","",""
"","388","32","1299","0","test_block","poldrack-single-stim","177","268485","0.0-5.0-163.0","go-nogo","true","0","","true","<div class = centerbox><div  id = stim1></div></div>","32","32","750","","test","go","163","random","","",""
"","273","32","1253","0","test_block","poldrack-single-stim","178","269769","0.0-5.0-164.0","go-nogo","true","0","","true","<div class = centerbox><div  id = stim1></div></div>","32","32","750","","test","go","164","random","","",""
"","298","32","1208","0","test_block","poldrack-single-stim","179","271009","0.0-5.0-165.0","go-nogo","true","0","","true","<div class = centerbox><div  id = stim1></div></div>","32","32","750","","test","go","165","random","","",""
"","350","32","1018","0","test_block","poldrack-single-stim","180","272057","0.0-5.0-166.0","go-nogo","true","0","","true","<div class = centerbox><div  id = stim1></div></div>","32","32","750","","test","go","166","random","","",""
"","335","32","1485","0","test_block","poldrack-single-stim","181","273574","0.0-5.0-167.0","go-nogo","true","0","","true","<div class = centerbox><div  id = stim1></div></div>","32","32","750","","test","go","167","random","","",""
"","393","32","1399","0","test_block","poldrack-single-stim","182","275006","0.0-5.0-168.0","go-nogo","true","0","","true","<div class = centerbox><div  id = stim1></div></div>","32","32","750","","test","go","168","random","","",""
"","328","32","1015","0","test_block","poldrack-single-stim","183","276053","0.0-5.0-169.0","go-nogo","true","0","","true","<div class = centerbox><div  id = stim1></div></div>","32","32","750","","test","go","169","random","","",""
"","379","32","1318","0","test_block","poldrack-single-stim","184","277397","0.0-5.0-170.0","go-nogo","true","0","","true","<div class = centerbox><div  id = stim1></div></div>","32","32","750","","test","go","170","random","","",""
"","347","32","1291","0","test_block","poldrack-single-stim","185","279279","0.0-5.0-171.0","go-nogo","true","1","","true","<div class = centerbox><div  id = stim1></div></div>","32","32","750","","test","go","171","random","","",""
"","605","32","1307","0","test_block","poldrack-single-stim","186","280619","0.0-5.0-172.0","go-nogo","true","0","","true","<div class = centerbox><div  id = stim1></div></div>","32","32","750","","test","go","172","random","","",""
"","316","32","1148","0","test_block","poldrack-single-stim","187","281798","0.0-5.0-173.0","go-nogo","true","0","","true","<div class = centerbox><div  id = stim1></div></div>","32","32","750","","test","go","173","random","","",""
"","359","32","1156","0","test_block","poldrack-single-stim","188","282981","0.0-5.0-174.0","go-nogo","true","0","","true","<div class = centerbox><div  id = stim1></div></div>","32","32","750","","test","go","174","random","","",""
"","-1","-1","1262","0","test_block","poldrack-single-stim","189","284279","0.0-5.0-175.0","go-nogo","true","0","","true","<div class = centerbox><div  id = stim2></div></div>","-1","32","750","","test","nogo","175","random","","",""
"","265","32","1075","0","test_block","poldrack-single-stim","190","285385","0.0-5.0-176.0","go-nogo","true","0","","true","<div class = centerbox><div  id = stim1></div></div>","32","32","750","","test","go","176","random","","",""
"","334","32","1177","0","test_block","poldrack-single-stim","191","286592","0.0-5.0-177.0","go-nogo","true","0","","true","<div class = centerbox><div  id = stim1></div></div>","32","32","750","","test","go","177","random","","",""
"","290","32","1244","0","test_block","poldrack-single-stim","192","287863","0.0-5.0-178.0","go-nogo","true","0","","true","<div class = centerbox><div  id = stim1></div></div>","32","32","750","","test","go","178","random","","",""
"","264","32","1115","0","test_block","poldrack-single-stim","193","289007","0.0-5.0-179.0","go-nogo","true","0","","true","<div class = centerbox><div  id = stim1></div></div>","32","32","750","","test","go","179","random","","",""
"","350","32","1251","0","test_block","poldrack-single-stim","194","290290","0.0-5.0-180.0","go-nogo","true","0","","true","<div class = centerbox><div  id = stim1></div></div>","32","32","750","","test","go","180","random","","",""
"","256","32","1255","0","test_block","poldrack-single-stim","195","291573","0.0-5.0-181.0","go-nogo","true","0","","true","<div class = centerbox><div  id = stim1></div></div>","32","32","750","","test","go","181","random","","",""
"","353","32","1470","0","test_block","poldrack-single-stim","196","293071","0.0-5.0-182.0","go-nogo","true","0","","true","<div class = centerbox><div  id = stim1></div></div>","32","32","750","","test","go","182","random","","",""
"","349","32","1172","0","test_block","poldrack-single-stim","197","294273","0.0-5.0-183.0","go-nogo","true","0","","true","<div class = centerbox><div  id = stim1></div></div>","32","32","750","","test","go","183","random","","",""
"","345","32","1256","0","test_block","poldrack-single-stim","198","295555","0.0-5.0-184.0","go-nogo","true","0","","true","<div class = centerbox><div  id = stim1></div></div>","32","32","750","","test","go","184","random","","",""
"","320","32","1023","0","test_block","poldrack-single-stim","199","296612","0.0-5.0-185.0","go-nogo","true","0","","true","<div class = centerbox><div  id = stim1></div></div>","32","32","750","","test","go","185","random","","",""
"","341","32","1103","0","test_block","poldrack-single-stim","200","297744","0.0-5.0-186.0","go-nogo","true","0","","true","<div class = centerbox><div  id = stim1></div></div>","32","32","750","","test","go","186","random","","",""
"","344","32","1480","0","test_block","poldrack-single-stim","201","299253","0.0-5.0-187.0","go-nogo","true","0","","true","<div class = centerbox><div  id = stim1></div></div>","32","32","750","","test","go","187","random","","",""
"","517","32","1155","0","test_block","poldrack-single-stim","202","300438","0.0-5.0-188.0","go-nogo","true","0","","true","<div class = centerbox><div  id = stim1></div></div>","32","32","750","","test","go","188","random","","",""
"","367","32","1464","0","test_block","poldrack-single-stim","203","301932","0.0-5.0-189.0","go-nogo","true","0","","true","<div class = centerbox><div  id = stim1></div></div>","32","32","750","","test","go","189","random","","",""
"","306","32","1498","0","test_block","poldrack-single-stim","204","303462","0.0-5.0-190.0","go-nogo","true","0","","true","<div class = centerbox><div  id = stim1></div></div>","32","32","750","","test","go","190","random","","",""
"","-1","-1","1275","0","test_block","poldrack-single-stim","205","304772","0.0-5.0-191.0","go-nogo","true","0","","true","<div class = centerbox><div  id = stim2></div></div>","-1","32","750","","test","nogo","191","random","","",""
"","234","32","1418","0","test_block","poldrack-single-stim","206","306225","0.0-5.0-192.0","go-nogo","true","0","","false","<div class = centerbox><div  id = stim2></div></div>","-1","32","750","","test","nogo","192","random","","",""
"","276","32","1174","0","test_block","poldrack-single-stim","207","307429","0.0-5.0-193.0","go-nogo","true","0","","true","<div class = centerbox><div  id = stim1></div></div>","32","32","750","","test","go","193","random","","",""
"","358","32","1069","0","test_block","poldrack-single-stim","208","308524","0.0-5.0-194.0","go-nogo","true","0","","true","<div class = centerbox><div  id = stim1></div></div>","32","32","750","","test","go","194","random","","",""
"","337","32","1228","0","test_block","poldrack-single-stim","209","309783","0.0-5.0-195.0","go-nogo","true","0","","true","<div class = centerbox><div  id = stim1></div></div>","32","32","750","","test","go","195","random","","",""
"","-1","-1","1100","0","test_block","poldrack-single-stim","210","310914","0.0-5.0-196.0","go-nogo","true","0","","true","<div class = centerbox><div  id = stim2></div></div>","-1","32","750","","test","nogo","196","random","","",""
"","459","32","1204","0","test_block","poldrack-single-stim","211","312152","0.0-5.0-197.0","go-nogo","true","0","","true","<div class = centerbox><div  id = stim1></div></div>","32","32","750","","test","go","197","random","","",""
"","352","32","1072","0","test_block","poldrack-single-stim","212","313256","0.0-5.0-198.0","go-nogo","true","0","","true","<div class = centerbox><div  id = stim1></div></div>","32","32","750","","test","go","198","random","","",""
"","354","32","1474","0","test_block","poldrack-single-stim","213","314764","0.0-5.0-199.0","go-nogo","true","0","","true","<div class = centerbox><div  id = stim1></div></div>","32","32","750","","test","go","199","random","","",""
"","289","32","1353","0","test_block","poldrack-single-stim","214","316152","0.0-5.0-200.0","go-nogo","true","0","","true","<div class = centerbox><div  id = stim1></div></div>","32","32","750","","test","go","200","random","","",""
"","298","32","1492","0","test_block","poldrack-single-stim","215","317678","0.0-5.0-201.0","go-nogo","true","0","","true","<div class = centerbox><div  id = stim1></div></div>","32","32","750","","test","go","201","random","","",""
"","248","32","1171","0","test_block","poldrack-single-stim","216","318880","0.0-5.0-202.0","go-nogo","true","0","","false","<div class = centerbox><div  id = stim2></div></div>","-1","32","750","","test","nogo","202","random","","",""
"","291","32","1484","0","test_block","poldrack-single-stim","217","320395","0.0-5.0-203.0","go-nogo","true","0","","true","<div class = centerbox><div  id = stim1></div></div>","32","32","750","","test","go","203","random","","",""
"","287","32","1421","0","test_block","poldrack-single-stim","218","321845","0.0-5.0-204.0","go-nogo","true","0","","true","<div class = centerbox><div  id = stim1></div></div>","32","32","750","","test","go","204","random","","",""
"","296","32","1446","0","test_block","poldrack-single-stim","219","323321","0.0-5.0-205.0","go-nogo","true","0","","true","<div class = centerbox><div  id = stim1></div></div>","32","32","750","","test","go","205","random","","",""
"","282","32","1344","0","test_block","poldrack-single-stim","220","324697","0.0-5.0-206.0","go-nogo","true","0","","true","<div class = centerbox><div  id = stim1></div></div>","32","32","750","","test","go","206","random","","",""
"","273","32","1163","0","test_block","poldrack-single-stim","221","325892","0.0-5.0-207.0","go-nogo","true","0","","true","<div class = centerbox><div  id = stim1></div></div>","32","32","750","","test","go","207","random","","",""
"","319","32","1153","0","test_block","poldrack-single-stim","222","327076","0.0-5.0-208.0","go-nogo","true","0","","true","<div class = centerbox><div  id = stim1></div></div>","32","32","750","","test","go","208","random","","",""
"","522","32","1003","0","test_block","poldrack-single-stim","223","328106","0.0-5.0-209.0","go-nogo","true","0","","true","<div class = centerbox><div  id = stim1></div></div>","32","32","750","","test","go","209","random","","",""
"","-1","-1","1305","0","test_block","poldrack-single-stim","224","329443","0.0-5.0-210.0","go-nogo","true","0","","false","<div class = centerbox><div  id = stim1></div></div>","32","32","750","","test","go","210","random","","",""
"","284","32","1483","0","test_block","poldrack-single-stim","225","330962","0.0-5.0-211.0","go-nogo","true","0","","true","<div class = centerbox><div  id = stim1></div></div>","32","32","750","","test","go","211","random","","",""
"","280","32","1487","0","test_block","poldrack-single-stim","226","332480","0.0-5.0-212.0","go-nogo","true","0","","true","<div class = centerbox><div  id = stim1></div></div>","32","32","750","","test","go","212","random","","",""
"","389","32","1453","0","test_block","poldrack-single-stim","227","333966","0.0-5.0-213.0","go-nogo","true","0","","true","<div class = centerbox><div  id = stim1></div></div>","32","32","750","","test","go","213","random","","",""
"","343","32","1270","0","test_block","poldrack-single-stim","228","335268","0.0-5.0-214.0","go-nogo","true","0","","true","<div class = centerbox><div  id = stim1></div></div>","32","32","750","","test","go","214","random","","",""
"","328","32","1468","0","test_block","poldrack-single-stim","229","336771","0.0-5.0-215.0","go-nogo","true","0","","true","<div class = centerbox><div  id = stim1></div></div>","32","32","750","","test","go","215","random","","",""
"","-1","-1","1223","0","test_block","poldrack-single-stim","230","338024","0.0-5.0-216.0","go-nogo","true","0","","true","<div class = centerbox><div  id = stim2></div></div>","-1","32","750","","test","nogo","216","random","","",""
"","309","32","1034","0","test_block","poldrack-single-stim","231","339092","0.0-5.0-217.0","go-nogo","true","0","","true","<div class = centerbox><div  id = stim1></div></div>","32","32","750","","test","go","217","random","","",""
"","782","32","1442","0","test_block","poldrack-single-stim","232","340568","0.0-5.0-218.0","go-nogo","true","0","","true","<div class = centerbox><div  id = stim1></div></div>","32","32","750","","test","go","218","random","","",""
"","387","32","1382","0","test_block","poldrack-single-stim","233","341978","0.0-5.0-219.0","go-nogo","true","0","","true","<div class = centerbox><div  id = stim1></div></div>","32","32","750","","test","go","219","random","","",""
"","295","32","1181","0","test_block","poldrack-single-stim","234","343193","0.0-5.0-220.0","go-nogo","true","0","","true","<div class = centerbox><div  id = stim1></div></div>","32","32","750","","test","go","220","random","","",""
"","305","32","1409","0","test_block","poldrack-single-stim","235","344634","0.0-5.0-221.0","go-nogo","true","0","","true","<div class = centerbox><div  id = stim1></div></div>","32","32","750","","test","go","221","random","","",""
"","311","32","1437","0","test_block","poldrack-single-stim","236","346100","0.0-5.0-222.0","go-nogo","true","0","","true","<div class = centerbox><div  id = stim1></div></div>","32","32","750","","test","go","222","random","","",""
"","303","32","1336","0","test_block","poldrack-single-stim","237","347467","0.0-5.0-223.0","go-nogo","true","0","","true","<div class = centerbox><div  id = stim1></div></div>","32","32","750","","test","go","223","random","","",""
"","343","32","1410","0","test_block","poldrack-single-stim","238","348908","0.0-5.0-224.0","go-nogo","true","0","","true","<div class = centerbox><div  id = stim1></div></div>","32","32","750","","test","go","224","random","","",""
"","385","32","1301","0","test_block","poldrack-single-stim","239","350242","0.0-5.0-225.0","go-nogo","true","0","","true","<div class = centerbox><div  id = stim1></div></div>","32","32","750","","test","go","225","random","","",""
"","327","32","1358","0","test_block","poldrack-single-stim","240","351632","0.0-5.0-226.0","go-nogo","true","0","","true","<div class = centerbox><div  id = stim1></div></div>","32","32","750","","test","go","226","random","","",""
"","333","32","1445","0","test_block","poldrack-single-stim","241","353108","0.0-5.0-227.0","go-nogo","true","0","","true","<div class = centerbox><div  id = stim1></div></div>","32","32","750","","test","go","227","random","","",""
"","292","32","1109","0","test_block","poldrack-single-stim","242","354249","0.0-5.0-228.0","go-nogo","true","0","","true","<div class = centerbox><div  id = stim1></div></div>","32","32","750","","test","go","228","random","","",""
"","525","32","1014","0","test_block","poldrack-single-stim","243","355295","0.0-5.0-229.0","go-nogo","true","0","","true","<div class = centerbox><div  id = stim1></div></div>","32","32","750","","test","go","229","random","","",""
"","472","32","1246","0","test_block","poldrack-single-stim","244","356571","0.0-5.0-230.0","go-nogo","true","0","","true","<div class = centerbox><div  id = stim1></div></div>","32","32","750","","test","go","230","random","","",""
"","494","32","1495","0","test_block","poldrack-single-stim","245","358098","0.0-5.0-231.0","go-nogo","true","0","","true","<div class = centerbox><div  id = stim1></div></div>","32","32","750","","test","go","231","random","","",""
"","370","32","1235","0","test_block","poldrack-single-stim","246","359364","0.0-5.0-232.0","go-nogo","true","0","","true","<div class = centerbox><div  id = stim1></div></div>","32","32","750","","test","go","232","random","","",""
"","634","32","1467","0","test_block","poldrack-single-stim","247","360863","0.0-5.0-233.0","go-nogo","true","0","","true","<div class = centerbox><div  id = stim1></div></div>","32","32","750","","test","go","233","random","","",""
"","-1","-1","1456","0","test_block","poldrack-single-stim","248","362348","0.0-5.0-234.0","go-nogo","true","0","","true","<div class = centerbox><div  id = stim2></div></div>","-1","32","750","","test","nogo","234","random","","",""
"","441","32","1223","0","test_block","poldrack-single-stim","249","363601","0.0-5.0-235.0","go-nogo","true","0","","true","<div class = centerbox><div  id = stim1></div></div>","32","32","750","","test","go","235","random","","",""
"","376","32","1222","0","test_block","poldrack-single-stim","250","364855","0.0-5.0-236.0","go-nogo","true","0","","true","<div class = centerbox><div  id = stim1></div></div>","32","32","750","","test","go","236","random","","",""
"","617","32","1099","0","test_block","poldrack-single-stim","251","365987","0.0-5.0-237.0","go-nogo","true","0","","true","<div class = centerbox><div  id = stim1></div></div>","32","32","750","","test","go","237","random","","",""
"","653","32","1326","0","test_block","poldrack-single-stim","252","367339","0.0-5.0-238.0","go-nogo","true","0","","true","<div class = centerbox><div  id = stim1></div></div>","32","32","750","","test","go","238","random","","",""
"","446","32","1322","0","test_block","poldrack-single-stim","253","368692","0.0-5.0-239.0","go-nogo","true","0","","true","<div class = centerbox><div  id = stim1></div></div>","32","32","750","","test","go","239","random","","",""
"","364","32","1183","0","test_block","poldrack-single-stim","254","369902","0.0-5.0-240.0","go-nogo","true","0","","true","<div class = centerbox><div  id = stim1></div></div>","32","32","750","","test","go","240","random","","",""
"","394","32","1242","0","test_block","poldrack-single-stim","255","371171","0.0-5.0-241.0","go-nogo","true","0","","true","<div class = centerbox><div  id = stim1></div></div>","32","32","750","","test","go","241","random","","",""
"","355","32","1125","0","test_block","poldrack-single-stim","256","372327","0.0-5.0-242.0","go-nogo","true","0","","true","<div class = centerbox><div  id = stim1></div></div>","32","32","750","","test","go","242","random","","",""
"","351","32","1126","0","test_block","poldrack-single-stim","257","373481","0.0-5.0-243.0","go-nogo","true","0","","true","<div class = centerbox><div  id = stim1></div></div>","32","32","750","","test","go","243","random","","",""
"","307","32","1220","0","test_block","poldrack-single-stim","258","374730","0.0-5.0-244.0","go-nogo","true","0","","true","<div class = centerbox><div  id = stim1></div></div>","32","32","750","","test","go","244","random","","",""
"","312","32","1034","0","test_block","poldrack-single-stim","259","375792","0.0-5.0-245.0","go-nogo","true","0","","true","<div class = centerbox><div  id = stim1></div></div>","32","32","750","","test","go","245","random","","",""
"","290","32","1485","0","test_block","poldrack-single-stim","260","377304","0.0-5.0-246.0","go-nogo","true","0","","true","<div class = centerbox><div  id = stim1></div></div>","32","32","750","","test","go","246","random","","",""
"","360","32","1337","0","test_block","poldrack-single-stim","261","378672","0.0-5.0-247.0","go-nogo","true","0","","true","<div class = centerbox><div  id = stim1></div></div>","32","32","750","","test","go","247","random","","",""
"","319","32","1315","0","test_block","poldrack-single-stim","262","380013","0.0-5.0-248.0","go-nogo","true","0","","true","<div class = centerbox><div  id = stim1></div></div>","32","32","750","","test","go","248","random","","",""
"","290","32","1418","0","test_block","poldrack-single-stim","263","381463","0.0-5.0-249.0","go-nogo","true","0","","false","<div class = centerbox><div  id = stim2></div></div>","-1","32","750","","test","nogo","249","random","","",""
"","293","32","1151","0","test_block","poldrack-single-stim","264","382648","0.0-5.0-250.0","go-nogo","true","0","","true","<div class = centerbox><div  id = stim1></div></div>","32","32","750","","test","go","250","random","","",""
"","523","32","1096","0","test_block","poldrack-single-stim","265","383774","0.0-5.0-251.0","go-nogo","true","0","","true","<div class = centerbox><div  id = stim1></div></div>","32","32","750","","test","go","251","random","","",""
"","349","32","1346","0","test_block","poldrack-single-stim","266","385149","0.0-5.0-252.0","go-nogo","true","0","","true","<div class = centerbox><div  id = stim1></div></div>","32","32","750","","test","go","252","random","","",""
"","306","32","1468","0","test_block","poldrack-single-stim","267","386648","0.0-5.0-253.0","go-nogo","true","0","","true","<div class = centerbox><div  id = stim1></div></div>","32","32","750","","test","go","253","random","","",""
"","250","32","1495","0","test_block","poldrack-single-stim","268","388172","0.0-5.0-254.0","go-nogo","true","0","","true","<div class = centerbox><div  id = stim1></div></div>","32","32","750","","test","go","254","random","","",""
"","287","32","1192","0","test_block","poldrack-single-stim","269","389399","0.0-5.0-255.0","go-nogo","true","0","","true","<div class = centerbox><div  id = stim1></div></div>","32","32","750","","test","go","255","random","","",""
"","322","32","1138","0","test_block","poldrack-single-stim","270","390571","0.0-5.0-256.0","go-nogo","true","0","","true","<div class = centerbox><div  id = stim1></div></div>","32","32","750","","test","go","256","random","","",""
"","330","32","1309","0","test_block","poldrack-single-stim","271","391912","0.0-5.0-257.0","go-nogo","true","0","","true","<div class = centerbox><div  id = stim1></div></div>","32","32","750","","test","go","257","random","","",""
"","279","32","1139","0","test_block","poldrack-single-stim","272","393080","0.0-5.0-258.0","go-nogo","true","0","","true","<div class = centerbox><div  id = stim1></div></div>","32","32","750","","test","go","258","random","","",""
"","354","32","1251","0","test_block","poldrack-single-stim","273","394362","0.0-5.0-259.0","go-nogo","true","0","","true","<div class = centerbox><div  id = stim1></div></div>","32","32","750","","test","go","259","random","","",""
"","303","32","1301","0","test_block","poldrack-single-stim","274","395691","0.0-5.0-260.0","go-nogo","true","0","","true","<div class = centerbox><div  id = stim1></div></div>","32","32","750","","test","go","260","random","","",""
"","322","32","1497","0","test_block","poldrack-single-stim","275","397218","0.0-5.0-261.0","go-nogo","true","0","","true","<div class = centerbox><div  id = stim1></div></div>","32","32","750","","test","go","261","random","","",""
"","346","32","1390","0","test_block","poldrack-single-stim","276","398644","0.0-5.0-262.0","go-nogo","true","0","","true","<div class = centerbox><div  id = stim1></div></div>","32","32","750","","test","go","262","random","","",""
"","267","32","1279","0","test_block","poldrack-single-stim","277","399952","0.0-5.0-263.0","go-nogo","true","0","","true","<div class = centerbox><div  id = stim1></div></div>","32","32","750","","test","go","263","random","","",""
"","347","32","1122","0","test_block","poldrack-single-stim","278","401110","0.0-5.0-264.0","go-nogo","true","0","","true","<div class = centerbox><div  id = stim1></div></div>","32","32","750","","test","go","264","random","","",""
"","-1","-1","1107","0","test_block","poldrack-single-stim","279","402254","0.0-5.0-265.0","go-nogo","true","0","","true","<div class = centerbox><div  id = stim2></div></div>","-1","32","750","","test","nogo","265","random","","",""
"","299","32","1037","0","test_block","poldrack-single-stim","280","403322","0.0-5.0-266.0","go-nogo","true","0","","true","<div class = centerbox><div  id = stim1></div></div>","32","32","750","","test","go","266","random","","",""
"","427","32","1113","0","test_block","poldrack-single-stim","281","404471","0.0-5.0-267.0","go-nogo","true","0","","true","<div class = centerbox><div  id = stim1></div></div>","32","32","750","","test","go","267","random","","",""
"","328","32","1060","0","test_block","poldrack-single-stim","282","405560","0.0-5.0-268.0","go-nogo","true","0","","true","<div class = centerbox><div  id = stim1></div></div>","32","32","750","","test","go","268","random","","",""
"","284","32","1060","0","test_block","poldrack-single-stim","283","406651","0.0-5.0-269.0","go-nogo","true","0","","true","<div class = centerbox><div  id = stim1></div></div>","32","32","750","","test","go","269","random","","",""
"","237","32","1238","0","test_block","poldrack-single-stim","284","407916","0.0-5.0-270.0","go-nogo","true","0","","true","<div class = centerbox><div  id = stim1></div></div>","32","32","750","","test","go","270","random","","",""
"","269","32","1215","0","test_block","poldrack-single-stim","285","409161","0.0-5.0-271.0","go-nogo","true","0","","true","<div class = centerbox><div  id = stim1></div></div>","32","32","750","","test","go","271","random","","",""
"","308","32","1280","0","test_block","poldrack-single-stim","286","410471","0.0-5.0-272.0","go-nogo","true","0","","true","<div class = centerbox><div  id = stim1></div></div>","32","32","750","","test","go","272","random","","",""
"","-1","-1","1189","0","test_block","poldrack-single-stim","287","411690","0.0-5.0-273.0","go-nogo","true","0","","true","<div class = centerbox><div  id = stim2></div></div>","-1","32","750","","test","nogo","273","random","","",""
"","420","32","1223","0","test_block","poldrack-single-stim","288","412944","0.0-5.0-274.0","go-nogo","true","0","","true","<div class = centerbox><div  id = stim1></div></div>","32","32","750","","test","go","274","random","","",""
"","313","32","1323","0","test_block","poldrack-single-stim","289","414297","0.0-5.0-275.0","go-nogo","true","0","","true","<div class = centerbox><div  id = stim1></div></div>","32","32","750","","test","go","275","random","","",""
"","408","32","1250","0","test_block","poldrack-single-stim","290","415579","0.0-5.0-276.0","go-nogo","true","0","","true","<div class = centerbox><div  id = stim1></div></div>","32","32","750","","test","go","276","random","","",""
"","347","32","1393","0","test_block","poldrack-single-stim","291","417002","0.0-5.0-277.0","go-nogo","true","0","","true","<div class = centerbox><div  id = stim1></div></div>","32","32","750","","test","go","277","random","","",""
"","315","32","1368","0","test_block","poldrack-single-stim","292","418395","0.0-5.0-278.0","go-nogo","true","0","","true","<div class = centerbox><div  id = stim1></div></div>","32","32","750","","test","go","278","random","","",""
"","291","32","1121","0","test_block","poldrack-single-stim","293","419552","0.0-5.0-279.0","go-nogo","true","0","","true","<div class = centerbox><div  id = stim1></div></div>","32","32","750","","test","go","279","random","","",""
"","422","32","1038","0","test_block","poldrack-single-stim","294","420627","0.0-5.0-280.0","go-nogo","true","0","","true","<div class = centerbox><div  id = stim1></div></div>","32","32","750","","test","go","280","random","","",""
"","449","32","1229","0","test_block","poldrack-single-stim","295","421883","0.0-5.0-281.0","go-nogo","true","0","","true","<div class = centerbox><div  id = stim1></div></div>","32","32","750","","test","go","281","random","","",""
"","331","32","1116","0","test_block","poldrack-single-stim","296","423033","0.0-5.0-282.0","go-nogo","true","0","","true","<div class = centerbox><div  id = stim1></div></div>","32","32","750","","test","go","282","random","","",""
"","313","32","1380","0","test_block","poldrack-single-stim","297","424444","0.0-5.0-283.0","go-nogo","true","0","","true","<div class = centerbox><div  id = stim1></div></div>","32","32","750","","test","go","283","random","","",""
"","294","32","1297","0","test_block","poldrack-single-stim","298","425773","0.0-5.0-284.0","go-nogo","true","0","","true","<div class = centerbox><div  id = stim1></div></div>","32","32","750","","test","go","284","random","","",""
"","269","32","1409","0","test_block","poldrack-single-stim","299","427212","0.0-5.0-285.0","go-nogo","true","0","","true","<div class = centerbox><div  id = stim1></div></div>","32","32","750","","test","go","285","random","","",""
"","315","32","1271","0","test_block","poldrack-single-stim","300","428520","0.0-5.0-286.0","go-nogo","true","0","","true","<div class = centerbox><div  id = stim1></div></div>","32","32","750","","test","go","286","random","","",""
"","316","32","1419","0","test_block","poldrack-single-stim","301","429976","0.0-5.0-287.0","go-nogo","true","0","","true","<div class = centerbox><div  id = stim1></div></div>","32","32","750","","test","go","287","random","","",""
"","284","32","1449","0","test_block","poldrack-single-stim","302","431457","0.0-5.0-288.0","go-nogo","true","0","","true","<div class = centerbox><div  id = stim1></div></div>","32","32","750","","test","go","288","random","","",""
"","280","32","1041","0","test_block","poldrack-single-stim","303","432529","0.0-5.0-289.0","go-nogo","true","0","","true","<div class = centerbox><div  id = stim1></div></div>","32","32","750","","test","go","289","random","","",""
"","-1","-1","1331","0","test_block","poldrack-single-stim","304","433898","0.0-5.0-290.0","go-nogo","true","0","","true","<div class = centerbox><div  id = stim2></div></div>","-1","32","750","","test","nogo","290","random","","",""
"","296","32","1450","0","test_block","poldrack-single-stim","305","435383","0.0-5.0-291.0","go-nogo","true","0","","true","<div class = centerbox><div  id = stim1></div></div>","32","32","750","","test","go","291","random","","",""
"","342","32","1489","0","test_block","poldrack-single-stim","306","436906","0.0-5.0-292.0","go-nogo","true","0","","true","<div class = centerbox><div  id = stim1></div></div>","32","32","750","","test","go","292","random","","",""
"","373","32","1198","0","test_block","poldrack-single-stim","307","438137","0.0-5.0-293.0","go-nogo","true","0","","true","<div class = centerbox><div  id = stim1></div></div>","32","32","750","","test","go","293","random","","",""
"","500","32","1070","0","test_block","poldrack-single-stim","308","439240","0.0-5.0-294.0","go-nogo","true","0","","true","<div class = centerbox><div  id = stim1></div></div>","32","32","750","","test","go","294","random","","",""
"","670","32","1307","0","test_block","poldrack-single-stim","309","440581","0.0-5.0-295.0","go-nogo","true","0","","true","<div class = centerbox><div  id = stim1></div></div>","32","32","750","","test","go","295","random","","",""
"","554","32","1373","0","test_block","poldrack-single-stim","310","441981","0.0-5.0-296.0","go-nogo","true","0","","true","<div class = centerbox><div  id = stim1></div></div>","32","32","750","","test","go","296","random","","",""
"","486","32","1488","0","test_block","poldrack-single-stim","311","443504","0.0-5.0-297.0","go-nogo","true","0","","true","<div class = centerbox><div  id = stim1></div></div>","32","32","750","","test","go","297","random","","",""
"","301","32","1049","0","test_block","poldrack-single-stim","312","444581","0.0-5.0-298.0","go-nogo","true","0","","true","<div class = centerbox><div  id = stim1></div></div>","32","32","750","","test","go","298","random","","",""
"","372","32","1039","0","test_block","poldrack-single-stim","313","445655","0.0-5.0-299.0","go-nogo","true","0","","true","<div class = centerbox><div  id = stim1></div></div>","32","32","750","","test","go","299","random","","",""
"","406","32","1446","0","test_block","poldrack-single-stim","314","447135","0.0-5.0-300.0","go-nogo","true","0","","true","<div class = centerbox><div  id = stim1></div></div>","32","32","750","","test","go","300","random","","",""
"","337","32","1412","0","test_block","poldrack-single-stim","315","448574","0.0-5.0-301.0","go-nogo","true","0","","true","<div class = centerbox><div  id = stim1></div></div>","32","32","750","","test","go","301","random","","",""
"","289","32","1336","0","test_block","poldrack-single-stim","316","449947","0.0-5.0-302.0","go-nogo","true","0","","true","<div class = centerbox><div  id = stim1></div></div>","32","32","750","","test","go","302","random","","",""
"","303","32","1172","0","test_block","poldrack-single-stim","317","451152","0.0-5.0-303.0","go-nogo","true","0","","true","<div class = centerbox><div  id = stim1></div></div>","32","32","750","","test","go","303","random","","",""
"","369","32","1009","0","test_block","poldrack-single-stim","318","452192","0.0-5.0-304.0","go-nogo","true","0","","true","<div class = centerbox><div  id = stim1></div></div>","32","32","750","","test","go","304","random","","",""
"","418","32","1119","0","test_block","poldrack-single-stim","319","453349","0.0-5.0-305.0","go-nogo","true","0","","true","<div class = centerbox><div  id = stim1></div></div>","32","32","750","","test","go","305","random","","",""
"","396","32","1063","0","test_block","poldrack-single-stim","320","454443","0.0-5.0-306.0","go-nogo","true","0","","true","<div class = centerbox><div  id = stim1></div></div>","32","32","750","","test","go","306","random","","",""
"","-1","-1","1027","0","test_block","poldrack-single-stim","321","455501","0.0-5.0-307.0","go-nogo","true","0","","true","<div class = centerbox><div  id = stim2></div></div>","-1","32","750","","test","nogo","307","random","","",""
"","35","32","1092","0","test_block","poldrack-single-stim","322","456627","0.0-5.0-308.0","go-nogo","true","0","","true","<div class = centerbox><div  id = stim1></div></div>","32","32","750","","test","go","308","random","","",""
"","311","32","1498","0","test_block","poldrack-single-stim","323","458159","0.0-5.0-309.0","go-nogo","true","0","","true","<div class = centerbox><div  id = stim1></div></div>","32","32","750","","test","go","309","random","","",""
"","-1","-1","1304","0","test_block","poldrack-single-stim","324","459494","0.0-5.0-310.0","go-nogo","true","0","","true","<div class = centerbox><div  id = stim2></div></div>","-1","32","750","","test","nogo","310","random","","",""
"","306","32","1078","0","test_block","poldrack-single-stim","325","460603","0.0-5.0-311.0","go-nogo","true","0","","true","<div class = centerbox><div  id = stim1></div></div>","32","32","750","","test","go","311","random","","",""
"","395","32","1009","0","test_block","poldrack-single-stim","326","461641","0.0-5.0-312.0","go-nogo","true","0","","true","<div class = centerbox><div  id = stim1></div></div>","32","32","750","","test","go","312","random","","",""
"","-1","-1","1022","0","test_block","poldrack-single-stim","327","462699","0.0-5.0-313.0","go-nogo","true","0","","true","<div class = centerbox><div  id = stim2></div></div>","-1","32","750","","test","nogo","313","random","","",""
"","319","32","1039","0","test_block","poldrack-single-stim","328","463775","0.0-5.0-314.0","go-nogo","true","0","","true","<div class = centerbox><div  id = stim1></div></div>","32","32","750","","test","go","314","random","","",""
"","360","32","1314","0","test_block","poldrack-single-stim","329","465124","0.0-5.0-315.0","go-nogo","true","0","","true","<div class = centerbox><div  id = stim1></div></div>","32","32","750","","test","go","315","random","","",""
"","352","32","1009","0","test_block","poldrack-single-stim","330","466158","0.0-5.0-316.0","go-nogo","true","0","","true","<div class = centerbox><div  id = stim1></div></div>","32","32","750","","test","go","316","random","","",""
"","416","32","1194","0","test_block","poldrack-single-stim","331","467382","0.0-5.0-317.0","go-nogo","true","0","","true","<div class = centerbox><div  id = stim1></div></div>","32","32","750","","test","go","317","random","","",""
"","399","32","1115","0","test_block","poldrack-single-stim","332","468532","0.0-5.0-318.0","go-nogo","true","0","","true","<div class = centerbox><div  id = stim1></div></div>","32","32","750","","test","go","318","random","","",""
"","519","32","1393","0","test_block","poldrack-single-stim","333","469955","0.0-5.0-319.0","go-nogo","true","0","","true","<div class = centerbox><div  id = stim1></div></div>","32","32","750","","test","go","319","random","","",""
"","347","32","1435","0","test_block","poldrack-single-stim","334","471424","0.0-5.0-320.0","go-nogo","true","0","","true","<div class = centerbox><div  id = stim1></div></div>","32","32","750","","test","go","320","random","","",""
"","351","32","1262","0","test_block","poldrack-single-stim","335","472717","0.0-5.0-321.0","go-nogo","true","0","","true","<div class = centerbox><div  id = stim1></div></div>","32","32","750","","test","go","321","random","","",""
"","364","32","1193","0","test_block","poldrack-single-stim","336","473937","0.0-5.0-322.0","go-nogo","true","0","","true","<div class = centerbox><div  id = stim1></div></div>","32","32","750","","test","go","322","random","","",""
"","-1","-1","1164","0","test_block","poldrack-single-stim","337","475133","0.0-5.0-323.0","go-nogo","true","0","","true","<div class = centerbox><div  id = stim2></div></div>","-1","32","750","","test","nogo","323","random","","",""
"","420","32","1047","0","test_block","poldrack-single-stim","338","476212","0.0-5.0-324.0","go-nogo","true","0","","false","<div class = centerbox><div  id = stim2></div></div>","-1","32","750","","test","nogo","324","random","","",""
"","328","32","1369","0","test_block","poldrack-single-stim","339","477614","0.0-5.0-325.0","go-nogo","true","0","","true","<div class = centerbox><div  id = stim1></div></div>","32","32","750","","test","go","325","random","","",""
"","279","32","1246","0","test_block","poldrack-single-stim","340","478896","0.0-5.0-326.0","go-nogo","true","0","","true","<div class = centerbox><div  id = stim1></div></div>","32","32","750","","test","go","326","random","","",""
"","275","32","1472","0","test_block","poldrack-single-stim","341","480397","0.0-5.0-327.0","go-nogo","true","0","","true","<div class = centerbox><div  id = stim1></div></div>","32","32","750","","test","go","327","random","","",""
"","369","32","1122","0","test_block","poldrack-single-stim","342","481552","0.0-5.0-328.0","go-nogo","true","0","","true","<div class = centerbox><div  id = stim1></div></div>","32","32","750","","test","go","328","random","","",""
"","411","32","1259","0","test_block","poldrack-single-stim","343","482847","0.0-5.0-329.0","go-nogo","true","0","","true","<div class = centerbox><div  id = stim1></div></div>","32","32","750","","test","go","329","random","","",""
"","572","32","1302","0","test_block","poldrack-single-stim","344","484183","0.0-5.0-330.0","go-nogo","true","0","","true","<div class = centerbox><div  id = stim1></div></div>","32","32","750","","test","go","330","random","","",""
"","372","32","1326","0","test_block","poldrack-single-stim","345","485540","0.0-5.0-331.0","go-nogo","true","0","","true","<div class = centerbox><div  id = stim1></div></div>","32","32","750","","test","go","331","random","","",""
"","316","32","1205","0","test_block","poldrack-single-stim","346","486777","0.0-5.0-332.0","go-nogo","true","0","","true","<div class = centerbox><div  id = stim1></div></div>","32","32","750","","test","go","332","random","","",""
"","322","32","1355","0","test_block","poldrack-single-stim","347","488162","0.0-5.0-333.0","go-nogo","true","0","","true","<div class = centerbox><div  id = stim1></div></div>","32","32","750","","test","go","333","random","","",""
"","313","32","1017","0","test_block","poldrack-single-stim","348","489215","0.0-5.0-334.0","go-nogo","true","0","","true","<div class = centerbox><div  id = stim1></div></div>","32","32","750","","test","go","334","random","","",""
"","462","32","1444","0","test_block","poldrack-single-stim","349","490689","0.0-5.0-335.0","go-nogo","true","0","","true","<div class = centerbox><div  id = stim1></div></div>","32","32","750","","test","go","335","random","","",""
"","288","32","1084","0","test_block","poldrack-single-stim","350","491805","0.0-5.0-336.0","go-nogo","true","0","","true","<div class = centerbox><div  id = stim1></div></div>","32","32","750","","test","go","336","random","","",""
"","368","32","1389","0","test_block","poldrack-single-stim","351","493226","0.0-5.0-337.0","go-nogo","true","0","","true","<div class = centerbox><div  id = stim1></div></div>","32","32","750","","test","go","337","random","","",""
"","336","32","1435","0","test_block","poldrack-single-stim","352","494690","0.0-5.0-338.0","go-nogo","true","0","","true","<div class = centerbox><div  id = stim1></div></div>","32","32","750","","test","go","338","random","","",""
"","-1","-1","1322","0","test_block","poldrack-single-stim","353","496042","0.0-5.0-339.0","go-nogo","true","0","","true","<div class = centerbox><div  id = stim2></div></div>","-1","32","750","","test","nogo","339","random","","",""
"","293","32","1248","0","test_block","poldrack-single-stim","354","497324","0.0-5.0-340.0","go-nogo","true","0","","true","<div class = centerbox><div  id = stim1></div></div>","32","32","750","","test","go","340","random","","",""
"","336","32","1055","0","test_block","poldrack-single-stim","355","498411","0.0-5.0-341.0","go-nogo","true","0","","true","<div class = centerbox><div  id = stim1></div></div>","32","32","750","","test","go","341","random","","",""
"","333","32","1098","0","test_block","poldrack-single-stim","356","499537","0.0-5.0-342.0","go-nogo","true","0","","true","<div class = centerbox><div  id = stim1></div></div>","32","32","750","","test","go","342","random","","",""
"","295","32","1238","0","test_block","poldrack-single-stim","357","500809","0.0-5.0-343.0","go-nogo","true","0","","true","<div class = centerbox><div  id = stim1></div></div>","32","32","750","","test","go","343","random","","",""
"","344","32","1148","0","test_block","poldrack-single-stim","358","501987","0.0-5.0-344.0","go-nogo","true","0","","true","<div class = centerbox><div  id = stim1></div></div>","32","32","750","","test","go","344","random","","",""
"","754","32","1029","0","test_block","poldrack-single-stim","359","503049","0.0-5.0-345.0","go-nogo","true","0","","true","<div class = centerbox><div  id = stim1></div></div>","32","32","750","","test","go","345","random","","",""
"","446","32","1399","0","test_block","poldrack-single-stim","360","504477","0.0-5.0-346.0","go-nogo","true","0","","true","<div class = centerbox><div  id = stim1></div></div>","32","32","750","","test","go","346","random","","",""
"","271","32","1317","0","test_block","poldrack-single-stim","361","505824","0.0-5.0-347.0","go-nogo","true","0","","true","<div class = centerbox><div  id = stim1></div></div>","32","32","750","","test","go","347","random","","",""
"","267","32","1128","0","test_block","poldrack-single-stim","362","506987","0.0-5.0-348.0","go-nogo","true","0","","true","<div class = centerbox><div  id = stim1></div></div>","32","32","750","","test","go","348","random","","",""
"","252","32","1264","0","test_block","poldrack-single-stim","363","508278","0.0-5.0-349.0","go-nogo","true","0","","true","<div class = centerbox><div  id = stim1></div></div>","32","32","750","","test","go","349","random","","",""
"","105425","","","","post task questions","survey-text","364","613740","0.0-7.0","go-nogo","true","0","","","","","","","","","","","","{""Q0"":""click only space bar when you see orange cube instead of blue. "",""Q1"":""""}","",""
