"text","rt","key_press","block_duration","timing_post_trial","trial_id","trial_type","trial_index","time_elapsed","internal_node_id","exp_id","full_screen","focus_shifts","view_history","correct","stimulus","correct_response","possible_responses","stim_duration","feedback_duration","exp_stage","condition","trial_num","mode","responses","payment_id","credit_var"
"<div class = centerbox><p class = center-block-text>Welcome to the experiment. This task will take around 10 minutes. Press <strong>enter</strong> to begin.</p></div>","9443","13","9443","0","instruction","poldrack-text","0","9447","0.0-0.0-0.0","go-nogo","true","0","","","","","","","","","","","","","",""
"","25075","","","","instruction","poldrack-instructions","1","34525","0.0-0.0-1.0","go-nogo","true","0","[{""page_index"":0,""viewing_time"":25074}]","","","","","","","","","","","","",""
"","-1","-1","1104","250","practice","poldrack-categorize","2","37638","0.0-1.0-0.0","go-nogo","true","0","","false","<div class = centerbox><div  id = stim2></div></div>","32","32","750","1000","practice","go","0","random","","",""
"","-1","-1","1033","250","practice","poldrack-categorize","3","39927","0.0-1.0-1.0","go-nogo","true","0","","true","<div class = centerbox><div id = stim1></div></div>","-1","32","750","1000","practice","nogo","1","random","","",""
"","430","32","1028","250","practice","poldrack-categorize","4","42213","0.0-1.0-2.0","go-nogo","true","0","","true","<div class = centerbox><div  id = stim2></div></div>","32","32","750","1000","practice","go","2","random","","",""
"","-1","-1","1189","250","practice","poldrack-categorize","5","44658","0.0-1.0-3.0","go-nogo","true","0","","true","<div class = centerbox><div id = stim1></div></div>","-1","32","750","1000","practice","nogo","3","random","","",""
"","535","32","1392","250","practice","poldrack-categorize","6","47305","0.0-1.0-4.0","go-nogo","true","0","","true","<div class = centerbox><div  id = stim2></div></div>","32","32","750","1000","practice","go","4","random","","",""
"","-1","-1","1455","250","practice","poldrack-categorize","7","50019","0.0-1.0-5.0","go-nogo","true","0","","true","<div class = centerbox><div id = stim1></div></div>","-1","32","750","1000","practice","nogo","5","random","","",""
"","-1","-1","1135","250","practice","poldrack-categorize","8","52408","0.0-1.0-6.0","go-nogo","true","0","","true","<div class = centerbox><div id = stim1></div></div>","-1","32","750","1000","practice","nogo","6","random","","",""
"","449","32","1151","250","practice","poldrack-categorize","9","54812","0.0-1.0-7.0","go-nogo","true","0","","true","<div class = centerbox><div  id = stim2></div></div>","32","32","750","1000","practice","go","7","random","","",""
"","653","32","1415","250","practice","poldrack-categorize","10","57480","0.0-1.0-8.0","go-nogo","true","0","","true","<div class = centerbox><div  id = stim2></div></div>","32","32","750","1000","practice","go","8","random","","",""
"","-1","-1","1184","250","practice","poldrack-categorize","11","59919","0.0-1.0-9.0","go-nogo","true","0","","true","<div class = centerbox><div id = stim1></div></div>","-1","32","750","1000","practice","nogo","9","random","","",""
"","","","","","reset_trial","call-function","12","60170","0.0-3.0","go-nogo","true","0","","","","","","","","","","","","","",""
"<div class = centerbox><p class = block-text>Practice is over, we will now begin the experiment. You will no longer get feedback about your responses.</p><p class = block-text>Remember, if you see the <font color=""blue"">blue</font> square you should <strong> respond by pressing the spacebar as quickly as possible</strong>. If you see the <font color=""orange"">orange</font> square you should <strong> not respond</strong>. Press <strong>enter</strong> to begin.</p></div>","12641","13","12641","1000","test_intro","poldrack-text","13","72812","0.0-4.0","go-nogo","true","0","","","","","","","","","","","","","",""
"","-1","-1","1017","0","test_block","poldrack-single-stim","14","74833","0.0-5.0-0.0","go-nogo","true","0","","true","<div class = centerbox><div  id = stim1></div></div>","-1","32","750","","test","nogo","0","random","","",""
"","417","32","1074","0","test_block","poldrack-single-stim","15","76046","0.0-5.0-1.0","go-nogo","true","0","","true","<div class = centerbox><div  id = stim2></div></div>","32","32","750","","test","go","1","random","","",""
"","386","32","1465","0","test_block","poldrack-single-stim","16","77580","0.0-5.0-2.0","go-nogo","true","0","","true","<div class = centerbox><div  id = stim2></div></div>","32","32","750","","test","go","2","random","","",""
"","446","32","1315","0","test_block","poldrack-single-stim","17","78961","0.0-5.0-3.0","go-nogo","true","0","","true","<div class = centerbox><div  id = stim2></div></div>","32","32","750","","test","go","3","random","","",""
"","473","32","1285","0","test_block","poldrack-single-stim","18","80328","0.0-5.0-4.0","go-nogo","true","0","","true","<div class = centerbox><div  id = stim2></div></div>","32","32","750","","test","go","4","random","","",""
"","435","32","1331","0","test_block","poldrack-single-stim","19","81723","0.0-5.0-5.0","go-nogo","true","0","","true","<div class = centerbox><div  id = stim2></div></div>","32","32","750","","test","go","5","random","","",""
"","416","32","1186","0","test_block","poldrack-single-stim","20","83029","0.0-5.0-6.0","go-nogo","true","0","","true","<div class = centerbox><div  id = stim2></div></div>","32","32","750","","test","go","6","random","","",""
"","391","32","1461","0","test_block","poldrack-single-stim","21","84570","0.0-5.0-7.0","go-nogo","true","0","","true","<div class = centerbox><div  id = stim2></div></div>","32","32","750","","test","go","7","random","","",""
"","458","32","1340","0","test_block","poldrack-single-stim","22","85974","0.0-5.0-8.0","go-nogo","true","0","","true","<div class = centerbox><div  id = stim2></div></div>","32","32","750","","test","go","8","random","","",""
"","390","32","1436","0","test_block","poldrack-single-stim","23","87473","0.0-5.0-9.0","go-nogo","true","0","","true","<div class = centerbox><div  id = stim2></div></div>","32","32","750","","test","go","9","random","","",""
"","386","32","1138","0","test_block","poldrack-single-stim","24","88747","0.0-5.0-10.0","go-nogo","true","0","","true","<div class = centerbox><div  id = stim2></div></div>","32","32","750","","test","go","10","random","","",""
"","449","32","1275","0","test_block","poldrack-single-stim","25","90078","0.0-5.0-11.0","go-nogo","true","0","","true","<div class = centerbox><div  id = stim2></div></div>","32","32","750","","test","go","11","random","","",""
"","383","32","1296","0","test_block","poldrack-single-stim","26","91485","0.0-5.0-12.0","go-nogo","true","0","","true","<div class = centerbox><div  id = stim2></div></div>","32","32","750","","test","go","12","random","","",""
"","394","32","1393","0","test_block","poldrack-single-stim","27","92931","0.0-5.0-13.0","go-nogo","true","0","","true","<div class = centerbox><div  id = stim2></div></div>","32","32","750","","test","go","13","random","","",""
"","369","32","1109","0","test_block","poldrack-single-stim","28","94168","0.0-5.0-14.0","go-nogo","true","0","","true","<div class = centerbox><div  id = stim2></div></div>","32","32","750","","test","go","14","random","","",""
"","400","32","1258","0","test_block","poldrack-single-stim","29","95509","0.0-5.0-15.0","go-nogo","true","0","","true","<div class = centerbox><div  id = stim2></div></div>","32","32","750","","test","go","15","random","","",""
"","373","32","1341","0","test_block","poldrack-single-stim","30","96916","0.0-5.0-16.0","go-nogo","true","0","","true","<div class = centerbox><div  id = stim2></div></div>","32","32","750","","test","go","16","random","","",""
"","380","32","1282","0","test_block","poldrack-single-stim","31","98305","0.0-5.0-17.0","go-nogo","true","0","","true","<div class = centerbox><div  id = stim2></div></div>","32","32","750","","test","go","17","random","","",""
"","319","32","1448","0","test_block","poldrack-single-stim","32","99812","0.0-5.0-18.0","go-nogo","true","0","","true","<div class = centerbox><div  id = stim2></div></div>","32","32","750","","test","go","18","random","","",""
"","310","32","1177","0","test_block","poldrack-single-stim","33","101062","0.0-5.0-19.0","go-nogo","true","0","","true","<div class = centerbox><div  id = stim2></div></div>","32","32","750","","test","go","19","random","","",""
"","363","32","1003","0","test_block","poldrack-single-stim","34","102123","0.0-5.0-20.0","go-nogo","true","0","","true","<div class = centerbox><div  id = stim2></div></div>","32","32","750","","test","go","20","random","","",""
"","476","32","1107","0","test_block","poldrack-single-stim","35","103324","0.0-5.0-21.0","go-nogo","true","0","","true","<div class = centerbox><div  id = stim2></div></div>","32","32","750","","test","go","21","random","","",""
"","-1","-1","1288","0","test_block","poldrack-single-stim","36","104666","0.0-5.0-22.0","go-nogo","true","0","","true","<div class = centerbox><div  id = stim1></div></div>","-1","32","750","","test","nogo","22","random","","",""
"","459","32","1200","0","test_block","poldrack-single-stim","37","105938","0.0-5.0-23.0","go-nogo","true","0","","true","<div class = centerbox><div  id = stim2></div></div>","32","32","750","","test","go","23","random","","",""
"","419","32","1457","0","test_block","poldrack-single-stim","38","107474","0.0-5.0-24.0","go-nogo","true","0","","true","<div class = centerbox><div  id = stim2></div></div>","32","32","750","","test","go","24","random","","",""
"","342","32","1186","0","test_block","poldrack-single-stim","39","108769","0.0-5.0-25.0","go-nogo","true","0","","true","<div class = centerbox><div  id = stim2></div></div>","32","32","750","","test","go","25","random","","",""
"","352","32","1118","0","test_block","poldrack-single-stim","40","109970","0.0-5.0-26.0","go-nogo","true","0","","true","<div class = centerbox><div  id = stim2></div></div>","32","32","750","","test","go","26","random","","",""
"","344","32","1428","0","test_block","poldrack-single-stim","41","111552","0.0-5.0-27.0","go-nogo","true","0","","true","<div class = centerbox><div  id = stim2></div></div>","32","32","750","","test","go","27","random","","",""
"","307","32","1362","0","test_block","poldrack-single-stim","42","113003","0.0-5.0-28.0","go-nogo","true","0","","true","<div class = centerbox><div  id = stim2></div></div>","32","32","750","","test","go","28","random","","",""
"","286","32","1084","0","test_block","poldrack-single-stim","43","114138","0.0-5.0-29.0","go-nogo","true","0","","true","<div class = centerbox><div  id = stim2></div></div>","32","32","750","","test","go","29","random","","",""
"","377","32","1226","0","test_block","poldrack-single-stim","44","115413","0.0-5.0-30.0","go-nogo","true","0","","true","<div class = centerbox><div  id = stim2></div></div>","32","32","750","","test","go","30","random","","",""
"","423","32","1132","0","test_block","poldrack-single-stim","45","116602","0.0-5.0-31.0","go-nogo","true","0","","true","<div class = centerbox><div  id = stim2></div></div>","32","32","750","","test","go","31","random","","",""
"","481","32","1411","0","test_block","poldrack-single-stim","46","118071","0.0-5.0-32.0","go-nogo","true","0","","true","<div class = centerbox><div  id = stim2></div></div>","32","32","750","","test","go","32","random","","",""
"","419","32","1365","0","test_block","poldrack-single-stim","47","119486","0.0-5.0-33.0","go-nogo","true","0","","true","<div class = centerbox><div  id = stim2></div></div>","32","32","750","","test","go","33","random","","",""
"","328","32","1420","0","test_block","poldrack-single-stim","48","121016","0.0-5.0-34.0","go-nogo","true","0","","true","<div class = centerbox><div  id = stim2></div></div>","32","32","750","","test","go","34","random","","",""
"","293","32","1286","0","test_block","poldrack-single-stim","49","122381","0.0-5.0-35.0","go-nogo","true","0","","true","<div class = centerbox><div  id = stim2></div></div>","32","32","750","","test","go","35","random","","",""
"","277","32","1156","0","test_block","poldrack-single-stim","50","123587","0.0-5.0-36.0","go-nogo","true","0","","true","<div class = centerbox><div  id = stim2></div></div>","32","32","750","","test","go","36","random","","",""
"","325","32","1034","0","test_block","poldrack-single-stim","51","124673","0.0-5.0-37.0","go-nogo","true","0","","false","<div class = centerbox><div  id = stim1></div></div>","-1","32","750","","test","nogo","37","random","","",""
"","557","32","1346","0","test_block","poldrack-single-stim","52","126073","0.0-5.0-38.0","go-nogo","true","0","","true","<div class = centerbox><div  id = stim2></div></div>","32","32","750","","test","go","38","random","","",""
"","517","32","1491","0","test_block","poldrack-single-stim","53","127611","0.0-5.0-39.0","go-nogo","true","0","","true","<div class = centerbox><div  id = stim2></div></div>","32","32","750","","test","go","39","random","","",""
"","431","32","1373","0","test_block","poldrack-single-stim","54","129034","0.0-5.0-40.0","go-nogo","true","0","","true","<div class = centerbox><div  id = stim2></div></div>","32","32","750","","test","go","40","random","","",""
"","373","32","1456","0","test_block","poldrack-single-stim","55","130575","0.0-5.0-41.0","go-nogo","true","0","","true","<div class = centerbox><div  id = stim2></div></div>","32","32","750","","test","go","41","random","","",""
"","386","32","1229","0","test_block","poldrack-single-stim","56","131872","0.0-5.0-42.0","go-nogo","true","0","","true","<div class = centerbox><div  id = stim2></div></div>","32","32","750","","test","go","42","random","","",""
"","404","32","1424","0","test_block","poldrack-single-stim","57","133343","0.0-5.0-43.0","go-nogo","true","0","","true","<div class = centerbox><div  id = stim2></div></div>","32","32","750","","test","go","43","random","","",""
"","359","32","1221","0","test_block","poldrack-single-stim","58","134618","0.0-5.0-44.0","go-nogo","true","0","","true","<div class = centerbox><div  id = stim2></div></div>","32","32","750","","test","go","44","random","","",""
"","423","32","1107","0","test_block","poldrack-single-stim","59","135825","0.0-5.0-45.0","go-nogo","true","0","","true","<div class = centerbox><div  id = stim2></div></div>","32","32","750","","test","go","45","random","","",""
"","471","32","1014","0","test_block","poldrack-single-stim","60","136890","0.0-5.0-46.0","go-nogo","true","0","","true","<div class = centerbox><div  id = stim2></div></div>","32","32","750","","test","go","46","random","","",""
"","492","32","1075","0","test_block","poldrack-single-stim","61","138034","0.0-5.0-47.0","go-nogo","true","0","","true","<div class = centerbox><div  id = stim2></div></div>","32","32","750","","test","go","47","random","","",""
"","467","32","1235","0","test_block","poldrack-single-stim","62","139340","0.0-5.0-48.0","go-nogo","true","0","","true","<div class = centerbox><div  id = stim2></div></div>","32","32","750","","test","go","48","random","","",""
"","367","32","1102","0","test_block","poldrack-single-stim","63","140506","0.0-5.0-49.0","go-nogo","true","0","","true","<div class = centerbox><div  id = stim2></div></div>","32","32","750","","test","go","49","random","","",""
"","411","32","1135","0","test_block","poldrack-single-stim","64","141703","0.0-5.0-50.0","go-nogo","true","0","","true","<div class = centerbox><div  id = stim2></div></div>","32","32","750","","test","go","50","random","","",""
"","354","32","1142","0","test_block","poldrack-single-stim","65","142912","0.0-5.0-51.0","go-nogo","true","0","","true","<div class = centerbox><div  id = stim2></div></div>","32","32","750","","test","go","51","random","","",""
"","425","32","1306","0","test_block","poldrack-single-stim","66","144332","0.0-5.0-52.0","go-nogo","true","0","","true","<div class = centerbox><div  id = stim2></div></div>","32","32","750","","test","go","52","random","","",""
"","-1","-1","1439","0","test_block","poldrack-single-stim","67","145835","0.0-5.0-53.0","go-nogo","true","0","","true","<div class = centerbox><div  id = stim1></div></div>","-1","32","750","","test","nogo","53","random","","",""
"","406","32","1048","0","test_block","poldrack-single-stim","68","146966","0.0-5.0-54.0","go-nogo","true","0","","true","<div class = centerbox><div  id = stim2></div></div>","32","32","750","","test","go","54","random","","",""
"","426","32","1247","0","test_block","poldrack-single-stim","69","148304","0.0-5.0-55.0","go-nogo","true","0","","true","<div class = centerbox><div  id = stim2></div></div>","32","32","750","","test","go","55","random","","",""
"","344","32","1481","0","test_block","poldrack-single-stim","70","149845","0.0-5.0-56.0","go-nogo","true","0","","true","<div class = centerbox><div  id = stim2></div></div>","32","32","750","","test","go","56","random","","",""
"","358","32","1130","0","test_block","poldrack-single-stim","71","151063","0.0-5.0-57.0","go-nogo","true","0","","true","<div class = centerbox><div  id = stim2></div></div>","32","32","750","","test","go","57","random","","",""
"","351","32","1207","0","test_block","poldrack-single-stim","72","152355","0.0-5.0-58.0","go-nogo","true","0","","true","<div class = centerbox><div  id = stim2></div></div>","32","32","750","","test","go","58","random","","",""
"","284","32","1454","0","test_block","poldrack-single-stim","73","153935","0.0-5.0-59.0","go-nogo","true","0","","true","<div class = centerbox><div  id = stim2></div></div>","32","32","750","","test","go","59","random","","",""
"","337","32","1112","0","test_block","poldrack-single-stim","74","155098","0.0-5.0-60.0","go-nogo","true","0","","true","<div class = centerbox><div  id = stim2></div></div>","32","32","750","","test","go","60","random","","",""
"","397","32","1012","0","test_block","poldrack-single-stim","75","156170","0.0-5.0-61.0","go-nogo","true","0","","true","<div class = centerbox><div  id = stim2></div></div>","32","32","750","","test","go","61","random","","",""
"","495","32","1343","0","test_block","poldrack-single-stim","76","157610","0.0-5.0-62.0","go-nogo","true","0","","true","<div class = centerbox><div  id = stim2></div></div>","32","32","750","","test","go","62","random","","",""
"","385","32","1467","0","test_block","poldrack-single-stim","77","159221","0.0-5.0-63.0","go-nogo","true","0","","true","<div class = centerbox><div  id = stim2></div></div>","32","32","750","","test","go","63","random","","",""
"","340","32","1274","0","test_block","poldrack-single-stim","78","160585","0.0-5.0-64.0","go-nogo","true","0","","true","<div class = centerbox><div  id = stim2></div></div>","32","32","750","","test","go","64","random","","",""
"","309","32","1194","0","test_block","poldrack-single-stim","79","161839","0.0-5.0-65.0","go-nogo","true","0","","true","<div class = centerbox><div  id = stim2></div></div>","32","32","750","","test","go","65","random","","",""
"","350","32","1407","0","test_block","poldrack-single-stim","80","163297","0.0-5.0-66.0","go-nogo","true","0","","true","<div class = centerbox><div  id = stim2></div></div>","32","32","750","","test","go","66","random","","",""
"","368","32","1409","0","test_block","poldrack-single-stim","81","164757","0.0-5.0-67.0","go-nogo","true","0","","true","<div class = centerbox><div  id = stim2></div></div>","32","32","750","","test","go","67","random","","",""
"","406","32","1195","0","test_block","poldrack-single-stim","82","166011","0.0-5.0-68.0","go-nogo","true","0","","true","<div class = centerbox><div  id = stim2></div></div>","32","32","750","","test","go","68","random","","",""
"","417","32","1405","0","test_block","poldrack-single-stim","83","167464","0.0-5.0-69.0","go-nogo","true","0","","true","<div class = centerbox><div  id = stim2></div></div>","32","32","750","","test","go","69","random","","",""
"","340","32","1291","0","test_block","poldrack-single-stim","84","168804","0.0-5.0-70.0","go-nogo","true","0","","true","<div class = centerbox><div  id = stim2></div></div>","32","32","750","","test","go","70","random","","",""
"","-1","-1","1112","0","test_block","poldrack-single-stim","85","169963","0.0-5.0-71.0","go-nogo","true","0","","true","<div class = centerbox><div  id = stim1></div></div>","-1","32","750","","test","nogo","71","random","","",""
"","307","32","1242","0","test_block","poldrack-single-stim","86","171251","0.0-5.0-72.0","go-nogo","true","0","","true","<div class = centerbox><div  id = stim2></div></div>","32","32","750","","test","go","72","random","","",""
"","305","32","1479","0","test_block","poldrack-single-stim","87","172794","0.0-5.0-73.0","go-nogo","true","0","","true","<div class = centerbox><div  id = stim2></div></div>","32","32","750","","test","go","73","random","","",""
"","305","32","1222","0","test_block","poldrack-single-stim","88","174065","0.0-5.0-74.0","go-nogo","true","0","","true","<div class = centerbox><div  id = stim2></div></div>","32","32","750","","test","go","74","random","","",""
"","279","32","1379","0","test_block","poldrack-single-stim","89","175489","0.0-5.0-75.0","go-nogo","true","0","","false","<div class = centerbox><div  id = stim1></div></div>","-1","32","750","","test","nogo","75","random","","",""
"","463","32","1305","0","test_block","poldrack-single-stim","90","176839","0.0-5.0-76.0","go-nogo","true","0","","true","<div class = centerbox><div  id = stim2></div></div>","32","32","750","","test","go","76","random","","",""
"","428","32","1327","0","test_block","poldrack-single-stim","91","178240","0.0-5.0-77.0","go-nogo","true","0","","true","<div class = centerbox><div  id = stim2></div></div>","32","32","750","","test","go","77","random","","",""
"","416","32","1491","0","test_block","poldrack-single-stim","92","179776","0.0-5.0-78.0","go-nogo","true","0","","true","<div class = centerbox><div  id = stim2></div></div>","32","32","750","","test","go","78","random","","",""
"","385","32","1105","0","test_block","poldrack-single-stim","93","180956","0.0-5.0-79.0","go-nogo","true","0","","true","<div class = centerbox><div  id = stim2></div></div>","32","32","750","","test","go","79","random","","",""
"","476","32","1043","0","test_block","poldrack-single-stim","94","182044","0.0-5.0-80.0","go-nogo","true","0","","true","<div class = centerbox><div  id = stim2></div></div>","32","32","750","","test","go","80","random","","",""
"","605","32","1164","0","test_block","poldrack-single-stim","95","183252","0.0-5.0-81.0","go-nogo","true","0","","true","<div class = centerbox><div  id = stim2></div></div>","32","32","750","","test","go","81","random","","",""
"","586","32","1192","0","test_block","poldrack-single-stim","96","184490","0.0-5.0-82.0","go-nogo","true","0","","true","<div class = centerbox><div  id = stim2></div></div>","32","32","750","","test","go","82","random","","",""
"","478","32","1221","0","test_block","poldrack-single-stim","97","185756","0.0-5.0-83.0","go-nogo","true","0","","true","<div class = centerbox><div  id = stim2></div></div>","32","32","750","","test","go","83","random","","",""
"","507","32","1284","0","test_block","poldrack-single-stim","98","187100","0.0-5.0-84.0","go-nogo","true","0","","true","<div class = centerbox><div  id = stim2></div></div>","32","32","750","","test","go","84","random","","",""
"","421","32","1166","0","test_block","poldrack-single-stim","99","188309","0.0-5.0-85.0","go-nogo","true","0","","true","<div class = centerbox><div  id = stim2></div></div>","32","32","750","","test","go","85","random","","",""
"","-1","-1","1321","0","test_block","poldrack-single-stim","100","189673","0.0-5.0-86.0","go-nogo","true","0","","true","<div class = centerbox><div  id = stim1></div></div>","-1","32","750","","test","nogo","86","random","","",""
"","382","32","1451","0","test_block","poldrack-single-stim","101","191168","0.0-5.0-87.0","go-nogo","true","0","","true","<div class = centerbox><div  id = stim2></div></div>","32","32","750","","test","go","87","random","","",""
"","366","32","1193","0","test_block","poldrack-single-stim","102","192406","0.0-5.0-88.0","go-nogo","true","0","","true","<div class = centerbox><div  id = stim2></div></div>","32","32","750","","test","go","88","random","","",""
"","-1","-1","1069","0","test_block","poldrack-single-stim","103","193523","0.0-5.0-89.0","go-nogo","true","0","","true","<div class = centerbox><div  id = stim1></div></div>","-1","32","750","","test","nogo","89","random","","",""
"","428","32","1104","0","test_block","poldrack-single-stim","104","194688","0.0-5.0-90.0","go-nogo","true","0","","true","<div class = centerbox><div  id = stim2></div></div>","32","32","750","","test","go","90","random","","",""
"","429","32","1449","0","test_block","poldrack-single-stim","105","196191","0.0-5.0-91.0","go-nogo","true","0","","true","<div class = centerbox><div  id = stim2></div></div>","32","32","750","","test","go","91","random","","",""
"","394","32","1125","0","test_block","poldrack-single-stim","106","197359","0.0-5.0-92.0","go-nogo","true","0","","true","<div class = centerbox><div  id = stim2></div></div>","32","32","750","","test","go","92","random","","",""
"","419","32","1431","0","test_block","poldrack-single-stim","107","198839","0.0-5.0-93.0","go-nogo","true","0","","true","<div class = centerbox><div  id = stim2></div></div>","32","32","750","","test","go","93","random","","",""
"","385","32","1245","0","test_block","poldrack-single-stim","108","200127","0.0-5.0-94.0","go-nogo","true","0","","true","<div class = centerbox><div  id = stim2></div></div>","32","32","750","","test","go","94","random","","",""
"","460","32","1358","0","test_block","poldrack-single-stim","109","201549","0.0-5.0-95.0","go-nogo","true","0","","true","<div class = centerbox><div  id = stim2></div></div>","32","32","750","","test","go","95","random","","",""
"","352","32","1036","0","test_block","poldrack-single-stim","110","202631","0.0-5.0-96.0","go-nogo","true","0","","true","<div class = centerbox><div  id = stim2></div></div>","32","32","750","","test","go","96","random","","",""
"","488","32","1051","0","test_block","poldrack-single-stim","111","203727","0.0-5.0-97.0","go-nogo","true","0","","true","<div class = centerbox><div  id = stim2></div></div>","32","32","750","","test","go","97","random","","",""
"","511","32","1316","0","test_block","poldrack-single-stim","112","205088","0.0-5.0-98.0","go-nogo","true","0","","true","<div class = centerbox><div  id = stim2></div></div>","32","32","750","","test","go","98","random","","",""
"","386","32","1323","0","test_block","poldrack-single-stim","113","206469","0.0-5.0-99.0","go-nogo","true","0","","true","<div class = centerbox><div  id = stim2></div></div>","32","32","750","","test","go","99","random","","",""
"","-1","-1","1280","0","test_block","poldrack-single-stim","114","207793","0.0-5.0-100.0","go-nogo","true","0","","true","<div class = centerbox><div  id = stim1></div></div>","-1","32","750","","test","nogo","100","random","","",""
"","326","32","1272","0","test_block","poldrack-single-stim","115","209117","0.0-5.0-101.0","go-nogo","true","0","","true","<div class = centerbox><div  id = stim2></div></div>","32","32","750","","test","go","101","random","","",""
"","440","32","1288","0","test_block","poldrack-single-stim","116","210475","0.0-5.0-102.0","go-nogo","true","0","","true","<div class = centerbox><div  id = stim2></div></div>","32","32","750","","test","go","102","random","","",""
"","381","32","1129","0","test_block","poldrack-single-stim","117","211663","0.0-5.0-103.0","go-nogo","true","0","","true","<div class = centerbox><div  id = stim2></div></div>","32","32","750","","test","go","103","random","","",""
"","-1","-1","1256","0","test_block","poldrack-single-stim","118","212968","0.0-5.0-104.0","go-nogo","true","0","","true","<div class = centerbox><div  id = stim1></div></div>","-1","32","750","","test","nogo","104","random","","",""
"","326","32","1154","0","test_block","poldrack-single-stim","119","214167","0.0-5.0-105.0","go-nogo","true","0","","true","<div class = centerbox><div  id = stim2></div></div>","32","32","750","","test","go","105","random","","",""
"","401","32","1348","0","test_block","poldrack-single-stim","120","215557","0.0-5.0-106.0","go-nogo","true","0","","true","<div class = centerbox><div  id = stim2></div></div>","32","32","750","","test","go","106","random","","",""
"","402","32","1153","0","test_block","poldrack-single-stim","121","216753","0.0-5.0-107.0","go-nogo","true","0","","true","<div class = centerbox><div  id = stim2></div></div>","32","32","750","","test","go","107","random","","",""
"","443","32","1089","0","test_block","poldrack-single-stim","122","217888","0.0-5.0-108.0","go-nogo","true","0","","true","<div class = centerbox><div  id = stim2></div></div>","32","32","750","","test","go","108","random","","",""
"","517","32","1450","0","test_block","poldrack-single-stim","123","219383","0.0-5.0-109.0","go-nogo","true","0","","true","<div class = centerbox><div  id = stim2></div></div>","32","32","750","","test","go","109","random","","",""
"","445","32","1097","0","test_block","poldrack-single-stim","124","220534","0.0-5.0-110.0","go-nogo","true","0","","true","<div class = centerbox><div  id = stim2></div></div>","32","32","750","","test","go","110","random","","",""
"","471","32","1449","0","test_block","poldrack-single-stim","125","222028","0.0-5.0-111.0","go-nogo","true","0","","true","<div class = centerbox><div  id = stim2></div></div>","32","32","750","","test","go","111","random","","",""
"","-1","-1","1178","0","test_block","poldrack-single-stim","126","223255","0.0-5.0-112.0","go-nogo","true","0","","true","<div class = centerbox><div  id = stim1></div></div>","-1","32","750","","test","nogo","112","random","","",""
"","404","32","1379","0","test_block","poldrack-single-stim","127","224709","0.0-5.0-113.0","go-nogo","true","0","","true","<div class = centerbox><div  id = stim2></div></div>","32","32","750","","test","go","113","random","","",""
"","348","32","1184","0","test_block","poldrack-single-stim","128","225936","0.0-5.0-114.0","go-nogo","true","0","","true","<div class = centerbox><div  id = stim2></div></div>","32","32","750","","test","go","114","random","","",""
"","386","32","1201","0","test_block","poldrack-single-stim","129","227188","0.0-5.0-115.0","go-nogo","true","0","","true","<div class = centerbox><div  id = stim2></div></div>","32","32","750","","test","go","115","random","","",""
"","482","32","1127","0","test_block","poldrack-single-stim","130","228362","0.0-5.0-116.0","go-nogo","true","0","","true","<div class = centerbox><div  id = stim2></div></div>","32","32","750","","test","go","116","random","","",""
"","511","32","1313","0","test_block","poldrack-single-stim","131","229719","0.0-5.0-117.0","go-nogo","true","0","","true","<div class = centerbox><div  id = stim2></div></div>","32","32","750","","test","go","117","random","","",""
"","-1","-1","1453","0","test_block","poldrack-single-stim","132","231247","0.0-5.0-118.0","go-nogo","true","0","","true","<div class = centerbox><div  id = stim1></div></div>","-1","32","750","","test","nogo","118","random","","",""
"","494","32","1467","0","test_block","poldrack-single-stim","133","232762","0.0-5.0-119.0","go-nogo","true","0","","true","<div class = centerbox><div  id = stim2></div></div>","32","32","750","","test","go","119","random","","",""
"","464","32","1451","0","test_block","poldrack-single-stim","134","234256","0.0-5.0-120.0","go-nogo","true","0","","true","<div class = centerbox><div  id = stim2></div></div>","32","32","750","","test","go","120","random","","",""
"","320","32","1313","0","test_block","poldrack-single-stim","135","235630","0.0-5.0-121.0","go-nogo","true","0","","true","<div class = centerbox><div  id = stim2></div></div>","32","32","750","","test","go","121","random","","",""
"","360","32","1237","0","test_block","poldrack-single-stim","136","236953","0.0-5.0-122.0","go-nogo","true","0","","true","<div class = centerbox><div  id = stim2></div></div>","32","32","750","","test","go","122","random","","",""
"","376","32","1136","0","test_block","poldrack-single-stim","137","238132","0.0-5.0-123.0","go-nogo","true","0","","true","<div class = centerbox><div  id = stim2></div></div>","32","32","750","","test","go","123","random","","",""
"","492","32","1342","0","test_block","poldrack-single-stim","138","239518","0.0-5.0-124.0","go-nogo","true","0","","true","<div class = centerbox><div  id = stim2></div></div>","32","32","750","","test","go","124","random","","",""
"","457","32","1492","0","test_block","poldrack-single-stim","139","241055","0.0-5.0-125.0","go-nogo","true","0","","true","<div class = centerbox><div  id = stim2></div></div>","32","32","750","","test","go","125","random","","",""
"","521","32","1084","0","test_block","poldrack-single-stim","140","242184","0.0-5.0-126.0","go-nogo","true","0","","true","<div class = centerbox><div  id = stim2></div></div>","32","32","750","","test","go","126","random","","",""
"","537","32","1236","0","test_block","poldrack-single-stim","141","243472","0.0-5.0-127.0","go-nogo","true","0","","true","<div class = centerbox><div  id = stim2></div></div>","32","32","750","","test","go","127","random","","",""
"","586","32","1122","0","test_block","poldrack-single-stim","142","244668","0.0-5.0-128.0","go-nogo","true","0","","true","<div class = centerbox><div  id = stim2></div></div>","32","32","750","","test","go","128","random","","",""
"","535","32","1395","0","test_block","poldrack-single-stim","143","246112","0.0-5.0-129.0","go-nogo","true","0","","true","<div class = centerbox><div  id = stim2></div></div>","32","32","750","","test","go","129","random","","",""
"","420","32","1432","0","test_block","poldrack-single-stim","144","247599","0.0-5.0-130.0","go-nogo","true","0","","true","<div class = centerbox><div  id = stim2></div></div>","32","32","750","","test","go","130","random","","",""
"","347","32","1357","0","test_block","poldrack-single-stim","145","249038","0.0-5.0-131.0","go-nogo","true","0","","true","<div class = centerbox><div  id = stim2></div></div>","32","32","750","","test","go","131","random","","",""
"","328","32","1007","0","test_block","poldrack-single-stim","146","250090","0.0-5.0-132.0","go-nogo","true","0","","true","<div class = centerbox><div  id = stim2></div></div>","32","32","750","","test","go","132","random","","",""
"","497","32","1029","0","test_block","poldrack-single-stim","147","251183","0.0-5.0-133.0","go-nogo","true","0","","true","<div class = centerbox><div  id = stim2></div></div>","32","32","750","","test","go","133","random","","",""
"","518","32","1028","0","test_block","poldrack-single-stim","148","252281","0.0-5.0-134.0","go-nogo","true","0","","true","<div class = centerbox><div  id = stim2></div></div>","32","32","750","","test","go","134","random","","",""
"","494","32","1162","0","test_block","poldrack-single-stim","149","253503","0.0-5.0-135.0","go-nogo","true","0","","true","<div class = centerbox><div  id = stim2></div></div>","32","32","750","","test","go","135","random","","",""
"","398","32","1025","0","test_block","poldrack-single-stim","150","254574","0.0-5.0-136.0","go-nogo","true","0","","true","<div class = centerbox><div  id = stim2></div></div>","32","32","750","","test","go","136","random","","",""
"","483","32","1277","0","test_block","poldrack-single-stim","151","255893","0.0-5.0-137.0","go-nogo","true","0","","true","<div class = centerbox><div  id = stim2></div></div>","32","32","750","","test","go","137","random","","",""
"","-1","-1","1315","0","test_block","poldrack-single-stim","152","257251","0.0-5.0-138.0","go-nogo","true","0","","true","<div class = centerbox><div  id = stim1></div></div>","-1","32","750","","test","nogo","138","random","","",""
"","-1","-1","1052","0","test_block","poldrack-single-stim","153","258347","0.0-5.0-139.0","go-nogo","true","0","","true","<div class = centerbox><div  id = stim1></div></div>","-1","32","750","","test","nogo","139","random","","",""
"","478","32","1407","0","test_block","poldrack-single-stim","154","259796","0.0-5.0-140.0","go-nogo","true","0","","true","<div class = centerbox><div  id = stim2></div></div>","32","32","750","","test","go","140","random","","",""
"","-1","-1","1368","0","test_block","poldrack-single-stim","155","261206","0.0-5.0-141.0","go-nogo","true","0","","true","<div class = centerbox><div  id = stim1></div></div>","-1","32","750","","test","nogo","141","random","","",""
"","420","32","1097","0","test_block","poldrack-single-stim","156","262344","0.0-5.0-142.0","go-nogo","true","0","","true","<div class = centerbox><div  id = stim2></div></div>","32","32","750","","test","go","142","random","","",""
"","801","32","1333","0","test_block","poldrack-single-stim","157","263720","0.0-5.0-143.0","go-nogo","true","0","","true","<div class = centerbox><div  id = stim2></div></div>","32","32","750","","test","go","143","random","","",""
"","954","32","1219","0","test_block","poldrack-single-stim","158","264981","0.0-5.0-144.0","go-nogo","true","0","","true","<div class = centerbox><div  id = stim2></div></div>","32","32","750","","test","go","144","random","","",""
"","1212","32","1306","0","test_block","poldrack-single-stim","159","266329","0.0-5.0-145.0","go-nogo","true","0","","true","<div class = centerbox><div  id = stim2></div></div>","32","32","750","","test","go","145","random","","",""
"","962","32","1021","0","test_block","poldrack-single-stim","160","267398","0.0-5.0-146.0","go-nogo","true","0","","true","<div class = centerbox><div  id = stim2></div></div>","32","32","750","","test","go","146","random","","",""
"","1084","32","1485","0","test_block","poldrack-single-stim","161","268925","0.0-5.0-147.0","go-nogo","true","0","","true","<div class = centerbox><div  id = stim2></div></div>","32","32","750","","test","go","147","random","","",""
"","-1","-1","1113","0","test_block","poldrack-single-stim","162","270105","0.0-5.0-148.0","go-nogo","true","0","","true","<div class = centerbox><div  id = stim1></div></div>","-1","32","750","","test","nogo","148","random","","",""
"","497","32","1318","0","test_block","poldrack-single-stim","163","271464","0.0-5.0-149.0","go-nogo","true","0","","true","<div class = centerbox><div  id = stim2></div></div>","32","32","750","","test","go","149","random","","",""
"","-1","-1","1044","0","test_block","poldrack-single-stim","164","272552","0.0-5.0-150.0","go-nogo","true","0","","true","<div class = centerbox><div  id = stim1></div></div>","-1","32","750","","test","nogo","150","random","","",""
"","454","32","1285","0","test_block","poldrack-single-stim","165","273881","0.0-5.0-151.0","go-nogo","true","0","","true","<div class = centerbox><div  id = stim2></div></div>","32","32","750","","test","go","151","random","","",""
"","431","32","1307","0","test_block","poldrack-single-stim","166","275229","0.0-5.0-152.0","go-nogo","true","0","","true","<div class = centerbox><div  id = stim2></div></div>","32","32","750","","test","go","152","random","","",""
"","516","32","1092","0","test_block","poldrack-single-stim","167","276362","0.0-5.0-153.0","go-nogo","true","0","","true","<div class = centerbox><div  id = stim2></div></div>","32","32","750","","test","go","153","random","","",""
"","532","32","1166","0","test_block","poldrack-single-stim","168","277572","0.0-5.0-154.0","go-nogo","true","0","","true","<div class = centerbox><div  id = stim2></div></div>","32","32","750","","test","go","154","random","","",""
"","553","32","1286","0","test_block","poldrack-single-stim","169","278904","0.0-5.0-155.0","go-nogo","true","0","","true","<div class = centerbox><div  id = stim2></div></div>","32","32","750","","test","go","155","random","","",""
"","475","32","1418","0","test_block","poldrack-single-stim","170","280362","0.0-5.0-156.0","go-nogo","true","0","","true","<div class = centerbox><div  id = stim2></div></div>","32","32","750","","test","go","156","random","","",""
"","701","32","1305","0","test_block","poldrack-single-stim","171","281710","0.0-5.0-157.0","go-nogo","true","0","","true","<div class = centerbox><div  id = stim2></div></div>","32","32","750","","test","go","157","random","","",""
"","441","32","1358","0","test_block","poldrack-single-stim","172","283112","0.0-5.0-158.0","go-nogo","true","0","","true","<div class = centerbox><div  id = stim2></div></div>","32","32","750","","test","go","158","random","","",""
"","322","32","1042","0","test_block","poldrack-single-stim","173","284198","0.0-5.0-159.0","go-nogo","true","0","","true","<div class = centerbox><div  id = stim2></div></div>","32","32","750","","test","go","159","random","","",""
"","450","32","1217","0","test_block","poldrack-single-stim","174","285483","0.0-5.0-160.0","go-nogo","true","0","","true","<div class = centerbox><div  id = stim2></div></div>","32","32","750","","test","go","160","random","","",""
"","444","32","1314","0","test_block","poldrack-single-stim","175","286866","0.0-5.0-161.0","go-nogo","true","0","","true","<div class = centerbox><div  id = stim2></div></div>","32","32","750","","test","go","161","random","","",""
"","377","32","1012","0","test_block","poldrack-single-stim","176","287919","0.0-5.0-162.0","go-nogo","true","0","","true","<div class = centerbox><div  id = stim2></div></div>","32","32","750","","test","go","162","random","","",""
"","471","32","1301","0","test_block","poldrack-single-stim","177","289314","0.0-5.0-163.0","go-nogo","true","0","","true","<div class = centerbox><div  id = stim2></div></div>","32","32","750","","test","go","163","random","","",""
"","-1","-1","1095","0","test_block","poldrack-single-stim","178","290452","0.0-5.0-164.0","go-nogo","true","0","","true","<div class = centerbox><div  id = stim1></div></div>","-1","32","750","","test","nogo","164","random","","",""
"","326","32","1351","0","test_block","poldrack-single-stim","179","291846","0.0-5.0-165.0","go-nogo","true","0","","true","<div class = centerbox><div  id = stim2></div></div>","32","32","750","","test","go","165","random","","",""
"","299","32","1001","0","test_block","poldrack-single-stim","180","292906","0.0-5.0-166.0","go-nogo","true","0","","true","<div class = centerbox><div  id = stim2></div></div>","32","32","750","","test","go","166","random","","",""
"","362","32","1480","0","test_block","poldrack-single-stim","181","294434","0.0-5.0-167.0","go-nogo","true","0","","true","<div class = centerbox><div  id = stim2></div></div>","32","32","750","","test","go","167","random","","",""
"","455","32","1323","0","test_block","poldrack-single-stim","182","295801","0.0-5.0-168.0","go-nogo","true","0","","true","<div class = centerbox><div  id = stim2></div></div>","32","32","750","","test","go","168","random","","",""
"","305","32","1386","0","test_block","poldrack-single-stim","183","297229","0.0-5.0-169.0","go-nogo","true","0","","true","<div class = centerbox><div  id = stim2></div></div>","32","32","750","","test","go","169","random","","",""
"","342","32","1171","0","test_block","poldrack-single-stim","184","298441","0.0-5.0-170.0","go-nogo","true","0","","true","<div class = centerbox><div  id = stim2></div></div>","32","32","750","","test","go","170","random","","",""
"","392","32","1341","0","test_block","poldrack-single-stim","185","299826","0.0-5.0-171.0","go-nogo","true","0","","true","<div class = centerbox><div  id = stim2></div></div>","32","32","750","","test","go","171","random","","",""
"","364","32","1030","0","test_block","poldrack-single-stim","186","300917","0.0-5.0-172.0","go-nogo","true","0","","true","<div class = centerbox><div  id = stim2></div></div>","32","32","750","","test","go","172","random","","",""
"","446","32","1148","0","test_block","poldrack-single-stim","187","302115","0.0-5.0-173.0","go-nogo","true","0","","true","<div class = centerbox><div  id = stim2></div></div>","32","32","750","","test","go","173","random","","",""
"","479","32","1345","0","test_block","poldrack-single-stim","188","303503","0.0-5.0-174.0","go-nogo","true","0","","true","<div class = centerbox><div  id = stim2></div></div>","32","32","750","","test","go","174","random","","",""
"","344","32","1175","0","test_block","poldrack-single-stim","189","304740","0.0-5.0-175.0","go-nogo","true","0","","true","<div class = centerbox><div  id = stim2></div></div>","32","32","750","","test","go","175","random","","",""
"","292","32","1237","0","test_block","poldrack-single-stim","190","306045","0.0-5.0-176.0","go-nogo","true","0","","true","<div class = centerbox><div  id = stim2></div></div>","32","32","750","","test","go","176","random","","",""
"","-1","-1","1096","0","test_block","poldrack-single-stim","191","307185","0.0-5.0-177.0","go-nogo","true","0","","true","<div class = centerbox><div  id = stim1></div></div>","-1","32","750","","test","nogo","177","random","","",""
"","89","32","1059","0","test_block","poldrack-single-stim","192","308286","0.0-5.0-178.0","go-nogo","true","0","","true","<div class = centerbox><div  id = stim2></div></div>","32","32","750","","test","go","178","random","","",""
"","189","32","1253","0","test_block","poldrack-single-stim","193","309580","0.0-5.0-179.0","go-nogo","true","0","","true","<div class = centerbox><div  id = stim2></div></div>","32","32","750","","test","go","179","random","","",""
"","246","32","1282","0","test_block","poldrack-single-stim","194","310903","0.0-5.0-180.0","go-nogo","true","0","","true","<div class = centerbox><div  id = stim2></div></div>","32","32","750","","test","go","180","random","","",""
"","265","32","1427","0","test_block","poldrack-single-stim","195","312373","0.0-5.0-181.0","go-nogo","true","0","","true","<div class = centerbox><div  id = stim2></div></div>","32","32","750","","test","go","181","random","","",""
"","325","32","1142","0","test_block","poldrack-single-stim","196","313557","0.0-5.0-182.0","go-nogo","true","0","","true","<div class = centerbox><div  id = stim2></div></div>","32","32","750","","test","go","182","random","","",""
"","329","32","1289","0","test_block","poldrack-single-stim","197","314891","0.0-5.0-183.0","go-nogo","true","0","","true","<div class = centerbox><div  id = stim2></div></div>","32","32","750","","test","go","183","random","","",""
"","312","32","1174","0","test_block","poldrack-single-stim","198","316106","0.0-5.0-184.0","go-nogo","true","0","","true","<div class = centerbox><div  id = stim2></div></div>","32","32","750","","test","go","184","random","","",""
"","422","32","1255","0","test_block","poldrack-single-stim","199","317413","0.0-5.0-185.0","go-nogo","true","0","","true","<div class = centerbox><div  id = stim2></div></div>","32","32","750","","test","go","185","random","","",""
"","340","32","1358","0","test_block","poldrack-single-stim","200","318814","0.0-5.0-186.0","go-nogo","true","0","","true","<div class = centerbox><div  id = stim2></div></div>","32","32","750","","test","go","186","random","","",""
"","284","32","1093","0","test_block","poldrack-single-stim","201","319956","0.0-5.0-187.0","go-nogo","true","0","","true","<div class = centerbox><div  id = stim2></div></div>","32","32","750","","test","go","187","random","","",""
"","-1","-1","1449","0","test_block","poldrack-single-stim","202","321447","0.0-5.0-188.0","go-nogo","true","0","","true","<div class = centerbox><div  id = stim1></div></div>","-1","32","750","","test","nogo","188","random","","",""
"","323","32","1116","0","test_block","poldrack-single-stim","203","322604","0.0-5.0-189.0","go-nogo","true","0","","true","<div class = centerbox><div  id = stim2></div></div>","32","32","750","","test","go","189","random","","",""
"","390","32","1324","0","test_block","poldrack-single-stim","204","323970","0.0-5.0-190.0","go-nogo","true","0","","true","<div class = centerbox><div  id = stim2></div></div>","32","32","750","","test","go","190","random","","",""
"","290","32","1223","0","test_block","poldrack-single-stim","205","325233","0.0-5.0-191.0","go-nogo","true","0","","true","<div class = centerbox><div  id = stim2></div></div>","32","32","750","","test","go","191","random","","",""
"","240","32","1174","0","test_block","poldrack-single-stim","206","326450","0.0-5.0-192.0","go-nogo","true","0","","true","<div class = centerbox><div  id = stim2></div></div>","32","32","750","","test","go","192","random","","",""
"","314","32","1074","0","test_block","poldrack-single-stim","207","327579","0.0-5.0-193.0","go-nogo","true","0","","true","<div class = centerbox><div  id = stim2></div></div>","32","32","750","","test","go","193","random","","",""
"","511","32","1388","0","test_block","poldrack-single-stim","208","329008","0.0-5.0-194.0","go-nogo","true","0","","true","<div class = centerbox><div  id = stim2></div></div>","32","32","750","","test","go","194","random","","",""
"","416","32","1448","0","test_block","poldrack-single-stim","209","330499","0.0-5.0-195.0","go-nogo","true","0","","true","<div class = centerbox><div  id = stim2></div></div>","32","32","750","","test","go","195","random","","",""
"","316","32","1357","0","test_block","poldrack-single-stim","210","331900","0.0-5.0-196.0","go-nogo","true","0","","true","<div class = centerbox><div  id = stim2></div></div>","32","32","750","","test","go","196","random","","",""
"","215","32","1284","0","test_block","poldrack-single-stim","211","333224","0.0-5.0-197.0","go-nogo","true","0","","true","<div class = centerbox><div  id = stim2></div></div>","32","32","750","","test","go","197","random","","",""
"","330","32","1446","0","test_block","poldrack-single-stim","212","334711","0.0-5.0-198.0","go-nogo","true","0","","true","<div class = centerbox><div  id = stim2></div></div>","32","32","750","","test","go","198","random","","",""
"","353","32","1444","0","test_block","poldrack-single-stim","213","336198","0.0-5.0-199.0","go-nogo","true","0","","true","<div class = centerbox><div  id = stim2></div></div>","32","32","750","","test","go","199","random","","",""
"","339","32","1381","0","test_block","poldrack-single-stim","214","337620","0.0-5.0-200.0","go-nogo","true","0","","true","<div class = centerbox><div  id = stim2></div></div>","32","32","750","","test","go","200","random","","",""
"","317","32","1088","0","test_block","poldrack-single-stim","215","338749","0.0-5.0-201.0","go-nogo","true","0","","true","<div class = centerbox><div  id = stim2></div></div>","32","32","750","","test","go","201","random","","",""
"","-1","-1","1408","0","test_block","poldrack-single-stim","216","340199","0.0-5.0-202.0","go-nogo","true","0","","true","<div class = centerbox><div  id = stim1></div></div>","-1","32","750","","test","nogo","202","random","","",""
"","353","32","1312","0","test_block","poldrack-single-stim","217","341553","0.0-5.0-203.0","go-nogo","true","0","","false","<div class = centerbox><div  id = stim1></div></div>","-1","32","750","","test","nogo","203","random","","",""
"","431","32","1312","0","test_block","poldrack-single-stim","218","342915","0.0-5.0-204.0","go-nogo","true","0","","true","<div class = centerbox><div  id = stim2></div></div>","32","32","750","","test","go","204","random","","",""
"","278","32","1046","0","test_block","poldrack-single-stim","219","344005","0.0-5.0-205.0","go-nogo","true","0","","true","<div class = centerbox><div  id = stim2></div></div>","32","32","750","","test","go","205","random","","",""
"","490","32","1474","0","test_block","poldrack-single-stim","220","345526","0.0-5.0-206.0","go-nogo","true","0","","true","<div class = centerbox><div  id = stim2></div></div>","32","32","750","","test","go","206","random","","",""
"","350","32","1394","0","test_block","poldrack-single-stim","221","346993","0.0-5.0-207.0","go-nogo","true","0","","true","<div class = centerbox><div  id = stim2></div></div>","32","32","750","","test","go","207","random","","",""
"","507","32","1303","0","test_block","poldrack-single-stim","222","348338","0.0-5.0-208.0","go-nogo","true","0","","true","<div class = centerbox><div  id = stim2></div></div>","32","32","750","","test","go","208","random","","",""
"","473","32","1147","0","test_block","poldrack-single-stim","223","349528","0.0-5.0-209.0","go-nogo","true","0","","true","<div class = centerbox><div  id = stim2></div></div>","32","32","750","","test","go","209","random","","",""
"","612","32","1183","0","test_block","poldrack-single-stim","224","350751","0.0-5.0-210.0","go-nogo","true","0","","true","<div class = centerbox><div  id = stim2></div></div>","32","32","750","","test","go","210","random","","",""
"","555","32","1190","0","test_block","poldrack-single-stim","225","351983","0.0-5.0-211.0","go-nogo","true","0","","true","<div class = centerbox><div  id = stim2></div></div>","32","32","750","","test","go","211","random","","",""
"","572","32","1490","0","test_block","poldrack-single-stim","226","353514","0.0-5.0-212.0","go-nogo","true","0","","true","<div class = centerbox><div  id = stim2></div></div>","32","32","750","","test","go","212","random","","",""
"","432","32","1432","0","test_block","poldrack-single-stim","227","354996","0.0-5.0-213.0","go-nogo","true","0","","true","<div class = centerbox><div  id = stim2></div></div>","32","32","750","","test","go","213","random","","",""
"","319","32","1236","0","test_block","poldrack-single-stim","228","356313","0.0-5.0-214.0","go-nogo","true","0","","true","<div class = centerbox><div  id = stim2></div></div>","32","32","750","","test","go","214","random","","",""
"","280","32","1402","0","test_block","poldrack-single-stim","229","357790","0.0-5.0-215.0","go-nogo","true","0","","true","<div class = centerbox><div  id = stim2></div></div>","32","32","750","","test","go","215","random","","",""
"","340","32","1408","0","test_block","poldrack-single-stim","230","359241","0.0-5.0-216.0","go-nogo","true","0","","true","<div class = centerbox><div  id = stim2></div></div>","32","32","750","","test","go","216","random","","",""
"","315","32","1150","0","test_block","poldrack-single-stim","231","360432","0.0-5.0-217.0","go-nogo","true","0","","true","<div class = centerbox><div  id = stim2></div></div>","32","32","750","","test","go","217","random","","",""
"","355","32","1145","0","test_block","poldrack-single-stim","232","361618","0.0-5.0-218.0","go-nogo","true","0","","true","<div class = centerbox><div  id = stim2></div></div>","32","32","750","","test","go","218","random","","",""
"","447","32","1048","0","test_block","poldrack-single-stim","233","362717","0.0-5.0-219.0","go-nogo","true","0","","true","<div class = centerbox><div  id = stim2></div></div>","32","32","750","","test","go","219","random","","",""
"","492","32","1279","0","test_block","poldrack-single-stim","234","364039","0.0-5.0-220.0","go-nogo","true","0","","true","<div class = centerbox><div  id = stim2></div></div>","32","32","750","","test","go","220","random","","",""
"","404","32","1464","0","test_block","poldrack-single-stim","235","365545","0.0-5.0-221.0","go-nogo","true","0","","true","<div class = centerbox><div  id = stim2></div></div>","32","32","750","","test","go","221","random","","",""
"","357","32","1174","0","test_block","poldrack-single-stim","236","366765","0.0-5.0-222.0","go-nogo","true","0","","true","<div class = centerbox><div  id = stim2></div></div>","32","32","750","","test","go","222","random","","",""
"","379","32","1428","0","test_block","poldrack-single-stim","237","368237","0.0-5.0-223.0","go-nogo","true","0","","true","<div class = centerbox><div  id = stim2></div></div>","32","32","750","","test","go","223","random","","",""
"","292","32","1108","0","test_block","poldrack-single-stim","238","369388","0.0-5.0-224.0","go-nogo","true","0","","true","<div class = centerbox><div  id = stim2></div></div>","32","32","750","","test","go","224","random","","",""
"","309","32","1332","0","test_block","poldrack-single-stim","239","370794","0.0-5.0-225.0","go-nogo","true","0","","true","<div class = centerbox><div  id = stim2></div></div>","32","32","750","","test","go","225","random","","",""
"","376","32","1169","0","test_block","poldrack-single-stim","240","372004","0.0-5.0-226.0","go-nogo","true","0","","true","<div class = centerbox><div  id = stim2></div></div>","32","32","750","","test","go","226","random","","",""
"","314","32","1211","0","test_block","poldrack-single-stim","241","373260","0.0-5.0-227.0","go-nogo","true","0","","true","<div class = centerbox><div  id = stim2></div></div>","32","32","750","","test","go","227","random","","",""
"","314","32","1236","0","test_block","poldrack-single-stim","242","374549","0.0-5.0-228.0","go-nogo","true","0","","true","<div class = centerbox><div  id = stim2></div></div>","32","32","750","","test","go","228","random","","",""
"","220","32","1432","0","test_block","poldrack-single-stim","243","376023","0.0-5.0-229.0","go-nogo","true","0","","true","<div class = centerbox><div  id = stim2></div></div>","32","32","750","","test","go","229","random","","",""
"","0","32","1166","0","test_block","poldrack-single-stim","244","377234","0.0-5.0-230.0","go-nogo","true","0","","true","<div class = centerbox><div  id = stim2></div></div>","32","32","750","","test","go","230","random","","",""
"","-1","-1","1076","0","test_block","poldrack-single-stim","245","378352","0.0-5.0-231.0","go-nogo","true","0","","true","<div class = centerbox><div  id = stim1></div></div>","-1","32","750","","test","nogo","231","random","","",""
"","407","32","1160","0","test_block","poldrack-single-stim","246","379564","0.0-5.0-232.0","go-nogo","true","0","","true","<div class = centerbox><div  id = stim2></div></div>","32","32","750","","test","go","232","random","","",""
"","-1","-1","1298","0","test_block","poldrack-single-stim","247","380902","0.0-5.0-233.0","go-nogo","true","0","","true","<div class = centerbox><div  id = stim1></div></div>","-1","32","750","","test","nogo","233","random","","",""
"","369","32","1243","0","test_block","poldrack-single-stim","248","382189","0.0-5.0-234.0","go-nogo","true","0","","true","<div class = centerbox><div  id = stim2></div></div>","32","32","750","","test","go","234","random","","",""
"","650","32","1078","0","test_block","poldrack-single-stim","249","383311","0.0-5.0-235.0","go-nogo","true","0","","true","<div class = centerbox><div  id = stim2></div></div>","32","32","750","","test","go","235","random","","",""
"","719","32","1067","0","test_block","poldrack-single-stim","250","384423","0.0-5.0-236.0","go-nogo","true","0","","true","<div class = centerbox><div  id = stim2></div></div>","32","32","750","","test","go","236","random","","",""
"","796","32","1491","0","test_block","poldrack-single-stim","251","385955","0.0-5.0-237.0","go-nogo","true","0","","true","<div class = centerbox><div  id = stim2></div></div>","32","32","750","","test","go","237","random","","",""
"","427","32","1425","0","test_block","poldrack-single-stim","252","387441","0.0-5.0-238.0","go-nogo","true","0","","true","<div class = centerbox><div  id = stim2></div></div>","32","32","750","","test","go","238","random","","",""
"","352","32","1020","0","test_block","poldrack-single-stim","253","388504","0.0-5.0-239.0","go-nogo","true","0","","true","<div class = centerbox><div  id = stim2></div></div>","32","32","750","","test","go","239","random","","",""
"","418","32","1289","0","test_block","poldrack-single-stim","254","389835","0.0-5.0-240.0","go-nogo","true","0","","true","<div class = centerbox><div  id = stim2></div></div>","32","32","750","","test","go","240","random","","",""
"","313","32","1443","0","test_block","poldrack-single-stim","255","391325","0.0-5.0-241.0","go-nogo","true","0","","true","<div class = centerbox><div  id = stim2></div></div>","32","32","750","","test","go","241","random","","",""
"","262","32","1339","0","test_block","poldrack-single-stim","256","392705","0.0-5.0-242.0","go-nogo","true","0","","true","<div class = centerbox><div  id = stim2></div></div>","32","32","750","","test","go","242","random","","",""
"","307","32","1122","0","test_block","poldrack-single-stim","257","393867","0.0-5.0-243.0","go-nogo","true","0","","true","<div class = centerbox><div  id = stim2></div></div>","32","32","750","","test","go","243","random","","",""
"","392","32","1304","0","test_block","poldrack-single-stim","258","395210","0.0-5.0-244.0","go-nogo","true","0","","true","<div class = centerbox><div  id = stim2></div></div>","32","32","750","","test","go","244","random","","",""
"","358","32","1386","0","test_block","poldrack-single-stim","259","396639","0.0-5.0-245.0","go-nogo","true","0","","true","<div class = centerbox><div  id = stim2></div></div>","32","32","750","","test","go","245","random","","",""
"","290","32","1234","0","test_block","poldrack-single-stim","260","397915","0.0-5.0-246.0","go-nogo","true","0","","true","<div class = centerbox><div  id = stim2></div></div>","32","32","750","","test","go","246","random","","",""
"","332","32","1045","0","test_block","poldrack-single-stim","261","399003","0.0-5.0-247.0","go-nogo","true","0","","true","<div class = centerbox><div  id = stim2></div></div>","32","32","750","","test","go","247","random","","",""
"","421","32","1396","0","test_block","poldrack-single-stim","262","400442","0.0-5.0-248.0","go-nogo","true","0","","true","<div class = centerbox><div  id = stim2></div></div>","32","32","750","","test","go","248","random","","",""
"","302","32","1431","0","test_block","poldrack-single-stim","263","401916","0.0-5.0-249.0","go-nogo","true","0","","true","<div class = centerbox><div  id = stim2></div></div>","32","32","750","","test","go","249","random","","",""
"","317","32","1319","0","test_block","poldrack-single-stim","264","403277","0.0-5.0-250.0","go-nogo","true","0","","true","<div class = centerbox><div  id = stim2></div></div>","32","32","750","","test","go","250","random","","",""
"","331","32","1397","0","test_block","poldrack-single-stim","265","404719","0.0-5.0-251.0","go-nogo","true","0","","true","<div class = centerbox><div  id = stim2></div></div>","32","32","750","","test","go","251","random","","",""
"","306","32","1434","0","test_block","poldrack-single-stim","266","406196","0.0-5.0-252.0","go-nogo","true","0","","true","<div class = centerbox><div  id = stim2></div></div>","32","32","750","","test","go","252","random","","",""
"","273","32","1079","0","test_block","poldrack-single-stim","267","407314","0.0-5.0-253.0","go-nogo","true","0","","true","<div class = centerbox><div  id = stim2></div></div>","32","32","750","","test","go","253","random","","",""
"","416","32","1341","0","test_block","poldrack-single-stim","268","408698","0.0-5.0-254.0","go-nogo","true","0","","true","<div class = centerbox><div  id = stim2></div></div>","32","32","750","","test","go","254","random","","",""
"","327","32","1350","0","test_block","poldrack-single-stim","269","410091","0.0-5.0-255.0","go-nogo","true","0","","true","<div class = centerbox><div  id = stim2></div></div>","32","32","750","","test","go","255","random","","",""
"","319","32","1022","0","test_block","poldrack-single-stim","270","411155","0.0-5.0-256.0","go-nogo","true","0","","true","<div class = centerbox><div  id = stim2></div></div>","32","32","750","","test","go","256","random","","",""
"","400","32","1214","0","test_block","poldrack-single-stim","271","412434","0.0-5.0-257.0","go-nogo","true","0","","true","<div class = centerbox><div  id = stim2></div></div>","32","32","750","","test","go","257","random","","",""
"","313","32","1388","0","test_block","poldrack-single-stim","272","413863","0.0-5.0-258.0","go-nogo","true","0","","true","<div class = centerbox><div  id = stim2></div></div>","32","32","750","","test","go","258","random","","",""
"","322","32","1380","0","test_block","poldrack-single-stim","273","415294","0.0-5.0-259.0","go-nogo","true","0","","true","<div class = centerbox><div  id = stim2></div></div>","32","32","750","","test","go","259","random","","",""
"","318","32","1320","0","test_block","poldrack-single-stim","274","416654","0.0-5.0-260.0","go-nogo","true","0","","true","<div class = centerbox><div  id = stim2></div></div>","32","32","750","","test","go","260","random","","",""
"","-1","-1","1060","0","test_block","poldrack-single-stim","275","417783","0.0-5.0-261.0","go-nogo","true","0","","true","<div class = centerbox><div  id = stim1></div></div>","-1","32","750","","test","nogo","261","random","","",""
"","326","32","1497","0","test_block","poldrack-single-stim","276","419319","0.0-5.0-262.0","go-nogo","true","0","","true","<div class = centerbox><div  id = stim2></div></div>","32","32","750","","test","go","262","random","","",""
"","309","32","1392","0","test_block","poldrack-single-stim","277","420751","0.0-5.0-263.0","go-nogo","true","0","","true","<div class = centerbox><div  id = stim2></div></div>","32","32","750","","test","go","263","random","","",""
"","351","32","1309","0","test_block","poldrack-single-stim","278","422106","0.0-5.0-264.0","go-nogo","true","0","","true","<div class = centerbox><div  id = stim2></div></div>","32","32","750","","test","go","264","random","","",""
"","-1","-1","1009","0","test_block","poldrack-single-stim","279","423157","0.0-5.0-265.0","go-nogo","true","0","","true","<div class = centerbox><div  id = stim1></div></div>","-1","32","750","","test","nogo","265","random","","",""
"","385","32","1085","0","test_block","poldrack-single-stim","280","424283","0.0-5.0-266.0","go-nogo","true","0","","true","<div class = centerbox><div  id = stim2></div></div>","32","32","750","","test","go","266","random","","",""
"","471","32","1290","0","test_block","poldrack-single-stim","281","425615","0.0-5.0-267.0","go-nogo","true","0","","true","<div class = centerbox><div  id = stim2></div></div>","32","32","750","","test","go","267","random","","",""
"","355","32","1052","0","test_block","poldrack-single-stim","282","426710","0.0-5.0-268.0","go-nogo","true","0","","true","<div class = centerbox><div  id = stim2></div></div>","32","32","750","","test","go","268","random","","",""
"","519","32","1021","0","test_block","poldrack-single-stim","283","427770","0.0-5.0-269.0","go-nogo","true","0","","true","<div class = centerbox><div  id = stim2></div></div>","32","32","750","","test","go","269","random","","",""
"","631","32","1370","0","test_block","poldrack-single-stim","284","429183","0.0-5.0-270.0","go-nogo","true","0","","true","<div class = centerbox><div  id = stim2></div></div>","32","32","750","","test","go","270","random","","",""
"","435","32","1010","0","test_block","poldrack-single-stim","285","430235","0.0-5.0-271.0","go-nogo","true","0","","true","<div class = centerbox><div  id = stim2></div></div>","32","32","750","","test","go","271","random","","",""
"","563","32","1414","0","test_block","poldrack-single-stim","286","431709","0.0-5.0-272.0","go-nogo","true","0","","true","<div class = centerbox><div  id = stim2></div></div>","32","32","750","","test","go","272","random","","",""
"","351","32","1271","0","test_block","poldrack-single-stim","287","433019","0.0-5.0-273.0","go-nogo","true","0","","true","<div class = centerbox><div  id = stim2></div></div>","32","32","750","","test","go","273","random","","",""
"","373","32","1485","0","test_block","poldrack-single-stim","288","434548","0.0-5.0-274.0","go-nogo","true","0","","true","<div class = centerbox><div  id = stim2></div></div>","32","32","750","","test","go","274","random","","",""
"","374","32","1240","0","test_block","poldrack-single-stim","289","435830","0.0-5.0-275.0","go-nogo","true","0","","true","<div class = centerbox><div  id = stim2></div></div>","32","32","750","","test","go","275","random","","",""
"","382","32","1240","0","test_block","poldrack-single-stim","290","437109","0.0-5.0-276.0","go-nogo","true","0","","true","<div class = centerbox><div  id = stim2></div></div>","32","32","750","","test","go","276","random","","",""
"","396","32","1287","0","test_block","poldrack-single-stim","291","438438","0.0-5.0-277.0","go-nogo","true","0","","true","<div class = centerbox><div  id = stim2></div></div>","32","32","750","","test","go","277","random","","",""
"","499","32","1422","0","test_block","poldrack-single-stim","292","439902","0.0-5.0-278.0","go-nogo","true","0","","true","<div class = centerbox><div  id = stim2></div></div>","32","32","750","","test","go","278","random","","",""
"","447","32","1343","0","test_block","poldrack-single-stim","293","441308","0.0-5.0-279.0","go-nogo","true","0","","true","<div class = centerbox><div  id = stim2></div></div>","32","32","750","","test","go","279","random","","",""
"","391","32","1454","0","test_block","poldrack-single-stim","294","442803","0.0-5.0-280.0","go-nogo","true","0","","true","<div class = centerbox><div  id = stim2></div></div>","32","32","750","","test","go","280","random","","",""
"","360","32","1477","0","test_block","poldrack-single-stim","295","444321","0.0-5.0-281.0","go-nogo","true","0","","true","<div class = centerbox><div  id = stim2></div></div>","32","32","750","","test","go","281","random","","",""
"","386","32","1024","0","test_block","poldrack-single-stim","296","445385","0.0-5.0-282.0","go-nogo","true","0","","true","<div class = centerbox><div  id = stim2></div></div>","32","32","750","","test","go","282","random","","",""
"","444","32","1376","0","test_block","poldrack-single-stim","297","446808","0.0-5.0-283.0","go-nogo","true","0","","true","<div class = centerbox><div  id = stim2></div></div>","32","32","750","","test","go","283","random","","",""
"","315","32","1170","0","test_block","poldrack-single-stim","298","448019","0.0-5.0-284.0","go-nogo","true","0","","true","<div class = centerbox><div  id = stim2></div></div>","32","32","750","","test","go","284","random","","",""
"","399","32","1307","0","test_block","poldrack-single-stim","299","449368","0.0-5.0-285.0","go-nogo","true","0","","true","<div class = centerbox><div  id = stim2></div></div>","32","32","750","","test","go","285","random","","",""
"","279","32","1236","0","test_block","poldrack-single-stim","300","450657","0.0-5.0-286.0","go-nogo","true","0","","true","<div class = centerbox><div  id = stim2></div></div>","32","32","750","","test","go","286","random","","",""
"","290","32","1142","0","test_block","poldrack-single-stim","301","451839","0.0-5.0-287.0","go-nogo","true","0","","true","<div class = centerbox><div  id = stim2></div></div>","32","32","750","","test","go","287","random","","",""
"","365","32","1462","0","test_block","poldrack-single-stim","302","453364","0.0-5.0-288.0","go-nogo","true","0","","true","<div class = centerbox><div  id = stim2></div></div>","32","32","750","","test","go","288","random","","",""
"","310","32","1109","0","test_block","poldrack-single-stim","303","454514","0.0-5.0-289.0","go-nogo","true","0","","true","<div class = centerbox><div  id = stim2></div></div>","32","32","750","","test","go","289","random","","",""
"","383","32","1273","0","test_block","poldrack-single-stim","304","455836","0.0-5.0-290.0","go-nogo","true","0","","true","<div class = centerbox><div  id = stim2></div></div>","32","32","750","","test","go","290","random","","",""
"","375","32","1345","0","test_block","poldrack-single-stim","305","457220","0.0-5.0-291.0","go-nogo","true","0","","true","<div class = centerbox><div  id = stim2></div></div>","32","32","750","","test","go","291","random","","",""
"","311","32","1499","0","test_block","poldrack-single-stim","306","458759","0.0-5.0-292.0","go-nogo","true","0","","true","<div class = centerbox><div  id = stim2></div></div>","32","32","750","","test","go","292","random","","",""
"","400","32","1054","0","test_block","poldrack-single-stim","307","459856","0.0-5.0-293.0","go-nogo","true","0","","true","<div class = centerbox><div  id = stim2></div></div>","32","32","750","","test","go","293","random","","",""
"","411","32","1396","0","test_block","poldrack-single-stim","308","461292","0.0-5.0-294.0","go-nogo","true","0","","true","<div class = centerbox><div  id = stim2></div></div>","32","32","750","","test","go","294","random","","",""
"","-1","-1","1361","0","test_block","poldrack-single-stim","309","462692","0.0-5.0-295.0","go-nogo","true","0","","true","<div class = centerbox><div  id = stim1></div></div>","-1","32","750","","test","nogo","295","random","","",""
"","333","32","1386","0","test_block","poldrack-single-stim","310","464120","0.0-5.0-296.0","go-nogo","true","0","","true","<div class = centerbox><div  id = stim2></div></div>","32","32","750","","test","go","296","random","","",""
"","361","32","1290","0","test_block","poldrack-single-stim","311","465454","0.0-5.0-297.0","go-nogo","true","0","","true","<div class = centerbox><div  id = stim2></div></div>","32","32","750","","test","go","297","random","","",""
"","299","32","1470","0","test_block","poldrack-single-stim","312","466968","0.0-5.0-298.0","go-nogo","true","0","","true","<div class = centerbox><div  id = stim2></div></div>","32","32","750","","test","go","298","random","","",""
"","283","32","1057","0","test_block","poldrack-single-stim","313","468067","0.0-5.0-299.0","go-nogo","true","0","","true","<div class = centerbox><div  id = stim2></div></div>","32","32","750","","test","go","299","random","","",""
"","411","32","1124","0","test_block","poldrack-single-stim","314","469231","0.0-5.0-300.0","go-nogo","true","0","","true","<div class = centerbox><div  id = stim2></div></div>","32","32","750","","test","go","300","random","","",""
"","384","32","1027","0","test_block","poldrack-single-stim","315","470295","0.0-5.0-301.0","go-nogo","true","0","","true","<div class = centerbox><div  id = stim2></div></div>","32","32","750","","test","go","301","random","","",""
"","412","32","1040","0","test_block","poldrack-single-stim","316","471377","0.0-5.0-302.0","go-nogo","true","0","","true","<div class = centerbox><div  id = stim2></div></div>","32","32","750","","test","go","302","random","","",""
"","402","32","1063","0","test_block","poldrack-single-stim","317","472481","0.0-5.0-303.0","go-nogo","true","0","","true","<div class = centerbox><div  id = stim2></div></div>","32","32","750","","test","go","303","random","","",""
"","367","32","1145","0","test_block","poldrack-single-stim","318","473704","0.0-5.0-304.0","go-nogo","true","0","","true","<div class = centerbox><div  id = stim2></div></div>","32","32","750","","test","go","304","random","","",""
"","337","32","1270","0","test_block","poldrack-single-stim","319","475017","0.0-5.0-305.0","go-nogo","true","0","","true","<div class = centerbox><div  id = stim2></div></div>","32","32","750","","test","go","305","random","","",""
"","242","32","1293","0","test_block","poldrack-single-stim","320","476351","0.0-5.0-306.0","go-nogo","true","0","","false","<div class = centerbox><div  id = stim1></div></div>","-1","32","750","","test","nogo","306","random","","",""
"","401","32","1440","0","test_block","poldrack-single-stim","321","477827","0.0-5.0-307.0","go-nogo","true","0","","true","<div class = centerbox><div  id = stim2></div></div>","32","32","750","","test","go","307","random","","",""
"","137","32","1114","0","test_block","poldrack-single-stim","322","478981","0.0-5.0-308.0","go-nogo","true","0","","false","<div class = centerbox><div  id = stim1></div></div>","-1","32","750","","test","nogo","308","random","","",""
"","531","32","1474","0","test_block","poldrack-single-stim","323","480523","0.0-5.0-309.0","go-nogo","true","0","","true","<div class = centerbox><div  id = stim2></div></div>","32","32","750","","test","go","309","random","","",""
"","-1","-1","1391","0","test_block","poldrack-single-stim","324","481955","0.0-5.0-310.0","go-nogo","true","0","","true","<div class = centerbox><div  id = stim1></div></div>","-1","32","750","","test","nogo","310","random","","",""
"","-1","-1","1181","0","test_block","poldrack-single-stim","325","483178","0.0-5.0-311.0","go-nogo","true","0","","true","<div class = centerbox><div  id = stim1></div></div>","-1","32","750","","test","nogo","311","random","","",""
"","506","32","1066","0","test_block","poldrack-single-stim","326","484284","0.0-5.0-312.0","go-nogo","true","0","","true","<div class = centerbox><div  id = stim2></div></div>","32","32","750","","test","go","312","random","","",""
"","544","32","1322","0","test_block","poldrack-single-stim","327","485646","0.0-5.0-313.0","go-nogo","true","0","","true","<div class = centerbox><div  id = stim2></div></div>","32","32","750","","test","go","313","random","","",""
"","366","32","1213","0","test_block","poldrack-single-stim","328","486900","0.0-5.0-314.0","go-nogo","true","0","","true","<div class = centerbox><div  id = stim2></div></div>","32","32","750","","test","go","314","random","","",""
"","350","32","1427","0","test_block","poldrack-single-stim","329","488369","0.0-5.0-315.0","go-nogo","true","0","","true","<div class = centerbox><div  id = stim2></div></div>","32","32","750","","test","go","315","random","","",""
"","307","32","1272","0","test_block","poldrack-single-stim","330","489681","0.0-5.0-316.0","go-nogo","true","0","","true","<div class = centerbox><div  id = stim2></div></div>","32","32","750","","test","go","316","random","","",""
"","298","32","1183","0","test_block","poldrack-single-stim","331","490905","0.0-5.0-317.0","go-nogo","true","0","","false","<div class = centerbox><div  id = stim1></div></div>","-1","32","750","","test","nogo","317","random","","",""
"","441","32","1311","0","test_block","poldrack-single-stim","332","492257","0.0-5.0-318.0","go-nogo","true","0","","true","<div class = centerbox><div  id = stim2></div></div>","32","32","750","","test","go","318","random","","",""
"","418","32","1106","0","test_block","poldrack-single-stim","333","493403","0.0-5.0-319.0","go-nogo","true","0","","true","<div class = centerbox><div  id = stim2></div></div>","32","32","750","","test","go","319","random","","",""
"","423","32","1260","0","test_block","poldrack-single-stim","334","494705","0.0-5.0-320.0","go-nogo","true","0","","true","<div class = centerbox><div  id = stim2></div></div>","32","32","750","","test","go","320","random","","",""
"","455","32","1410","0","test_block","poldrack-single-stim","335","496175","0.0-5.0-321.0","go-nogo","true","0","","true","<div class = centerbox><div  id = stim2></div></div>","32","32","750","","test","go","321","random","","",""
"","476","32","1428","0","test_block","poldrack-single-stim","336","497643","0.0-5.0-322.0","go-nogo","true","0","","true","<div class = centerbox><div  id = stim2></div></div>","32","32","750","","test","go","322","random","","",""
"","440","32","1172","0","test_block","poldrack-single-stim","337","498855","0.0-5.0-323.0","go-nogo","true","0","","true","<div class = centerbox><div  id = stim2></div></div>","32","32","750","","test","go","323","random","","",""
"","497","32","1163","0","test_block","poldrack-single-stim","338","500061","0.0-5.0-324.0","go-nogo","true","0","","true","<div class = centerbox><div  id = stim2></div></div>","32","32","750","","test","go","324","random","","",""
"","496","32","1036","0","test_block","poldrack-single-stim","339","501143","0.0-5.0-325.0","go-nogo","true","0","","true","<div class = centerbox><div  id = stim2></div></div>","32","32","750","","test","go","325","random","","",""
"","618","32","1393","0","test_block","poldrack-single-stim","340","502578","0.0-5.0-326.0","go-nogo","true","0","","true","<div class = centerbox><div  id = stim2></div></div>","32","32","750","","test","go","326","random","","",""
"","511","32","1114","0","test_block","poldrack-single-stim","341","503734","0.0-5.0-327.0","go-nogo","true","0","","true","<div class = centerbox><div  id = stim2></div></div>","32","32","750","","test","go","327","random","","",""
"","464","32","1401","0","test_block","poldrack-single-stim","342","505228","0.0-5.0-328.0","go-nogo","true","0","","true","<div class = centerbox><div  id = stim2></div></div>","32","32","750","","test","go","328","random","","",""
"","-1","-1","1048","0","test_block","poldrack-single-stim","343","506356","0.0-5.0-329.0","go-nogo","true","0","","true","<div class = centerbox><div  id = stim1></div></div>","-1","32","750","","test","nogo","329","random","","",""
"","478","32","1049","0","test_block","poldrack-single-stim","344","507446","0.0-5.0-330.0","go-nogo","true","0","","true","<div class = centerbox><div  id = stim2></div></div>","32","32","750","","test","go","330","random","","",""
"","388","32","1075","0","test_block","poldrack-single-stim","345","508562","0.0-5.0-331.0","go-nogo","true","0","","true","<div class = centerbox><div  id = stim2></div></div>","32","32","750","","test","go","331","random","","",""
"","328","32","1216","0","test_block","poldrack-single-stim","346","509828","0.0-5.0-332.0","go-nogo","true","0","","true","<div class = centerbox><div  id = stim2></div></div>","32","32","750","","test","go","332","random","","",""
"","346","32","1016","0","test_block","poldrack-single-stim","347","510898","0.0-5.0-333.0","go-nogo","true","0","","true","<div class = centerbox><div  id = stim2></div></div>","32","32","750","","test","go","333","random","","",""
"","400","32","1355","0","test_block","poldrack-single-stim","348","512294","0.0-5.0-334.0","go-nogo","true","0","","true","<div class = centerbox><div  id = stim2></div></div>","32","32","750","","test","go","334","random","","",""
"","333","32","1453","0","test_block","poldrack-single-stim","349","513788","0.0-5.0-335.0","go-nogo","true","0","","true","<div class = centerbox><div  id = stim2></div></div>","32","32","750","","test","go","335","random","","",""
"","-1","-1","1296","0","test_block","poldrack-single-stim","350","515125","0.0-5.0-336.0","go-nogo","true","0","","true","<div class = centerbox><div  id = stim1></div></div>","-1","32","750","","test","nogo","336","random","","",""
"","245","32","1172","0","test_block","poldrack-single-stim","351","516339","0.0-5.0-337.0","go-nogo","true","0","","true","<div class = centerbox><div  id = stim2></div></div>","32","32","750","","test","go","337","random","","",""
"","281","32","1131","0","test_block","poldrack-single-stim","352","517516","0.0-5.0-338.0","go-nogo","true","0","","true","<div class = centerbox><div  id = stim2></div></div>","32","32","750","","test","go","338","random","","",""
"","311","32","1262","0","test_block","poldrack-single-stim","353","518819","0.0-5.0-339.0","go-nogo","true","0","","true","<div class = centerbox><div  id = stim2></div></div>","32","32","750","","test","go","339","random","","",""
"","83","32","1323","0","test_block","poldrack-single-stim","354","520210","0.0-5.0-340.0","go-nogo","true","0","","true","<div class = centerbox><div  id = stim2></div></div>","32","32","750","","test","go","340","random","","",""
"","298","32","1483","0","test_block","poldrack-single-stim","355","521771","0.0-5.0-341.0","go-nogo","true","0","","true","<div class = centerbox><div  id = stim2></div></div>","32","32","750","","test","go","341","random","","",""
"","277","32","1051","0","test_block","poldrack-single-stim","356","522864","0.0-5.0-342.0","go-nogo","true","0","","true","<div class = centerbox><div  id = stim2></div></div>","32","32","750","","test","go","342","random","","",""
"","354","32","1142","0","test_block","poldrack-single-stim","357","524047","0.0-5.0-343.0","go-nogo","true","0","","true","<div class = centerbox><div  id = stim2></div></div>","32","32","750","","test","go","343","random","","",""
"","-1","-1","1082","0","test_block","poldrack-single-stim","358","525168","0.0-5.0-344.0","go-nogo","true","0","","true","<div class = centerbox><div  id = stim1></div></div>","-1","32","750","","test","nogo","344","random","","",""
"","427","32","1086","0","test_block","poldrack-single-stim","359","526298","0.0-5.0-345.0","go-nogo","true","0","","true","<div class = centerbox><div  id = stim2></div></div>","32","32","750","","test","go","345","random","","",""
"","412","32","1417","0","test_block","poldrack-single-stim","360","527754","0.0-5.0-346.0","go-nogo","true","0","","true","<div class = centerbox><div  id = stim2></div></div>","32","32","750","","test","go","346","random","","",""
"","329","32","1101","0","test_block","poldrack-single-stim","361","528904","0.0-5.0-347.0","go-nogo","true","0","","true","<div class = centerbox><div  id = stim2></div></div>","32","32","750","","test","go","347","random","","",""
"","306","32","1132","0","test_block","poldrack-single-stim","362","530078","0.0-5.0-348.0","go-nogo","true","0","","true","<div class = centerbox><div  id = stim2></div></div>","32","32","750","","test","go","348","random","","",""
"","311","32","1083","0","test_block","poldrack-single-stim","363","531201","0.0-5.0-349.0","go-nogo","true","0","","true","<div class = centerbox><div  id = stim2></div></div>","32","32","750","","test","go","349","random","","",""
"","309169","","","","post task questions","survey-text","364","840418","0.0-7.0","go-nogo","true","0","","","","","","","","","","","","{""Q0"":""I was asked to click on the space bar whenever a blue square appears on the screen and to do nothing whenever the yellow square appear,"",""Q1"":""I did some wrong clicking unintentionally.Whenever my mind wandered about something else other than what is going on the screen I clicked wrongly. Any way it was not so difficult.Thank you.""}","",""
