,adv action,condition,git,investment,repay
0,[2],"""adv""","('644a2f6ca9ee7e9393d0632bffcb05fe8e280b8a', 'vec')",15,[22.5]
1,[2],"""adv""","('644a2f6ca9ee7e9393d0632bffcb05fe8e280b8a', 'vec')",15,[22.5]
2,[2],"""adv""","('644a2f6ca9ee7e9393d0632bffcb05fe8e280b8a', 'vec')",17,[25.5]
3,[2],"""adv""","('644a2f6ca9ee7e9393d0632bffcb05fe8e280b8a', 'vec')",18,[27.]
4,[2],"""adv""","('644a2f6ca9ee7e9393d0632bffcb05fe8e280b8a', 'vec')",17,[25.5]
5,[2],"""adv""","('644a2f6ca9ee7e9393d0632bffcb05fe8e280b8a', 'vec')",19,[28.5]
6,[1],"""adv""","('644a2f6ca9ee7e9393d0632bffcb05fe8e280b8a', 'vec')",16,[12.]
7,[2],"""adv""","('644a2f6ca9ee7e9393d0632bffcb05fe8e280b8a', 'vec')",19,[28.5]
8,[1],"""adv""","('644a2f6ca9ee7e9393d0632bffcb05fe8e280b8a', 'vec')",20,[15.]
9,[2],"""adv""","('644a2f6ca9ee7e9393d0632bffcb05fe8e280b8a', 'vec')",19,[28.5]
