,adv action,condition,git,investment,repay
0,[4],"""rnd""","('9dd8eacef64ad614f017ef436b17c9ddafa0f0c2', 'vec')",15,[45.]
1,[0],"""rnd""","('9dd8eacef64ad614f017ef436b17c9ddafa0f0c2', 'vec')",20,[0.]
2,[2],"""rnd""","('9dd8eacef64ad614f017ef436b17c9ddafa0f0c2', 'vec')",15,[22.5]
3,[3],"""rnd""","('9dd8eacef64ad614f017ef436b17c9ddafa0f0c2', 'vec')",15,[33.75]
4,[0],"""rnd""","('9dd8eacef64ad614f017ef436b17c9ddafa0f0c2', 'vec')",10,[0.]
5,[4],"""rnd""","('9dd8eacef64ad614f017ef436b17c9ddafa0f0c2', 'vec')",15,[45.]
6,[0],"""rnd""","('9dd8eacef64ad614f017ef436b17c9ddafa0f0c2', 'vec')",15,[0.]
7,[1],"""rnd""","('9dd8eacef64ad614f017ef436b17c9ddafa0f0c2', 'vec')",15,[11.25]
8,[0],"""rnd""","('9dd8eacef64ad614f017ef436b17c9ddafa0f0c2', 'vec')",16,[0.]
9,[1],"""rnd""","('9dd8eacef64ad614f017ef436b17c9ddafa0f0c2', 'vec')",15,[11.25]
