trial_number, time, schedule_type, schedule_name, is_biased_choice, side_choice, RT, observed_reward, unobserved_reward, biased_reward, unbiased_reward
0,2020-02-24 05:22:21am, DYNAMIC, random_0, false, LEFT, 24841, 0.0, 1.0, 1.0, 0.0
1,2020-02-24 05:22:32am, DYNAMIC, random_0, true, RIGHT, 11848, 1.0, 0.0, 1.0, 0.0
2,2020-02-24 05:22:36am, DYNAMIC, random_0, true, RIGHT, 4079, 1.0, 0.0, 1.0, 0.0
3,2020-02-24 05:22:40am, DYNAMIC, random_0, true, RIGHT, 3768, 1.0, 0.0, 1.0, 0.0
4,2020-02-24 05:22:44am, DYNAMIC, random_0, true, RIGHT, 3421, 1.0, 0.0, 1.0, 0.0
5,2020-02-24 05:22:47am, DYNAMIC, random_0, true, RIGHT, 3241, 1.0, 0.0, 1.0, 0.0
6,2020-02-24 05:22:50am, DYNAMIC, random_0, true, RIGHT, 3109, 0.0, 0.0, 0.0, 0.0
7,2020-02-24 05:22:53am, DYNAMIC, random_0, false, LEFT, 3287, 0.0, 0.0, 0.0, 0.0
8,2020-02-24 05:22:56am, DYNAMIC, random_0, true, RIGHT, 3046, 0.0, 0.0, 0.0, 0.0
9,2020-02-24 05:23:00am, DYNAMIC, random_0, false, LEFT, 3492, 0.0, 0.0, 0.0, 0.0
10,2020-02-24 05:23:04am, DYNAMIC, random_0, true, RIGHT, 3990, 0.0, 0.0, 0.0, 0.0
11,2020-02-24 05:23:07am, DYNAMIC, random_0, false, LEFT, 3260, 0.0, 0.0, 0.0, 0.0
12,2020-02-24 05:23:10am, DYNAMIC, random_0, true, RIGHT, 3047, 0.0, 0.0, 0.0, 0.0
13,2020-02-24 05:23:14am, DYNAMIC, random_0, true, RIGHT, 3652, 0.0, 0.0, 0.0, 0.0
14,2020-02-24 05:23:18am, DYNAMIC, random_0, true, RIGHT, 4186, 1.0, 0.0, 1.0, 0.0
15,2020-02-24 05:23:22am, DYNAMIC, random_0, true, RIGHT, 3653, 1.0, 0.0, 1.0, 0.0
16,2020-02-24 05:23:25am, DYNAMIC, random_0, true, RIGHT, 3420, 1.0, 0.0, 1.0, 0.0
17,2020-02-24 05:23:28am, DYNAMIC, random_0, true, RIGHT, 3180, 1.0, 1.0, 1.0, 1.0
18,2020-02-24 05:23:31am, DYNAMIC, random_0, true, RIGHT, 2895, 1.0, 1.0, 1.0, 1.0
19,2020-02-24 05:23:34am, DYNAMIC, random_0, true, RIGHT, 3350, 1.0, 1.0, 1.0, 1.0
20,2020-02-24 05:23:39am, DYNAMIC, random_0, true, RIGHT, 4728, 1.0, 1.0, 1.0, 1.0
21,2020-02-24 05:23:42am, DYNAMIC, random_0, true, RIGHT, 3135, 1.0, 1.0, 1.0, 1.0
22,2020-02-24 05:23:45am, DYNAMIC, random_0, true, RIGHT, 2922, 1.0, 1.0, 1.0, 1.0
23,2020-02-24 05:23:50am, DYNAMIC, random_0, true, RIGHT, 4420, 1.0, 1.0, 1.0, 1.0
24,2020-02-24 05:23:53am, DYNAMIC, random_0, true, RIGHT, 3598, 1.0, 1.0, 1.0, 1.0
25,2020-02-24 05:24:04am, DYNAMIC, random_0, true, RIGHT, 10479, 1.0, 1.0, 1.0, 1.0
26,2020-02-24 05:24:07am, DYNAMIC, random_0, true, RIGHT, 2958, 0.0, 1.0, 0.0, 1.0
27,2020-02-24 05:24:10am, DYNAMIC, random_0, true, RIGHT, 3279, 1.0, 1.0, 1.0, 1.0
28,2020-02-24 05:24:13am, DYNAMIC, random_0, true, RIGHT, 3137, 0.0, 1.0, 0.0, 1.0
29,2020-02-24 05:24:16am, DYNAMIC, random_0, true, RIGHT, 3135, 0.0, 1.0, 0.0, 1.0
30,2020-02-24 05:24:19am, DYNAMIC, random_0, true, RIGHT, 3003, 1.0, 1.0, 1.0, 1.0
31,2020-02-24 05:24:23am, DYNAMIC, random_0, true, RIGHT, 3287, 0.0, 1.0, 0.0, 1.0
32,2020-02-24 05:24:26am, DYNAMIC, random_0, true, RIGHT, 3894, 0.0, 1.0, 0.0, 1.0
33,2020-02-24 05:24:29am, DYNAMIC, random_0, false, LEFT, 2941, 1.0, 1.0, 1.0, 1.0
34,2020-02-24 05:24:33am, DYNAMIC, random_0, false, LEFT, 3368, 0.0, 0.0, 0.0, 0.0
35,2020-02-24 05:24:36am, DYNAMIC, random_0, true, RIGHT, 3314, 0.0, 0.0, 0.0, 0.0
36,2020-02-24 05:24:40am, DYNAMIC, random_0, false, LEFT, 4240, 0.0, 1.0, 1.0, 0.0
37,2020-02-24 05:24:44am, DYNAMIC, random_0, true, RIGHT, 3280, 0.0, 0.0, 0.0, 0.0
38,2020-02-24 05:24:47am, DYNAMIC, random_0, true, RIGHT, 3092, 1.0, 0.0, 1.0, 0.0
39,2020-02-24 05:24:50am, DYNAMIC, random_0, true, RIGHT, 3459, 1.0, 0.0, 1.0, 0.0
40,2020-02-24 05:24:53am, DYNAMIC, random_0, true, RIGHT, 2993, 1.0, 1.0, 1.0, 1.0
41,2020-02-24 05:24:56am, DYNAMIC, random_0, true, RIGHT, 3208, 0.0, 1.0, 0.0, 1.0
42,2020-02-24 05:25:00am, DYNAMIC, random_0, true, RIGHT, 3920, 0.0, 1.0, 0.0, 1.0
43,2020-02-24 05:25:03am, DYNAMIC, random_0, true, RIGHT, 3031, 0.0, 1.0, 0.0, 1.0
44,2020-02-24 05:25:08am, DYNAMIC, random_0, true, RIGHT, 5115, 0.0, 0.0, 0.0, 0.0
45,2020-02-24 05:25:11am, DYNAMIC, random_0, false, LEFT, 3047, 0.0, 0.0, 0.0, 0.0
46,2020-02-24 05:25:15am, DYNAMIC, random_0, false, LEFT, 3646, 0.0, 0.0, 0.0, 0.0
47,2020-02-24 05:25:18am, DYNAMIC, random_0, false, LEFT, 3163, 0.0, 0.0, 0.0, 0.0
48,2020-02-24 05:25:21am, DYNAMIC, random_0, true, RIGHT, 2940, 0.0, 0.0, 0.0, 0.0
49,2020-02-24 05:25:25am, DYNAMIC, random_0, false, LEFT, 3655, 0.0, 0.0, 0.0, 0.0
50,2020-02-24 05:25:29am, DYNAMIC, random_0, true, RIGHT, 3878, 0.0, 0.0, 0.0, 0.0
51,2020-02-24 05:25:32am, DYNAMIC, random_0, true, RIGHT, 3146, 0.0, 0.0, 0.0, 0.0
52,2020-02-24 05:25:35am, DYNAMIC, random_0, true, RIGHT, 3173, 0.0, 0.0, 0.0, 0.0
53,2020-02-24 05:25:39am, DYNAMIC, random_0, false, LEFT, 3789, 0.0, 0.0, 0.0, 0.0
54,2020-02-24 05:25:42am, DYNAMIC, random_0, true, RIGHT, 2682, 0.0, 0.0, 0.0, 0.0
55,2020-02-24 05:25:45am, DYNAMIC, random_0, true, RIGHT, 3299, 0.0, 0.0, 0.0, 0.0
56,2020-02-24 05:25:48am, DYNAMIC, random_0, false, LEFT, 3066, 0.0, 0.0, 0.0, 0.0
57,2020-02-24 05:25:51am, DYNAMIC, random_0, true, RIGHT, 2745, 0.0, 0.0, 0.0, 0.0
58,2020-02-24 05:25:54am, DYNAMIC, random_0, true, RIGHT, 3530, 0.0, 0.0, 0.0, 0.0
59,2020-02-24 05:25:57am, DYNAMIC, random_0, true, RIGHT, 3201, 0.0, 0.0, 0.0, 0.0
60,2020-02-24 05:26:01am, DYNAMIC, random_0, true, RIGHT, 3859, 0.0, 0.0, 0.0, 0.0
61,2020-02-24 05:26:04am, DYNAMIC, random_0, true, RIGHT, 2764, 0.0, 0.0, 0.0, 0.0
62,2020-02-24 05:26:07am, DYNAMIC, random_0, true, RIGHT, 3281, 0.0, 0.0, 0.0, 0.0
63,2020-02-24 05:26:12am, DYNAMIC, random_0, true, RIGHT, 4287, 0.0, 0.0, 0.0, 0.0
64,2020-02-24 05:26:15am, DYNAMIC, random_0, false, LEFT, 3369, 0.0, 0.0, 0.0, 0.0
65,2020-02-24 05:26:18am, DYNAMIC, random_0, false, LEFT, 2978, 0.0, 0.0, 0.0, 0.0
66,2020-02-24 05:26:22am, DYNAMIC, random_0, false, LEFT, 4101, 0.0, 0.0, 0.0, 0.0
67,2020-02-24 05:26:25am, DYNAMIC, random_0, false, LEFT, 2861, 0.0, 0.0, 0.0, 0.0
68,2020-02-24 05:26:28am, DYNAMIC, random_0, true, RIGHT, 2879, 0.0, 0.0, 0.0, 0.0
69,2020-02-24 05:26:31am, DYNAMIC, random_0, true, RIGHT, 3361, 0.0, 0.0, 0.0, 0.0
70,2020-02-24 05:26:35am, DYNAMIC, random_0, true, RIGHT, 4092, 0.0, 0.0, 0.0, 0.0
71,2020-02-24 05:26:38am, DYNAMIC, random_0, true, RIGHT, 3014, 0.0, 0.0, 0.0, 0.0
72,2020-02-24 05:26:41am, DYNAMIC, random_0, true, RIGHT, 2808, 0.0, 0.0, 0.0, 0.0
73,2020-02-24 05:26:44am, DYNAMIC, random_0, true, RIGHT, 3102, 0.0, 0.0, 0.0, 0.0
74,2020-02-24 05:26:48am, DYNAMIC, random_0, true, RIGHT, 3790, 0.0, 0.0, 0.0, 0.0
75,2020-02-24 05:26:55am, DYNAMIC, random_0, true, RIGHT, 7230, 0.0, 0.0, 0.0, 0.0
76,2020-02-24 05:26:59am, DYNAMIC, random_0, true, RIGHT, 4093, 0.0, 0.0, 0.0, 0.0
77,2020-02-24 05:27:02am, DYNAMIC, random_0, true, RIGHT, 2809, 0.0, 0.0, 0.0, 0.0
78,2020-02-24 05:27:05am, DYNAMIC, random_0, true, RIGHT, 2959, 0.0, 0.0, 0.0, 0.0
79,2020-02-24 05:27:09am, DYNAMIC, random_0, true, RIGHT, 3744, 0.0, 0.0, 0.0, 0.0
80,2020-02-24 05:27:12am, DYNAMIC, random_0, true, RIGHT, 3558, 0.0, 0.0, 0.0, 0.0
81,2020-02-24 05:27:16am, DYNAMIC, random_0, false, LEFT, 3254, 0.0, 0.0, 0.0, 0.0
82,2020-02-24 05:27:19am, DYNAMIC, random_0, true, RIGHT, 3949, 0.0, 0.0, 0.0, 0.0
83,2020-02-24 05:27:22am, DYNAMIC, random_0, false, LEFT, 2853, 0.0, 0.0, 0.0, 0.0
84,2020-02-24 05:27:26am, DYNAMIC, random_0, true, RIGHT, 3629, 0.0, 0.0, 0.0, 0.0
85,2020-02-24 05:27:30am, DYNAMIC, random_0, true, RIGHT, 3764, 0.0, 0.0, 0.0, 0.0
86,2020-02-24 05:27:33am, DYNAMIC, random_0, true, RIGHT, 2834, 0.0, 0.0, 0.0, 0.0
87,2020-02-24 05:27:36am, DYNAMIC, random_0, true, RIGHT, 3451, 0.0, 0.0, 0.0, 0.0
88,2020-02-24 05:27:39am, DYNAMIC, random_0, true, RIGHT, 3066, 0.0, 0.0, 0.0, 0.0
89,2020-02-24 05:27:42am, DYNAMIC, random_0, true, RIGHT, 3050, 0.0, 0.0, 0.0, 0.0
90,2020-02-24 05:27:45am, DYNAMIC, random_0, false, LEFT, 2648, 0.0, 0.0, 0.0, 0.0
91,2020-02-24 05:27:47am, DYNAMIC, random_0, false, LEFT, 2585, 0.0, 0.0, 0.0, 0.0
92,2020-02-24 05:27:51am, DYNAMIC, random_0, false, LEFT, 3165, 1.0, 0.0, 0.0, 1.0
93,2020-02-24 05:27:53am, DYNAMIC, random_0, false, LEFT, 2862, 0.0, 0.0, 0.0, 0.0
94,2020-02-24 05:27:57am, DYNAMIC, random_0, true, RIGHT, 3960, 0.0, 0.0, 0.0, 0.0
95,2020-02-24 05:28:01am, DYNAMIC, random_0, true, RIGHT, 3040, 0.0, 0.0, 0.0, 0.0
96,2020-02-24 05:28:04am, DYNAMIC, random_0, true, RIGHT, 3762, 0.0, 0.0, 0.0, 0.0
97,2020-02-24 05:28:07am, DYNAMIC, random_0, true, RIGHT, 2862, 0.0, 1.0, 0.0, 1.0
98,2020-02-24 05:28:10am, DYNAMIC, random_0, false, LEFT, 3157, 1.0, 0.0, 0.0, 1.0
99,2020-02-24 05:28:14am, DYNAMIC, random_0, true, RIGHT, 3656, 0.0, 1.0, 0.0, 1.0
