trial_number, time, schedule_type, schedule_name, is_biased_choice, side_choice, RT, observed_reward, unobserved_reward, biased_reward, unbiased_reward
0,2020-02-24 05:21:57am, DYNAMIC, random_0, true, LEFT, 1688, 1.0, 0.0, 1.0, 0.0
1,2020-02-24 05:22:00am, DYNAMIC, random_0, false, RIGHT, 3994, 0.0, 1.0, 1.0, 0.0
2,2020-02-24 05:22:03am, DYNAMIC, random_0, true, LEFT, 3064, 1.0, 0.0, 1.0, 0.0
3,2020-02-24 05:22:06am, DYNAMIC, random_0, true, LEFT, 2754, 1.0, 0.0, 1.0, 0.0
4,2020-02-24 05:22:09am, DYNAMIC, random_0, true, LEFT, 2705, 1.0, 0.0, 1.0, 0.0
5,2020-02-24 05:22:12am, DYNAMIC, random_0, true, LEFT, 2640, 0.0, 0.0, 0.0, 0.0
6,2020-02-24 05:22:15am, DYNAMIC, random_0, false, RIGHT, 3164, 0.0, 0.0, 0.0, 0.0
7,2020-02-24 05:22:17am, DYNAMIC, random_0, true, LEFT, 2561, 0.0, 0.0, 0.0, 0.0
8,2020-02-24 05:22:20am, DYNAMIC, random_0, true, LEFT, 2617, 0.0, 0.0, 0.0, 0.0
9,2020-02-24 05:22:23am, DYNAMIC, random_0, false, RIGHT, 2871, 0.0, 0.0, 0.0, 0.0
10,2020-02-24 05:22:25am, DYNAMIC, random_0, true, LEFT, 2477, 0.0, 0.0, 0.0, 0.0
11,2020-02-24 05:22:28am, DYNAMIC, random_0, true, LEFT, 2770, 0.0, 0.0, 0.0, 0.0
12,2020-02-24 05:22:31am, DYNAMIC, random_0, false, RIGHT, 2399, 0.0, 1.0, 1.0, 0.0
13,2020-02-24 05:22:33am, DYNAMIC, random_0, false, RIGHT, 2769, 0.0, 0.0, 0.0, 0.0
14,2020-02-24 05:22:36am, DYNAMIC, random_0, true, LEFT, 2417, 0.0, 0.0, 0.0, 0.0
15,2020-02-24 05:22:38am, DYNAMIC, random_0, true, LEFT, 2445, 0.0, 0.0, 0.0, 0.0
16,2020-02-24 05:22:41am, DYNAMIC, random_0, false, RIGHT, 2629, 0.0, 1.0, 1.0, 0.0
17,2020-02-24 05:22:43am, DYNAMIC, random_0, true, LEFT, 2580, 0.0, 0.0, 0.0, 0.0
18,2020-02-24 05:22:46am, DYNAMIC, random_0, true, LEFT, 2572, 0.0, 0.0, 0.0, 0.0
19,2020-02-24 05:22:48am, DYNAMIC, random_0, true, LEFT, 2519, 1.0, 0.0, 1.0, 0.0
20,2020-02-24 05:22:51am, DYNAMIC, random_0, true, LEFT, 2450, 1.0, 0.0, 1.0, 0.0
21,2020-02-24 05:22:53am, DYNAMIC, random_0, true, LEFT, 2459, 1.0, 0.0, 1.0, 0.0
22,2020-02-24 05:22:56am, DYNAMIC, random_0, true, LEFT, 2491, 1.0, 0.0, 1.0, 0.0
23,2020-02-24 05:22:58am, DYNAMIC, random_0, true, LEFT, 2560, 1.0, 1.0, 1.0, 1.0
24,2020-02-24 05:23:01am, DYNAMIC, random_0, true, LEFT, 2474, 1.0, 1.0, 1.0, 1.0
25,2020-02-24 05:23:03am, DYNAMIC, random_0, true, LEFT, 2468, 1.0, 1.0, 1.0, 1.0
26,2020-02-24 05:23:06am, DYNAMIC, random_0, true, LEFT, 2442, 1.0, 1.0, 1.0, 1.0
27,2020-02-24 05:23:09am, DYNAMIC, random_0, true, LEFT, 2810, 1.0, 1.0, 1.0, 1.0
28,2020-02-24 05:23:11am, DYNAMIC, random_0, true, LEFT, 2832, 1.0, 1.0, 1.0, 1.0
29,2020-02-24 05:23:14am, DYNAMIC, random_0, true, LEFT, 2377, 1.0, 1.0, 1.0, 1.0
30,2020-02-24 05:23:16am, DYNAMIC, random_0, true, LEFT, 2508, 1.0, 1.0, 1.0, 1.0
31,2020-02-24 05:23:19am, DYNAMIC, random_0, true, LEFT, 2514, 1.0, 1.0, 1.0, 1.0
32,2020-02-24 05:23:21am, DYNAMIC, random_0, true, LEFT, 2753, 0.0, 1.0, 0.0, 1.0
33,2020-02-24 05:23:24am, DYNAMIC, random_0, false, RIGHT, 2404, 1.0, 0.0, 0.0, 1.0
34,2020-02-24 05:23:26am, DYNAMIC, random_0, false, RIGHT, 2460, 0.0, 0.0, 0.0, 0.0
35,2020-02-24 05:23:29am, DYNAMIC, random_0, true, LEFT, 2408, 0.0, 0.0, 0.0, 0.0
36,2020-02-24 05:23:31am, DYNAMIC, random_0, true, LEFT, 2333, 1.0, 0.0, 1.0, 0.0
37,2020-02-24 05:23:34am, DYNAMIC, random_0, true, LEFT, 2524, 1.0, 0.0, 1.0, 0.0
38,2020-02-24 05:23:36am, DYNAMIC, random_0, true, LEFT, 2485, 1.0, 0.0, 1.0, 0.0
39,2020-02-24 05:23:39am, DYNAMIC, random_0, true, LEFT, 2519, 1.0, 1.0, 1.0, 1.0
40,2020-02-24 05:23:41am, DYNAMIC, random_0, true, LEFT, 2771, 1.0, 1.0, 1.0, 1.0
41,2020-02-24 05:23:44am, DYNAMIC, random_0, true, LEFT, 2485, 0.0, 1.0, 0.0, 1.0
42,2020-02-24 05:23:46am, DYNAMIC, random_0, false, RIGHT, 2391, 1.0, 0.0, 0.0, 1.0
43,2020-02-24 05:23:49am, DYNAMIC, random_0, false, RIGHT, 2341, 0.0, 0.0, 0.0, 0.0
44,2020-02-24 05:23:51am, DYNAMIC, random_0, true, LEFT, 2365, 0.0, 0.0, 0.0, 0.0
45,2020-02-24 05:23:53am, DYNAMIC, random_0, true, LEFT, 2233, 0.0, 0.0, 0.0, 0.0
46,2020-02-24 05:23:56am, DYNAMIC, random_0, true, LEFT, 2403, 0.0, 0.0, 0.0, 0.0
47,2020-02-24 05:23:58am, DYNAMIC, random_0, false, RIGHT, 2694, 0.0, 0.0, 0.0, 0.0
48,2020-02-24 05:24:01am, DYNAMIC, random_0, true, LEFT, 2325, 0.0, 0.0, 0.0, 0.0
49,2020-02-24 05:24:03am, DYNAMIC, random_0, false, RIGHT, 2381, 0.0, 0.0, 0.0, 0.0
50,2020-02-24 05:24:05am, DYNAMIC, random_0, true, LEFT, 2343, 0.0, 0.0, 0.0, 0.0
51,2020-02-24 05:24:08am, DYNAMIC, random_0, true, LEFT, 2373, 0.0, 0.0, 0.0, 0.0
52,2020-02-24 05:24:10am, DYNAMIC, random_0, false, RIGHT, 2329, 0.0, 0.0, 0.0, 0.0
53,2020-02-24 05:24:13am, DYNAMIC, random_0, false, RIGHT, 2561, 0.0, 0.0, 0.0, 0.0
54,2020-02-24 05:24:15am, DYNAMIC, random_0, true, LEFT, 2317, 0.0, 0.0, 0.0, 0.0
55,2020-02-24 05:24:17am, DYNAMIC, random_0, false, RIGHT, 2539, 0.0, 0.0, 0.0, 0.0
56,2020-02-24 05:24:20am, DYNAMIC, random_0, true, LEFT, 2417, 0.0, 0.0, 0.0, 0.0
57,2020-02-24 05:24:22am, DYNAMIC, random_0, false, RIGHT, 2660, 0.0, 0.0, 0.0, 0.0
58,2020-02-24 05:24:25am, DYNAMIC, random_0, false, RIGHT, 2491, 0.0, 0.0, 0.0, 0.0
59,2020-02-24 05:24:27am, DYNAMIC, random_0, false, RIGHT, 2437, 0.0, 0.0, 0.0, 0.0
60,2020-02-24 05:24:30am, DYNAMIC, random_0, true, LEFT, 2600, 0.0, 0.0, 0.0, 0.0
61,2020-02-24 05:24:33am, DYNAMIC, random_0, true, LEFT, 2553, 0.0, 0.0, 0.0, 0.0
62,2020-02-24 05:24:35am, DYNAMIC, random_0, false, RIGHT, 2483, 0.0, 0.0, 0.0, 0.0
63,2020-02-24 05:24:38am, DYNAMIC, random_0, true, LEFT, 2694, 0.0, 0.0, 0.0, 0.0
64,2020-02-24 05:24:40am, DYNAMIC, random_0, true, LEFT, 2471, 0.0, 0.0, 0.0, 0.0
65,2020-02-24 05:24:43am, DYNAMIC, random_0, false, RIGHT, 2527, 0.0, 0.0, 0.0, 0.0
66,2020-02-24 05:24:45am, DYNAMIC, random_0, false, RIGHT, 2506, 0.0, 0.0, 0.0, 0.0
67,2020-02-24 05:24:48am, DYNAMIC, random_0, true, LEFT, 2350, 0.0, 0.0, 0.0, 0.0
68,2020-02-24 05:24:50am, DYNAMIC, random_0, false, RIGHT, 2418, 0.0, 0.0, 0.0, 0.0
69,2020-02-24 05:24:52am, DYNAMIC, random_0, false, RIGHT, 2435, 0.0, 0.0, 0.0, 0.0
70,2020-02-24 05:24:55am, DYNAMIC, random_0, true, LEFT, 2410, 0.0, 1.0, 0.0, 1.0
71,2020-02-24 05:24:57am, DYNAMIC, random_0, true, LEFT, 2433, 0.0, 0.0, 0.0, 0.0
72,2020-02-24 05:25:00am, DYNAMIC, random_0, false, RIGHT, 2504, 0.0, 0.0, 0.0, 0.0
73,2020-02-24 05:25:02am, DYNAMIC, random_0, true, LEFT, 2384, 0.0, 0.0, 0.0, 0.0
74,2020-02-24 05:25:05am, DYNAMIC, random_0, true, LEFT, 2480, 0.0, 0.0, 0.0, 0.0
75,2020-02-24 05:25:07am, DYNAMIC, random_0, true, LEFT, 2293, 0.0, 0.0, 0.0, 0.0
76,2020-02-24 05:25:10am, DYNAMIC, random_0, false, RIGHT, 3167, 0.0, 0.0, 0.0, 0.0
77,2020-02-24 05:25:13am, DYNAMIC, random_0, true, LEFT, 2902, 0.0, 0.0, 0.0, 0.0
78,2020-02-24 05:25:16am, DYNAMIC, random_0, true, LEFT, 2522, 0.0, 0.0, 0.0, 0.0
79,2020-02-24 05:25:26am, DYNAMIC, random_0, true, LEFT, 10266, 0.0, 0.0, 0.0, 0.0
80,2020-02-24 05:25:28am, DYNAMIC, random_0, true, LEFT, 2632, 0.0, 0.0, 0.0, 0.0
81,2020-02-24 05:25:31am, DYNAMIC, random_0, false, RIGHT, 2406, 0.0, 0.0, 0.0, 0.0
82,2020-02-24 05:25:33am, DYNAMIC, random_0, true, LEFT, 2574, 0.0, 0.0, 0.0, 0.0
83,2020-02-24 05:25:36am, DYNAMIC, random_0, true, LEFT, 2323, 0.0, 1.0, 0.0, 1.0
84,2020-02-24 05:25:38am, DYNAMIC, random_0, false, RIGHT, 2525, 0.0, 0.0, 0.0, 0.0
85,2020-02-24 05:25:41am, DYNAMIC, random_0, true, LEFT, 2667, 0.0, 0.0, 0.0, 0.0
86,2020-02-24 05:25:58am, DYNAMIC, random_0, true, LEFT, 17220, 0.0, 0.0, 0.0, 0.0
87,2020-02-24 05:26:01am, DYNAMIC, random_0, true, LEFT, 3112, 0.0, 0.0, 0.0, 0.0
88,2020-02-24 05:26:06am, DYNAMIC, random_0, false, RIGHT, 4284, 0.0, 0.0, 0.0, 0.0
89,2020-02-24 05:26:08am, DYNAMIC, random_0, true, LEFT, 2433, 0.0, 0.0, 0.0, 0.0
90,2020-02-24 05:26:11am, DYNAMIC, random_0, true, LEFT, 2618, 0.0, 1.0, 0.0, 1.0
91,2020-02-24 05:26:13am, DYNAMIC, random_0, true, LEFT, 2627, 0.0, 0.0, 0.0, 0.0
92,2020-02-24 05:26:16am, DYNAMIC, random_0, false, RIGHT, 2694, 0.0, 0.0, 0.0, 0.0
93,2020-02-24 05:26:19am, DYNAMIC, random_0, false, RIGHT, 2772, 1.0, 0.0, 0.0, 1.0
94,2020-02-24 05:26:21am, DYNAMIC, random_0, false, RIGHT, 2544, 1.0, 0.0, 0.0, 1.0
95,2020-02-24 05:26:24am, DYNAMIC, random_0, false, RIGHT, 2648, 1.0, 0.0, 0.0, 1.0
96,2020-02-24 05:26:26am, DYNAMIC, random_0, false, RIGHT, 2477, 1.0, 0.0, 0.0, 1.0
97,2020-02-24 05:26:29am, DYNAMIC, random_0, false, RIGHT, 2538, 1.0, 0.0, 0.0, 1.0
98,2020-02-24 05:26:31am, DYNAMIC, random_0, false, RIGHT, 2487, 1.0, 0.0, 0.0, 1.0
99,2020-02-24 05:26:34am, DYNAMIC, random_0, false, RIGHT, 2561, 1.0, 0.0, 0.0, 1.0
