trial_number, time, schedule_type, schedule_name, is_biased_choice, side_choice, RT, observed_reward, unobserved_reward, biased_reward, unbiased_reward
0,2020-02-24 05:23:48am, DYNAMIC, random_0, false, LEFT, 8803, 0.0, 1.0, 1.0, 0.0
1,2020-02-24 05:23:54am, DYNAMIC, random_0, true, RIGHT, 5442, 1.0, 0.0, 1.0, 0.0
2,2020-02-24 05:23:57am, DYNAMIC, random_0, true, RIGHT, 3706, 1.0, 0.0, 1.0, 0.0
3,2020-02-24 05:24:00am, DYNAMIC, random_0, true, RIGHT, 3029, 1.0, 0.0, 1.0, 0.0
4,2020-02-24 05:24:03am, DYNAMIC, random_0, true, RIGHT, 2861, 1.0, 0.0, 1.0, 0.0
5,2020-02-24 05:24:06am, DYNAMIC, random_0, true, RIGHT, 3217, 1.0, 0.0, 1.0, 0.0
6,2020-02-24 05:24:09am, DYNAMIC, random_0, true, RIGHT, 2907, 0.0, 0.0, 0.0, 0.0
7,2020-02-24 05:24:12am, DYNAMIC, random_0, true, RIGHT, 2909, 0.0, 0.0, 0.0, 0.0
8,2020-02-24 05:24:15am, DYNAMIC, random_0, true, RIGHT, 2840, 0.0, 0.0, 0.0, 0.0
9,2020-02-24 05:24:18am, DYNAMIC, random_0, true, RIGHT, 2875, 1.0, 0.0, 1.0, 0.0
10,2020-02-24 05:24:21am, DYNAMIC, random_0, true, RIGHT, 2876, 1.0, 0.0, 1.0, 0.0
11,2020-02-24 05:24:24am, DYNAMIC, random_0, true, RIGHT, 3281, 1.0, 1.0, 1.0, 1.0
12,2020-02-24 05:24:27am, DYNAMIC, random_0, true, RIGHT, 3078, 1.0, 1.0, 1.0, 1.0
13,2020-02-24 05:24:30am, DYNAMIC, random_0, true, RIGHT, 2736, 1.0, 1.0, 1.0, 1.0
14,2020-02-24 05:24:33am, DYNAMIC, random_0, true, RIGHT, 2764, 1.0, 1.0, 1.0, 1.0
15,2020-02-24 05:24:35am, DYNAMIC, random_0, true, RIGHT, 2707, 1.0, 1.0, 1.0, 1.0
16,2020-02-24 05:24:38am, DYNAMIC, random_0, true, RIGHT, 2685, 0.0, 1.0, 0.0, 1.0
17,2020-02-24 05:24:41am, DYNAMIC, random_0, true, RIGHT, 2672, 1.0, 1.0, 1.0, 1.0
18,2020-02-24 05:24:44am, DYNAMIC, random_0, true, RIGHT, 2905, 0.0, 1.0, 0.0, 1.0
19,2020-02-24 05:24:46am, DYNAMIC, random_0, true, RIGHT, 2718, 1.0, 1.0, 1.0, 1.0
20,2020-02-24 05:24:54am, DYNAMIC, random_0, true, RIGHT, 7361, 0.0, 1.0, 0.0, 1.0
21,2020-02-24 05:24:57am, DYNAMIC, random_0, true, RIGHT, 3016, 0.0, 1.0, 0.0, 1.0
22,2020-02-24 05:25:00am, DYNAMIC, random_0, true, RIGHT, 2860, 0.0, 1.0, 0.0, 1.0
23,2020-02-24 05:25:02am, DYNAMIC, random_0, true, RIGHT, 2828, 1.0, 1.0, 1.0, 1.0
24,2020-02-24 05:25:05am, DYNAMIC, random_0, true, RIGHT, 2858, 0.0, 1.0, 0.0, 1.0
25,2020-02-24 05:25:08am, DYNAMIC, random_0, true, RIGHT, 2783, 0.0, 1.0, 0.0, 1.0
26,2020-02-24 05:25:11am, DYNAMIC, random_0, true, RIGHT, 2795, 0.0, 1.0, 0.0, 1.0
27,2020-02-24 05:25:14am, DYNAMIC, random_0, true, RIGHT, 2797, 0.0, 1.0, 0.0, 1.0
28,2020-02-24 05:25:17am, DYNAMIC, random_0, true, RIGHT, 3751, 1.0, 1.0, 1.0, 1.0
29,2020-02-24 05:25:20am, DYNAMIC, random_0, true, RIGHT, 3047, 0.0, 1.0, 0.0, 1.0
30,2020-02-24 05:25:23am, DYNAMIC, random_0, true, RIGHT, 2800, 0.0, 1.0, 0.0, 1.0
31,2020-02-24 05:25:26am, DYNAMIC, random_0, true, RIGHT, 2777, 0.0, 1.0, 0.0, 1.0
32,2020-02-24 05:25:29am, DYNAMIC, random_0, true, RIGHT, 3048, 0.0, 1.0, 0.0, 1.0
33,2020-02-24 05:25:32am, DYNAMIC, random_0, true, RIGHT, 3030, 1.0, 1.0, 1.0, 1.0
34,2020-02-24 05:25:35am, DYNAMIC, random_0, true, RIGHT, 2876, 0.0, 1.0, 0.0, 1.0
35,2020-02-24 05:25:38am, DYNAMIC, random_0, true, RIGHT, 2860, 0.0, 1.0, 0.0, 1.0
36,2020-02-24 05:25:42am, DYNAMIC, random_0, true, RIGHT, 3689, 0.0, 0.0, 0.0, 0.0
37,2020-02-24 05:25:45am, DYNAMIC, random_0, true, RIGHT, 3061, 0.0, 0.0, 0.0, 0.0
38,2020-02-24 05:25:47am, DYNAMIC, random_0, true, RIGHT, 2858, 0.0, 0.0, 0.0, 0.0
39,2020-02-24 05:25:50am, DYNAMIC, random_0, true, RIGHT, 2797, 1.0, 0.0, 1.0, 0.0
40,2020-02-24 05:25:53am, DYNAMIC, random_0, true, RIGHT, 2736, 0.0, 0.0, 0.0, 0.0
41,2020-02-24 05:25:56am, DYNAMIC, random_0, true, RIGHT, 3202, 0.0, 0.0, 0.0, 0.0
42,2020-02-24 05:25:59am, DYNAMIC, random_0, true, RIGHT, 2906, 0.0, 0.0, 0.0, 0.0
43,2020-02-24 05:26:02am, DYNAMIC, random_0, true, RIGHT, 2845, 0.0, 0.0, 0.0, 0.0
44,2020-02-24 05:26:05am, DYNAMIC, random_0, true, RIGHT, 2801, 1.0, 0.0, 1.0, 0.0
45,2020-02-24 05:26:08am, DYNAMIC, random_0, true, RIGHT, 2853, 0.0, 0.0, 0.0, 0.0
46,2020-02-24 05:26:10am, DYNAMIC, random_0, true, RIGHT, 2783, 0.0, 0.0, 0.0, 0.0
47,2020-02-24 05:26:13am, DYNAMIC, random_0, true, RIGHT, 2766, 0.0, 0.0, 0.0, 0.0
48,2020-02-24 05:26:16am, DYNAMIC, random_0, true, RIGHT, 2810, 0.0, 0.0, 0.0, 0.0
49,2020-02-24 05:26:19am, DYNAMIC, random_0, true, RIGHT, 2814, 0.0, 0.0, 0.0, 0.0
50,2020-02-24 05:26:21am, DYNAMIC, random_0, true, RIGHT, 2717, 0.0, 0.0, 0.0, 0.0
51,2020-02-24 05:26:24am, DYNAMIC, random_0, true, RIGHT, 2703, 0.0, 0.0, 0.0, 0.0
52,2020-02-24 05:26:27am, DYNAMIC, random_0, true, RIGHT, 2735, 0.0, 0.0, 0.0, 0.0
53,2020-02-24 05:26:30am, DYNAMIC, random_0, true, RIGHT, 2751, 0.0, 0.0, 0.0, 0.0
54,2020-02-24 05:26:32am, DYNAMIC, random_0, true, RIGHT, 2734, 0.0, 0.0, 0.0, 0.0
55,2020-02-24 05:26:35am, DYNAMIC, random_0, false, LEFT, 2830, 0.0, 0.0, 0.0, 0.0
56,2020-02-24 05:26:38am, DYNAMIC, random_0, false, LEFT, 2875, 0.0, 0.0, 0.0, 0.0
57,2020-02-24 05:26:41am, DYNAMIC, random_0, true, RIGHT, 2844, 0.0, 0.0, 0.0, 0.0
58,2020-02-24 05:26:44am, DYNAMIC, random_0, false, LEFT, 2764, 0.0, 1.0, 1.0, 0.0
59,2020-02-24 05:26:46am, DYNAMIC, random_0, false, LEFT, 2704, 0.0, 0.0, 0.0, 0.0
60,2020-02-24 05:26:49am, DYNAMIC, random_0, false, LEFT, 2656, 0.0, 0.0, 0.0, 0.0
61,2020-02-24 05:26:52am, DYNAMIC, random_0, false, LEFT, 2702, 0.0, 0.0, 0.0, 0.0
62,2020-02-24 05:26:54am, DYNAMIC, random_0, false, LEFT, 2719, 0.0, 0.0, 0.0, 0.0
63,2020-02-24 05:26:57am, DYNAMIC, random_0, false, LEFT, 2735, 0.0, 0.0, 0.0, 0.0
64,2020-02-24 05:27:00am, DYNAMIC, random_0, false, LEFT, 2717, 0.0, 0.0, 0.0, 0.0
65,2020-02-24 05:27:03am, DYNAMIC, random_0, false, LEFT, 2687, 0.0, 0.0, 0.0, 0.0
66,2020-02-24 05:27:05am, DYNAMIC, random_0, false, LEFT, 2640, 0.0, 0.0, 0.0, 0.0
67,2020-02-24 05:27:08am, DYNAMIC, random_0, false, LEFT, 2594, 0.0, 0.0, 0.0, 0.0
68,2020-02-24 05:27:10am, DYNAMIC, random_0, false, LEFT, 2641, 0.0, 0.0, 0.0, 0.0
69,2020-02-24 05:27:13am, DYNAMIC, random_0, false, LEFT, 2610, 0.0, 0.0, 0.0, 0.0
70,2020-02-24 05:27:16am, DYNAMIC, random_0, false, LEFT, 2656, 0.0, 0.0, 0.0, 0.0
71,2020-02-24 05:27:18am, DYNAMIC, random_0, false, LEFT, 2658, 0.0, 0.0, 0.0, 0.0
72,2020-02-24 05:27:21am, DYNAMIC, random_0, false, LEFT, 2625, 0.0, 0.0, 0.0, 0.0
73,2020-02-24 05:27:24am, DYNAMIC, random_0, false, LEFT, 2638, 0.0, 0.0, 0.0, 0.0
74,2020-02-24 05:27:28am, DYNAMIC, random_0, false, LEFT, 3877, 0.0, 0.0, 0.0, 0.0
75,2020-02-24 05:27:30am, DYNAMIC, random_0, false, LEFT, 2781, 0.0, 0.0, 0.0, 0.0
76,2020-02-24 05:27:33am, DYNAMIC, random_0, true, RIGHT, 2984, 0.0, 0.0, 0.0, 0.0
77,2020-02-24 05:27:37am, DYNAMIC, random_0, true, RIGHT, 3532, 1.0, 0.0, 1.0, 0.0
78,2020-02-24 05:27:40am, DYNAMIC, random_0, true, RIGHT, 2906, 1.0, 0.0, 1.0, 0.0
79,2020-02-24 05:27:43am, DYNAMIC, random_0, true, RIGHT, 2749, 1.0, 0.0, 1.0, 0.0
80,2020-02-24 05:27:45am, DYNAMIC, random_0, true, RIGHT, 2689, 0.0, 0.0, 0.0, 0.0
81,2020-02-24 05:27:48am, DYNAMIC, random_0, true, RIGHT, 2702, 0.0, 0.0, 0.0, 0.0
82,2020-02-24 05:27:51am, DYNAMIC, random_0, true, RIGHT, 2719, 0.0, 0.0, 0.0, 0.0
83,2020-02-24 05:27:53am, DYNAMIC, random_0, true, RIGHT, 2719, 0.0, 0.0, 0.0, 0.0
84,2020-02-24 05:27:56am, DYNAMIC, random_0, true, RIGHT, 2682, 1.0, 0.0, 1.0, 0.0
85,2020-02-24 05:27:59am, DYNAMIC, random_0, true, RIGHT, 2685, 0.0, 0.0, 0.0, 0.0
86,2020-02-24 05:28:01am, DYNAMIC, random_0, true, RIGHT, 2767, 0.0, 0.0, 0.0, 0.0
87,2020-02-24 05:28:05am, DYNAMIC, random_0, true, RIGHT, 3562, 0.0, 0.0, 0.0, 0.0
88,2020-02-24 05:28:08am, DYNAMIC, random_0, true, RIGHT, 2953, 0.0, 0.0, 0.0, 0.0
89,2020-02-24 05:28:11am, DYNAMIC, random_0, true, RIGHT, 2826, 0.0, 0.0, 0.0, 0.0
90,2020-02-24 05:28:14am, DYNAMIC, random_0, true, RIGHT, 2797, 0.0, 0.0, 0.0, 0.0
91,2020-02-24 05:28:16am, DYNAMIC, random_0, true, RIGHT, 2784, 0.0, 0.0, 0.0, 0.0
92,2020-02-24 05:28:19am, DYNAMIC, random_0, true, RIGHT, 2983, 0.0, 0.0, 0.0, 0.0
93,2020-02-24 05:28:22am, DYNAMIC, random_0, true, RIGHT, 2890, 0.0, 0.0, 0.0, 0.0
94,2020-02-24 05:28:25am, DYNAMIC, random_0, true, RIGHT, 2922, 0.0, 0.0, 0.0, 0.0
95,2020-02-24 05:28:29am, DYNAMIC, random_0, true, RIGHT, 3767, 0.0, 0.0, 0.0, 0.0
96,2020-02-24 05:28:32am, DYNAMIC, random_0, true, RIGHT, 2999, 0.0, 0.0, 0.0, 0.0
97,2020-02-24 05:28:35am, DYNAMIC, random_0, true, RIGHT, 3360, 0.0, 0.0, 0.0, 0.0
98,2020-02-24 05:28:38am, DYNAMIC, random_0, true, RIGHT, 2906, 0.0, 0.0, 0.0, 0.0
99,2020-02-24 05:28:42am, DYNAMIC, random_0, true, RIGHT, 4173, 0.0, 0.0, 0.0, 0.0
