trial_number, time, schedule_type, schedule_name, is_biased_choice, side_choice, RT, observed_reward, unobserved_reward, biased_reward, unbiased_reward
0,2020-02-24 05:30:43am, DYNAMIC, random_0, false, LEFT, 3062, 0.0, 1.0, 1.0, 0.0
1,2020-02-24 05:30:49am, DYNAMIC, random_0, true, RIGHT, 5793, 1.0, 0.0, 1.0, 0.0
2,2020-02-24 05:30:53am, DYNAMIC, random_0, true, RIGHT, 4176, 1.0, 0.0, 1.0, 0.0
3,2020-02-24 05:30:57am, DYNAMIC, random_0, true, RIGHT, 3574, 1.0, 0.0, 1.0, 0.0
4,2020-02-24 05:31:00am, DYNAMIC, random_0, true, RIGHT, 3731, 1.0, 0.0, 1.0, 0.0
5,2020-02-24 05:31:03am, DYNAMIC, random_0, true, RIGHT, 3107, 1.0, 0.0, 1.0, 0.0
6,2020-02-24 05:31:07am, DYNAMIC, random_0, true, RIGHT, 3100, 0.0, 0.0, 0.0, 0.0
7,2020-02-24 05:31:10am, DYNAMIC, random_0, true, RIGHT, 3277, 0.0, 0.0, 0.0, 0.0
8,2020-02-24 05:31:13am, DYNAMIC, random_0, false, LEFT, 3236, 0.0, 0.0, 0.0, 0.0
9,2020-02-24 05:31:17am, DYNAMIC, random_0, true, RIGHT, 3568, 0.0, 0.0, 0.0, 0.0
10,2020-02-24 05:31:21am, DYNAMIC, random_0, true, RIGHT, 4247, 0.0, 0.0, 0.0, 0.0
11,2020-02-24 05:31:24am, DYNAMIC, random_0, true, RIGHT, 3131, 0.0, 0.0, 0.0, 0.0
12,2020-02-24 05:31:27am, DYNAMIC, random_0, false, LEFT, 2961, 0.0, 1.0, 1.0, 0.0
13,2020-02-24 05:31:30am, DYNAMIC, random_0, false, LEFT, 3038, 0.0, 0.0, 0.0, 0.0
14,2020-02-24 05:31:33am, DYNAMIC, random_0, false, LEFT, 3087, 0.0, 0.0, 0.0, 0.0
15,2020-02-24 05:31:36am, DYNAMIC, random_0, false, LEFT, 3063, 0.0, 0.0, 0.0, 0.0
16,2020-02-24 05:31:39am, DYNAMIC, random_0, false, LEFT, 3040, 0.0, 0.0, 0.0, 0.0
17,2020-02-24 05:31:42am, DYNAMIC, random_0, true, RIGHT, 3063, 0.0, 0.0, 0.0, 0.0
18,2020-02-24 05:31:46am, DYNAMIC, random_0, true, RIGHT, 3659, 0.0, 0.0, 0.0, 0.0
19,2020-02-24 05:31:49am, DYNAMIC, random_0, true, RIGHT, 3030, 1.0, 0.0, 1.0, 0.0
20,2020-02-24 05:31:52am, DYNAMIC, random_0, true, RIGHT, 2882, 1.0, 0.0, 1.0, 0.0
21,2020-02-24 05:31:55am, DYNAMIC, random_0, true, RIGHT, 3414, 1.0, 1.0, 1.0, 1.0
22,2020-02-24 05:31:58am, DYNAMIC, random_0, true, RIGHT, 2949, 1.0, 1.0, 1.0, 1.0
23,2020-02-24 05:32:01am, DYNAMIC, random_0, true, RIGHT, 3143, 1.0, 1.0, 1.0, 1.0
24,2020-02-24 05:32:04am, DYNAMIC, random_0, true, RIGHT, 3030, 1.0, 1.0, 1.0, 1.0
25,2020-02-24 05:32:07am, DYNAMIC, random_0, true, RIGHT, 2990, 1.0, 1.0, 1.0, 1.0
26,2020-02-24 05:32:10am, DYNAMIC, random_0, true, RIGHT, 3007, 0.0, 1.0, 0.0, 1.0
27,2020-02-24 05:32:14am, DYNAMIC, random_0, true, RIGHT, 3519, 1.0, 1.0, 1.0, 1.0
28,2020-02-24 05:32:17am, DYNAMIC, random_0, true, RIGHT, 3197, 0.0, 1.0, 0.0, 1.0
29,2020-02-24 05:32:20am, DYNAMIC, random_0, true, RIGHT, 3208, 1.0, 1.0, 1.0, 1.0
30,2020-02-24 05:32:24am, DYNAMIC, random_0, true, RIGHT, 3336, 0.0, 1.0, 0.0, 1.0
31,2020-02-24 05:32:27am, DYNAMIC, random_0, true, RIGHT, 3219, 0.0, 1.0, 0.0, 1.0
32,2020-02-24 05:32:30am, DYNAMIC, random_0, true, RIGHT, 3011, 1.0, 1.0, 1.0, 1.0
33,2020-02-24 05:32:33am, DYNAMIC, random_0, true, RIGHT, 2981, 0.0, 1.0, 0.0, 1.0
34,2020-02-24 05:32:36am, DYNAMIC, random_0, true, RIGHT, 2913, 0.0, 1.0, 0.0, 1.0
35,2020-02-24 05:32:39am, DYNAMIC, random_0, true, RIGHT, 2850, 1.0, 1.0, 1.0, 1.0
36,2020-02-24 05:32:42am, DYNAMIC, random_0, true, RIGHT, 3062, 0.0, 1.0, 0.0, 1.0
37,2020-02-24 05:32:45am, DYNAMIC, random_0, true, RIGHT, 2981, 0.0, 1.0, 0.0, 1.0
38,2020-02-24 05:32:48am, DYNAMIC, random_0, true, RIGHT, 3730, 0.0, 1.0, 0.0, 1.0
39,2020-02-24 05:32:51am, DYNAMIC, random_0, false, LEFT, 2941, 1.0, 1.0, 1.0, 1.0
40,2020-02-24 05:32:55am, DYNAMIC, random_0, false, LEFT, 3946, 0.0, 0.0, 0.0, 0.0
41,2020-02-24 05:32:59am, DYNAMIC, random_0, true, RIGHT, 3268, 0.0, 0.0, 0.0, 0.0
42,2020-02-24 05:33:02am, DYNAMIC, random_0, false, LEFT, 3019, 0.0, 1.0, 1.0, 0.0
43,2020-02-24 05:33:04am, DYNAMIC, random_0, false, LEFT, 2573, 0.0, 0.0, 0.0, 0.0
44,2020-02-24 05:33:07am, DYNAMIC, random_0, false, LEFT, 2585, 0.0, 0.0, 0.0, 0.0
45,2020-02-24 05:33:10am, DYNAMIC, random_0, true, RIGHT, 2819, 0.0, 0.0, 0.0, 0.0
46,2020-02-24 05:33:12am, DYNAMIC, random_0, true, RIGHT, 2703, 1.0, 0.0, 1.0, 0.0
47,2020-02-24 05:33:15am, DYNAMIC, random_0, true, RIGHT, 2944, 1.0, 1.0, 1.0, 1.0
48,2020-02-24 05:33:18am, DYNAMIC, random_0, true, RIGHT, 2841, 1.0, 1.0, 1.0, 1.0
49,2020-02-24 05:33:21am, DYNAMIC, random_0, true, RIGHT, 2743, 1.0, 1.0, 1.0, 1.0
50,2020-02-24 05:33:24am, DYNAMIC, random_0, true, RIGHT, 2734, 1.0, 1.0, 1.0, 1.0
51,2020-02-24 05:33:26am, DYNAMIC, random_0, true, RIGHT, 2768, 0.0, 1.0, 0.0, 1.0
52,2020-02-24 05:33:29am, DYNAMIC, random_0, true, RIGHT, 2841, 0.0, 1.0, 0.0, 1.0
53,2020-02-24 05:33:32am, DYNAMIC, random_0, true, RIGHT, 2757, 0.0, 0.0, 0.0, 0.0
54,2020-02-24 05:33:35am, DYNAMIC, random_0, true, RIGHT, 2658, 0.0, 0.0, 0.0, 0.0
55,2020-02-24 05:33:37am, DYNAMIC, random_0, true, RIGHT, 2679, 0.0, 0.0, 0.0, 0.0
56,2020-02-24 05:33:40am, DYNAMIC, random_0, false, LEFT, 2562, 0.0, 0.0, 0.0, 0.0
57,2020-02-24 05:33:43am, DYNAMIC, random_0, false, LEFT, 2722, 0.0, 0.0, 0.0, 0.0
58,2020-02-24 05:33:45am, DYNAMIC, random_0, true, RIGHT, 2620, 0.0, 0.0, 0.0, 0.0
59,2020-02-24 05:33:48am, DYNAMIC, random_0, true, RIGHT, 2681, 0.0, 0.0, 0.0, 0.0
60,2020-02-24 05:33:51am, DYNAMIC, random_0, true, RIGHT, 2722, 0.0, 0.0, 0.0, 0.0
61,2020-02-24 05:33:53am, DYNAMIC, random_0, true, RIGHT, 2554, 0.0, 0.0, 0.0, 0.0
62,2020-02-24 05:33:56am, DYNAMIC, random_0, true, RIGHT, 2618, 0.0, 0.0, 0.0, 0.0
63,2020-02-24 05:33:58am, DYNAMIC, random_0, true, RIGHT, 2705, 0.0, 0.0, 0.0, 0.0
64,2020-02-24 05:34:01am, DYNAMIC, random_0, true, RIGHT, 2720, 0.0, 0.0, 0.0, 0.0
65,2020-02-24 05:34:04am, DYNAMIC, random_0, true, RIGHT, 2699, 0.0, 0.0, 0.0, 0.0
66,2020-02-24 05:34:06am, DYNAMIC, random_0, false, LEFT, 2477, 0.0, 0.0, 0.0, 0.0
67,2020-02-24 05:34:09am, DYNAMIC, random_0, false, LEFT, 2586, 0.0, 0.0, 0.0, 0.0
68,2020-02-24 05:34:12am, DYNAMIC, random_0, true, RIGHT, 3253, 0.0, 0.0, 0.0, 0.0
69,2020-02-24 05:34:15am, DYNAMIC, random_0, true, RIGHT, 2595, 0.0, 0.0, 0.0, 0.0
70,2020-02-24 05:34:17am, DYNAMIC, random_0, true, RIGHT, 2584, 0.0, 0.0, 0.0, 0.0
71,2020-02-24 05:34:20am, DYNAMIC, random_0, true, RIGHT, 2627, 0.0, 0.0, 0.0, 0.0
72,2020-02-24 05:34:23am, DYNAMIC, random_0, true, RIGHT, 2690, 0.0, 0.0, 0.0, 0.0
73,2020-02-24 05:34:25am, DYNAMIC, random_0, true, RIGHT, 2622, 0.0, 0.0, 0.0, 0.0
74,2020-02-24 05:34:28am, DYNAMIC, random_0, true, RIGHT, 2612, 0.0, 0.0, 0.0, 0.0
75,2020-02-24 05:34:30am, DYNAMIC, random_0, true, RIGHT, 2539, 0.0, 0.0, 0.0, 0.0
76,2020-02-24 05:34:33am, DYNAMIC, random_0, true, RIGHT, 2592, 0.0, 0.0, 0.0, 0.0
77,2020-02-24 05:34:36am, DYNAMIC, random_0, true, RIGHT, 2634, 0.0, 0.0, 0.0, 0.0
78,2020-02-24 05:34:38am, DYNAMIC, random_0, true, RIGHT, 2633, 0.0, 0.0, 0.0, 0.0
79,2020-02-24 05:34:41am, DYNAMIC, random_0, true, RIGHT, 2578, 0.0, 0.0, 0.0, 0.0
80,2020-02-24 05:34:44am, DYNAMIC, random_0, true, RIGHT, 2766, 0.0, 0.0, 0.0, 0.0
81,2020-02-24 05:34:46am, DYNAMIC, random_0, true, RIGHT, 2711, 0.0, 0.0, 0.0, 0.0
82,2020-02-24 05:34:49am, DYNAMIC, random_0, false, LEFT, 2631, 0.0, 0.0, 0.0, 0.0
83,2020-02-24 05:34:52am, DYNAMIC, random_0, true, RIGHT, 2658, 0.0, 0.0, 0.0, 0.0
84,2020-02-24 05:34:55am, DYNAMIC, random_0, true, RIGHT, 3260, 0.0, 0.0, 0.0, 0.0
85,2020-02-24 05:34:58am, DYNAMIC, random_0, true, RIGHT, 2621, 0.0, 0.0, 0.0, 0.0
86,2020-02-24 05:35:00am, DYNAMIC, random_0, true, RIGHT, 2932, 0.0, 0.0, 0.0, 0.0
87,2020-02-24 05:35:03am, DYNAMIC, random_0, true, RIGHT, 2821, 0.0, 0.0, 0.0, 0.0
88,2020-02-24 05:35:06am, DYNAMIC, random_0, true, RIGHT, 2666, 0.0, 0.0, 0.0, 0.0
89,2020-02-24 05:35:09am, DYNAMIC, random_0, true, RIGHT, 2601, 0.0, 0.0, 0.0, 0.0
90,2020-02-24 05:35:12am, DYNAMIC, random_0, true, RIGHT, 3216, 0.0, 0.0, 0.0, 0.0
91,2020-02-24 05:35:14am, DYNAMIC, random_0, true, RIGHT, 2651, 0.0, 0.0, 0.0, 0.0
92,2020-02-24 05:35:18am, DYNAMIC, random_0, true, RIGHT, 3129, 0.0, 0.0, 0.0, 0.0
93,2020-02-24 05:35:21am, DYNAMIC, random_0, false, LEFT, 2983, 0.0, 0.0, 0.0, 0.0
94,2020-02-24 05:35:23am, DYNAMIC, random_0, false, LEFT, 2682, 0.0, 0.0, 0.0, 0.0
95,2020-02-24 05:35:26am, DYNAMIC, random_0, false, LEFT, 2612, 0.0, 0.0, 0.0, 0.0
96,2020-02-24 05:35:28am, DYNAMIC, random_0, false, LEFT, 2626, 0.0, 0.0, 0.0, 0.0
97,2020-02-24 05:35:31am, DYNAMIC, random_0, false, LEFT, 2681, 0.0, 0.0, 0.0, 0.0
98,2020-02-24 05:35:34am, DYNAMIC, random_0, false, LEFT, 2720, 0.0, 0.0, 0.0, 0.0
99,2020-02-24 05:35:36am, DYNAMIC, random_0, false, LEFT, 2604, 0.0, 0.0, 0.0, 0.0
