trial_number, time, schedule_type, schedule_name, is_biased_choice, side_choice, RT, observed_reward, unobserved_reward, biased_reward, unbiased_reward
0,2020-02-24 05:33:47am, DYNAMIC, random_0, false, LEFT, 6057, 0.0, 1.0, 1.0, 0.0
1,2020-02-24 05:33:51am, DYNAMIC, random_0, true, RIGHT, 4998, 1.0, 0.0, 1.0, 0.0
2,2020-02-24 05:33:57am, DYNAMIC, random_0, true, RIGHT, 5928, 1.0, 0.0, 1.0, 0.0
3,2020-02-24 05:34:03am, DYNAMIC, random_0, true, RIGHT, 5337, 1.0, 0.0, 1.0, 0.0
4,2020-02-24 05:34:06am, DYNAMIC, random_0, true, RIGHT, 3870, 1.0, 0.0, 1.0, 0.0
5,2020-02-24 05:34:10am, DYNAMIC, random_0, true, RIGHT, 3641, 1.0, 0.0, 1.0, 0.0
6,2020-02-24 05:34:14am, DYNAMIC, random_0, true, RIGHT, 4111, 0.0, 0.0, 0.0, 0.0
7,2020-02-24 05:34:18am, DYNAMIC, random_0, true, RIGHT, 3792, 0.0, 0.0, 0.0, 0.0
8,2020-02-24 05:34:22am, DYNAMIC, random_0, false, LEFT, 4065, 0.0, 0.0, 0.0, 0.0
9,2020-02-24 05:34:26am, DYNAMIC, random_0, true, RIGHT, 3649, 0.0, 0.0, 0.0, 0.0
10,2020-02-24 05:34:29am, DYNAMIC, random_0, false, LEFT, 3632, 0.0, 0.0, 0.0, 0.0
11,2020-02-24 05:34:33am, DYNAMIC, random_0, true, RIGHT, 3664, 0.0, 0.0, 0.0, 0.0
12,2020-02-24 05:34:39am, DYNAMIC, random_0, true, RIGHT, 6192, 0.0, 0.0, 0.0, 0.0
13,2020-02-24 05:34:43am, DYNAMIC, random_0, false, LEFT, 4136, 0.0, 0.0, 0.0, 0.0
14,2020-02-24 05:34:47am, DYNAMIC, random_0, false, LEFT, 3687, 0.0, 0.0, 0.0, 0.0
15,2020-02-24 05:34:52am, DYNAMIC, random_0, true, RIGHT, 4824, 0.0, 0.0, 0.0, 0.0
16,2020-02-24 05:34:57am, DYNAMIC, random_0, false, LEFT, 5496, 0.0, 0.0, 0.0, 0.0
17,2020-02-24 05:35:01am, DYNAMIC, random_0, false, LEFT, 3984, 0.0, 0.0, 0.0, 0.0
18,2020-02-24 05:35:05am, DYNAMIC, random_0, true, RIGHT, 4024, 0.0, 0.0, 0.0, 0.0
19,2020-02-24 05:35:09am, DYNAMIC, random_0, true, RIGHT, 3875, 0.0, 0.0, 0.0, 0.0
20,2020-02-24 05:35:16am, DYNAMIC, random_0, true, RIGHT, 6805, 1.0, 0.0, 1.0, 0.0
21,2020-02-24 05:35:20am, DYNAMIC, random_0, true, RIGHT, 4048, 1.0, 0.0, 1.0, 0.0
22,2020-02-24 05:35:24am, DYNAMIC, random_0, true, RIGHT, 4136, 1.0, 0.0, 1.0, 0.0
23,2020-02-24 05:35:28am, DYNAMIC, random_0, true, RIGHT, 3649, 1.0, 0.0, 1.0, 0.0
24,2020-02-24 05:35:32am, DYNAMIC, random_0, true, RIGHT, 3904, 1.0, 1.0, 1.0, 1.0
25,2020-02-24 05:35:36am, DYNAMIC, random_0, true, RIGHT, 3824, 1.0, 1.0, 1.0, 1.0
26,2020-02-24 05:35:39am, DYNAMIC, random_0, true, RIGHT, 3736, 1.0, 1.0, 1.0, 1.0
27,2020-02-24 05:35:43am, DYNAMIC, random_0, true, RIGHT, 4016, 1.0, 1.0, 1.0, 1.0
28,2020-02-24 05:35:47am, DYNAMIC, random_0, true, RIGHT, 3776, 1.0, 1.0, 1.0, 1.0
29,2020-02-24 05:35:51am, DYNAMIC, random_0, true, RIGHT, 3673, 1.0, 1.0, 1.0, 1.0
30,2020-02-24 05:35:55am, DYNAMIC, random_0, true, RIGHT, 4143, 0.0, 1.0, 0.0, 1.0
31,2020-02-24 05:35:59am, DYNAMIC, random_0, true, RIGHT, 3616, 1.0, 1.0, 1.0, 1.0
32,2020-02-24 05:36:02am, DYNAMIC, random_0, true, RIGHT, 3552, 0.0, 1.0, 0.0, 1.0
33,2020-02-24 05:36:06am, DYNAMIC, random_0, true, RIGHT, 3551, 0.0, 1.0, 0.0, 1.0
34,2020-02-24 05:36:09am, DYNAMIC, random_0, true, RIGHT, 3753, 1.0, 1.0, 1.0, 1.0
35,2020-02-24 05:36:13am, DYNAMIC, random_0, true, RIGHT, 3784, 0.0, 1.0, 0.0, 1.0
36,2020-02-24 05:36:17am, DYNAMIC, random_0, true, RIGHT, 3410, 0.0, 1.0, 0.0, 1.0
37,2020-02-24 05:36:20am, DYNAMIC, random_0, true, RIGHT, 3549, 1.0, 1.0, 1.0, 1.0
38,2020-02-24 05:36:24am, DYNAMIC, random_0, false, LEFT, 3653, 1.0, 0.0, 0.0, 1.0
39,2020-02-24 05:36:27am, DYNAMIC, random_0, true, RIGHT, 3644, 0.0, 0.0, 0.0, 0.0
40,2020-02-24 05:36:31am, DYNAMIC, random_0, false, LEFT, 3702, 0.0, 1.0, 1.0, 0.0
41,2020-02-24 05:36:35am, DYNAMIC, random_0, false, LEFT, 3746, 0.0, 0.0, 0.0, 0.0
42,2020-02-24 05:36:38am, DYNAMIC, random_0, true, RIGHT, 3552, 0.0, 0.0, 0.0, 0.0
43,2020-02-24 05:36:42am, DYNAMIC, random_0, true, RIGHT, 3896, 1.0, 0.0, 1.0, 0.0
44,2020-02-24 05:36:47am, DYNAMIC, random_0, true, RIGHT, 4896, 1.0, 0.0, 1.0, 0.0
45,2020-02-24 05:36:52am, DYNAMIC, random_0, true, RIGHT, 5152, 1.0, 0.0, 1.0, 0.0
46,2020-02-24 05:36:57am, DYNAMIC, random_0, true, RIGHT, 4256, 1.0, 1.0, 1.0, 1.0
47,2020-02-24 05:37:01am, DYNAMIC, random_0, true, RIGHT, 4463, 1.0, 1.0, 1.0, 1.0
48,2020-02-24 05:37:05am, DYNAMIC, random_0, true, RIGHT, 3873, 0.0, 1.0, 0.0, 1.0
49,2020-02-24 05:37:10am, DYNAMIC, random_0, true, RIGHT, 5183, 0.0, 1.0, 0.0, 1.0
50,2020-02-24 05:37:14am, DYNAMIC, random_0, true, RIGHT, 4192, 0.0, 1.0, 0.0, 1.0
51,2020-02-24 05:37:19am, DYNAMIC, random_0, true, RIGHT, 4417, 0.0, 1.0, 0.0, 1.0
52,2020-02-24 05:37:24am, DYNAMIC, random_0, true, RIGHT, 4943, 0.0, 1.0, 0.0, 1.0
53,2020-02-24 05:37:33am, DYNAMIC, random_0, true, RIGHT, 9728, 0.0, 1.0, 0.0, 1.0
54,2020-02-24 05:37:44am, DYNAMIC, random_0, true, RIGHT, 10298, 0.0, 1.0, 0.0, 1.0
55,2020-02-24 05:37:48am, DYNAMIC, random_0, false, LEFT, 3999, 1.0, 0.0, 0.0, 1.0
56,2020-02-24 05:38:40am, DYNAMIC, random_0, true, RIGHT, 52039, 0.0, 0.0, 0.0, 0.0
57,2020-02-24 05:38:44am, DYNAMIC, random_0, true, RIGHT, 4176, 0.0, 0.0, 0.0, 0.0
58,2020-02-24 05:38:51am, DYNAMIC, random_0, true, RIGHT, 7056, 0.0, 0.0, 0.0, 0.0
59,2020-02-24 05:38:56am, DYNAMIC, random_0, true, RIGHT, 5153, 0.0, 0.0, 0.0, 0.0
60,2020-02-24 05:39:00am, DYNAMIC, random_0, true, RIGHT, 3871, 0.0, 0.0, 0.0, 0.0
61,2020-02-24 05:39:11am, DYNAMIC, random_0, true, RIGHT, 11096, 0.0, 0.0, 0.0, 0.0
62,2020-02-24 05:39:15am, DYNAMIC, random_0, false, LEFT, 3912, 0.0, 0.0, 0.0, 0.0
63,2020-02-24 05:39:19am, DYNAMIC, random_0, false, LEFT, 3456, 0.0, 0.0, 0.0, 0.0
64,2020-02-24 05:39:22am, DYNAMIC, random_0, true, RIGHT, 3776, 0.0, 0.0, 0.0, 0.0
65,2020-02-24 05:39:29am, DYNAMIC, random_0, true, RIGHT, 6575, 0.0, 0.0, 0.0, 0.0
66,2020-02-24 05:39:37am, DYNAMIC, random_0, true, RIGHT, 7929, 0.0, 0.0, 0.0, 0.0
67,2020-02-24 05:39:50am, DYNAMIC, random_0, true, RIGHT, 13225, 0.0, 0.0, 0.0, 0.0
68,2020-02-24 05:40:19am, DYNAMIC, random_0, true, RIGHT, 28664, 0.0, 0.0, 0.0, 0.0
69,2020-02-24 05:40:23am, DYNAMIC, random_0, true, RIGHT, 4607, 0.0, 0.0, 0.0, 0.0
70,2020-02-24 05:41:05am, DYNAMIC, random_0, true, RIGHT, 41793, 0.0, 0.0, 0.0, 0.0
71,2020-02-24 05:41:09am, DYNAMIC, random_0, true, RIGHT, 3615, 0.0, 0.0, 0.0, 0.0
72,2020-02-24 05:41:12am, DYNAMIC, random_0, true, RIGHT, 3680, 0.0, 0.0, 0.0, 0.0
73,2020-02-24 05:41:16am, DYNAMIC, random_0, false, LEFT, 3656, 0.0, 0.0, 0.0, 0.0
74,2020-02-24 05:41:20am, DYNAMIC, random_0, true, RIGHT, 3624, 0.0, 0.0, 0.0, 0.0
75,2020-02-24 05:41:28am, DYNAMIC, random_0, true, RIGHT, 7880, 0.0, 0.0, 0.0, 0.0
76,2020-02-24 05:41:32am, DYNAMIC, random_0, true, RIGHT, 4340, 0.0, 0.0, 0.0, 0.0
77,2020-02-24 05:41:36am, DYNAMIC, random_0, true, RIGHT, 4166, 0.0, 0.0, 0.0, 0.0
78,2020-02-24 05:41:41am, DYNAMIC, random_0, false, LEFT, 5222, 0.0, 0.0, 0.0, 0.0
79,2020-02-24 05:41:45am, DYNAMIC, random_0, true, RIGHT, 3583, 0.0, 0.0, 0.0, 0.0
80,2020-02-24 05:41:49am, DYNAMIC, random_0, false, LEFT, 4600, 0.0, 0.0, 0.0, 0.0
81,2020-02-24 05:41:58am, DYNAMIC, random_0, true, RIGHT, 8170, 0.0, 0.0, 0.0, 0.0
82,2020-02-24 05:42:01am, DYNAMIC, random_0, true, RIGHT, 3766, 0.0, 0.0, 0.0, 0.0
83,2020-02-24 05:42:05am, DYNAMIC, random_0, true, RIGHT, 4018, 0.0, 0.0, 0.0, 0.0
84,2020-02-24 05:42:09am, DYNAMIC, random_0, true, RIGHT, 3655, 0.0, 0.0, 0.0, 0.0
85,2020-02-24 05:42:13am, DYNAMIC, random_0, true, RIGHT, 3452, 0.0, 0.0, 0.0, 0.0
86,2020-02-24 05:42:16am, DYNAMIC, random_0, false, LEFT, 3628, 0.0, 0.0, 0.0, 0.0
87,2020-02-24 05:42:20am, DYNAMIC, random_0, false, LEFT, 3648, 0.0, 0.0, 0.0, 0.0
88,2020-02-24 05:42:23am, DYNAMIC, random_0, true, RIGHT, 3544, 0.0, 0.0, 0.0, 0.0
89,2020-02-24 05:42:32am, DYNAMIC, random_0, true, RIGHT, 8568, 0.0, 0.0, 0.0, 0.0
90,2020-02-24 05:42:41am, DYNAMIC, random_0, true, RIGHT, 9503, 0.0, 0.0, 0.0, 0.0
91,2020-02-24 05:42:46am, DYNAMIC, random_0, false, LEFT, 4570, 0.0, 0.0, 0.0, 0.0
92,2020-02-24 05:42:50am, DYNAMIC, random_0, true, RIGHT, 4078, 0.0, 0.0, 0.0, 0.0
93,2020-02-24 05:42:55am, DYNAMIC, random_0, false, LEFT, 4752, 0.0, 0.0, 0.0, 0.0
94,2020-02-24 05:42:59am, DYNAMIC, random_0, true, RIGHT, 3889, 0.0, 0.0, 0.0, 0.0
95,2020-02-24 05:43:02am, DYNAMIC, random_0, true, RIGHT, 3743, 0.0, 0.0, 0.0, 0.0
96,2020-02-24 05:43:07am, DYNAMIC, random_0, true, RIGHT, 4331, 0.0, 0.0, 0.0, 0.0
97,2020-02-24 05:43:11am, DYNAMIC, random_0, true, RIGHT, 4023, 0.0, 0.0, 0.0, 0.0
98,2020-02-24 05:43:15am, DYNAMIC, random_0, true, RIGHT, 4279, 0.0, 0.0, 0.0, 0.0
99,2020-02-24 05:43:20am, DYNAMIC, random_0, true, RIGHT, 5169, 0.0, 0.0, 0.0, 0.0
