trial_number, time, schedule_type, schedule_name, is_biased_choice, side_choice, RT, observed_reward, unobserved_reward, biased_reward, unbiased_reward
0,2020-02-24 05:21:27am, DYNAMIC, random_0, false, LEFT, 7666, 0.0, 1.0, 1.0, 0.0
1,2020-02-24 05:21:35am, DYNAMIC, random_0, true, RIGHT, 8340, 1.0, 0.0, 1.0, 0.0
2,2020-02-24 05:21:39am, DYNAMIC, random_0, true, RIGHT, 3814, 1.0, 0.0, 1.0, 0.0
3,2020-02-24 05:21:43am, DYNAMIC, random_0, true, RIGHT, 3238, 1.0, 0.0, 1.0, 0.0
4,2020-02-24 05:21:46am, DYNAMIC, random_0, true, RIGHT, 3795, 1.0, 0.0, 1.0, 0.0
5,2020-02-24 05:21:51am, DYNAMIC, random_0, true, RIGHT, 4880, 1.0, 0.0, 1.0, 0.0
6,2020-02-24 05:21:54am, DYNAMIC, random_0, true, RIGHT, 2975, 0.0, 0.0, 0.0, 0.0
7,2020-02-24 05:21:57am, DYNAMIC, random_0, false, LEFT, 2862, 0.0, 0.0, 0.0, 0.0
8,2020-02-24 05:22:00am, DYNAMIC, random_0, true, RIGHT, 3203, 0.0, 0.0, 0.0, 0.0
9,2020-02-24 05:22:05am, DYNAMIC, random_0, true, RIGHT, 4593, 0.0, 0.0, 0.0, 0.0
10,2020-02-24 05:22:08am, DYNAMIC, random_0, true, RIGHT, 3861, 0.0, 0.0, 0.0, 0.0
11,2020-02-24 05:22:12am, DYNAMIC, random_0, false, LEFT, 3266, 0.0, 1.0, 1.0, 0.0
12,2020-02-24 05:22:15am, DYNAMIC, random_0, false, LEFT, 2828, 0.0, 0.0, 0.0, 0.0
13,2020-02-24 05:22:18am, DYNAMIC, random_0, true, RIGHT, 3765, 0.0, 0.0, 0.0, 0.0
14,2020-02-24 05:22:24am, DYNAMIC, random_0, true, RIGHT, 5623, 0.0, 0.0, 0.0, 0.0
15,2020-02-24 05:22:27am, DYNAMIC, random_0, true, RIGHT, 2964, 0.0, 0.0, 0.0, 0.0
16,2020-02-24 05:22:30am, DYNAMIC, random_0, true, RIGHT, 3123, 1.0, 0.0, 1.0, 0.0
17,2020-02-24 05:22:34am, DYNAMIC, random_0, true, RIGHT, 4312, 1.0, 0.0, 1.0, 0.0
18,2020-02-24 05:22:38am, DYNAMIC, random_0, true, RIGHT, 3904, 1.0, 0.0, 1.0, 0.0
19,2020-02-24 05:22:41am, DYNAMIC, random_0, true, RIGHT, 3184, 1.0, 1.0, 1.0, 1.0
20,2020-02-24 05:22:45am, DYNAMIC, random_0, true, RIGHT, 3236, 1.0, 1.0, 1.0, 1.0
21,2020-02-24 05:22:48am, DYNAMIC, random_0, true, RIGHT, 3608, 1.0, 1.0, 1.0, 1.0
22,2020-02-24 05:22:51am, DYNAMIC, random_0, true, RIGHT, 3141, 1.0, 1.0, 1.0, 1.0
23,2020-02-24 05:22:54am, DYNAMIC, random_0, true, RIGHT, 3114, 1.0, 1.0, 1.0, 1.0
24,2020-02-24 05:22:58am, DYNAMIC, random_0, true, RIGHT, 3213, 0.0, 1.0, 0.0, 1.0
25,2020-02-24 05:23:01am, DYNAMIC, random_0, true, RIGHT, 3107, 1.0, 1.0, 1.0, 1.0
26,2020-02-24 05:23:05am, DYNAMIC, random_0, true, RIGHT, 3706, 0.0, 1.0, 0.0, 1.0
27,2020-02-24 05:23:08am, DYNAMIC, random_0, false, LEFT, 3437, 1.0, 0.0, 0.0, 1.0
28,2020-02-24 05:23:12am, DYNAMIC, random_0, false, LEFT, 3564, 0.0, 0.0, 0.0, 0.0
29,2020-02-24 05:23:15am, DYNAMIC, random_0, true, RIGHT, 3014, 0.0, 0.0, 0.0, 0.0
30,2020-02-24 05:23:18am, DYNAMIC, random_0, true, RIGHT, 3385, 1.0, 0.0, 1.0, 0.0
31,2020-02-24 05:23:21am, DYNAMIC, random_0, true, RIGHT, 3474, 1.0, 0.0, 1.0, 0.0
32,2020-02-24 05:23:24am, DYNAMIC, random_0, true, RIGHT, 2969, 1.0, 0.0, 1.0, 0.0
33,2020-02-24 05:23:28am, DYNAMIC, random_0, true, RIGHT, 3703, 1.0, 1.0, 1.0, 1.0
34,2020-02-24 05:23:31am, DYNAMIC, random_0, true, RIGHT, 3162, 1.0, 1.0, 1.0, 1.0
35,2020-02-24 05:23:35am, DYNAMIC, random_0, true, RIGHT, 3620, 1.0, 1.0, 1.0, 1.0
36,2020-02-24 05:23:38am, DYNAMIC, random_0, true, RIGHT, 2889, 1.0, 1.0, 1.0, 1.0
37,2020-02-24 05:23:41am, DYNAMIC, random_0, true, RIGHT, 2797, 1.0, 1.0, 1.0, 1.0
38,2020-02-24 05:23:44am, DYNAMIC, random_0, true, RIGHT, 3172, 0.0, 1.0, 0.0, 1.0
39,2020-02-24 05:23:47am, DYNAMIC, random_0, true, RIGHT, 3017, 0.0, 1.0, 0.0, 1.0
40,2020-02-24 05:23:50am, DYNAMIC, random_0, false, LEFT, 2999, 1.0, 0.0, 0.0, 1.0
41,2020-02-24 05:23:53am, DYNAMIC, random_0, false, LEFT, 3172, 0.0, 0.0, 0.0, 0.0
42,2020-02-24 05:23:56am, DYNAMIC, random_0, true, RIGHT, 2940, 0.0, 0.0, 0.0, 0.0
43,2020-02-24 05:23:59am, DYNAMIC, random_0, true, RIGHT, 3045, 1.0, 0.0, 1.0, 0.0
44,2020-02-24 05:24:02am, DYNAMIC, random_0, true, RIGHT, 3249, 0.0, 0.0, 0.0, 0.0
45,2020-02-24 05:24:05am, DYNAMIC, random_0, false, LEFT, 2875, 0.0, 0.0, 0.0, 0.0
46,2020-02-24 05:24:08am, DYNAMIC, random_0, false, LEFT, 3043, 0.0, 0.0, 0.0, 0.0
47,2020-02-24 05:24:11am, DYNAMIC, random_0, true, RIGHT, 2722, 0.0, 0.0, 0.0, 0.0
48,2020-02-24 05:24:14am, DYNAMIC, random_0, true, RIGHT, 2897, 0.0, 0.0, 0.0, 0.0
49,2020-02-24 05:24:17am, DYNAMIC, random_0, false, LEFT, 3026, 0.0, 0.0, 0.0, 0.0
50,2020-02-24 05:24:19am, DYNAMIC, random_0, false, LEFT, 2733, 0.0, 0.0, 0.0, 0.0
51,2020-02-24 05:24:22am, DYNAMIC, random_0, true, RIGHT, 2642, 0.0, 0.0, 0.0, 0.0
52,2020-02-24 05:24:25am, DYNAMIC, random_0, true, RIGHT, 2656, 0.0, 0.0, 0.0, 0.0
53,2020-02-24 05:24:27am, DYNAMIC, random_0, true, RIGHT, 2737, 0.0, 0.0, 0.0, 0.0
54,2020-02-24 05:24:30am, DYNAMIC, random_0, false, LEFT, 2782, 0.0, 0.0, 0.0, 0.0
55,2020-02-24 05:24:33am, DYNAMIC, random_0, false, LEFT, 2815, 0.0, 0.0, 0.0, 0.0
56,2020-02-24 05:24:36am, DYNAMIC, random_0, false, LEFT, 2759, 0.0, 0.0, 0.0, 0.0
57,2020-02-24 05:24:38am, DYNAMIC, random_0, false, LEFT, 2470, 0.0, 0.0, 0.0, 0.0
58,2020-02-24 05:24:41am, DYNAMIC, random_0, true, RIGHT, 2892, 0.0, 0.0, 0.0, 0.0
59,2020-02-24 05:24:44am, DYNAMIC, random_0, false, LEFT, 2936, 0.0, 0.0, 0.0, 0.0
60,2020-02-24 05:24:48am, DYNAMIC, random_0, true, RIGHT, 3437, 0.0, 0.0, 0.0, 0.0
61,2020-02-24 05:24:50am, DYNAMIC, random_0, true, RIGHT, 2578, 0.0, 0.0, 0.0, 0.0
62,2020-02-24 05:24:54am, DYNAMIC, random_0, true, RIGHT, 3422, 0.0, 0.0, 0.0, 0.0
63,2020-02-24 05:24:57am, DYNAMIC, random_0, false, LEFT, 2969, 0.0, 0.0, 0.0, 0.0
64,2020-02-24 05:25:00am, DYNAMIC, random_0, false, LEFT, 2984, 0.0, 0.0, 0.0, 0.0
65,2020-02-24 05:25:02am, DYNAMIC, random_0, false, LEFT, 2812, 0.0, 0.0, 0.0, 0.0
66,2020-02-24 05:25:05am, DYNAMIC, random_0, false, LEFT, 2641, 0.0, 0.0, 0.0, 0.0
67,2020-02-24 05:25:08am, DYNAMIC, random_0, false, LEFT, 2720, 0.0, 0.0, 0.0, 0.0
68,2020-02-24 05:25:11am, DYNAMIC, random_0, false, LEFT, 3093, 0.0, 0.0, 0.0, 0.0
69,2020-02-24 05:25:15am, DYNAMIC, random_0, true, RIGHT, 3844, 0.0, 0.0, 0.0, 0.0
70,2020-02-24 05:25:17am, DYNAMIC, random_0, true, RIGHT, 2868, 0.0, 1.0, 0.0, 1.0
71,2020-02-24 05:25:20am, DYNAMIC, random_0, true, RIGHT, 2617, 0.0, 1.0, 0.0, 1.0
72,2020-02-24 05:25:23am, DYNAMIC, random_0, false, LEFT, 2952, 0.0, 0.0, 0.0, 0.0
73,2020-02-24 05:25:26am, DYNAMIC, random_0, true, RIGHT, 2673, 0.0, 0.0, 0.0, 0.0
74,2020-02-24 05:25:28am, DYNAMIC, random_0, true, RIGHT, 2735, 0.0, 0.0, 0.0, 0.0
75,2020-02-24 05:25:31am, DYNAMIC, random_0, false, LEFT, 2813, 0.0, 0.0, 0.0, 0.0
76,2020-02-24 05:25:34am, DYNAMIC, random_0, true, RIGHT, 3015, 0.0, 0.0, 0.0, 0.0
77,2020-02-24 05:25:38am, DYNAMIC, random_0, true, RIGHT, 3687, 0.0, 0.0, 0.0, 0.0
78,2020-02-24 05:25:41am, DYNAMIC, random_0, true, RIGHT, 2661, 0.0, 0.0, 0.0, 0.0
79,2020-02-24 05:25:44am, DYNAMIC, random_0, false, LEFT, 3573, 0.0, 0.0, 0.0, 0.0
80,2020-02-24 05:25:47am, DYNAMIC, random_0, false, LEFT, 3063, 0.0, 0.0, 0.0, 0.0
81,2020-02-24 05:25:50am, DYNAMIC, random_0, false, LEFT, 2750, 0.0, 0.0, 0.0, 0.0
82,2020-02-24 05:25:53am, DYNAMIC, random_0, false, LEFT, 2672, 0.0, 0.0, 0.0, 0.0
83,2020-02-24 05:25:56am, DYNAMIC, random_0, false, LEFT, 3484, 0.0, 0.0, 0.0, 0.0
84,2020-02-24 05:25:59am, DYNAMIC, random_0, false, LEFT, 3098, 0.0, 0.0, 0.0, 0.0
85,2020-02-24 05:26:02am, DYNAMIC, random_0, true, RIGHT, 3196, 0.0, 0.0, 0.0, 0.0
86,2020-02-24 05:26:05am, DYNAMIC, random_0, true, RIGHT, 2987, 0.0, 0.0, 0.0, 0.0
87,2020-02-24 05:26:08am, DYNAMIC, random_0, true, RIGHT, 2938, 0.0, 1.0, 0.0, 1.0
88,2020-02-24 05:26:11am, DYNAMIC, random_0, true, RIGHT, 2992, 0.0, 1.0, 0.0, 1.0
89,2020-02-24 05:26:14am, DYNAMIC, random_0, true, RIGHT, 3013, 0.0, 1.0, 0.0, 1.0
90,2020-02-24 05:26:17am, DYNAMIC, random_0, true, RIGHT, 2556, 0.0, 0.0, 0.0, 0.0
91,2020-02-24 05:26:20am, DYNAMIC, random_0, true, RIGHT, 3332, 0.0, 0.0, 0.0, 0.0
92,2020-02-24 05:26:24am, DYNAMIC, random_0, true, RIGHT, 3333, 0.0, 0.0, 0.0, 0.0
93,2020-02-24 05:26:26am, DYNAMIC, random_0, true, RIGHT, 2866, 0.0, 0.0, 0.0, 0.0
94,2020-02-24 05:26:29am, DYNAMIC, random_0, true, RIGHT, 2886, 0.0, 1.0, 0.0, 1.0
95,2020-02-24 05:26:32am, DYNAMIC, random_0, false, LEFT, 2896, 1.0, 0.0, 0.0, 1.0
96,2020-02-24 05:26:35am, DYNAMIC, random_0, false, LEFT, 2937, 1.0, 0.0, 0.0, 1.0
97,2020-02-24 05:26:38am, DYNAMIC, random_0, false, LEFT, 2984, 0.0, 0.0, 0.0, 0.0
98,2020-02-24 05:26:41am, DYNAMIC, random_0, false, LEFT, 2876, 0.0, 0.0, 0.0, 0.0
99,2020-02-24 05:26:44am, DYNAMIC, random_0, true, RIGHT, 3157, 0.0, 0.0, 0.0, 0.0
