trial_number, time, schedule_type, schedule_name, is_biased_choice, side_choice, RT, observed_reward, unobserved_reward, biased_reward, unbiased_reward
0,2020-02-24 05:23:09am, DYNAMIC, random_0, false, LEFT, 1627, 0.0, 1.0, 1.0, 0.0
1,2020-02-24 05:23:13am, DYNAMIC, random_0, true, RIGHT, 4071, 1.0, 0.0, 1.0, 0.0
2,2020-02-24 05:23:16am, DYNAMIC, random_0, true, RIGHT, 3664, 1.0, 0.0, 1.0, 0.0
3,2020-02-24 05:23:22am, DYNAMIC, random_0, false, LEFT, 5352, 0.0, 1.0, 1.0, 0.0
4,2020-02-24 05:23:25am, DYNAMIC, random_0, true, RIGHT, 3024, 0.0, 0.0, 0.0, 0.0
5,2020-02-24 05:23:27am, DYNAMIC, random_0, false, LEFT, 2919, 0.0, 0.0, 0.0, 0.0
6,2020-02-24 05:23:31am, DYNAMIC, random_0, true, RIGHT, 3153, 0.0, 0.0, 0.0, 0.0
7,2020-02-24 05:23:34am, DYNAMIC, random_0, true, RIGHT, 3031, 0.0, 0.0, 0.0, 0.0
8,2020-02-24 05:23:36am, DYNAMIC, random_0, false, LEFT, 2752, 0.0, 1.0, 1.0, 0.0
9,2020-02-24 05:23:39am, DYNAMIC, random_0, true, RIGHT, 2992, 0.0, 0.0, 0.0, 0.0
10,2020-02-24 05:23:43am, DYNAMIC, random_0, true, RIGHT, 3272, 1.0, 0.0, 1.0, 0.0
11,2020-02-24 05:23:46am, DYNAMIC, random_0, true, RIGHT, 2922, 1.0, 0.0, 1.0, 0.0
12,2020-02-24 05:23:49am, DYNAMIC, random_0, true, RIGHT, 3104, 1.0, 0.0, 1.0, 0.0
13,2020-02-24 05:23:52am, DYNAMIC, random_0, true, RIGHT, 2992, 1.0, 0.0, 1.0, 0.0
14,2020-02-24 05:23:55am, DYNAMIC, random_0, true, RIGHT, 2896, 1.0, 0.0, 1.0, 0.0
15,2020-02-24 05:23:57am, DYNAMIC, random_0, true, RIGHT, 2704, 1.0, 0.0, 1.0, 0.0
16,2020-02-24 05:24:00am, DYNAMIC, random_0, true, RIGHT, 2768, 1.0, 1.0, 1.0, 1.0
17,2020-02-24 05:24:03am, DYNAMIC, random_0, true, RIGHT, 2823, 1.0, 1.0, 1.0, 1.0
18,2020-02-24 05:24:06am, DYNAMIC, random_0, true, RIGHT, 2617, 1.0, 1.0, 1.0, 1.0
19,2020-02-24 05:24:08am, DYNAMIC, random_0, true, RIGHT, 2623, 1.0, 1.0, 1.0, 1.0
20,2020-02-24 05:24:23am, DYNAMIC, random_0, true, RIGHT, 14560, 1.0, 1.0, 1.0, 1.0
21,2020-02-24 05:24:26am, DYNAMIC, random_0, true, RIGHT, 3184, 1.0, 1.0, 1.0, 1.0
22,2020-02-24 05:24:29am, DYNAMIC, random_0, true, RIGHT, 2784, 1.0, 1.0, 1.0, 1.0
23,2020-02-24 05:24:32am, DYNAMIC, random_0, true, RIGHT, 2863, 1.0, 1.0, 1.0, 1.0
24,2020-02-24 05:24:34am, DYNAMIC, random_0, true, RIGHT, 2952, 1.0, 1.0, 1.0, 1.0
25,2020-02-24 05:24:37am, DYNAMIC, random_0, true, RIGHT, 2912, 1.0, 1.0, 1.0, 1.0
26,2020-02-24 05:24:40am, DYNAMIC, random_0, true, RIGHT, 2656, 1.0, 1.0, 1.0, 1.0
27,2020-02-24 05:24:43am, DYNAMIC, random_0, true, RIGHT, 2824, 1.0, 1.0, 1.0, 1.0
28,2020-02-24 05:24:46am, DYNAMIC, random_0, true, RIGHT, 2809, 1.0, 1.0, 1.0, 1.0
29,2020-02-24 05:24:48am, DYNAMIC, random_0, true, RIGHT, 2720, 0.0, 1.0, 0.0, 1.0
30,2020-02-24 05:24:51am, DYNAMIC, random_0, false, LEFT, 2792, 1.0, 0.0, 0.0, 1.0
31,2020-02-24 05:24:54am, DYNAMIC, random_0, false, LEFT, 2704, 0.0, 0.0, 0.0, 0.0
32,2020-02-24 05:24:57am, DYNAMIC, random_0, true, RIGHT, 3040, 0.0, 0.0, 0.0, 0.0
33,2020-02-24 05:25:00am, DYNAMIC, random_0, false, LEFT, 2616, 0.0, 1.0, 1.0, 0.0
34,2020-02-24 05:25:03am, DYNAMIC, random_0, false, LEFT, 3015, 0.0, 0.0, 0.0, 0.0
35,2020-02-24 05:25:05am, DYNAMIC, random_0, true, RIGHT, 2632, 0.0, 0.0, 0.0, 0.0
36,2020-02-24 05:25:08am, DYNAMIC, random_0, true, RIGHT, 2592, 0.0, 0.0, 0.0, 0.0
37,2020-02-24 05:25:10am, DYNAMIC, random_0, false, LEFT, 2600, 0.0, 0.0, 0.0, 0.0
38,2020-02-24 05:25:13am, DYNAMIC, random_0, true, RIGHT, 2816, 0.0, 0.0, 0.0, 0.0
39,2020-02-24 05:25:16am, DYNAMIC, random_0, true, RIGHT, 2704, 0.0, 0.0, 0.0, 0.0
40,2020-02-24 05:25:18am, DYNAMIC, random_0, true, RIGHT, 2536, 0.0, 0.0, 0.0, 0.0
41,2020-02-24 05:25:21am, DYNAMIC, random_0, true, RIGHT, 2664, 0.0, 0.0, 0.0, 0.0
42,2020-02-24 05:25:24am, DYNAMIC, random_0, false, LEFT, 2680, 0.0, 0.0, 0.0, 0.0
43,2020-02-24 05:25:27am, DYNAMIC, random_0, true, RIGHT, 3048, 0.0, 0.0, 0.0, 0.0
44,2020-02-24 05:25:29am, DYNAMIC, random_0, true, RIGHT, 2631, 0.0, 0.0, 0.0, 0.0
45,2020-02-24 05:25:33am, DYNAMIC, random_0, true, RIGHT, 3169, 0.0, 0.0, 0.0, 0.0
46,2020-02-24 05:25:36am, DYNAMIC, random_0, false, LEFT, 2959, 0.0, 0.0, 0.0, 0.0
47,2020-02-24 05:25:38am, DYNAMIC, random_0, true, RIGHT, 2872, 0.0, 0.0, 0.0, 0.0
48,2020-02-24 05:25:41am, DYNAMIC, random_0, true, RIGHT, 2752, 0.0, 0.0, 0.0, 0.0
49,2020-02-24 05:25:44am, DYNAMIC, random_0, true, RIGHT, 2768, 0.0, 0.0, 0.0, 0.0
50,2020-02-24 05:25:47am, DYNAMIC, random_0, true, RIGHT, 2698, 0.0, 0.0, 0.0, 0.0
51,2020-02-24 05:25:50am, DYNAMIC, random_0, true, RIGHT, 2912, 0.0, 0.0, 0.0, 0.0
52,2020-02-24 05:25:53am, DYNAMIC, random_0, true, RIGHT, 3376, 0.0, 0.0, 0.0, 0.0
53,2020-02-24 05:25:56am, DYNAMIC, random_0, true, RIGHT, 2928, 0.0, 0.0, 0.0, 0.0
54,2020-02-24 05:25:59am, DYNAMIC, random_0, true, RIGHT, 2720, 0.0, 0.0, 0.0, 0.0
55,2020-02-24 05:26:02am, DYNAMIC, random_0, true, RIGHT, 2975, 0.0, 0.0, 0.0, 0.0
56,2020-02-24 05:26:04am, DYNAMIC, random_0, true, RIGHT, 2696, 0.0, 0.0, 0.0, 0.0
57,2020-02-24 05:26:07am, DYNAMIC, random_0, true, RIGHT, 2864, 0.0, 0.0, 0.0, 0.0
58,2020-02-24 05:26:10am, DYNAMIC, random_0, true, RIGHT, 3016, 0.0, 0.0, 0.0, 0.0
59,2020-02-24 05:26:13am, DYNAMIC, random_0, true, RIGHT, 2656, 0.0, 0.0, 0.0, 0.0
60,2020-02-24 05:26:15am, DYNAMIC, random_0, true, RIGHT, 2600, 0.0, 0.0, 0.0, 0.0
61,2020-02-24 05:26:19am, DYNAMIC, random_0, true, RIGHT, 3160, 0.0, 1.0, 0.0, 1.0
62,2020-02-24 05:26:22am, DYNAMIC, random_0, true, RIGHT, 3008, 0.0, 1.0, 0.0, 1.0
63,2020-02-24 05:26:24am, DYNAMIC, random_0, true, RIGHT, 2792, 0.0, 1.0, 0.0, 1.0
64,2020-02-24 05:26:27am, DYNAMIC, random_0, true, RIGHT, 3095, 0.0, 1.0, 0.0, 1.0
65,2020-02-24 05:26:30am, DYNAMIC, random_0, true, RIGHT, 3008, 0.0, 1.0, 0.0, 1.0
66,2020-02-24 05:26:33am, DYNAMIC, random_0, true, RIGHT, 2576, 0.0, 1.0, 0.0, 1.0
67,2020-02-24 05:26:36am, DYNAMIC, random_0, true, RIGHT, 3184, 0.0, 1.0, 0.0, 1.0
68,2020-02-24 05:26:39am, DYNAMIC, random_0, true, RIGHT, 2720, 0.0, 1.0, 0.0, 1.0
69,2020-02-24 05:26:42am, DYNAMIC, random_0, true, RIGHT, 2992, 0.0, 1.0, 0.0, 1.0
70,2020-02-24 05:26:45am, DYNAMIC, random_0, true, RIGHT, 2912, 0.0, 1.0, 0.0, 1.0
71,2020-02-24 05:26:48am, DYNAMIC, random_0, true, RIGHT, 2930, 0.0, 0.0, 0.0, 0.0
72,2020-02-24 05:26:51am, DYNAMIC, random_0, false, LEFT, 3087, 0.0, 0.0, 0.0, 0.0
73,2020-02-24 05:26:53am, DYNAMIC, random_0, true, RIGHT, 2576, 0.0, 0.0, 0.0, 0.0
74,2020-02-24 05:26:56am, DYNAMIC, random_0, true, RIGHT, 2640, 0.0, 0.0, 0.0, 0.0
75,2020-02-24 05:26:59am, DYNAMIC, random_0, true, RIGHT, 2544, 0.0, 0.0, 0.0, 0.0
76,2020-02-24 05:27:01am, DYNAMIC, random_0, true, RIGHT, 2544, 0.0, 0.0, 0.0, 0.0
77,2020-02-24 05:27:04am, DYNAMIC, random_0, true, RIGHT, 2472, 0.0, 0.0, 0.0, 0.0
78,2020-02-24 05:27:06am, DYNAMIC, random_0, true, RIGHT, 2480, 0.0, 0.0, 0.0, 0.0
79,2020-02-24 05:27:09am, DYNAMIC, random_0, true, RIGHT, 2616, 0.0, 0.0, 0.0, 0.0
80,2020-02-24 05:27:11am, DYNAMIC, random_0, true, RIGHT, 2624, 0.0, 0.0, 0.0, 0.0
81,2020-02-24 05:27:14am, DYNAMIC, random_0, true, RIGHT, 2904, 0.0, 0.0, 0.0, 0.0
82,2020-02-24 05:27:17am, DYNAMIC, random_0, true, RIGHT, 2679, 0.0, 0.0, 0.0, 0.0
83,2020-02-24 05:27:20am, DYNAMIC, random_0, true, RIGHT, 2840, 0.0, 0.0, 0.0, 0.0
84,2020-02-24 05:27:23am, DYNAMIC, random_0, true, RIGHT, 2776, 0.0, 0.0, 0.0, 0.0
85,2020-02-24 05:27:26am, DYNAMIC, random_0, true, RIGHT, 3168, 0.0, 0.0, 0.0, 0.0
86,2020-02-24 05:27:28am, DYNAMIC, random_0, true, RIGHT, 2552, 0.0, 0.0, 0.0, 0.0
87,2020-02-24 05:27:31am, DYNAMIC, random_0, false, LEFT, 3128, 0.0, 0.0, 0.0, 0.0
88,2020-02-24 05:27:34am, DYNAMIC, random_0, true, RIGHT, 2536, 0.0, 0.0, 0.0, 0.0
89,2020-02-24 05:27:37am, DYNAMIC, random_0, true, RIGHT, 2640, 0.0, 0.0, 0.0, 0.0
90,2020-02-24 05:27:39am, DYNAMIC, random_0, true, RIGHT, 2768, 0.0, 0.0, 0.0, 0.0
91,2020-02-24 05:27:42am, DYNAMIC, random_0, true, RIGHT, 2471, 0.0, 0.0, 0.0, 0.0
92,2020-02-24 05:27:44am, DYNAMIC, random_0, true, RIGHT, 2528, 0.0, 0.0, 0.0, 0.0
93,2020-02-24 05:27:47am, DYNAMIC, random_0, true, RIGHT, 2546, 0.0, 0.0, 0.0, 0.0
94,2020-02-24 05:27:50am, DYNAMIC, random_0, true, RIGHT, 2600, 0.0, 0.0, 0.0, 0.0
95,2020-02-24 05:27:53am, DYNAMIC, random_0, true, RIGHT, 3232, 0.0, 0.0, 0.0, 0.0
96,2020-02-24 05:27:56am, DYNAMIC, random_0, true, RIGHT, 3176, 0.0, 0.0, 0.0, 0.0
97,2020-02-24 05:27:59am, DYNAMIC, random_0, true, RIGHT, 3032, 0.0, 0.0, 0.0, 0.0
98,2020-02-24 05:28:02am, DYNAMIC, random_0, true, RIGHT, 2895, 0.0, 0.0, 0.0, 0.0
99,2020-02-24 05:28:05am, DYNAMIC, random_0, true, RIGHT, 2768, 0.0, 0.0, 0.0, 0.0
