,adv action,condition,git,investment,repay
0,[0],"""adv""","('891f9fe04ff730c3d04a211af23ac10ee3bd72d3', 'vec')",10,[0.]
1,[2],"""adv""","('891f9fe04ff730c3d04a211af23ac10ee3bd72d3', 'vec')",15,[22.5]
2,[0],"""adv""","('891f9fe04ff730c3d04a211af23ac10ee3bd72d3', 'vec')",4,[0.]
3,[2],"""adv""","('891f9fe04ff730c3d04a211af23ac10ee3bd72d3', 'vec')",16,[24.]
4,[2],"""adv""","('891f9fe04ff730c3d04a211af23ac10ee3bd72d3', 'vec')",18,[27.]
5,[1],"""adv""","('891f9fe04ff730c3d04a211af23ac10ee3bd72d3', 'vec')",20,[15.]
6,[0],"""adv""","('891f9fe04ff730c3d04a211af23ac10ee3bd72d3', 'vec')",15,[0.]
7,[0],"""adv""","('891f9fe04ff730c3d04a211af23ac10ee3bd72d3', 'vec')",15,[0.]
8,[0],"""adv""","('891f9fe04ff730c3d04a211af23ac10ee3bd72d3', 'vec')",5,[0.]
9,[0],"""adv""","('891f9fe04ff730c3d04a211af23ac10ee3bd72d3', 'vec')",5,[0.]
