,adv action,condition,git,investment,repay
0,[0],"""adv""","('891f9fe04ff730c3d04a211af23ac10ee3bd72d3', 'vec')",10,[0.]
1,[2],"""adv""","('891f9fe04ff730c3d04a211af23ac10ee3bd72d3', 'vec')",13,[19.5]
2,[1],"""adv""","('891f9fe04ff730c3d04a211af23ac10ee3bd72d3', 'vec')",13,[9.75]
3,[0],"""adv""","('891f9fe04ff730c3d04a211af23ac10ee3bd72d3', 'vec')",5,[0.]
4,[2],"""adv""","('891f9fe04ff730c3d04a211af23ac10ee3bd72d3', 'vec')",13,[19.5]
5,[0],"""adv""","('891f9fe04ff730c3d04a211af23ac10ee3bd72d3', 'vec')",14,[0.]
6,[0],"""adv""","('891f9fe04ff730c3d04a211af23ac10ee3bd72d3', 'vec')",8,[0.]
7,[0],"""adv""","('891f9fe04ff730c3d04a211af23ac10ee3bd72d3', 'vec')",8,[0.]
8,[0],"""adv""","('891f9fe04ff730c3d04a211af23ac10ee3bd72d3', 'vec')",15,[0.]
9,[0],"""adv""","('891f9fe04ff730c3d04a211af23ac10ee3bd72d3', 'vec')",12,[0.]
