,adv action,condition,git,investment,repay
0,[1],"""adv""","('891f9fe04ff730c3d04a211af23ac10ee3bd72d3', 'vec')",15,[11.25]
1,[1],"""adv""","('891f9fe04ff730c3d04a211af23ac10ee3bd72d3', 'vec')",17,[12.75]
2,[1],"""adv""","('891f9fe04ff730c3d04a211af23ac10ee3bd72d3', 'vec')",17,[12.75]
3,[0],"""adv""","('891f9fe04ff730c3d04a211af23ac10ee3bd72d3', 'vec')",18,[0.]
4,[0],"""adv""","('891f9fe04ff730c3d04a211af23ac10ee3bd72d3', 'vec')",18,[0.]
5,[0],"""adv""","('891f9fe04ff730c3d04a211af23ac10ee3bd72d3', 'vec')",17,[0.]
6,[0],"""adv""","('891f9fe04ff730c3d04a211af23ac10ee3bd72d3', 'vec')",17,[0.]
7,[0],"""adv""","('891f9fe04ff730c3d04a211af23ac10ee3bd72d3', 'vec')",17,[0.]
8,[0],"""adv""","('891f9fe04ff730c3d04a211af23ac10ee3bd72d3', 'vec')",17,[0.]
9,[0],"""adv""","('891f9fe04ff730c3d04a211af23ac10ee3bd72d3', 'vec')",17,[0.]
